sku,mes,quantidade_faturada,valor_faturado_r,previsao_unidades,quantidade_pedidos,quantidade_ordens,estoque_fechamento,familia,lote_minimo,estoque_segurança_dias,estoque_atual,cobertura_dias,demanda_media_mensal,lead_time_dias,demanda_prevista,estoque_projetado,cobertura_estimativa_dias,pressao_demanda,pressao_pedidos,risco_ruptura_hipotese,risco_excesso_hipotese
CI-0001,2024-09-01,159.0,12704.1,,,,,Clássico,300,7,90,18,150,14,159.0,-69.0,-13.8,1.7666666666666666,0.0,1,0
CI-0001,2024-10-01,160.0,12784.0,,,,,Clássico,300,7,90,18,150,14,160.0,-70.0,-14.0,1.7777777777777777,0.0,1,0
CI-0001,2024-11-01,231.0,18456.9,,,,,Clássico,300,7,90,18,150,14,231.0,-141.0,-28.2,2.566666666666667,0.0,1,0
CI-0001,2024-12-01,165.0,13183.5,,,,,Clássico,300,7,90,18,150,14,165.0,-75.0,-15.0,1.8333333333333333,0.0,1,0
CI-0001,2025-01-01,177.0,14142.3,,,,,Clássico,300,7,90,18,150,14,177.0,-87.0,-17.4,1.9666666666666666,0.0,1,0
CI-0001,2025-02-01,179.0,14302.1,,,,,Clássico,300,7,90,18,150,14,179.0,-89.0,-17.8,1.988888888888889,0.0,1,0
CI-0001,2025-03-01,168.0,13423.2,,,,,Clássico,300,7,90,18,150,14,168.0,-78.0,-15.600000000000001,1.8666666666666667,0.0,1,0
CI-0001,2025-04-01,189.0,15101.1,,,,,Clássico,300,7,90,18,150,14,189.0,-99.0,-19.8,2.1,0.0,1,0
CI-0001,2025-05-01,173.0,13822.699999999999,,,,,Clássico,300,7,90,18,150,14,173.0,-83.0,-16.6,1.9222222222222223,0.0,1,0
CI-0001,2025-06-01,161.0,12863.9,,,,,Clássico,300,7,90,18,150,14,161.0,-71.0,-14.2,1.788888888888889,0.0,1,0
CI-0001,2025-07-01,190.0,15181.0,,,,,Clássico,300,7,90,18,150,14,190.0,-100.0,-20.0,2.111111111111111,0.0,1,0
CI-0001,2025-08-01,192.0,15340.8,,,,,Clássico,300,7,90,18,150,14,192.0,-102.0,-20.400000000000002,2.1333333333333333,0.0,1,0
CI-0001,2025-09-01,177.0,14142.3,,,,89.0,Clássico,300,7,90,18,150,14,177.0,-87.0,-17.4,1.9666666666666666,0.0,1,0
CI-0001,2025-10-01,200.0,15980.0,,,,111.0,Clássico,300,7,90,18,150,14,200.0,-110.0,-22.0,2.2222222222222223,0.0,1,0
CI-0001,2025-11-01,265.0,21173.5,,,,128.0,Clássico,300,7,90,18,150,14,265.0,-175.0,-35.0,2.9444444444444446,0.0,1,0
CI-0001,2025-12-01,215.0,17178.5,,,,54.0,Clássico,300,7,90,18,150,14,215.0,-125.0,-25.0,2.388888888888889,0.0,1,0
CI-0001,2026-01-01,226.0,18057.4,,,,57.0,Clássico,300,7,90,18,150,14,226.0,-136.0,-27.2,2.511111111111111,0.0,1,0
CI-0001,2026-02-01,226.0,18057.4,,,,123.0,Clássico,300,7,90,18,150,14,226.0,-136.0,-27.2,2.511111111111111,0.0,1,0
CI-0001,2026-03-01,216.0,17258.399999999998,,,,98.0,Clássico,300,7,90,18,150,14,216.0,-126.0,-25.2,2.4,0.0,1,0
CI-0001,2026-04-01,209.0,16699.1,,,,69.0,Clássico,300,7,90,18,150,14,209.0,-119.0,-23.8,2.3222222222222224,0.0,1,0
CI-0001,2026-05-01,210.0,16779.0,,,,120.0,Clássico,300,7,90,18,150,14,210.0,-120.0,-24.0,2.3333333333333335,0.0,1,0
CI-0001,2026-06-01,201.0,16059.9,,,,70.0,Clássico,300,7,90,18,150,14,201.0,-111.0,-22.2,2.2333333333333334,0.0,1,0
CI-0001,2026-07-01,206.0,16459.4,,,,60.0,Clássico,300,7,90,18,150,14,206.0,-116.0,-23.2,2.2888888888888888,0.0,1,0
CI-0001,2026-08-01,228.0,18217.2,,,,124.0,Clássico,300,7,90,18,150,14,228.0,-138.0,-27.6,2.533333333333333,0.0,1,0
CI-0001,2026-10-01,,,154.0,,,,Clássico,300,7,90,18,150,14,154.0,-64.0,-12.8,1.711111111111111,0.0,1,0
CI-0001,2026-11-01,,,183.0,,,,Clássico,300,7,90,18,150,14,183.0,-93.0,-18.6,2.033333333333333,0.0,1,0
CI-0001,2026-12-01,,,177.0,,,,Clássico,300,7,90,18,150,14,177.0,-87.0,-17.4,1.9666666666666666,0.0,1,0
CI-0002,2024-09-01,213.0,18083.7,,,,,Clássico,300,10,40,6,201,15,213.0,-173.0,-25.82089552238806,5.325,0.0,1,0
CI-0002,2024-10-01,204.0,17319.6,,,,,Clássico,300,10,40,6,201,15,204.0,-164.0,-24.477611940298505,5.1,0.0,1,0
CI-0002,2024-11-01,301.0,25554.9,,,,,Clássico,300,10,40,6,201,15,301.0,-261.0,-38.95522388059702,7.525,0.0,1,0
CI-0002,2024-12-01,191.0,16215.9,,,,,Clássico,300,10,40,6,201,15,191.0,-151.0,-22.537313432835823,4.775,0.0,1,0
CI-0002,2025-01-01,183.0,15536.7,,,,,Clássico,300,10,40,6,201,15,183.0,-143.0,-21.34328358208955,4.575,0.0,1,0
CI-0002,2025-02-01,214.0,18168.6,,,,,Clássico,300,10,40,6,201,15,214.0,-174.0,-25.970149253731343,5.35,0.0,1,0
CI-0002,2025-03-01,180.0,15282.0,,,,,Clássico,300,10,40,6,201,15,180.0,-140.0,-20.895522388059703,4.5,0.0,1,0
CI-0002,2025-04-01,189.0,16046.1,,,,,Clássico,300,10,40,6,201,15,189.0,-149.0,-22.23880597014925,4.725,0.0,1,0
CI-0002,2025-05-01,184.0,15621.6,,,,,Clássico,300,10,40,6,201,15,184.0,-144.0,-21.492537313432834,4.6,0.0,1,0
CI-0002,2025-06-01,227.0,19272.3,,,,,Clássico,300,10,40,6,201,15,227.0,-187.0,-27.91044776119403,5.675,0.0,1,0
CI-0002,2025-07-01,227.0,19272.3,,,,,Clássico,300,10,40,6,201,15,227.0,-187.0,-27.91044776119403,5.675,0.0,1,0
CI-0002,2025-08-01,222.0,18847.8,,,,,Clássico,300,10,40,6,201,15,222.0,-182.0,-27.16417910447761,5.55,0.0,1,0
CI-0002,2025-09-01,203.0,17234.7,,,,35.0,Clássico,300,10,40,6,201,15,203.0,-163.0,-24.328358208955223,5.075,0.0,1,0
CI-0002,2025-10-01,217.0,18423.3,,,,52.0,Clássico,300,10,40,6,201,15,217.0,-177.0,-26.417910447761194,5.425,0.0,1,0
CI-0002,2025-11-01,252.0,21394.8,,,,49.0,Clássico,300,10,40,6,201,15,252.0,-212.0,-31.64179104477612,6.3,0.0,1,0
CI-0002,2025-12-01,185.0,15706.5,,,,33.0,Clássico,300,10,40,6,201,15,185.0,-145.0,-21.64179104477612,4.625,0.0,1,0
CI-0002,2026-01-01,222.0,18847.8,,,,45.0,Clássico,300,10,40,6,201,15,222.0,-182.0,-27.16417910447761,5.55,0.0,1,0
CI-0002,2026-02-01,189.0,16046.1,,,,56.0,Clássico,300,10,40,6,201,15,189.0,-149.0,-22.23880597014925,4.725,0.0,1,0
CI-0002,2026-03-01,217.0,18423.3,,,,33.0,Clássico,300,10,40,6,201,15,217.0,-177.0,-26.417910447761194,5.425,0.0,1,0
CI-0002,2026-04-01,200.0,16980.0,,,,25.0,Clássico,300,10,40,6,201,15,200.0,-160.0,-23.880597014925375,5.0,0.0,1,0
CI-0002,2026-05-01,212.0,17998.8,,,,23.0,Clássico,300,10,40,6,201,15,212.0,-172.0,-25.671641791044777,5.3,0.0,1,0
CI-0002,2026-06-01,240.0,20376.0,,,,23.0,Clássico,300,10,40,6,201,15,240.0,-200.0,-29.850746268656717,6.0,0.0,1,0
CI-0002,2026-07-01,222.0,18847.8,,,,55.0,Clássico,300,10,40,6,201,15,222.0,-182.0,-27.16417910447761,5.55,0.0,1,0
CI-0002,2026-08-01,206.0,17489.4,,,,50.0,Clássico,300,10,40,6,201,15,206.0,-166.0,-24.776119402985074,5.15,0.0,1,0
CI-0002,2026-10-01,,,207.0,,,,Clássico,300,10,40,6,201,15,207.0,-167.0,-24.925373134328357,5.175,0.0,1,0
CI-0002,2026-11-01,,,245.0,,,,Clássico,300,10,40,6,201,15,245.0,-205.0,-30.59701492537313,6.125,0.0,1,0
CI-0002,2026-12-01,,,237.0,,,,Clássico,300,10,40,6,201,15,237.0,-197.0,-29.402985074626866,5.925,0.0,1,0
CI-0003,2024-09-01,231.0,20766.9,,,,,Clássico,300,13,462,55,252,16,231.0,231.0,27.5,0.5,0.0,0,0
CI-0003,2024-10-01,222.0,19957.8,,,,,Clássico,300,13,462,55,252,16,222.0,240.0,28.57142857142857,0.4805194805194805,0.0,0,0
CI-0003,2024-11-01,322.0,28947.8,,,,,Clássico,300,13,462,55,252,16,322.0,140.0,16.666666666666668,0.696969696969697,0.0,0,0
CI-0003,2024-12-01,273.0,24542.7,,,,,Clássico,300,13,462,55,252,16,273.0,189.0,22.5,0.5909090909090909,0.0,0,0
CI-0003,2025-01-01,278.0,24992.2,,,,,Clássico,300,13,462,55,252,16,278.0,184.0,21.904761904761905,0.6017316017316018,0.0,0,0
CI-0003,2025-02-01,231.0,20766.9,,,,,Clássico,300,13,462,55,252,16,231.0,231.0,27.5,0.5,0.0,0,0
CI-0003,2025-03-01,224.0,20137.6,,,,,Clássico,300,13,462,55,252,16,224.0,238.0,28.333333333333332,0.48484848484848486,0.0,0,0
CI-0003,2025-04-01,268.0,24093.2,,,,,Clássico,300,13,462,55,252,16,268.0,194.0,23.095238095238095,0.5800865800865801,0.0,0,0
CI-0003,2025-05-01,277.0,24902.3,,,,,Clássico,300,13,462,55,252,16,277.0,185.0,22.023809523809522,0.5995670995670995,0.0,0,0
CI-0003,2025-06-01,251.0,22564.899999999998,,,,,Clássico,300,13,462,55,252,16,251.0,211.0,25.11904761904762,0.5432900432900433,0.0,0,0
CI-0003,2025-07-01,266.0,23913.4,,,,,Clássico,300,13,462,55,252,16,266.0,196.0,23.333333333333332,0.5757575757575758,0.0,0,0
CI-0003,2025-08-01,270.0,24273.0,,,,,Clássico,300,13,462,55,252,16,270.0,192.0,22.857142857142854,0.5844155844155844,0.0,0,0
CI-0003,2025-09-01,229.0,20587.1,,,,337.0,Clássico,300,13,462,55,252,16,229.0,233.0,27.73809523809524,0.49567099567099565,0.0,0,0
CI-0003,2025-10-01,285.0,25621.5,,,,298.0,Clássico,300,13,462,55,252,16,285.0,177.0,21.07142857142857,0.6168831168831169,0.0,0,0
CI-0003,2025-11-01,377.0,33892.299999999996,,,,309.0,Clássico,300,13,462,55,252,16,377.0,85.0,10.11904761904762,0.816017316017316,0.0,0,0
CI-0003,2025-12-01,264.0,23733.6,,,,550.0,Clássico,300,13,462,55,252,16,264.0,198.0,23.57142857142857,0.5714285714285714,0.0,0,0
CI-0003,2026-01-01,292.0,26250.8,,,,488.0,Clássico,300,13,462,55,252,16,292.0,170.0,20.23809523809524,0.6320346320346321,0.0,0,0
CI-0003,2026-02-01,276.0,24812.399999999998,,,,637.0,Clássico,300,13,462,55,252,16,276.0,186.0,22.142857142857146,0.5974025974025974,0.0,0,0
CI-0003,2026-03-01,300.0,26970.0,,,,259.0,Clássico,300,13,462,55,252,16,300.0,162.0,19.28571428571429,0.6493506493506493,0.0,0,0
CI-0003,2026-04-01,259.0,23284.1,,,,538.0,Clássico,300,13,462,55,252,16,259.0,203.0,24.166666666666668,0.5606060606060606,0.0,0,0
CI-0003,2026-05-01,288.0,25891.2,,,,483.0,Clássico,300,13,462,55,252,16,288.0,174.0,20.714285714285715,0.6233766233766234,0.0,0,0
CI-0003,2026-06-01,289.0,25981.100000000002,,,,324.0,Clássico,300,13,462,55,252,16,289.0,173.0,20.595238095238095,0.6255411255411255,0.0,0,0
CI-0003,2026-07-01,242.0,21755.8,,,,479.0,Clássico,300,13,462,55,252,16,242.0,220.0,26.19047619047619,0.5238095238095238,0.0,0,0
CI-0003,2026-08-01,278.0,24992.2,,,,431.0,Clássico,300,13,462,55,252,16,278.0,184.0,21.904761904761905,0.6017316017316018,0.0,0,0
CI-0003,2026-10-01,,,260.0,192.0,,,Clássico,300,13,462,55,252,16,260.0,202.0,24.047619047619047,0.5627705627705628,0.7384615384615385,0,0
CI-0003,2026-11-01,,,307.0,,,,Clássico,300,13,462,55,252,16,307.0,155.0,18.452380952380953,0.6645021645021645,0.0,0,0
CI-0003,2026-12-01,,,297.0,,,,Clássico,300,13,462,55,252,16,297.0,165.0,19.642857142857142,0.6428571428571429,0.0,0,0
CI-0004,2024-09-01,280.0,29372.0,,,,,Planner,200,16,303,30,303,21,280.0,23.0,2.2772277227722775,0.9240924092409241,0.0,0,0
CI-0004,2024-10-01,300.0,31470.0,,,,,Planner,200,16,303,30,303,21,300.0,3.0,0.297029702970297,0.9900990099009901,0.0,0,0
CI-0004,2024-11-01,482.0,50561.799999999996,,,,,Planner,200,16,303,30,303,21,482.0,-179.0,-17.722772277227723,1.5907590759075907,0.0,1,0
CI-0004,2024-12-01,566.0,59373.4,,,,,Planner,200,16,303,30,303,21,566.0,-263.0,-26.03960396039604,1.867986798679868,0.0,1,0
CI-0004,2025-01-01,526.0,55177.4,,,,,Planner,200,16,303,30,303,21,526.0,-223.0,-22.07920792079208,1.7359735973597359,0.0,1,0
CI-0004,2025-02-01,332.0,34826.8,,,,,Planner,200,16,303,30,303,21,332.0,-29.0,-2.8712871287128716,1.0957095709570956,0.0,1,0
CI-0004,2025-03-01,337.0,35351.3,,,,,Planner,200,16,303,30,303,21,337.0,-34.0,-3.366336633663366,1.1122112211221122,0.0,1,0
CI-0004,2025-04-01,342.0,35875.8,,,,,Planner,200,16,303,30,303,21,342.0,-39.0,-3.8613861386138613,1.1287128712871286,0.0,1,0
CI-0004,2025-05-01,392.0,41120.799999999996,,,,,Planner,200,16,303,30,303,21,392.0,-89.0,-8.811881188118813,1.2937293729372936,0.0,1,0
CI-0004,2025-06-01,349.0,36610.1,,,,,Planner,200,16,303,30,303,21,349.0,-46.0,-4.554455445544555,1.1518151815181519,0.0,1,0
CI-0004,2025-07-01,377.0,39547.3,,,,,Planner,200,16,303,30,303,21,377.0,-74.0,-7.326732673267327,1.2442244224422443,0.0,1,0
CI-0004,2025-08-01,403.0,42274.700000000004,,,,,Planner,200,16,303,30,303,21,403.0,-100.0,-9.900990099009901,1.33003300330033,0.0,1,0
CI-0004,2025-09-01,368.0,38603.2,,,,376.0,Planner,200,16,303,30,303,21,368.0,-65.0,-6.435643564356435,1.2145214521452146,0.0,1,0
CI-0004,2025-10-01,414.0,43428.6,,,,217.0,Planner,200,16,303,30,303,21,414.0,-111.0,-10.99009900990099,1.3663366336633664,0.0,1,0
CI-0004,2025-11-01,604.0,63359.6,,,,255.0,Planner,200,16,303,30,303,21,604.0,-301.0,-29.801980198019802,1.9933993399339933,0.0,1,0
CI-0004,2025-12-01,685.0,71856.5,,,,419.0,Planner,200,16,303,30,303,21,685.0,-382.0,-37.821782178217816,2.2607260726072607,0.0,1,0
CI-0004,2026-01-01,703.0,73744.7,,,,261.0,Planner,200,16,303,30,303,21,703.0,-400.0,-39.603960396039604,2.32013201320132,0.0,1,0
CI-0004,2026-02-01,450.0,47205.0,,,,426.0,Planner,200,16,303,30,303,21,450.0,-147.0,-14.554455445544555,1.4851485148514851,0.0,1,0
CI-0004,2026-03-01,422.0,44267.8,,,,393.0,Planner,200,16,303,30,303,21,422.0,-119.0,-11.782178217821782,1.3927392739273927,0.0,1,0
CI-0004,2026-04-01,400.0,41960.0,,,,245.0,Planner,200,16,303,30,303,21,400.0,-97.0,-9.603960396039604,1.3201320132013201,0.0,1,0
CI-0004,2026-05-01,503.0,52764.7,,,,413.0,Planner,200,16,303,30,303,21,503.0,-200.0,-19.801980198019802,1.66006600660066,0.0,1,0
CI-0004,2026-06-01,500.0,52450.0,,,,369.0,Planner,200,16,303,30,303,21,500.0,-197.0,-19.504950495049506,1.6501650165016502,0.0,1,0
CI-0004,2026-07-01,510.0,53499.0,,,,234.0,Planner,200,16,303,30,303,21,510.0,-207.0,-20.495049504950497,1.683168316831683,0.0,1,0
CI-0004,2026-08-01,492.0,51610.8,,,,212.0,Planner,200,16,303,30,303,21,492.0,-189.0,-18.712871287128714,1.6237623762376239,0.0,1,0
CI-0004,2026-10-01,,,312.0,,,,Planner,200,16,303,30,303,21,312.0,-9.0,-0.891089108910891,1.0297029702970297,0.0,1,0
CI-0004,2026-11-01,,,554.0,,,,Planner,200,16,303,30,303,21,554.0,-251.0,-24.851485148514854,1.8283828382838283,0.0,1,0
CI-0004,2026-12-01,,,536.0,,,,Planner,200,16,303,30,303,21,536.0,-233.0,-23.06930693069307,1.768976897689769,0.0,1,0
CI-0005,2024-09-01,349.0,13925.1,,,,,Refis,500,19,649,55,354,11,349.0,300.0,25.423728813559322,0.5377503852080123,0.0,0,0
CI-0005,2024-10-01,382.0,15241.8,,,,,Refis,500,19,649,55,354,11,382.0,267.0,22.627118644067796,0.588597842835131,0.0,0,0
CI-0005,2024-11-01,443.0,17675.7,,,,,Refis,500,19,649,55,354,11,443.0,206.0,17.457627118644066,0.6825885978428351,0.0,0,0
CI-0005,2024-12-01,400.0,15960.0,,,,,Refis,500,19,649,55,354,11,400.0,249.0,21.10169491525424,0.6163328197226502,0.0,0,0
CI-0005,2025-01-01,400.0,15960.0,,,,,Refis,500,19,649,55,354,11,400.0,249.0,21.10169491525424,0.6163328197226502,0.0,0,0
CI-0005,2025-02-01,351.0,14004.9,,,,,Refis,500,19,649,55,354,11,351.0,298.0,25.254237288135595,0.5408320493066255,0.0,0,0
CI-0005,2025-03-01,376.0,15002.4,,,,,Refis,500,19,649,55,354,11,376.0,273.0,23.135593220338986,0.5793528505392912,0.0,0,0
CI-0005,2025-04-01,389.0,15521.1,,,,,Refis,500,19,649,55,354,11,389.0,260.0,22.033898305084747,0.5993836671802774,0.0,0,0
CI-0005,2025-05-01,422.0,16837.8,,,,,Refis,500,19,649,55,354,11,422.0,227.0,19.23728813559322,0.650231124807396,0.0,0,0
CI-0005,2025-06-01,449.0,17915.1,,,,,Refis,500,19,649,55,354,11,449.0,200.0,16.949152542372882,0.6918335901386748,0.0,0,0
CI-0005,2025-07-01,400.0,15960.0,,,,,Refis,500,19,649,55,354,11,400.0,249.0,21.10169491525424,0.6163328197226502,0.0,0,0
CI-0005,2025-08-01,449.0,17915.1,,,,,Refis,500,19,649,55,354,11,449.0,200.0,16.949152542372882,0.6918335901386748,0.0,0,0
CI-0005,2025-09-01,441.0,17595.9,,,,729.0,Refis,500,19,649,55,354,11,441.0,208.0,17.627118644067796,0.6795069337442219,0.0,0,0
CI-0005,2025-10-01,500.0,19950.0,,,,525.0,Refis,500,19,649,55,354,11,500.0,149.0,12.627118644067798,0.7704160246533128,0.0,0,0
CI-0005,2025-11-01,661.0,26373.9,,,,728.0,Refis,500,19,649,55,354,11,661.0,-12.0,-1.0169491525423728,1.0184899845916795,0.0,1,0
CI-0005,2025-12-01,424.0,16917.6,,,,663.0,Refis,500,19,649,55,354,11,424.0,225.0,19.06779661016949,0.6533127889060092,0.0,0,0
CI-0005,2026-01-01,432.0,17236.8,,,,928.0,Refis,500,19,649,55,354,11,432.0,217.0,18.389830508474574,0.6656394453004623,0.0,0,0
CI-0005,2026-02-01,549.0,21905.1,,,,849.0,Refis,500,19,649,55,354,11,549.0,100.0,8.474576271186441,0.8459167950693375,0.0,0,0
CI-0005,2026-03-01,512.0,20428.8,,,,384.0,Refis,500,19,649,55,354,11,512.0,137.0,11.610169491525424,0.7889060092449923,0.0,0,0
CI-0005,2026-04-01,470.0,18753.0,,,,733.0,Refis,500,19,649,55,354,11,470.0,179.0,15.169491525423727,0.724191063174114,0.0,0,0
CI-0005,2026-05-01,552.0,22024.8,,,,369.0,Refis,500,19,649,55,354,11,552.0,97.0,8.220338983050846,0.8505392912172574,0.0,0,0
CI-0005,2026-06-01,576.0,22982.4,,,,419.0,Refis,500,19,649,55,354,11,576.0,73.0,6.186440677966101,0.8875192604006163,0.0,0,0
CI-0005,2026-07-01,538.0,21466.2,,,,568.0,Refis,500,19,649,55,354,11,538.0,111.0,9.40677966101695,0.8289676425269645,0.0,0,0
CI-0005,2026-08-01,588.0,23461.2,,,,804.0,Refis,500,19,649,55,354,11,588.0,61.0,5.169491525423728,0.9060092449922958,0.0,0,0
CI-0005,2026-10-01,,,365.0,,,,Refis,500,19,649,55,354,11,365.0,284.0,24.06779661016949,0.5624036979969184,0.0,0,0
CI-0005,2026-11-01,,,432.0,,,,Refis,500,19,649,55,354,11,432.0,217.0,18.389830508474574,0.6656394453004623,0.0,0,0
CI-0005,2026-12-01,,,418.0,,,,Refis,500,19,649,55,354,11,418.0,231.0,19.576271186440678,0.6440677966101694,0.0,0,0
CI-0006,2024-09-01,408.0,8119.2,,,,,Refis,500,7,135,10,405,12,408.0,-273.0,-20.22222222222222,3.022222222222222,0.0,1,0
CI-0006,2024-10-01,370.0,7363.0,,,,,Refis,500,7,135,10,405,12,370.0,-235.0,-17.40740740740741,2.740740740740741,0.0,1,0
CI-0006,2024-11-01,501.0,9969.9,,,,,Refis,500,7,135,10,405,12,501.0,-366.0,-27.11111111111111,3.7111111111111112,0.0,1,0
CI-0006,2024-12-01,359.0,7144.1,,,,,Refis,500,7,135,10,405,12,359.0,-224.0,-16.59259259259259,2.6592592592592594,0.0,1,0
CI-0006,2025-01-01,358.0,7124.2,,,,,Refis,500,7,135,10,405,12,358.0,-223.0,-16.51851851851852,2.651851851851852,0.0,1,0
CI-0006,2025-02-01,392.0,7800.8,,,,,Refis,500,7,135,10,405,12,392.0,-257.0,-19.037037037037035,2.903703703703704,0.0,1,0
CI-0006,2025-03-01,373.0,7422.7,,,,,Refis,500,7,135,10,405,12,373.0,-238.0,-17.62962962962963,2.762962962962963,0.0,1,0
CI-0006,2025-04-01,403.0,8019.7,,,,,Refis,500,7,135,10,405,12,403.0,-268.0,-19.85185185185185,2.9851851851851854,0.0,1,0
CI-0006,2025-05-01,460.0,9154.0,,,,,Refis,500,7,135,10,405,12,460.0,-325.0,-24.074074074074076,3.4074074074074074,0.0,1,0
CI-0006,2025-06-01,433.0,8616.7,,,,,Refis,500,7,135,10,405,12,433.0,-298.0,-22.074074074074076,3.2074074074074073,0.0,1,0
CI-0006,2025-07-01,376.0,7482.400000000001,,,,,Refis,500,7,135,10,405,12,376.0,-241.0,-17.851851851851855,2.785185185185185,0.0,1,0
CI-0006,2025-08-01,433.0,8616.7,,,,,Refis,500,7,135,10,405,12,433.0,-298.0,-22.074074074074076,3.2074074074074073,0.0,1,0
CI-0006,2025-09-01,470.0,9353.0,,,,86.0,Refis,500,7,135,10,405,12,470.0,-335.0,-24.814814814814817,3.4814814814814814,0.0,1,0
CI-0006,2025-10-01,457.0,9094.3,,,,99.0,Refis,500,7,135,10,405,12,457.0,-322.0,-23.85185185185185,3.3851851851851853,0.0,1,0
CI-0006,2025-11-01,534.0,10626.6,,,,101.0,Refis,500,7,135,10,405,12,534.0,-399.0,-29.555555555555554,3.9555555555555557,0.0,1,0
CI-0006,2025-12-01,449.0,8935.1,,,,132.0,Refis,500,7,135,10,405,12,449.0,-314.0,-23.25925925925926,3.325925925925926,0.0,1,0
CI-0006,2026-01-01,441.0,8775.9,,,,149.0,Refis,500,7,135,10,405,12,441.0,-306.0,-22.666666666666664,3.2666666666666666,0.0,1,0
CI-0006,2026-02-01,412.0,8198.8,,,,123.0,Refis,500,7,135,10,405,12,412.0,-277.0,-20.518518518518515,3.051851851851852,0.0,1,0
CI-0006,2026-03-01,440.0,8756.0,,,,147.0,Refis,500,7,135,10,405,12,440.0,-305.0,-22.59259259259259,3.259259259259259,0.0,1,0
CI-0006,2026-04-01,406.0,8079.4,,,,142.0,Refis,500,7,135,10,405,12,406.0,-271.0,-20.074074074074076,3.0074074074074075,0.0,1,0
CI-0006,2026-05-01,403.0,8019.7,,,,193.0,Refis,500,7,135,10,405,12,403.0,-268.0,-19.85185185185185,2.9851851851851854,0.0,1,0
CI-0006,2026-06-01,412.0,8198.8,,,,115.0,Refis,500,7,135,10,405,12,412.0,-277.0,-20.518518518518515,3.051851851851852,0.0,1,0
CI-0006,2026-07-01,457.0,9094.3,,,,132.0,Refis,500,7,135,10,405,12,457.0,-322.0,-23.85185185185185,3.3851851851851853,0.0,1,0
CI-0006,2026-08-01,438.0,8716.199999999999,,,,144.0,Refis,500,7,135,10,405,12,438.0,-303.0,-22.444444444444443,3.2444444444444445,0.0,1,0
CI-0006,2026-10-01,,,417.0,,,,Refis,500,7,135,10,405,12,417.0,-282.0,-20.88888888888889,3.088888888888889,0.0,1,0
CI-0006,2026-11-01,,,494.0,,,,Refis,500,7,135,10,405,12,494.0,-359.0,-26.59259259259259,3.6592592592592594,0.0,1,0
CI-0006,2026-12-01,,,478.0,,,,Refis,500,7,135,10,405,12,478.0,-343.0,-25.407407407407405,3.5407407407407407,0.0,1,0
CI-0007,2024-09-01,422.0,8397.8,,,,,Acessórios,300,10,456,30,456,12,422.0,34.0,2.236842105263158,0.9254385964912281,0.0,0,0
CI-0007,2024-10-01,490.0,9751.0,,,,,Acessórios,300,10,456,30,456,12,490.0,-34.0,-2.236842105263158,1.0745614035087718,0.0,1,0
CI-0007,2024-11-01,649.0,12915.1,,,,,Acessórios,300,10,456,30,456,12,649.0,-193.0,-12.697368421052632,1.4232456140350878,0.0,1,0
CI-0007,2024-12-01,500.0,9950.0,,,,,Acessórios,300,10,456,30,456,12,500.0,-44.0,-2.894736842105263,1.0964912280701755,0.0,1,0
CI-0007,2025-01-01,487.0,9691.300000000001,,,,,Acessórios,300,10,456,30,456,12,487.0,-31.0,-2.0394736842105265,1.0679824561403508,0.0,1,0
CI-0007,2025-02-01,460.0,9154.0,,,,,Acessórios,300,10,456,30,456,12,460.0,-4.0,-0.2631578947368421,1.0087719298245614,0.0,1,0
CI-0007,2025-03-01,512.0,10188.8,,,,,Acessórios,300,10,456,30,456,12,512.0,-56.0,-3.6842105263157894,1.1228070175438596,0.0,1,0
CI-0007,2025-04-01,431.0,8576.9,,,,,Acessórios,300,10,456,30,456,12,431.0,25.0,1.644736842105263,0.9451754385964912,0.0,0,0
CI-0007,2025-05-01,473.0,9412.7,,,,,Acessórios,300,10,456,30,456,12,473.0,-17.0,-1.118421052631579,1.037280701754386,0.0,1,0
CI-0007,2025-06-01,413.0,8218.7,,,,,Acessórios,300,10,456,30,456,12,413.0,43.0,2.8289473684210527,0.9057017543859649,0.0,0,0
CI-0007,2025-07-01,441.0,8775.9,,,,,Acessórios,300,10,456,30,456,12,441.0,15.0,0.9868421052631579,0.9671052631578947,0.0,0,0
CI-0007,2025-08-01,440.0,8756.0,,,,,Acessórios,300,10,456,30,456,12,440.0,16.0,1.0526315789473684,0.9649122807017544,0.0,0,0
CI-0007,2025-09-01,492.0,9790.8,,,,333.0,Acessórios,300,10,456,30,456,12,492.0,-36.0,-2.3684210526315788,1.0789473684210527,0.0,1,0
CI-0007,2025-10-01,454.0,9034.6,,,,578.0,Acessórios,300,10,456,30,456,12,454.0,2.0,0.13157894736842105,0.9956140350877193,0.0,0,0
CI-0007,2025-11-01,680.0,13532.0,,,,540.0,Acessórios,300,10,456,30,456,12,680.0,-224.0,-14.736842105263158,1.4912280701754386,0.0,1,0
CI-0007,2025-12-01,429.0,8537.1,,,,583.0,Acessórios,300,10,456,30,456,12,429.0,27.0,1.776315789473684,0.9407894736842105,0.0,0,0
CI-0007,2026-01-01,517.0,10288.3,,,,543.0,Acessórios,300,10,456,30,456,12,517.0,-61.0,-4.0131578947368425,1.1337719298245614,0.0,1,0
CI-0007,2026-02-01,516.0,10268.4,,,,595.0,Acessórios,300,10,456,30,456,12,516.0,-60.0,-3.9473684210526314,1.131578947368421,0.0,1,0
CI-0007,2026-03-01,451.0,8974.9,,,,265.0,Acessórios,300,10,456,30,456,12,451.0,5.0,0.3289473684210526,0.9890350877192983,0.0,0,0
CI-0007,2026-04-01,500.0,9950.0,,,,397.0,Acessórios,300,10,456,30,456,12,500.0,-44.0,-2.894736842105263,1.0964912280701755,0.0,1,0
CI-0007,2026-05-01,516.0,10268.4,,,,275.0,Acessórios,300,10,456,30,456,12,516.0,-60.0,-3.9473684210526314,1.131578947368421,0.0,1,0
CI-0007,2026-06-01,443.0,8815.7,,,,600.0,Acessórios,300,10,456,30,456,12,443.0,13.0,0.8552631578947368,0.9714912280701754,0.0,0,0
CI-0007,2026-07-01,483.0,9611.7,,,,459.0,Acessórios,300,10,456,30,456,12,483.0,-27.0,-1.776315789473684,1.0592105263157894,0.0,1,0
CI-0007,2026-08-01,452.0,8994.8,,,,437.0,Acessórios,300,10,456,30,456,12,452.0,4.0,0.2631578947368421,0.9912280701754386,0.0,0,0
CI-0007,2026-10-01,,,470.0,,,,Acessórios,300,10,456,30,456,12,470.0,-14.0,-0.9210526315789473,1.030701754385965,0.0,1,0
CI-0007,2026-11-01,,,556.0,,,,Acessórios,300,10,456,30,456,12,556.0,-100.0,-6.578947368421052,1.219298245614035,0.0,1,0
CI-0007,2026-12-01,,,538.0,,,,Acessórios,300,10,456,30,456,12,538.0,-82.0,-5.394736842105264,1.1798245614035088,0.0,1,0
CI-0008,2024-09-01,490.0,12201.0,,,,,Acessórios,300,13,304,18,507,13,490.0,-186.0,-11.005917159763314,1.611842105263158,0.0,1,0
CI-0008,2024-10-01,476.0,11852.4,,,,,Acessórios,300,13,304,18,507,13,476.0,-172.0,-10.177514792899409,1.5657894736842106,0.0,1,0
CI-0008,2024-11-01,756.0,18824.4,,,,,Acessórios,300,13,304,18,507,13,756.0,-452.0,-26.745562130177515,2.486842105263158,0.0,1,0
CI-0008,2024-12-01,538.0,13396.2,,,,,Acessórios,300,13,304,18,507,13,538.0,-234.0,-13.846153846153847,1.769736842105263,0.0,1,0
CI-0008,2025-01-01,566.0,14093.4,,,,,Acessórios,300,13,304,18,507,13,566.0,-262.0,-15.502958579881657,1.861842105263158,0.0,1,0
CI-0008,2025-02-01,480.0,11952.0,,,,,Acessórios,300,13,304,18,507,13,480.0,-176.0,-10.414201183431953,1.5789473684210527,0.0,1,0
CI-0008,2025-03-01,524.0,13047.6,,,,,Acessórios,300,13,304,18,507,13,524.0,-220.0,-13.017751479289942,1.7236842105263157,0.0,1,0
CI-0008,2025-04-01,479.0,11927.1,,,,,Acessórios,300,13,304,18,507,13,479.0,-175.0,-10.355029585798816,1.575657894736842,0.0,1,0
CI-0008,2025-05-01,512.0,12748.8,,,,,Acessórios,300,13,304,18,507,13,512.0,-208.0,-12.307692307692307,1.6842105263157894,0.0,1,0
CI-0008,2025-06-01,541.0,13470.9,,,,,Acessórios,300,13,304,18,507,13,541.0,-237.0,-14.023668639053254,1.7796052631578947,0.0,1,0
CI-0008,2025-07-01,514.0,12798.6,,,,,Acessórios,300,13,304,18,507,13,514.0,-210.0,-12.42603550295858,1.6907894736842106,0.0,1,0
CI-0008,2025-08-01,483.0,12026.7,,,,,Acessórios,300,13,304,18,507,13,483.0,-179.0,-10.591715976331361,1.5888157894736843,0.0,1,0
CI-0008,2025-09-01,478.0,11902.2,,,,251.0,Acessórios,300,13,304,18,507,13,478.0,-174.0,-10.295857988165679,1.5723684210526316,0.0,1,0
CI-0008,2025-10-01,492.0,12250.8,,,,376.0,Acessórios,300,13,304,18,507,13,492.0,-188.0,-11.124260355029586,1.618421052631579,0.0,1,0
CI-0008,2025-11-01,727.0,18102.3,,,,310.0,Acessórios,300,13,304,18,507,13,727.0,-423.0,-25.02958579881657,2.3914473684210527,0.0,1,0
CI-0008,2025-12-01,473.0,11777.7,,,,267.0,Acessórios,300,13,304,18,507,13,473.0,-169.0,-10.0,1.555921052631579,0.0,1,0
CI-0008,2026-01-01,482.0,12001.800000000001,,,,351.0,Acessórios,300,13,304,18,507,13,482.0,-178.0,-10.532544378698226,1.5855263157894737,0.0,1,0
CI-0008,2026-02-01,515.0,12823.5,,,,335.0,Acessórios,300,13,304,18,507,13,515.0,-211.0,-12.485207100591717,1.694078947368421,0.0,1,0
CI-0008,2026-03-01,508.0,12649.2,,,,377.0,Acessórios,300,13,304,18,507,13,508.0,-204.0,-12.071005917159763,1.6710526315789473,0.0,1,0
CI-0008,2026-04-01,478.0,11902.2,,,,190.0,Acessórios,300,13,304,18,507,13,478.0,-174.0,-10.295857988165679,1.5723684210526316,0.0,1,0
CI-0008,2026-05-01,513.0,12773.699999999999,,,,228.0,Acessórios,300,13,304,18,507,13,513.0,-209.0,-12.366863905325443,1.6875,0.0,1,0
CI-0008,2026-06-01,524.0,13047.6,,,,294.0,Acessórios,300,13,304,18,507,13,524.0,-220.0,-13.017751479289942,1.7236842105263157,0.0,1,0
CI-0008,2026-07-01,531.0,13221.9,,,,320.0,Acessórios,300,13,304,18,507,13,531.0,-227.0,-13.431952662721894,1.7467105263157894,0.0,1,0
CI-0008,2026-08-01,543.0,13520.699999999999,,,,382.0,Acessórios,300,13,304,18,507,13,543.0,-239.0,-14.142011834319527,1.7861842105263157,0.0,1,0
CI-0008,2026-10-01,,,522.0,,,,Acessórios,300,13,304,18,507,13,522.0,-218.0,-12.899408284023668,1.7171052631578947,0.0,1,0
CI-0008,2026-11-01,,,619.0,,,,Acessórios,300,13,304,18,507,13,619.0,-315.0,-18.63905325443787,2.036184210526316,0.0,1,0
CI-0008,2026-12-01,,,598.0,,,,Acessórios,300,13,304,18,507,13,598.0,-294.0,-17.39644970414201,1.9671052631578947,0.0,1,0
CI-0009,2024-09-01,608.0,18179.2,,,,,Acessórios,300,16,1023,55,558,14,608.0,415.0,22.311827956989248,0.5943304007820137,0.0,0,0
CI-0009,2024-10-01,519.0,15518.1,,,,,Acessórios,300,16,1023,55,558,14,519.0,504.0,27.096774193548388,0.5073313782991202,0.0,0,0
CI-0009,2024-11-01,743.0,22215.7,,,,,Acessórios,300,16,1023,55,558,14,743.0,280.0,15.053763440860214,0.7262952101661779,0.0,0,0
CI-0009,2024-12-01,490.0,14651.0,,,,,Acessórios,300,16,1023,55,558,14,490.0,533.0,28.655913978494624,0.4789833822091887,0.0,0,0
CI-0009,2025-01-01,482.0,14411.800000000001,,,,,Acessórios,300,16,1023,55,558,14,482.0,541.0,29.086021505376344,0.47116324535679377,0.0,0,0
CI-0009,2025-02-01,550.0,16445.0,,,,,Acessórios,300,16,1023,55,558,14,550.0,473.0,25.43010752688172,0.5376344086021505,0.0,0,0
CI-0009,2025-03-01,489.0,14621.099999999999,,,,,Acessórios,300,16,1023,55,558,14,489.0,534.0,28.70967741935484,0.4780058651026393,0.0,0,0
CI-0009,2025-04-01,419.0,12528.1,,,,,Acessórios,300,16,1023,55,558,14,419.0,604.0,32.473118279569896,0.4095796676441838,0.0,0,0
CI-0009,2025-05-01,492.0,14710.8,,,,,Acessórios,300,16,1023,55,558,14,492.0,531.0,28.548387096774196,0.4809384164222874,0.0,0,0
CI-0009,2025-06-01,480.0,14352.0,,,,,Acessórios,300,16,1023,55,558,14,480.0,543.0,29.193548387096776,0.46920821114369504,0.0,0,0
CI-0009,2025-07-01,473.0,14142.7,,,,,Acessórios,300,16,1023,55,558,14,473.0,550.0,29.56989247311828,0.46236559139784944,0.0,0,0
CI-0009,2025-08-01,383.0,11451.699999999999,,,,,Acessórios,300,16,1023,55,558,14,383.0,640.0,34.40860215053763,0.37438905180840665,0.0,0,0
CI-0009,2025-09-01,360.0,10764.0,,,,1450.0,Acessórios,300,16,1023,55,558,14,360.0,663.0,35.645161290322584,0.3519061583577713,0.0,0,0
CI-0009,2025-10-01,364.0,10883.6,,,,737.0,Acessórios,300,16,1023,55,558,14,364.0,659.0,35.43010752688172,0.35581622678396874,0.0,0,0
CI-0009,2025-11-01,576.0,17222.4,,,,1458.0,Acessórios,300,16,1023,55,558,14,576.0,447.0,24.032258064516128,0.5630498533724341,0.0,0,0
CI-0009,2025-12-01,404.0,12079.6,,,,947.0,Acessórios,300,16,1023,55,558,14,404.0,619.0,33.27956989247312,0.3949169110459433,0.0,0,0
CI-0009,2026-01-01,366.0,10943.4,,,,848.0,Acessórios,300,16,1023,55,558,14,366.0,657.0,35.322580645161295,0.35777126099706746,0.0,0,0
CI-0009,2026-02-01,324.0,9687.6,,,,807.0,Acessórios,300,16,1023,55,558,14,324.0,699.0,37.58064516129032,0.31671554252199413,0.0,0,0
CI-0009,2026-03-01,333.0,9956.7,,,,765.0,Acessórios,300,16,1023,55,558,14,333.0,690.0,37.096774193548384,0.3255131964809384,0.0,0,0
CI-0009,2026-04-01,322.0,9627.8,,,,660.0,Acessórios,300,16,1023,55,558,14,322.0,701.0,37.68817204301075,0.3147605083088954,0.0,0,0
CI-0009,2026-05-01,322.0,9627.8,,,,665.0,Acessórios,300,16,1023,55,558,14,322.0,701.0,37.68817204301075,0.3147605083088954,0.0,0,0
CI-0009,2026-06-01,316.0,9448.4,,,,598.0,Acessórios,300,16,1023,55,558,14,316.0,707.0,38.01075268817204,0.3088954056695992,0.0,0,0
CI-0009,2026-07-01,306.0,9149.4,,,,772.0,Acessórios,300,16,1023,55,558,14,306.0,717.0,38.54838709677419,0.2991202346041056,0.0,0,0
CI-0009,2026-08-01,249.0,7445.1,,,,716.0,Acessórios,300,16,1023,55,558,14,249.0,774.0,41.612903225806456,0.2434017595307918,0.0,0,0
CI-0009,2026-10-01,,,575.0,297.0,,,Acessórios,300,16,1023,55,558,14,575.0,448.0,24.086021505376344,0.5620723362658846,0.5165217391304348,0,0
CI-0009,2026-11-01,,,681.0,,,,Acessórios,300,16,1023,55,558,14,681.0,342.0,18.387096774193548,0.6656891495601173,0.0,0,0
CI-0009,2026-12-01,,,658.0,,,,Acessórios,300,16,1023,55,558,14,658.0,365.0,19.623655913978496,0.6432062561094819,0.0,0,0
CI-0010,2024-09-01,610.0,21289.0,,,,,Acessórios,300,19,121,6,609,12,610.0,-489.0,-24.088669950738918,5.041322314049586,0.0,1,0
CI-0010,2024-10-01,680.0,23732.0,,,,,Acessórios,300,19,121,6,609,12,680.0,-559.0,-27.536945812807883,5.619834710743802,0.0,1,0
CI-0010,2024-11-01,800.0,27920.0,,,,,Acessórios,300,19,121,6,609,12,800.0,-679.0,-33.44827586206897,6.6115702479338845,0.0,1,0
CI-0010,2024-12-01,633.0,22091.7,,,,,Acessórios,300,19,121,6,609,12,633.0,-512.0,-25.22167487684729,5.231404958677686,0.0,1,0
CI-0010,2025-01-01,603.0,21044.7,,,,,Acessórios,300,19,121,6,609,12,603.0,-482.0,-23.74384236453202,4.983471074380165,0.0,1,0
CI-0010,2025-02-01,656.0,22894.4,,,,,Acessórios,300,19,121,6,609,12,656.0,-535.0,-26.354679802955665,5.421487603305785,0.0,1,0
CI-0010,2025-03-01,549.0,19160.1,,,,,Acessórios,300,19,121,6,609,12,549.0,-428.0,-21.083743842364534,4.537190082644628,0.0,1,0
CI-0010,2025-04-01,592.0,20660.8,,,,,Acessórios,300,19,121,6,609,12,592.0,-471.0,-23.201970443349754,4.892561983471074,0.0,1,0
CI-0010,2025-05-01,640.0,22336.0,,,,,Acessórios,300,19,121,6,609,12,640.0,-519.0,-25.566502463054185,5.289256198347108,0.0,1,0
CI-0010,2025-06-01,643.0,22440.7,,,,,Acessórios,300,19,121,6,609,12,643.0,-522.0,-25.71428571428571,5.31404958677686,0.0,1,0
CI-0010,2025-07-01,643.0,22440.7,,,,,Acessórios,300,19,121,6,609,12,643.0,-522.0,-25.71428571428571,5.31404958677686,0.0,1,0
CI-0010,2025-08-01,616.0,21498.4,,,,,Acessórios,300,19,121,6,609,12,616.0,-495.0,-24.38423645320197,5.090909090909091,0.0,1,0
CI-0010,2025-09-01,638.0,22266.2,,,,161.0,Acessórios,300,19,121,6,609,12,638.0,-517.0,-25.467980295566502,5.2727272727272725,0.0,1,0
CI-0010,2025-10-01,704.0,24569.6,,,,84.0,Acessórios,300,19,121,6,609,12,704.0,-583.0,-28.7192118226601,5.818181818181818,0.0,1,0
CI-0010,2025-11-01,961.0,33538.9,,,,155.0,Acessórios,300,19,121,6,609,12,961.0,-840.0,-41.37931034482759,7.9421487603305785,0.0,1,0
CI-0010,2025-12-01,643.0,22440.7,,,,132.0,Acessórios,300,19,121,6,609,12,643.0,-522.0,-25.71428571428571,5.31404958677686,0.0,1,0
CI-0010,2026-01-01,612.0,21358.8,,,,79.0,Acessórios,300,19,121,6,609,12,612.0,-491.0,-24.1871921182266,5.0578512396694215,0.0,1,0
CI-0010,2026-02-01,629.0,21952.1,,,,70.0,Acessórios,300,19,121,6,609,12,629.0,-508.0,-25.02463054187192,5.198347107438017,0.0,1,0
CI-0010,2026-03-01,635.0,22161.5,,,,160.0,Acessórios,300,19,121,6,609,12,635.0,-514.0,-25.320197044334975,5.24793388429752,0.0,1,0
CI-0010,2026-04-01,592.0,20660.8,,,,80.0,Acessórios,300,19,121,6,609,12,592.0,-471.0,-23.201970443349754,4.892561983471074,0.0,1,0
CI-0010,2026-05-01,659.0,22999.100000000002,,,,83.0,Acessórios,300,19,121,6,609,12,659.0,-538.0,-26.502463054187192,5.446280991735537,0.0,1,0
CI-0010,2026-06-01,680.0,23732.0,,,,134.0,Acessórios,300,19,121,6,609,12,680.0,-559.0,-27.536945812807883,5.619834710743802,0.0,1,0
CI-0010,2026-07-01,733.0,25581.7,,,,106.0,Acessórios,300,19,121,6,609,12,733.0,-612.0,-30.14778325123153,6.0578512396694215,0.0,1,0
CI-0010,2026-08-01,719.0,25093.100000000002,,,,157.0,Acessórios,300,19,121,6,609,12,719.0,-598.0,-29.458128078817733,5.9421487603305785,0.0,1,0
CI-0010,2026-10-01,,,627.0,,,,Acessórios,300,19,121,6,609,12,627.0,-506.0,-24.926108374384235,5.181818181818182,0.0,1,0
CI-0010,2026-11-01,,,743.0,,,,Acessórios,300,19,121,6,609,12,743.0,-622.0,-30.640394088669954,6.140495867768595,0.0,1,0
CI-0010,2026-12-01,,,719.0,,,,Acessórios,300,19,121,6,609,12,719.0,-598.0,-29.458128078817733,5.9421487603305785,0.0,1,0
CI-0011,2024-09-01,728.0,58167.2,,,,,Clássico,300,7,660,30,660,15,728.0,-68.0,-3.090909090909091,1.103030303030303,0.0,1,0
CI-0011,2024-10-01,609.0,48659.1,,,,,Clássico,300,7,660,30,660,15,609.0,51.0,2.3181818181818183,0.9227272727272727,0.0,0,0
CI-0011,2024-11-01,966.0,77183.40000000001,,,,,Clássico,300,7,660,30,660,15,966.0,-306.0,-13.909090909090908,1.4636363636363636,0.0,1,0
CI-0011,2024-12-01,654.0,52254.6,,,,,Clássico,300,7,660,30,660,15,654.0,6.0,0.2727272727272727,0.990909090909091,0.0,0,0
CI-0011,2025-01-01,740.0,59126.0,,,,,Clássico,300,7,660,30,660,15,740.0,-80.0,-3.6363636363636367,1.121212121212121,0.0,1,0
CI-0011,2025-02-01,690.0,55131.0,,,,,Clássico,300,7,660,30,660,15,690.0,-30.0,-1.3636363636363638,1.0454545454545454,0.0,1,0
CI-0011,2025-03-01,615.0,49138.5,,,,,Clássico,300,7,660,30,660,15,615.0,45.0,2.0454545454545454,0.9318181818181818,0.0,0,0
CI-0011,2025-04-01,703.0,56169.7,,,,,Clássico,300,7,660,30,660,15,703.0,-43.0,-1.9545454545454546,1.0651515151515152,0.0,1,0
CI-0011,2025-05-01,631.0,50416.9,,,,,Clássico,300,7,660,30,660,15,631.0,29.0,1.3181818181818181,0.956060606060606,0.0,0,0
CI-0011,2025-06-01,649.0,51855.1,,,,,Clássico,300,7,660,30,660,15,649.0,11.0,0.5,0.9833333333333333,0.0,0,0
CI-0011,2025-07-01,761.0,60803.899999999994,,,,,Clássico,300,7,660,30,660,15,761.0,-101.0,-4.590909090909091,1.153030303030303,0.0,1,0
CI-0011,2025-08-01,663.0,52973.7,,,,,Clássico,300,7,660,30,660,15,663.0,-3.0,-0.13636363636363635,1.0045454545454546,0.0,1,0
CI-0011,2025-09-01,729.0,58247.1,,,,490.0,Clássico,300,7,660,30,660,15,729.0,-69.0,-3.1363636363636362,1.1045454545454545,0.0,1,0
CI-0011,2025-10-01,700.0,55930.0,,,,900.0,Clássico,300,7,660,30,660,15,700.0,-40.0,-1.8181818181818183,1.0606060606060606,0.0,1,0
CI-0011,2025-11-01,890.0,71111.0,,,,701.0,Clássico,300,7,660,30,660,15,890.0,-230.0,-10.454545454545455,1.3484848484848484,0.0,1,0
CI-0011,2025-12-01,692.0,55290.8,,,,597.0,Clássico,300,7,660,30,660,15,692.0,-32.0,-1.4545454545454546,1.0484848484848486,0.0,1,0
CI-0011,2026-01-01,726.0,58007.4,,,,395.0,Clássico,300,7,660,30,660,15,726.0,-66.0,-3.0,1.1,0.0,1,0
CI-0011,2026-02-01,670.0,53533.0,,,,955.0,Clássico,300,7,660,30,660,15,670.0,-10.0,-0.4545454545454546,1.0151515151515151,0.0,1,0
CI-0011,2026-03-01,658.0,52574.2,,,,534.0,Clássico,300,7,660,30,660,15,658.0,2.0,0.09090909090909091,0.996969696969697,0.0,0,0
CI-0011,2026-04-01,773.0,61762.7,,,,391.0,Clássico,300,7,660,30,660,15,773.0,-113.0,-5.136363636363636,1.1712121212121211,0.0,1,0
CI-0011,2026-05-01,677.0,54092.3,,,,824.0,Clássico,300,7,660,30,660,15,677.0,-17.0,-0.7727272727272727,1.0257575757575759,0.0,1,0
CI-0011,2026-06-01,631.0,50416.9,,,,776.0,Clássico,300,7,660,30,660,15,631.0,29.0,1.3181818181818181,0.956060606060606,0.0,0,0
CI-0011,2026-07-01,792.0,63280.8,,,,835.0,Clássico,300,7,660,30,660,15,792.0,-132.0,-6.0,1.2,0.0,1,0
CI-0011,2026-08-01,703.0,56169.7,,,,908.0,Clássico,300,7,660,30,660,15,703.0,-43.0,-1.9545454545454546,1.0651515151515152,0.0,1,0
CI-0011,2026-10-01,,,680.0,,,,Clássico,300,7,660,30,660,15,680.0,-20.0,-0.9090909090909092,1.0303030303030303,0.0,1,0
CI-0011,2026-11-01,,,805.0,,,,Clássico,300,7,660,30,660,15,805.0,-145.0,-6.590909090909091,1.2196969696969697,0.0,1,0
CI-0011,2026-12-01,,,779.0,,,,Clássico,300,7,660,30,660,15,779.0,-119.0,-5.409090909090909,1.1803030303030304,0.0,1,0
CI-0012,2024-09-01,738.0,62656.200000000004,,,,,Clássico,300,10,711,30,711,16,738.0,-27.0,-1.139240506329114,1.0379746835443038,0.0,1,0
CI-0012,2024-10-01,692.0,58750.8,,,,,Clássico,300,10,711,30,711,16,692.0,19.0,0.8016877637130801,0.9732770745428974,0.0,0,0
CI-0012,2024-11-01,917.0,77853.3,,,,,Clássico,300,10,711,30,711,16,917.0,-206.0,-8.691983122362869,1.289732770745429,0.0,1,0
CI-0012,2024-12-01,752.0,63844.8,,,,,Clássico,300,10,711,30,711,16,752.0,-41.0,-1.729957805907173,1.0576652601969059,0.0,1,0
CI-0012,2025-01-01,715.0,60703.5,,,,,Clássico,300,10,711,30,711,16,715.0,-4.0,-0.16877637130801687,1.0056258790436006,0.0,1,0
CI-0012,2025-02-01,804.0,68259.6,,,,,Clássico,300,10,711,30,711,16,804.0,-93.0,-3.924050632911393,1.130801687763713,0.0,1,0
CI-0012,2025-03-01,737.0,62571.3,,,,,Clássico,300,10,711,30,711,16,737.0,-26.0,-1.0970464135021096,1.0365682137834036,0.0,1,0
CI-0012,2025-04-01,702.0,59599.799999999996,,,,,Clássico,300,10,711,30,711,16,702.0,9.0,0.37974683544303794,0.9873417721518988,0.0,0,0
CI-0012,2025-05-01,714.0,60618.6,,,,,Clássico,300,10,711,30,711,16,714.0,-3.0,-0.12658227848101264,1.0042194092827004,0.0,1,0
CI-0012,2025-06-01,689.0,58496.1,,,,,Clássico,300,10,711,30,711,16,689.0,22.0,0.9282700421940928,0.9690576652601969,0.0,0,0
CI-0012,2025-07-01,683.0,57986.7,,,,,Clássico,300,10,711,30,711,16,683.0,28.0,1.1814345991561181,0.960618846694796,0.0,0,0
CI-0012,2025-08-01,714.0,60618.6,,,,,Clássico,300,10,711,30,711,16,714.0,-3.0,-0.12658227848101264,1.0042194092827004,0.0,1,0
CI-0012,2025-09-01,684.0,58071.6,,,,809.0,Clássico,300,10,711,30,711,16,684.0,27.0,1.139240506329114,0.9620253164556962,0.0,0,0
CI-0012,2025-10-01,688.0,58411.2,,,,501.0,Clássico,300,10,711,30,711,16,688.0,23.0,0.9704641350210972,0.9676511954992968,0.0,0,0
CI-0012,2025-11-01,943.0,80060.7,,,,443.0,Clássico,300,10,711,30,711,16,943.0,-232.0,-9.789029535864978,1.3263009845288327,0.0,1,0
CI-0012,2025-12-01,719.0,61043.1,,,,734.0,Clássico,300,10,711,30,711,16,719.0,-8.0,-0.33755274261603374,1.0112517580872011,0.0,1,0
CI-0012,2026-01-01,692.0,58750.8,,,,417.0,Clássico,300,10,711,30,711,16,692.0,19.0,0.8016877637130801,0.9732770745428974,0.0,0,0
CI-0012,2026-02-01,773.0,65627.7,,,,964.0,Clássico,300,10,711,30,711,16,773.0,-62.0,-2.6160337552742616,1.0872011251758087,0.0,1,0
CI-0012,2026-03-01,743.0,63080.7,,,,663.0,Clássico,300,10,711,30,711,16,743.0,-32.0,-1.350210970464135,1.0450070323488045,0.0,1,0
CI-0012,2026-04-01,752.0,63844.8,,,,624.0,Clássico,300,10,711,30,711,16,752.0,-41.0,-1.729957805907173,1.0576652601969059,0.0,1,0
CI-0012,2026-05-01,714.0,60618.6,,,,620.0,Clássico,300,10,711,30,711,16,714.0,-3.0,-0.12658227848101264,1.0042194092827004,0.0,1,0
CI-0012,2026-06-01,702.0,59599.799999999996,,,,969.0,Clássico,300,10,711,30,711,16,702.0,9.0,0.37974683544303794,0.9873417721518988,0.0,0,0
CI-0012,2026-07-01,677.0,57477.3,,,,849.0,Clássico,300,10,711,30,711,16,677.0,34.0,1.4345991561181433,0.9521800281293952,0.0,0,0
CI-0012,2026-08-01,712.0,60448.8,,,,641.0,Clássico,300,10,711,30,711,16,712.0,-1.0,-0.04219409282700422,1.0014064697609002,0.0,1,0
CI-0012,2026-10-01,,,732.0,663.0,,,Clássico,300,10,711,30,711,16,732.0,-21.0,-0.8860759493670887,1.029535864978903,0.9057377049180327,1,0
CI-0012,2026-11-01,,,867.0,,,,Clássico,300,10,711,30,711,16,867.0,-156.0,-6.582278481012659,1.219409282700422,0.0,1,0
CI-0012,2026-12-01,,,839.0,,,,Clássico,300,10,711,30,711,16,839.0,-128.0,-5.40084388185654,1.180028129395218,0.0,1,0
CI-0013,2024-09-01,733.0,21916.7,,,,,Refis,500,13,1397,55,762,10,733.0,664.0,26.141732283464567,0.5246957766642806,0.0,0,0
CI-0013,2024-10-01,829.0,24787.1,,,,,Refis,500,13,1397,55,762,10,829.0,568.0,22.36220472440945,0.5934144595561919,0.0,0,0
CI-0013,2024-11-01,1029.0,30767.100000000002,,,,,Refis,500,13,1397,55,762,10,1029.0,368.0,14.488188976377952,0.7365783822476736,0.0,0,0
CI-0013,2024-12-01,756.0,22604.4,,,,,Refis,500,13,1397,55,762,10,756.0,641.0,25.236220472440944,0.541159627773801,0.0,0,0
CI-0013,2025-01-01,816.0,24398.4,,,,,Refis,500,13,1397,55,762,10,816.0,581.0,22.874015748031496,0.5841088045812455,0.0,0,0
CI-0013,2025-02-01,700.0,20930.0,,,,,Refis,500,13,1397,55,762,10,700.0,697.0,27.440944881889763,0.5010737294201861,0.0,0,0
CI-0013,2025-03-01,840.0,25116.0,,,,,Refis,500,13,1397,55,762,10,840.0,557.0,21.929133858267715,0.6012884753042234,0.0,0,0
CI-0013,2025-04-01,780.0,23322.0,,,,,Refis,500,13,1397,55,762,10,780.0,617.0,24.291338582677163,0.5583392984967788,0.0,0,0
CI-0013,2025-05-01,870.0,26013.0,,,,,Refis,500,13,1397,55,762,10,870.0,527.0,20.748031496062993,0.6227630637079457,0.0,0,0
CI-0013,2025-06-01,807.0,24129.3,,,,,Refis,500,13,1397,55,762,10,807.0,590.0,23.228346456692915,0.5776664280601288,0.0,0,0
CI-0013,2025-07-01,835.0,24966.5,,,,,Refis,500,13,1397,55,762,10,835.0,562.0,22.125984251968504,0.5977093772369363,0.0,0,0
CI-0013,2025-08-01,775.0,23172.5,,,,,Refis,500,13,1397,55,762,10,775.0,622.0,24.488188976377955,0.5547602004294918,0.0,0,0
CI-0013,2025-09-01,802.0,23979.8,,,,1481.0,Refis,500,13,1397,55,762,10,802.0,595.0,23.4251968503937,0.5740873299928418,0.0,0,0
CI-0013,2025-10-01,852.0,25474.8,,,,1294.0,Refis,500,13,1397,55,762,10,852.0,545.0,21.456692913385826,0.6098783106657122,0.0,0,0
CI-0013,2025-11-01,1140.0,34086.0,,,,1512.0,Refis,500,13,1397,55,762,10,1140.0,257.0,10.118110236220472,0.816034359341446,0.0,0,0
CI-0013,2025-12-01,822.0,24577.8,,,,1214.0,Refis,500,13,1397,55,762,10,822.0,575.0,22.63779527559055,0.58840372226199,0.0,0,0
CI-0013,2026-01-01,860.0,25714.0,,,,1374.0,Refis,500,13,1397,55,762,10,860.0,537.0,21.141732283464567,0.6156048675733715,0.0,0,0
CI-0013,2026-02-01,737.0,22036.3,,,,1469.0,Refis,500,13,1397,55,762,10,737.0,660.0,25.984251968503937,0.5275590551181102,0.0,0,0
CI-0013,2026-03-01,790.0,23621.0,,,,1527.0,Refis,500,13,1397,55,762,10,790.0,607.0,23.89763779527559,0.5654974946313529,0.0,0,0
CI-0013,2026-04-01,790.0,23621.0,,,,884.0,Refis,500,13,1397,55,762,10,790.0,607.0,23.89763779527559,0.5654974946313529,0.0,0,0
CI-0013,2026-05-01,752.0,22484.8,,,,1503.0,Refis,500,13,1397,55,762,10,752.0,645.0,25.393700787401578,0.5382963493199714,0.0,0,0
CI-0013,2026-06-01,840.0,25116.0,,,,1229.0,Refis,500,13,1397,55,762,10,840.0,557.0,21.929133858267715,0.6012884753042234,0.0,0,0
CI-0013,2026-07-01,792.0,23680.8,,,,1050.0,Refis,500,13,1397,55,762,10,792.0,605.0,23.818897637795274,0.5669291338582677,0.0,0,0
CI-0013,2026-08-01,889.0,26581.1,,,,1823.0,Refis,500,13,1397,55,762,10,889.0,508.0,20.0,0.6363636363636364,0.0,0,0
CI-0013,2026-10-01,,,785.0,,,,Refis,500,13,1397,55,762,10,785.0,612.0,24.094488188976378,0.5619183965640658,0.0,0,0
CI-0013,2026-11-01,,,930.0,,,,Refis,500,13,1397,55,762,10,930.0,467.0,18.385826771653544,0.6657122405153901,0.0,0,0
CI-0013,2026-12-01,,,899.0,,,,Refis,500,13,1397,55,762,10,899.0,498.0,19.606299212598422,0.6435218324982105,0.0,0,0
CI-0014,2024-09-01,877.0,74457.3,,,,,Escolar,400,16,1490,55,813,21,877.0,613.0,22.619926199261993,0.5885906040268456,0.0,0,0
CI-0014,2024-10-01,765.0,64948.5,,,,,Escolar,400,16,1490,55,813,21,765.0,725.0,26.752767527675278,0.5134228187919463,0.0,0,0
CI-0014,2024-11-01,1280.0,108672.0,,,,,Escolar,400,16,1490,55,813,21,1280.0,210.0,7.749077490774908,0.8590604026845637,0.0,0,0
CI-0014,2024-12-01,933.0,79211.7,,,,,Escolar,400,16,1490,55,813,21,933.0,557.0,20.55350553505535,0.6261744966442953,0.0,0,0
CI-0014,2025-01-01,2140.0,181686.0,,,,,Escolar,400,16,1490,55,813,21,2140.0,-650.0,-23.985239852398525,1.436241610738255,0.0,1,0
CI-0014,2025-02-01,2328.0,197647.2,,,,,Escolar,400,16,1490,55,813,21,2328.0,-838.0,-30.922509225092252,1.5624161073825504,0.0,1,0
CI-0014,2025-03-01,1013.0,86003.7,,,,,Escolar,400,16,1490,55,813,21,1013.0,477.0,17.60147601476015,0.6798657718120805,0.0,0,0
CI-0014,2025-04-01,927.0,78702.3,,,,,Escolar,400,16,1490,55,813,21,927.0,563.0,20.77490774907749,0.6221476510067114,0.0,0,0
CI-0014,2025-05-01,1034.0,87786.6,,,,,Escolar,400,16,1490,55,813,21,1034.0,456.0,16.826568265682656,0.6939597315436241,0.0,0,0
CI-0014,2025-06-01,941.0,79890.9,,,,,Escolar,400,16,1490,55,813,21,941.0,549.0,20.25830258302583,0.6315436241610738,0.0,0,0
CI-0014,2025-07-01,1066.0,90503.4,,,,,Escolar,400,16,1490,55,813,21,1066.0,424.0,15.645756457564577,0.7154362416107383,0.0,0,0
CI-0014,2025-08-01,1004.0,85239.6,,,,,Escolar,400,16,1490,55,813,21,1004.0,486.0,17.933579335793358,0.6738255033557047,0.0,0,0
CI-0014,2025-09-01,1043.0,88550.7,,,,1613.0,Escolar,400,16,1490,55,813,21,1043.0,447.0,16.494464944649447,0.7,0.0,0,0
CI-0014,2025-10-01,1176.0,99842.4,,,,1814.0,Escolar,400,16,1490,55,813,21,1176.0,314.0,11.586715867158672,0.789261744966443,0.0,0,0
CI-0014,2025-11-01,1373.0,116567.7,,,,1364.0,Escolar,400,16,1490,55,813,21,1373.0,117.0,4.317343173431734,0.9214765100671141,0.0,0,0
CI-0014,2025-12-01,1165.0,98908.5,,,,872.0,Escolar,400,16,1490,55,813,21,1165.0,325.0,11.992619926199263,0.7818791946308725,0.0,0,0
CI-0014,2026-01-01,2710.0,230079.0,,,,1960.0,Escolar,400,16,1490,55,813,21,2710.0,-1220.0,-45.018450184501845,1.8187919463087248,0.0,1,0
CI-0014,2026-02-01,3032.0,257416.8,,,,1759.0,Escolar,400,16,1490,55,813,21,3032.0,-1542.0,-56.90036900369004,2.03489932885906,0.0,1,0
CI-0014,2026-03-01,1184.0,100521.6,,,,1648.0,Escolar,400,16,1490,55,813,21,1184.0,306.0,11.291512915129152,0.7946308724832215,0.0,0,0
CI-0014,2026-04-01,1322.0,112237.8,,,,1052.0,Escolar,400,16,1490,55,813,21,1322.0,168.0,6.199261992619927,0.887248322147651,0.0,0,0
CI-0014,2026-05-01,1316.0,111728.4,,,,2133.0,Escolar,400,16,1490,55,813,21,1316.0,174.0,6.420664206642066,0.8832214765100671,0.0,0,0
CI-0014,2026-06-01,1100.0,93390.0,,,,834.0,Escolar,400,16,1490,55,813,21,1100.0,390.0,14.391143911439114,0.738255033557047,0.0,0,0
CI-0014,2026-07-01,1373.0,116567.7,,,,1573.0,Escolar,400,16,1490,55,813,21,1373.0,117.0,4.317343173431734,0.9214765100671141,0.0,0,0
CI-0014,2026-08-01,1266.0,107483.4,,,,1857.0,Escolar,400,16,1490,55,813,21,1266.0,224.0,8.265682656826568,0.8496644295302014,0.0,0,0
CI-0014,2026-10-01,,,837.0,662.0,,,Escolar,400,16,1490,55,813,21,837.0,653.0,24.095940959409596,0.561744966442953,0.7909199522102748,0,0
CI-0014,2026-11-01,,,992.0,,,,Escolar,400,16,1490,55,813,21,992.0,498.0,18.37638376383764,0.6657718120805369,0.0,0,0
CI-0014,2026-12-01,,,959.0,,,,Escolar,400,16,1490,55,813,21,959.0,531.0,19.59409594095941,0.6436241610738255,0.0,0,0
CI-0015,2024-09-01,826.0,107297.4,,,,,Executivo,200,19,288,10,864,27,826.0,-538.0,-18.680555555555557,2.8680555555555554,0.0,1,0
CI-0015,2024-10-01,888.0,115351.2,,,,,Executivo,200,19,288,10,864,27,888.0,-600.0,-20.833333333333332,3.0833333333333335,0.0,1,0
CI-0015,2024-11-01,1112.0,144448.80000000002,,,,,Executivo,200,19,288,10,864,27,1112.0,-824.0,-28.61111111111111,3.861111111111111,0.0,1,0
CI-0015,2024-12-01,740.0,96126.0,,,,,Executivo,200,19,288,10,864,27,740.0,-452.0,-15.694444444444445,2.5694444444444446,0.0,1,0
CI-0015,2025-01-01,784.0,101841.6,,,,,Executivo,200,19,288,10,864,27,784.0,-496.0,-17.22222222222222,2.7222222222222223,0.0,1,0
CI-0015,2025-02-01,679.0,88202.1,,,,,Executivo,200,19,288,10,864,27,679.0,-391.0,-13.57638888888889,2.357638888888889,0.0,1,0
CI-0015,2025-03-01,749.0,97295.1,,,,,Executivo,200,19,288,10,864,27,749.0,-461.0,-16.006944444444443,2.6006944444444446,0.0,1,0
CI-0015,2025-04-01,777.0,100932.3,,,,,Executivo,200,19,288,10,864,27,777.0,-489.0,-16.979166666666668,2.6979166666666665,0.0,1,0
CI-0015,2025-05-01,716.0,93008.4,,,,,Executivo,200,19,288,10,864,27,716.0,-428.0,-14.86111111111111,2.486111111111111,0.0,1,0
CI-0015,2025-06-01,722.0,93787.8,,,,,Executivo,200,19,288,10,864,27,722.0,-434.0,-15.069444444444443,2.5069444444444446,0.0,1,0
CI-0015,2025-07-01,608.0,78979.2,,,,,Executivo,200,19,288,10,864,27,608.0,-320.0,-11.11111111111111,2.111111111111111,0.0,1,0
CI-0015,2025-08-01,652.0,84694.8,,,,,Executivo,200,19,288,10,864,27,652.0,-364.0,-12.63888888888889,2.263888888888889,0.0,1,0
CI-0015,2025-09-01,706.0,91709.4,,,,242.0,Executivo,200,19,288,10,864,27,706.0,-418.0,-14.51388888888889,2.451388888888889,0.0,1,0
CI-0015,2025-10-01,600.0,77940.0,,,,345.0,Executivo,200,19,288,10,864,27,600.0,-312.0,-10.833333333333334,2.0833333333333335,0.0,1,0
CI-0015,2025-11-01,783.0,101711.7,,,,380.0,Executivo,200,19,288,10,864,27,783.0,-495.0,-17.1875,2.71875,0.0,1,0
CI-0015,2025-12-01,589.0,76511.1,,,,268.0,Executivo,200,19,288,10,864,27,589.0,-301.0,-10.45138888888889,2.045138888888889,0.0,1,0
CI-0015,2026-01-01,573.0,74432.7,,,,174.0,Executivo,200,19,288,10,864,27,573.0,-285.0,-9.895833333333334,1.9895833333333333,0.0,1,0
CI-0015,2026-02-01,537.0,69756.3,,,,242.0,Executivo,200,19,288,10,864,27,537.0,-249.0,-8.645833333333332,1.8645833333333333,0.0,1,0
CI-0015,2026-03-01,556.0,72224.40000000001,,,,290.0,Executivo,200,19,288,10,864,27,556.0,-268.0,-9.305555555555555,1.9305555555555556,0.0,1,0
CI-0015,2026-04-01,484.0,62871.6,,,,252.0,Executivo,200,19,288,10,864,27,484.0,-196.0,-6.805555555555555,1.6805555555555556,0.0,1,0
CI-0015,2026-05-01,519.0,67418.1,,,,170.0,Executivo,200,19,288,10,864,27,519.0,-231.0,-8.020833333333334,1.8020833333333333,0.0,1,0
CI-0015,2026-06-01,501.0,65079.9,,,,384.0,Executivo,200,19,288,10,864,27,501.0,-213.0,-7.395833333333334,1.7395833333333333,0.0,1,0
CI-0015,2026-07-01,392.0,50920.8,,,,200.0,Executivo,200,19,288,10,864,27,392.0,-104.0,-3.6111111111111107,1.3611111111111112,0.0,1,0
CI-0015,2026-08-01,470.0,61053.0,,,,416.0,Executivo,200,19,288,10,864,27,470.0,-182.0,-6.319444444444445,1.6319444444444444,0.0,1,0
CI-0015,2026-10-01,,,890.0,151.0,,,Executivo,200,19,288,10,864,27,890.0,-602.0,-20.90277777777778,3.0902777777777777,0.1696629213483146,1,0
CI-0015,2026-11-01,,,1054.0,,,,Executivo,200,19,288,10,864,27,1054.0,-766.0,-26.59722222222222,3.6597222222222223,0.0,1,0
CI-0015,2026-12-01,,,1020.0,,,,Executivo,200,19,288,10,864,27,1020.0,-732.0,-25.416666666666668,3.5416666666666665,0.0,1,0
CI-0016,2024-09-01,160.0,11184.0,,,,,Escolar,400,7,150,30,150,20,160.0,-10.0,-2.0,1.0666666666666667,0.0,1,0
CI-0016,2024-10-01,149.0,10415.1,,,,,Escolar,400,7,150,30,150,20,149.0,1.0,0.2,0.9933333333333333,0.0,0,0
CI-0016,2024-11-01,177.0,12372.3,,,,,Escolar,400,7,150,30,150,20,177.0,-27.0,-5.3999999999999995,1.18,0.0,1,0
CI-0016,2024-12-01,143.0,9995.7,,,,,Escolar,400,7,150,30,150,20,143.0,7.0,1.4000000000000001,0.9533333333333334,0.0,0,0
CI-0016,2025-01-01,349.0,24395.1,,,,,Escolar,400,7,150,30,150,20,349.0,-199.0,-39.8,2.3266666666666667,0.0,1,0
CI-0016,2025-02-01,389.0,27191.1,,,,,Escolar,400,7,150,30,150,20,389.0,-239.0,-47.8,2.5933333333333333,0.0,1,0
CI-0016,2025-03-01,160.0,11184.0,,,,,Escolar,400,7,150,30,150,20,160.0,-10.0,-2.0,1.0666666666666667,0.0,1,0
CI-0016,2025-04-01,157.0,10974.3,,,,,Escolar,400,7,150,30,150,20,157.0,-7.0,-1.4000000000000001,1.0466666666666666,0.0,1,0
CI-0016,2025-05-01,170.0,11883.0,,,,,Escolar,400,7,150,30,150,20,170.0,-20.0,-4.0,1.1333333333333333,0.0,1,0
CI-0016,2025-06-01,158.0,11044.2,,,,,Escolar,400,7,150,30,150,20,158.0,-8.0,-1.6,1.0533333333333332,0.0,1,0
CI-0016,2025-07-01,135.0,9436.5,,,,,Escolar,400,7,150,30,150,20,135.0,15.0,3.0,0.9,0.0,0,0
CI-0016,2025-08-01,166.0,11603.4,,,,,Escolar,400,7,150,30,150,20,166.0,-16.0,-3.2,1.1066666666666667,0.0,1,0
CI-0016,2025-09-01,154.0,10764.6,,,,114.0,Escolar,400,7,150,30,150,20,154.0,-4.0,-0.8,1.0266666666666666,0.0,1,0
CI-0016,2025-10-01,140.0,9786.0,,,,132.0,Escolar,400,7,150,30,150,20,140.0,10.0,2.0,0.9333333333333333,0.0,0,0
CI-0016,2025-11-01,200.0,13980.0,,,,205.0,Escolar,400,7,150,30,150,20,200.0,-50.0,-10.0,1.3333333333333333,0.0,1,0
CI-0016,2025-12-01,161.0,11253.9,,,,184.0,Escolar,400,7,150,30,150,20,161.0,-11.0,-2.2,1.0733333333333333,0.0,1,0
CI-0016,2026-01-01,378.0,26422.2,,,,209.0,Escolar,400,7,150,30,150,20,378.0,-228.0,-45.6,2.52,0.0,1,0
CI-0016,2026-02-01,400.0,27960.0,,,,164.0,Escolar,400,7,150,30,150,20,400.0,-250.0,-50.0,2.6666666666666665,0.0,1,0
CI-0016,2026-03-01,175.0,12232.5,,,,112.0,Escolar,400,7,150,30,150,20,175.0,-25.0,-5.0,1.1666666666666667,0.0,1,0
CI-0016,2026-04-01,151.0,10554.9,,,,198.0,Escolar,400,7,150,30,150,20,151.0,-1.0,-0.2,1.0066666666666666,0.0,1,0
CI-0016,2026-05-01,175.0,12232.5,,,,184.0,Escolar,400,7,150,30,150,20,175.0,-25.0,-5.0,1.1666666666666667,0.0,1,0
CI-0016,2026-06-01,142.0,9925.800000000001,,,,205.0,Escolar,400,7,150,30,150,20,142.0,8.0,1.6,0.9466666666666667,0.0,0,0
CI-0016,2026-07-01,170.0,11883.0,,,,150.0,Escolar,400,7,150,30,150,20,170.0,-20.0,-4.0,1.1333333333333333,0.0,1,0
CI-0016,2026-08-01,170.0,11883.0,,,,135.0,Escolar,400,7,150,30,150,20,170.0,-20.0,-4.0,1.1333333333333333,0.0,1,0
CI-0016,2026-10-01,,,154.0,,,,Escolar,400,7,150,30,150,20,154.0,-4.0,-0.8,1.0266666666666666,0.0,1,0
CI-0016,2026-11-01,,,183.0,,,,Escolar,400,7,150,30,150,20,183.0,-33.0,-6.6,1.22,0.0,1,0
CI-0016,2026-12-01,,,177.0,,,,Escolar,400,7,150,30,150,20,177.0,-27.0,-5.3999999999999995,1.18,0.0,1,0
CI-0017,2024-09-01,216.0,20498.399999999998,,,,,Planner,200,10,40,6,201,22,216.0,-176.0,-26.26865671641791,5.4,0.0,1,0
CI-0017,2024-10-01,183.0,17366.7,,,,,Planner,200,10,40,6,201,22,183.0,-143.0,-21.34328358208955,4.575,0.0,1,0
CI-0017,2024-11-01,349.0,33120.1,,,,,Planner,200,10,40,6,201,22,349.0,-309.0,-46.11940298507463,8.725,0.0,1,0
CI-0017,2024-12-01,322.0,30557.8,,,,,Planner,200,10,40,6,201,22,322.0,-282.0,-42.08955223880597,8.05,0.0,1,0
CI-0017,2025-01-01,361.0,34258.9,,,,,Planner,200,10,40,6,201,22,361.0,-321.0,-47.91044776119403,9.025,0.0,1,0
CI-0017,2025-02-01,212.0,20118.8,,,,,Planner,200,10,40,6,201,22,212.0,-172.0,-25.671641791044777,5.3,0.0,1,0
CI-0017,2025-03-01,212.0,20118.8,,,,,Planner,200,10,40,6,201,22,212.0,-172.0,-25.671641791044777,5.3,0.0,1,0
CI-0017,2025-04-01,180.0,17082.0,,,,,Planner,200,10,40,6,201,22,180.0,-140.0,-20.895522388059703,4.5,0.0,1,0
CI-0017,2025-05-01,192.0,18220.8,,,,,Planner,200,10,40,6,201,22,192.0,-152.0,-22.686567164179106,4.8,0.0,1,0
CI-0017,2025-06-01,190.0,18031.0,,,,,Planner,200,10,40,6,201,22,190.0,-150.0,-22.388059701492537,4.75,0.0,1,0
CI-0017,2025-07-01,229.0,21732.1,,,,,Planner,200,10,40,6,201,22,229.0,-189.0,-28.208955223880597,5.725,0.0,1,0
CI-0017,2025-08-01,222.0,21067.8,,,,,Planner,200,10,40,6,201,22,222.0,-182.0,-27.16417910447761,5.55,0.0,1,0
CI-0017,2025-09-01,229.0,21732.1,,,,25.0,Planner,200,10,40,6,201,22,229.0,-189.0,-28.208955223880597,5.725,0.0,1,0
CI-0017,2025-10-01,214.0,20308.6,,,,26.0,Planner,200,10,40,6,201,22,214.0,-174.0,-25.970149253731343,5.35,0.0,1,0
CI-0017,2025-11-01,304.0,28849.6,,,,55.0,Planner,200,10,40,6,201,22,304.0,-264.0,-39.40298507462687,7.6,0.0,1,0
CI-0017,2025-12-01,380.0,36062.0,,,,51.0,Planner,200,10,40,6,201,22,380.0,-340.0,-50.74626865671642,9.5,0.0,1,0
CI-0017,2026-01-01,375.0,35587.5,,,,57.0,Planner,200,10,40,6,201,22,375.0,-335.0,-50.0,9.375,0.0,1,0
CI-0017,2026-02-01,207.0,19644.3,,,,54.0,Planner,200,10,40,6,201,22,207.0,-167.0,-24.925373134328357,5.175,0.0,1,0
CI-0017,2026-03-01,190.0,18031.0,,,,36.0,Planner,200,10,40,6,201,22,190.0,-150.0,-22.388059701492537,4.75,0.0,1,0
CI-0017,2026-04-01,231.0,21921.9,,,,38.0,Planner,200,10,40,6,201,22,231.0,-191.0,-28.507462686567166,5.775,0.0,1,0
CI-0017,2026-05-01,215.0,20403.5,,,,57.0,Planner,200,10,40,6,201,22,215.0,-175.0,-26.11940298507463,5.375,0.0,1,0
CI-0017,2026-06-01,212.0,20118.8,,,,37.0,Planner,200,10,40,6,201,22,212.0,-172.0,-25.671641791044777,5.3,0.0,1,0
CI-0017,2026-07-01,203.0,19264.7,,,,26.0,Planner,200,10,40,6,201,22,203.0,-163.0,-24.328358208955223,5.075,0.0,1,0
CI-0017,2026-08-01,219.0,20783.100000000002,,,,30.0,Planner,200,10,40,6,201,22,219.0,-179.0,-26.716417910447763,5.475,0.0,1,0
CI-0017,2026-10-01,,,207.0,,,,Planner,200,10,40,6,201,22,207.0,-167.0,-24.925373134328357,5.175,0.0,1,0
CI-0017,2026-11-01,,,368.0,,,,Planner,200,10,40,6,201,22,368.0,-328.0,-48.95522388059701,9.2,0.0,1,0
CI-0017,2026-12-01,,,356.0,,,,Planner,200,10,40,6,201,22,356.0,-316.0,-47.16417910447761,8.9,0.0,1,0
CI-0018,2024-09-01,249.0,7445.1,,,,,Refis,500,13,50,6,252,12,249.0,-199.0,-23.69047619047619,4.98,0.0,1,0
CI-0018,2024-10-01,275.0,8222.5,,,,,Refis,500,13,50,6,252,12,275.0,-225.0,-26.78571428571429,5.5,0.0,1,0
CI-0018,2024-11-01,377.0,11272.3,,,,,Refis,500,13,50,6,252,12,377.0,-327.0,-38.92857142857143,7.54,0.0,1,0
CI-0018,2024-12-01,219.0,6548.099999999999,,,,,Refis,500,13,50,6,252,12,219.0,-169.0,-20.119047619047617,4.38,0.0,1,0
CI-0018,2025-01-01,268.0,8013.2,,,,,Refis,500,13,50,6,252,12,268.0,-218.0,-25.952380952380953,5.36,0.0,1,0
CI-0018,2025-02-01,277.0,8282.3,,,,,Refis,500,13,50,6,252,12,277.0,-227.0,-27.023809523809526,5.54,0.0,1,0
CI-0018,2025-03-01,243.0,7265.7,,,,,Refis,500,13,50,6,252,12,243.0,-193.0,-22.976190476190478,4.86,0.0,1,0
CI-0018,2025-04-01,273.0,8162.7,,,,,Refis,500,13,50,6,252,12,273.0,-223.0,-26.547619047619047,5.46,0.0,1,0
CI-0018,2025-05-01,229.0,6847.1,,,,,Refis,500,13,50,6,252,12,229.0,-179.0,-21.30952380952381,4.58,0.0,1,0
CI-0018,2025-06-01,273.0,8162.7,,,,,Refis,500,13,50,6,252,12,273.0,-223.0,-26.547619047619047,5.46,0.0,1,0
CI-0018,2025-07-01,238.0,7116.2,,,,,Refis,500,13,50,6,252,12,238.0,-188.0,-22.38095238095238,4.76,0.0,1,0
CI-0018,2025-08-01,258.0,7714.2,,,,,Refis,500,13,50,6,252,12,258.0,-208.0,-24.76190476190476,5.16,0.0,1,0
CI-0018,2025-09-01,254.0,7594.6,,,,31.0,Refis,500,13,50,6,252,12,254.0,-204.0,-24.285714285714285,5.08,0.0,1,0
CI-0018,2025-10-01,251.0,7504.900000000001,,,,42.0,Refis,500,13,50,6,252,12,251.0,-201.0,-23.92857142857143,5.02,0.0,1,0
CI-0018,2025-11-01,354.0,10584.6,,,,71.0,Refis,500,13,50,6,252,12,354.0,-304.0,-36.19047619047619,7.08,0.0,1,0
CI-0018,2025-12-01,243.0,7265.7,,,,68.0,Refis,500,13,50,6,252,12,243.0,-193.0,-22.976190476190478,4.86,0.0,1,0
CI-0018,2026-01-01,254.0,7594.6,,,,42.0,Refis,500,13,50,6,252,12,254.0,-204.0,-24.285714285714285,5.08,0.0,1,0
CI-0018,2026-02-01,256.0,7654.400000000001,,,,63.0,Refis,500,13,50,6,252,12,256.0,-206.0,-24.523809523809522,5.12,0.0,1,0
CI-0018,2026-03-01,270.0,8073.0,,,,54.0,Refis,500,13,50,6,252,12,270.0,-220.0,-26.19047619047619,5.4,0.0,1,0
CI-0018,2026-04-01,278.0,8312.199999999999,,,,62.0,Refis,500,13,50,6,252,12,278.0,-228.0,-27.142857142857142,5.56,0.0,1,0
CI-0018,2026-05-01,254.0,7594.6,,,,68.0,Refis,500,13,50,6,252,12,254.0,-204.0,-24.285714285714285,5.08,0.0,1,0
CI-0018,2026-06-01,287.0,8581.3,,,,61.0,Refis,500,13,50,6,252,12,287.0,-237.0,-28.214285714285715,5.74,0.0,1,0
CI-0018,2026-07-01,279.0,8342.1,,,,70.0,Refis,500,13,50,6,252,12,279.0,-229.0,-27.261904761904763,5.58,0.0,1,0
CI-0018,2026-08-01,292.0,8730.8,,,,53.0,Refis,500,13,50,6,252,12,292.0,-242.0,-28.80952380952381,5.84,0.0,1,0
CI-0018,2026-10-01,,,260.0,420.0,,,Refis,500,13,50,6,252,12,260.0,-210.0,-25.0,5.2,1.6153846153846154,1,0
CI-0018,2026-11-01,,,307.0,,,,Refis,500,13,50,6,252,12,307.0,-257.0,-30.595238095238095,6.14,0.0,1,0
CI-0018,2026-12-01,,,297.0,,,,Refis,500,13,50,6,252,12,297.0,-247.0,-29.404761904761905,5.94,0.0,1,0
CI-0019,2024-09-01,316.0,9448.4,,,,,Acessórios,300,16,181,18,303,12,316.0,-135.0,-13.366336633663366,1.7458563535911602,0.0,1,0
CI-0019,2024-10-01,270.0,8073.0,,,,,Acessórios,300,16,181,18,303,12,270.0,-89.0,-8.811881188118813,1.4917127071823204,0.0,1,0
CI-0019,2024-11-01,414.0,12378.6,,,,,Acessórios,300,16,181,18,303,12,414.0,-233.0,-23.06930693069307,2.287292817679558,0.0,1,0
CI-0019,2024-12-01,282.0,8431.8,,,,,Acessórios,300,16,181,18,303,12,282.0,-101.0,-10.0,1.558011049723757,0.0,1,0
CI-0019,2025-01-01,292.0,8730.8,,,,,Acessórios,300,16,181,18,303,12,292.0,-111.0,-10.99009900990099,1.6132596685082874,0.0,1,0
CI-0019,2025-02-01,301.0,8999.9,,,,,Acessórios,300,16,181,18,303,12,301.0,-120.0,-11.881188118811881,1.6629834254143647,0.0,1,0
CI-0019,2025-03-01,338.0,10106.2,,,,,Acessórios,300,16,181,18,303,12,338.0,-157.0,-15.544554455445546,1.867403314917127,0.0,1,0
CI-0019,2025-04-01,273.0,8162.7,,,,,Acessórios,300,16,181,18,303,12,273.0,-92.0,-9.10891089108911,1.5082872928176796,0.0,1,0
CI-0019,2025-05-01,291.0,8700.9,,,,,Acessórios,300,16,181,18,303,12,291.0,-110.0,-10.891089108910892,1.6077348066298343,0.0,1,0
CI-0019,2025-06-01,316.0,9448.4,,,,,Acessórios,300,16,181,18,303,12,316.0,-135.0,-13.366336633663366,1.7458563535911602,0.0,1,0
CI-0019,2025-07-01,316.0,9448.4,,,,,Acessórios,300,16,181,18,303,12,316.0,-135.0,-13.366336633663366,1.7458563535911602,0.0,1,0
CI-0019,2025-08-01,333.0,9956.7,,,,,Acessórios,300,16,181,18,303,12,333.0,-152.0,-15.049504950495049,1.839779005524862,0.0,1,0
CI-0019,2025-09-01,326.0,9747.4,,,,243.0,Acessórios,300,16,181,18,303,12,326.0,-145.0,-14.356435643564357,1.8011049723756907,0.0,1,0
CI-0019,2025-10-01,279.0,8342.1,,,,140.0,Acessórios,300,16,181,18,303,12,279.0,-98.0,-9.702970297029703,1.5414364640883977,0.0,1,0
CI-0019,2025-11-01,429.0,12827.1,,,,123.0,Acessórios,300,16,181,18,303,12,429.0,-248.0,-24.554455445544555,2.3701657458563536,0.0,1,0
CI-0019,2025-12-01,328.0,9807.2,,,,245.0,Acessórios,300,16,181,18,303,12,328.0,-147.0,-14.554455445544555,1.8121546961325967,0.0,1,0
CI-0019,2026-01-01,349.0,10435.1,,,,199.0,Acessórios,300,16,181,18,303,12,349.0,-168.0,-16.633663366336634,1.9281767955801106,0.0,1,0
CI-0019,2026-02-01,352.0,10524.8,,,,127.0,Acessórios,300,16,181,18,303,12,352.0,-171.0,-16.93069306930693,1.9447513812154695,0.0,1,0
CI-0019,2026-03-01,341.0,10195.9,,,,241.0,Acessórios,300,16,181,18,303,12,341.0,-160.0,-15.84158415841584,1.8839779005524862,0.0,1,0
CI-0019,2026-04-01,341.0,10195.9,,,,103.0,Acessórios,300,16,181,18,303,12,341.0,-160.0,-15.84158415841584,1.8839779005524862,0.0,1,0
CI-0019,2026-05-01,291.0,8700.9,,,,232.0,Acessórios,300,16,181,18,303,12,291.0,-110.0,-10.891089108910892,1.6077348066298343,0.0,1,0
CI-0019,2026-06-01,349.0,10435.1,,,,215.0,Acessórios,300,16,181,18,303,12,349.0,-168.0,-16.633663366336634,1.9281767955801106,0.0,1,0
CI-0019,2026-07-01,354.0,10584.6,,,,214.0,Acessórios,300,16,181,18,303,12,354.0,-173.0,-17.128712871287128,1.9558011049723756,0.0,1,0
CI-0019,2026-08-01,343.0,10255.7,,,,237.0,Acessórios,300,16,181,18,303,12,343.0,-162.0,-16.03960396039604,1.8950276243093922,0.0,1,0
CI-0019,2026-10-01,,,312.0,,,,Acessórios,300,16,181,18,303,12,312.0,-131.0,-12.970297029702971,1.723756906077348,0.0,1,0
CI-0019,2026-11-01,,,370.0,,,,Acessórios,300,16,181,18,303,12,370.0,-189.0,-18.712871287128714,2.044198895027624,0.0,1,0
CI-0019,2026-12-01,,,358.0,,,,Acessórios,300,16,181,18,303,12,358.0,-177.0,-17.524752475247524,1.977900552486188,0.0,1,0
CI-0020,2024-09-01,363.0,12668.7,,,,,Acessórios,300,19,354,30,354,13,363.0,-9.0,-0.7627118644067797,1.0254237288135593,0.0,1,0
CI-0020,2024-10-01,380.0,13262.0,,,,,Acessórios,300,19,354,30,354,13,380.0,-26.0,-2.2033898305084745,1.073446327683616,0.0,1,0
CI-0020,2024-11-01,504.0,17589.6,,,,,Acessórios,300,19,354,30,354,13,504.0,-150.0,-12.711864406779661,1.423728813559322,0.0,1,0
CI-0020,2024-12-01,352.0,12284.8,,,,,Acessórios,300,19,354,30,354,13,352.0,2.0,0.1694915254237288,0.9943502824858758,0.0,0,0
CI-0020,2025-01-01,327.0,11412.300000000001,,,,,Acessórios,300,19,354,30,354,13,327.0,27.0,2.288135593220339,0.923728813559322,0.0,0,0
CI-0020,2025-02-01,366.0,12773.4,,,,,Acessórios,300,19,354,30,354,13,366.0,-12.0,-1.0169491525423728,1.0338983050847457,0.0,1,0
CI-0020,2025-03-01,366.0,12773.4,,,,,Acessórios,300,19,354,30,354,13,366.0,-12.0,-1.0169491525423728,1.0338983050847457,0.0,1,0
CI-0020,2025-04-01,373.0,13017.7,,,,,Acessórios,300,19,354,30,354,13,373.0,-19.0,-1.6101694915254237,1.0536723163841808,0.0,1,0
CI-0020,2025-05-01,319.0,11133.1,,,,,Acessórios,300,19,354,30,354,13,319.0,35.0,2.9661016949152543,0.9011299435028248,0.0,0,0
CI-0020,2025-06-01,388.0,13541.2,,,,,Acessórios,300,19,354,30,354,13,388.0,-34.0,-2.88135593220339,1.0960451977401129,0.0,1,0
CI-0020,2025-07-01,391.0,13645.9,,,,,Acessórios,300,19,354,30,354,13,391.0,-37.0,-3.1355932203389827,1.1045197740112995,0.0,1,0
CI-0020,2025-08-01,327.0,11412.300000000001,,,,,Acessórios,300,19,354,30,354,13,327.0,27.0,2.288135593220339,0.923728813559322,0.0,0,0
CI-0020,2025-09-01,370.0,12913.0,,,,235.0,Acessórios,300,19,354,30,354,13,370.0,-16.0,-1.3559322033898304,1.0451977401129944,0.0,1,0
CI-0020,2025-10-01,354.0,12354.6,,,,250.0,Acessórios,300,19,354,30,354,13,354.0,0.0,0.0,1.0,0.0,0,0
CI-0020,2025-11-01,489.0,17066.1,,,,275.0,Acessórios,300,19,354,30,354,13,489.0,-135.0,-11.440677966101694,1.38135593220339,0.0,1,0
CI-0020,2025-12-01,349.0,12180.1,,,,431.0,Acessórios,300,19,354,30,354,13,349.0,5.0,0.423728813559322,0.9858757062146892,0.0,0,0
CI-0020,2026-01-01,383.0,13366.699999999999,,,,195.0,Acessórios,300,19,354,30,354,13,383.0,-29.0,-2.4576271186440675,1.0819209039548023,0.0,1,0
CI-0020,2026-02-01,331.0,11551.9,,,,355.0,Acessórios,300,19,354,30,354,13,331.0,23.0,1.9491525423728813,0.9350282485875706,0.0,0,0
CI-0020,2026-03-01,392.0,13680.800000000001,,,,509.0,Acessórios,300,19,354,30,354,13,392.0,-38.0,-3.2203389830508473,1.1073446327683616,0.0,1,0
CI-0020,2026-04-01,380.0,13262.0,,,,364.0,Acessórios,300,19,354,30,354,13,380.0,-26.0,-2.2033898305084745,1.073446327683616,0.0,1,0
CI-0020,2026-05-01,364.0,12703.6,,,,229.0,Acessórios,300,19,354,30,354,13,364.0,-10.0,-0.847457627118644,1.0282485875706215,0.0,1,0
CI-0020,2026-06-01,400.0,13960.0,,,,246.0,Acessórios,300,19,354,30,354,13,400.0,-46.0,-3.8983050847457625,1.1299435028248588,0.0,1,0
CI-0020,2026-07-01,349.0,12180.1,,,,461.0,Acessórios,300,19,354,30,354,13,349.0,5.0,0.423728813559322,0.9858757062146892,0.0,0,0
CI-0020,2026-08-01,392.0,13680.800000000001,,,,265.0,Acessórios,300,19,354,30,354,13,392.0,-38.0,-3.2203389830508473,1.1073446327683616,0.0,1,0
CI-0020,2026-10-01,,,365.0,,,,Acessórios,300,19,354,30,354,13,365.0,-11.0,-0.9322033898305085,1.0310734463276836,0.0,1,0
CI-0020,2026-11-01,,,432.0,,,,Acessórios,300,19,354,30,354,13,432.0,-78.0,-6.610169491525424,1.2203389830508475,0.0,1,0
CI-0020,2026-12-01,,,418.0,,,,Acessórios,300,19,354,30,354,13,418.0,-64.0,-5.423728813559322,1.1807909604519775,0.0,1,0
CI-0021,2024-09-01,449.0,35875.1,,,,,Clássico,300,7,1485,110,405,16,449.0,1036.0,76.74074074074073,0.3023569023569024,0.0,0,0
CI-0021,2024-10-01,368.0,29403.2,,,,,Clássico,300,7,1485,110,405,16,368.0,1117.0,82.74074074074075,0.24781144781144782,0.0,0,0
CI-0021,2024-11-01,592.0,47300.799999999996,,,,,Clássico,300,7,1485,110,405,16,592.0,893.0,66.14814814814815,0.39865319865319865,0.0,0,0
CI-0021,2024-12-01,422.0,33717.8,,,,,Clássico,300,7,1485,110,405,16,422.0,1063.0,78.74074074074075,0.2841750841750842,0.0,0,0
CI-0021,2025-01-01,364.0,29083.6,,,,,Clássico,300,7,1485,110,405,16,364.0,1121.0,83.03703703703704,0.24511784511784512,0.0,0,0
CI-0021,2025-02-01,433.0,34596.7,,,,,Clássico,300,7,1485,110,405,16,433.0,1052.0,77.92592592592592,0.2915824915824916,0.0,0,0
CI-0021,2025-03-01,438.0,34996.200000000004,,,,,Clássico,300,7,1485,110,405,16,438.0,1047.0,77.55555555555556,0.29494949494949496,0.0,0,0
CI-0021,2025-04-01,385.0,30761.5,,,,,Clássico,300,7,1485,110,405,16,385.0,1100.0,81.48148148148148,0.25925925925925924,0.0,0,0
CI-0021,2025-05-01,401.0,32039.9,,,,,Clássico,300,7,1485,110,405,16,401.0,1084.0,80.2962962962963,0.27003367003367,0.0,0,0
CI-0021,2025-06-01,414.0,33078.6,,,,,Clássico,300,7,1485,110,405,16,414.0,1071.0,79.33333333333333,0.2787878787878788,0.0,0,0
CI-0021,2025-07-01,463.0,36993.700000000004,,,,,Clássico,300,7,1485,110,405,16,463.0,1022.0,75.70370370370371,0.3117845117845118,0.0,0,0
CI-0021,2025-08-01,443.0,35395.7,,,,,Clássico,300,7,1485,110,405,16,443.0,1042.0,77.18518518518518,0.2983164983164983,0.0,0,0
CI-0021,2025-09-01,422.0,33717.8,,,,1260.0,Clássico,300,7,1485,110,405,16,422.0,1063.0,78.74074074074075,0.2841750841750842,0.0,0,0
CI-0021,2025-10-01,416.0,33238.4,,,,2147.0,Clássico,300,7,1485,110,405,16,416.0,1069.0,79.18518518518519,0.2801346801346801,0.0,0,0
CI-0021,2025-11-01,564.0,45063.6,,,,1966.0,Clássico,300,7,1485,110,405,16,564.0,921.0,68.22222222222223,0.3797979797979798,0.0,0,0
CI-0021,2025-12-01,389.0,31081.1,,,,1153.0,Clássico,300,7,1485,110,405,16,389.0,1096.0,81.18518518518519,0.26195286195286194,0.0,0,0
CI-0021,2026-01-01,478.0,38192.2,,,,1694.0,Clássico,300,7,1485,110,405,16,478.0,1007.0,74.59259259259258,0.3218855218855219,0.0,0,0
CI-0021,2026-02-01,438.0,34996.200000000004,,,,1945.0,Clássico,300,7,1485,110,405,16,438.0,1047.0,77.55555555555556,0.29494949494949496,0.0,0,0
CI-0021,2026-03-01,415.0,33158.5,,,,1874.0,Clássico,300,7,1485,110,405,16,415.0,1070.0,79.25925925925927,0.27946127946127947,0.0,0,0
CI-0021,2026-04-01,416.0,33238.4,,,,1191.0,Clássico,300,7,1485,110,405,16,416.0,1069.0,79.18518518518519,0.2801346801346801,0.0,0,0
CI-0021,2026-05-01,442.0,35315.8,,,,869.0,Clássico,300,7,1485,110,405,16,442.0,1043.0,77.25925925925925,0.29764309764309765,0.0,0,0
CI-0021,2026-06-01,422.0,33717.8,,,,1260.0,Clássico,300,7,1485,110,405,16,422.0,1063.0,78.74074074074075,0.2841750841750842,0.0,0,0
CI-0021,2026-07-01,392.0,31320.8,,,,1352.0,Clássico,300,7,1485,110,405,16,392.0,1093.0,80.96296296296296,0.26397306397306397,0.0,0,0
CI-0021,2026-08-01,419.0,33478.1,,,,1984.0,Clássico,300,7,1485,110,405,16,419.0,1066.0,78.96296296296296,0.28215488215488216,0.0,0,0
CI-0021,2026-10-01,,,417.0,,,,Clássico,300,7,1485,110,405,16,417.0,1068.0,79.1111111111111,0.2808080808080808,0.0,0,0
CI-0021,2026-11-01,,,494.0,,,,Clássico,300,7,1485,110,405,16,494.0,991.0,73.4074074074074,0.33265993265993266,0.0,0,0
CI-0021,2026-12-01,,,478.0,,,,Clássico,300,7,1485,110,405,16,478.0,1007.0,74.59259259259258,0.3218855218855219,0.0,0,0
CI-0022,2024-09-01,438.0,50326.2,,,,,Executivo,200,10,1672,110,456,25,438.0,1234.0,81.1842105263158,0.2619617224880383,0.0,0,0
CI-0022,2024-10-01,450.0,51705.0,,,,,Executivo,200,10,1672,110,456,25,450.0,1222.0,80.39473684210526,0.26913875598086123,0.0,0,0
CI-0022,2024-11-01,543.0,62390.700000000004,,,,,Executivo,200,10,1672,110,456,25,543.0,1129.0,74.27631578947368,0.32476076555023925,0.0,0,0
CI-0022,2024-12-01,492.0,56530.8,,,,,Executivo,200,10,1672,110,456,25,492.0,1180.0,77.63157894736841,0.2942583732057416,0.0,0,0
CI-0022,2025-01-01,415.0,47683.5,,,,,Executivo,200,10,1672,110,456,25,415.0,1257.0,82.69736842105263,0.24820574162679426,0.0,0,0
CI-0022,2025-02-01,473.0,54347.7,,,,,Executivo,200,10,1672,110,456,25,473.0,1199.0,78.88157894736842,0.28289473684210525,0.0,0,0
CI-0022,2025-03-01,449.0,51590.1,,,,,Executivo,200,10,1672,110,456,25,449.0,1223.0,80.46052631578947,0.26854066985645936,0.0,0,0
CI-0022,2025-04-01,516.0,59288.4,,,,,Executivo,200,10,1672,110,456,25,516.0,1156.0,76.05263157894737,0.30861244019138756,0.0,0,0
CI-0022,2025-05-01,466.0,53543.4,,,,,Executivo,200,10,1672,110,456,25,466.0,1206.0,79.3421052631579,0.27870813397129185,0.0,0,0
CI-0022,2025-06-01,514.0,59058.6,,,,,Executivo,200,10,1672,110,456,25,514.0,1158.0,76.18421052631578,0.30741626794258375,0.0,0,0
CI-0022,2025-07-01,516.0,59288.4,,,,,Executivo,200,10,1672,110,456,25,516.0,1156.0,76.05263157894737,0.30861244019138756,0.0,0,0
CI-0022,2025-08-01,454.0,52164.6,,,,,Executivo,200,10,1672,110,456,25,454.0,1218.0,80.13157894736842,0.2715311004784689,0.0,0,0
CI-0022,2025-09-01,489.0,56186.100000000006,,,,1994.0,Executivo,200,10,1672,110,456,25,489.0,1183.0,77.82894736842105,0.29246411483253587,0.0,0,0
CI-0022,2025-10-01,440.0,50556.0,,,,1590.0,Executivo,200,10,1672,110,456,25,440.0,1232.0,81.05263157894737,0.2631578947368421,0.0,0,0
CI-0022,2025-11-01,664.0,76293.6,,,,1972.0,Executivo,200,10,1672,110,456,25,664.0,1008.0,66.31578947368422,0.39712918660287083,0.0,0,0
CI-0022,2025-12-01,424.0,48717.6,,,,943.0,Executivo,200,10,1672,110,456,25,424.0,1248.0,82.10526315789474,0.2535885167464115,0.0,0,0
CI-0022,2026-01-01,491.0,56415.9,,,,1085.0,Executivo,200,10,1672,110,456,25,491.0,1181.0,77.69736842105263,0.29366028708133973,0.0,0,0
CI-0022,2026-02-01,479.0,55037.1,,,,1809.0,Executivo,200,10,1672,110,456,25,479.0,1193.0,78.48684210526316,0.28648325358851673,0.0,0,0
CI-0022,2026-03-01,538.0,61816.200000000004,,,,1851.0,Executivo,200,10,1672,110,456,25,538.0,1134.0,74.60526315789474,0.32177033492822965,0.0,0,0
CI-0022,2026-04-01,500.0,57450.0,,,,1416.0,Executivo,200,10,1672,110,456,25,500.0,1172.0,77.10526315789474,0.29904306220095694,0.0,0,0
CI-0022,2026-05-01,519.0,59633.1,,,,2229.0,Executivo,200,10,1672,110,456,25,519.0,1153.0,75.85526315789474,0.3104066985645933,0.0,0,0
CI-0022,2026-06-01,485.0,55726.5,,,,1196.0,Executivo,200,10,1672,110,456,25,485.0,1187.0,78.09210526315789,0.2900717703349282,0.0,0,0
CI-0022,2026-07-01,527.0,60552.3,,,,2416.0,Executivo,200,10,1672,110,456,25,527.0,1145.0,75.32894736842105,0.31519138755980863,0.0,0,0
CI-0022,2026-08-01,476.0,54692.4,,,,1034.0,Executivo,200,10,1672,110,456,25,476.0,1196.0,78.68421052631578,0.284688995215311,0.0,0,0
CI-0022,2026-10-01,,,470.0,,,,Executivo,200,10,1672,110,456,25,470.0,1202.0,79.07894736842105,0.2811004784688995,0.0,0,0
CI-0022,2026-11-01,,,556.0,,,,Executivo,200,10,1672,110,456,25,556.0,1116.0,73.42105263157895,0.33253588516746413,0.0,0,0
CI-0022,2026-12-01,,,538.0,,,,Executivo,200,10,1672,110,456,25,538.0,1134.0,74.60526315789474,0.32177033492822965,0.0,0,0
CI-0023,2024-09-01,522.0,15607.8,,,,,Refis,500,13,101,6,507,11,522.0,-421.0,-24.911242603550296,5.1683168316831685,0.0,1,0
CI-0023,2024-10-01,460.0,13754.0,,,,,Refis,500,13,101,6,507,11,460.0,-359.0,-21.242603550295858,4.554455445544554,0.0,1,0
CI-0023,2024-11-01,627.0,18747.3,,,,,Refis,500,13,101,6,507,11,627.0,-526.0,-31.124260355029584,6.207920792079208,0.0,1,0
CI-0023,2024-12-01,563.0,16833.7,,,,,Refis,500,13,101,6,507,11,563.0,-462.0,-27.337278106508876,5.574257425742574,0.0,1,0
CI-0023,2025-01-01,503.0,15039.7,,,,,Refis,500,13,101,6,507,11,503.0,-402.0,-23.78698224852071,4.98019801980198,0.0,1,0
CI-0023,2025-02-01,554.0,16564.6,,,,,Refis,500,13,101,6,507,11,554.0,-453.0,-26.80473372781065,5.485148514851486,0.0,1,0
CI-0023,2025-03-01,563.0,16833.7,,,,,Refis,500,13,101,6,507,11,563.0,-462.0,-27.337278106508876,5.574257425742574,0.0,1,0
CI-0023,2025-04-01,529.0,15817.1,,,,,Refis,500,13,101,6,507,11,529.0,-428.0,-25.325443786982248,5.237623762376238,0.0,1,0
CI-0023,2025-05-01,500.0,14950.0,,,,,Refis,500,13,101,6,507,11,500.0,-399.0,-23.609467455621303,4.9504950495049505,0.0,1,0
CI-0023,2025-06-01,500.0,14950.0,,,,,Refis,500,13,101,6,507,11,500.0,-399.0,-23.609467455621303,4.9504950495049505,0.0,1,0
CI-0023,2025-07-01,465.0,13903.5,,,,,Refis,500,13,101,6,507,11,465.0,-364.0,-21.53846153846154,4.603960396039604,0.0,1,0
CI-0023,2025-08-01,507.0,15159.3,,,,,Refis,500,13,101,6,507,11,507.0,-406.0,-24.023668639053255,5.01980198019802,0.0,1,0
CI-0023,2025-09-01,543.0,16235.699999999999,,,,85.0,Refis,500,13,101,6,507,11,543.0,-442.0,-26.153846153846153,5.376237623762377,0.0,1,0
CI-0023,2025-10-01,582.0,17401.8,,,,116.0,Refis,500,13,101,6,507,11,582.0,-481.0,-28.46153846153846,5.762376237623762,0.0,1,0
CI-0023,2025-11-01,643.0,19225.7,,,,61.0,Refis,500,13,101,6,507,11,643.0,-542.0,-32.07100591715976,6.366336633663367,0.0,1,0
CI-0023,2025-12-01,527.0,15757.3,,,,66.0,Refis,500,13,101,6,507,11,527.0,-426.0,-25.207100591715975,5.217821782178218,0.0,1,0
CI-0023,2026-01-01,566.0,16923.4,,,,66.0,Refis,500,13,101,6,507,11,566.0,-465.0,-27.514792899408285,5.603960396039604,0.0,1,0
CI-0023,2026-02-01,577.0,17252.3,,,,126.0,Refis,500,13,101,6,507,11,577.0,-476.0,-28.16568047337278,5.712871287128713,0.0,1,0
CI-0023,2026-03-01,549.0,16415.1,,,,91.0,Refis,500,13,101,6,507,11,549.0,-448.0,-26.50887573964497,5.435643564356436,0.0,1,0
CI-0023,2026-04-01,529.0,15817.1,,,,108.0,Refis,500,13,101,6,507,11,529.0,-428.0,-25.325443786982248,5.237623762376238,0.0,1,0
CI-0023,2026-05-01,478.0,14292.2,,,,76.0,Refis,500,13,101,6,507,11,478.0,-377.0,-22.307692307692307,4.732673267326732,0.0,1,0
CI-0023,2026-06-01,603.0,18029.7,,,,88.0,Refis,500,13,101,6,507,11,603.0,-502.0,-29.704142011834318,5.97029702970297,0.0,1,0
CI-0023,2026-07-01,489.0,14621.099999999999,,,,142.0,Refis,500,13,101,6,507,11,489.0,-388.0,-22.958579881656807,4.841584158415841,0.0,1,0
CI-0023,2026-08-01,570.0,17043.0,,,,109.0,Refis,500,13,101,6,507,11,570.0,-469.0,-27.75147928994083,5.643564356435643,0.0,1,0
CI-0023,2026-10-01,,,522.0,378.0,,,Refis,500,13,101,6,507,11,522.0,-421.0,-24.911242603550296,5.1683168316831685,0.7241379310344828,1,0
CI-0023,2026-11-01,,,619.0,,,,Refis,500,13,101,6,507,11,619.0,-518.0,-30.6508875739645,6.128712871287129,0.0,1,0
CI-0023,2026-12-01,,,598.0,,,,Refis,500,13,101,6,507,11,598.0,-497.0,-29.40828402366864,5.920792079207921,0.0,1,0
CI-0024,2024-09-01,573.0,17132.7,,,,,Acessórios,300,16,558,30,558,14,573.0,-15.0,-0.8064516129032259,1.0268817204301075,0.0,1,0
CI-0024,2024-10-01,589.0,17611.1,,,,,Acessórios,300,16,558,30,558,14,589.0,-31.0,-1.6666666666666665,1.0555555555555556,0.0,1,0
CI-0024,2024-11-01,722.0,21587.8,,,,,Acessórios,300,16,558,30,558,14,722.0,-164.0,-8.817204301075268,1.2939068100358424,0.0,1,0
CI-0024,2024-12-01,549.0,16415.1,,,,,Acessórios,300,16,558,30,558,14,549.0,9.0,0.4838709677419355,0.9838709677419355,0.0,0,0
CI-0024,2025-01-01,500.0,14950.0,,,,,Acessórios,300,16,558,30,558,14,500.0,58.0,3.118279569892473,0.8960573476702509,0.0,0,0
CI-0024,2025-02-01,600.0,17940.0,,,,,Acessórios,300,16,558,30,558,14,600.0,-42.0,-2.2580645161290325,1.075268817204301,0.0,1,0
CI-0024,2025-03-01,529.0,15817.1,,,,,Acessórios,300,16,558,30,558,14,529.0,29.0,1.5591397849462365,0.9480286738351255,0.0,0,0
CI-0024,2025-04-01,631.0,18866.9,,,,,Acessórios,300,16,558,30,558,14,631.0,-73.0,-3.9247311827956994,1.1308243727598566,0.0,1,0
CI-0024,2025-05-01,528.0,15787.2,,,,,Acessórios,300,16,558,30,558,14,528.0,30.0,1.6129032258064517,0.946236559139785,0.0,0,0
CI-0024,2025-06-01,514.0,15368.6,,,,,Acessórios,300,16,558,30,558,14,514.0,44.0,2.365591397849462,0.921146953405018,0.0,0,0
CI-0024,2025-07-01,512.0,15308.800000000001,,,,,Acessórios,300,16,558,30,558,14,512.0,46.0,2.4731182795698925,0.9175627240143369,0.0,0,0
CI-0024,2025-08-01,619.0,18508.100000000002,,,,,Acessórios,300,16,558,30,558,14,619.0,-61.0,-3.2795698924731185,1.1093189964157706,0.0,1,0
CI-0024,2025-09-01,624.0,18657.6,,,,770.0,Acessórios,300,16,558,30,558,14,624.0,-66.0,-3.548387096774194,1.118279569892473,0.0,1,0
CI-0024,2025-10-01,588.0,17581.2,,,,531.0,Acessórios,300,16,558,30,558,14,588.0,-30.0,-1.6129032258064517,1.053763440860215,0.0,1,0
CI-0024,2025-11-01,717.0,21438.3,,,,583.0,Acessórios,300,16,558,30,558,14,717.0,-159.0,-8.548387096774194,1.2849462365591398,0.0,1,0
CI-0024,2025-12-01,579.0,17312.1,,,,599.0,Acessórios,300,16,558,30,558,14,579.0,-21.0,-1.1290322580645162,1.0376344086021505,0.0,1,0
CI-0024,2026-01-01,538.0,16086.199999999999,,,,634.0,Acessórios,300,16,558,30,558,14,538.0,20.0,1.075268817204301,0.96415770609319,0.0,0,0
CI-0024,2026-02-01,638.0,19076.2,,,,750.0,Acessórios,300,16,558,30,558,14,638.0,-80.0,-4.301075268817204,1.1433691756272402,0.0,1,0
CI-0024,2026-03-01,658.0,19674.2,,,,404.0,Acessórios,300,16,558,30,558,14,658.0,-100.0,-5.376344086021505,1.17921146953405,0.0,1,0
CI-0024,2026-04-01,577.0,17252.3,,,,783.0,Acessórios,300,16,558,30,558,14,577.0,-19.0,-1.021505376344086,1.0340501792114696,0.0,1,0
CI-0024,2026-05-01,619.0,18508.100000000002,,,,642.0,Acessórios,300,16,558,30,558,14,619.0,-61.0,-3.2795698924731185,1.1093189964157706,0.0,1,0
CI-0024,2026-06-01,561.0,16773.9,,,,439.0,Acessórios,300,16,558,30,558,14,561.0,-3.0,-0.16129032258064518,1.0053763440860215,0.0,1,0
CI-0024,2026-07-01,650.0,19435.0,,,,336.0,Acessórios,300,16,558,30,558,14,650.0,-92.0,-4.946236559139785,1.1648745519713262,0.0,1,0
CI-0024,2026-08-01,607.0,18149.3,,,,600.0,Acessórios,300,16,558,30,558,14,607.0,-49.0,-2.6344086021505375,1.0878136200716846,0.0,1,0
CI-0024,2026-10-01,,,575.0,,,,Acessórios,300,16,558,30,558,14,575.0,-17.0,-0.9139784946236559,1.0304659498207884,0.0,1,0
CI-0024,2026-11-01,,,681.0,,,,Acessórios,300,16,558,30,558,14,681.0,-123.0,-6.612903225806452,1.2204301075268817,0.0,1,0
CI-0024,2026-12-01,,,658.0,,,,Acessórios,300,16,558,30,558,14,658.0,-100.0,-5.376344086021505,1.17921146953405,0.0,1,0
CI-0025,2024-09-01,576.0,51782.4,,,,,Escolar,400,19,365,18,609,20,576.0,-211.0,-10.39408866995074,1.5780821917808219,0.0,1,0
CI-0025,2024-10-01,600.0,53940.0,,,,,Escolar,400,19,365,18,609,20,600.0,-235.0,-11.576354679802956,1.643835616438356,0.0,1,0
CI-0025,2024-11-01,822.0,73897.8,,,,,Escolar,400,19,365,18,609,20,822.0,-457.0,-22.51231527093596,2.252054794520548,0.0,1,0
CI-0025,2024-12-01,582.0,52321.8,,,,,Escolar,400,19,365,18,609,20,582.0,-217.0,-10.689655172413794,1.5945205479452054,0.0,1,0
CI-0025,2025-01-01,1326.0,119207.4,,,,,Escolar,400,19,365,18,609,20,1326.0,-961.0,-47.33990147783251,3.632876712328767,0.0,1,0
CI-0025,2025-02-01,1619.0,145548.1,,,,,Escolar,400,19,365,18,609,20,1619.0,-1254.0,-61.77339901477832,4.435616438356164,0.0,1,0
CI-0025,2025-03-01,564.0,50703.6,,,,,Escolar,400,19,365,18,609,20,564.0,-199.0,-9.80295566502463,1.5452054794520549,0.0,1,0
CI-0025,2025-04-01,587.0,52771.3,,,,,Escolar,400,19,365,18,609,20,587.0,-222.0,-10.935960591133005,1.6082191780821917,0.0,1,0
CI-0025,2025-05-01,589.0,52951.1,,,,,Escolar,400,19,365,18,609,20,589.0,-224.0,-11.03448275862069,1.6136986301369862,0.0,1,0
CI-0025,2025-06-01,626.0,56277.4,,,,,Escolar,400,19,365,18,609,20,626.0,-261.0,-12.857142857142856,1.715068493150685,0.0,1,0
CI-0025,2025-07-01,602.0,54119.8,,,,,Escolar,400,19,365,18,609,20,602.0,-237.0,-11.67487684729064,1.6493150684931508,0.0,1,0
CI-0025,2025-08-01,643.0,57805.7,,,,,Escolar,400,19,365,18,609,20,643.0,-278.0,-13.694581280788178,1.7616438356164383,0.0,1,0
CI-0025,2025-09-01,702.0,63109.799999999996,,,,223.0,Escolar,400,19,365,18,609,20,702.0,-337.0,-16.600985221674875,1.9232876712328768,0.0,1,0
CI-0025,2025-10-01,583.0,52411.7,,,,466.0,Escolar,400,19,365,18,609,20,583.0,-218.0,-10.738916256157635,1.5972602739726027,0.0,1,0
CI-0025,2025-11-01,813.0,73088.7,,,,397.0,Escolar,400,19,365,18,609,20,813.0,-448.0,-22.06896551724138,2.2273972602739724,0.0,1,0
CI-0025,2025-12-01,692.0,62210.8,,,,347.0,Escolar,400,19,365,18,609,20,692.0,-327.0,-16.108374384236452,1.895890410958904,0.0,1,0
CI-0025,2026-01-01,1412.0,126938.8,,,,473.0,Escolar,400,19,365,18,609,20,1412.0,-1047.0,-51.576354679802954,3.8684931506849316,0.0,1,0
CI-0025,2026-02-01,1516.0,136288.4,,,,437.0,Escolar,400,19,365,18,609,20,1516.0,-1151.0,-56.69950738916256,4.153424657534247,0.0,1,0
CI-0025,2026-03-01,575.0,51692.5,,,,204.0,Escolar,400,19,365,18,609,20,575.0,-210.0,-10.344827586206897,1.5753424657534247,0.0,1,0
CI-0025,2026-04-01,638.0,57356.2,,,,314.0,Escolar,400,19,365,18,609,20,638.0,-273.0,-13.448275862068966,1.747945205479452,0.0,1,0
CI-0025,2026-05-01,616.0,55378.4,,,,334.0,Escolar,400,19,365,18,609,20,616.0,-251.0,-12.364532019704434,1.6876712328767123,0.0,1,0
CI-0025,2026-06-01,654.0,58794.6,,,,246.0,Escolar,400,19,365,18,609,20,654.0,-289.0,-14.236453201970443,1.7917808219178082,0.0,1,0
CI-0025,2026-07-01,690.0,62031.0,,,,501.0,Escolar,400,19,365,18,609,20,690.0,-325.0,-16.00985221674877,1.8904109589041096,0.0,1,0
CI-0025,2026-08-01,612.0,55018.799999999996,,,,367.0,Escolar,400,19,365,18,609,20,612.0,-247.0,-12.167487684729064,1.6767123287671233,0.0,1,0
CI-0025,2026-10-01,,,627.0,,,,Escolar,400,19,365,18,609,20,627.0,-262.0,-12.9064039408867,1.7178082191780821,0.0,1,0
CI-0025,2026-11-01,,,743.0,,,,Escolar,400,19,365,18,609,20,743.0,-378.0,-18.620689655172413,2.0356164383561643,0.0,1,0
CI-0025,2026-12-01,,,719.0,,,,Escolar,400,19,365,18,609,20,719.0,-354.0,-17.438423645320196,1.9698630136986301,0.0,1,0
CI-0026,2024-09-01,640.0,51136.0,,,,,Clássico,300,7,1210,55,660,15,640.0,570.0,25.90909090909091,0.5289256198347108,0.0,0,0
CI-0026,2024-10-01,640.0,51136.0,,,,,Clássico,300,7,1210,55,660,15,640.0,570.0,25.90909090909091,0.5289256198347108,0.0,0,0
CI-0026,2024-11-01,1000.0,79900.0,,,,,Clássico,300,7,1210,55,660,15,1000.0,210.0,9.545454545454545,0.8264462809917356,0.0,0,0
CI-0026,2024-12-01,663.0,52973.7,,,,,Clássico,300,7,1210,55,660,15,663.0,547.0,24.863636363636363,0.5479338842975207,0.0,0,0
CI-0026,2025-01-01,679.0,54252.1,,,,,Clássico,300,7,1210,55,660,15,679.0,531.0,24.136363636363637,0.5611570247933885,0.0,0,0
CI-0026,2025-02-01,822.0,65677.8,,,,,Clássico,300,7,1210,55,660,15,822.0,388.0,17.636363636363637,0.6793388429752066,0.0,0,0
CI-0026,2025-03-01,819.0,65438.1,,,,,Clássico,300,7,1210,55,660,15,819.0,391.0,17.772727272727273,0.6768595041322314,0.0,0,0
CI-0026,2025-04-01,680.0,54332.0,,,,,Clássico,300,7,1210,55,660,15,680.0,530.0,24.09090909090909,0.5619834710743802,0.0,0,0
CI-0026,2025-05-01,778.0,62162.2,,,,,Clássico,300,7,1210,55,660,15,778.0,432.0,19.636363636363637,0.6429752066115703,0.0,0,0
CI-0026,2025-06-01,900.0,71910.0,,,,,Clássico,300,7,1210,55,660,15,900.0,310.0,14.090909090909092,0.743801652892562,0.0,0,0
CI-0026,2025-07-01,824.0,65837.6,,,,,Clássico,300,7,1210,55,660,15,824.0,386.0,17.545454545454547,0.6809917355371901,0.0,0,0
CI-0026,2025-08-01,815.0,65118.5,,,,,Clássico,300,7,1210,55,660,15,815.0,395.0,17.954545454545457,0.6735537190082644,0.0,0,0
CI-0026,2025-09-01,885.0,70711.5,,,,715.0,Clássico,300,7,1210,55,660,15,885.0,325.0,14.772727272727273,0.731404958677686,0.0,0,0
CI-0026,2025-10-01,785.0,62721.5,,,,1082.0,Clássico,300,7,1210,55,660,15,785.0,425.0,19.318181818181817,0.6487603305785123,0.0,0,0
CI-0026,2025-11-01,1149.0,91805.1,,,,1472.0,Clássico,300,7,1210,55,660,15,1149.0,61.0,2.7727272727272725,0.9495867768595041,0.0,0,0
CI-0026,2025-12-01,949.0,75825.1,,,,1541.0,Clássico,300,7,1210,55,660,15,949.0,261.0,11.863636363636363,0.784297520661157,0.0,0,0
CI-0026,2026-01-01,929.0,74227.1,,,,806.0,Clássico,300,7,1210,55,660,15,929.0,281.0,12.772727272727273,0.7677685950413223,0.0,0,0
CI-0026,2026-02-01,856.0,68394.4,,,,1538.0,Clássico,300,7,1210,55,660,15,856.0,354.0,16.09090909090909,0.7074380165289256,0.0,0,0
CI-0026,2026-03-01,937.0,74866.3,,,,863.0,Clássico,300,7,1210,55,660,15,937.0,273.0,12.409090909090908,0.7743801652892562,0.0,0,0
CI-0026,2026-04-01,1073.0,85732.7,,,,818.0,Clássico,300,7,1210,55,660,15,1073.0,137.0,6.2272727272727275,0.8867768595041322,0.0,0,0
CI-0026,2026-05-01,990.0,79101.0,,,,792.0,Clássico,300,7,1210,55,660,15,990.0,220.0,10.0,0.8181818181818182,0.0,0,0
CI-0026,2026-06-01,1014.0,81018.6,,,,1183.0,Clássico,300,7,1210,55,660,15,1014.0,196.0,8.90909090909091,0.8380165289256198,0.0,0,0
CI-0026,2026-07-01,961.0,76783.9,,,,1640.0,Clássico,300,7,1210,55,660,15,961.0,249.0,11.318181818181818,0.7942148760330578,0.0,0,0
CI-0026,2026-08-01,1117.0,89248.3,,,,1412.0,Clássico,300,7,1210,55,660,15,1117.0,93.0,4.227272727272727,0.9231404958677686,0.0,0,0
CI-0026,2026-10-01,,,680.0,,,,Clássico,300,7,1210,55,660,15,680.0,530.0,24.09090909090909,0.5619834710743802,0.0,0,0
CI-0026,2026-11-01,,,805.0,,,,Clássico,300,7,1210,55,660,15,805.0,405.0,18.40909090909091,0.6652892561983471,0.0,0,0
CI-0026,2026-12-01,,,779.0,,,,Clássico,300,7,1210,55,660,15,779.0,431.0,19.590909090909093,0.643801652892562,0.0,0,0
CI-0027,2024-09-01,666.0,56543.4,,,,,Clássico,300,10,711,30,711,16,666.0,45.0,1.89873417721519,0.9367088607594937,0.0,0,0
CI-0027,2024-10-01,664.0,56373.6,,,,,Clássico,300,10,711,30,711,16,664.0,47.0,1.9831223628691985,0.9338959212376934,0.0,0,0
CI-0027,2024-11-01,933.0,79211.7,,,,,Clássico,300,10,711,30,711,16,933.0,-222.0,-9.367088607594937,1.3122362869198312,0.0,1,0
CI-0027,2024-12-01,631.0,53571.9,,,,,Clássico,300,10,711,30,711,16,631.0,80.0,3.375527426160337,0.8874824191279888,0.0,0,0
CI-0027,2025-01-01,803.0,68174.7,,,,,Clássico,300,10,711,30,711,16,803.0,-92.0,-3.8818565400843887,1.1293952180028128,0.0,1,0
CI-0027,2025-02-01,679.0,57647.1,,,,,Clássico,300,10,711,30,711,16,679.0,32.0,1.350210970464135,0.9549929676511955,0.0,0,0
CI-0027,2025-03-01,777.0,65967.3,,,,,Clássico,300,10,711,30,711,16,777.0,-66.0,-2.7848101265822787,1.0928270042194093,0.0,1,0
CI-0027,2025-04-01,752.0,63844.8,,,,,Clássico,300,10,711,30,711,16,752.0,-41.0,-1.729957805907173,1.0576652601969059,0.0,1,0
CI-0027,2025-05-01,785.0,66646.5,,,,,Clássico,300,10,711,30,711,16,785.0,-74.0,-3.1223628691983123,1.1040787623066104,0.0,1,0
CI-0027,2025-06-01,668.0,56713.2,,,,,Clássico,300,10,711,30,711,16,668.0,43.0,1.8143459915611815,0.939521800281294,0.0,0,0
CI-0027,2025-07-01,732.0,62146.8,,,,,Clássico,300,10,711,30,711,16,732.0,-21.0,-0.8860759493670887,1.029535864978903,0.0,1,0
CI-0027,2025-08-01,815.0,69193.5,,,,,Clássico,300,10,711,30,711,16,815.0,-104.0,-4.3881856540084385,1.1462728551336145,0.0,1,0
CI-0027,2025-09-01,719.0,61043.1,,,,724.0,Clássico,300,10,711,30,711,16,719.0,-8.0,-0.33755274261603374,1.0112517580872011,0.0,1,0
CI-0027,2025-10-01,715.0,60703.5,,,,1030.0,Clássico,300,10,711,30,711,16,715.0,-4.0,-0.16877637130801687,1.0056258790436006,0.0,1,0
CI-0027,2025-11-01,1049.0,89060.1,,,,460.0,Clássico,300,10,711,30,711,16,1049.0,-338.0,-14.261603375527427,1.4753867791842474,0.0,1,0
CI-0027,2025-12-01,727.0,61722.299999999996,,,,920.0,Clássico,300,10,711,30,711,16,727.0,-16.0,-0.6751054852320675,1.0225035161744023,0.0,1,0
CI-0027,2026-01-01,709.0,60194.1,,,,944.0,Clássico,300,10,711,30,711,16,709.0,2.0,0.08438818565400844,0.9971870604781997,0.0,0,0
CI-0027,2026-02-01,800.0,67920.0,,,,901.0,Clássico,300,10,711,30,711,16,800.0,-89.0,-3.755274261603376,1.1251758087201125,0.0,1,0
CI-0027,2026-03-01,763.0,64778.7,,,,862.0,Clássico,300,10,711,30,711,16,763.0,-52.0,-2.1940928270042193,1.0731364275668074,0.0,1,0
CI-0027,2026-04-01,831.0,70551.9,,,,826.0,Clássico,300,10,711,30,711,16,831.0,-120.0,-5.063291139240506,1.1687763713080168,0.0,1,0
CI-0027,2026-05-01,714.0,60618.6,,,,870.0,Clássico,300,10,711,30,711,16,714.0,-3.0,-0.12658227848101264,1.0042194092827004,0.0,1,0
CI-0027,2026-06-01,838.0,71146.2,,,,402.0,Clássico,300,10,711,30,711,16,838.0,-127.0,-5.358649789029536,1.1786216596343178,0.0,1,0
CI-0027,2026-07-01,691.0,58665.9,,,,1029.0,Clássico,300,10,711,30,711,16,691.0,20.0,0.8438818565400843,0.9718706047819972,0.0,0,0
CI-0027,2026-08-01,849.0,72080.1,,,,929.0,Clássico,300,10,711,30,711,16,849.0,-138.0,-5.822784810126582,1.1940928270042195,0.0,1,0
CI-0027,2026-10-01,,,732.0,,,,Clássico,300,10,711,30,711,16,732.0,-21.0,-0.8860759493670887,1.029535864978903,0.0,1,0
CI-0027,2026-11-01,,,867.0,,,,Clássico,300,10,711,30,711,16,867.0,-156.0,-6.582278481012659,1.219409282700422,0.0,1,0
CI-0027,2026-12-01,,,839.0,,,,Clássico,300,10,711,30,711,16,839.0,-128.0,-5.40084388185654,1.180028129395218,0.0,1,0
CI-0028,2024-09-01,803.0,72189.7,,,,,Clássico,300,13,762,30,762,14,803.0,-41.0,-1.6141732283464567,1.0538057742782152,0.0,1,0
CI-0028,2024-10-01,707.0,63559.299999999996,,,,,Clássico,300,13,762,30,762,14,707.0,55.0,2.1653543307086616,0.9278215223097113,0.0,0,0
CI-0028,2024-11-01,1112.0,99968.8,,,,,Clássico,300,13,762,30,762,14,1112.0,-350.0,-13.779527559055117,1.4593175853018372,0.0,1,0
CI-0028,2024-12-01,729.0,65537.1,,,,,Clássico,300,13,762,30,762,14,729.0,33.0,1.2992125984251968,0.9566929133858267,0.0,0,0
CI-0028,2025-01-01,850.0,76415.0,,,,,Clássico,300,13,762,30,762,14,850.0,-88.0,-3.4645669291338583,1.1154855643044619,0.0,1,0
CI-0028,2025-02-01,785.0,70571.5,,,,,Clássico,300,13,762,30,762,14,785.0,-23.0,-0.905511811023622,1.0301837270341208,0.0,1,0
CI-0028,2025-03-01,743.0,66795.7,,,,,Clássico,300,13,762,30,762,14,743.0,19.0,0.7480314960629921,0.9750656167979003,0.0,0,0
CI-0028,2025-04-01,700.0,62930.0,,,,,Clássico,300,13,762,30,762,14,700.0,62.0,2.440944881889764,0.9186351706036745,0.0,0,0
CI-0028,2025-05-01,838.0,75336.2,,,,,Clássico,300,13,762,30,762,14,838.0,-76.0,-2.9921259842519685,1.099737532808399,0.0,1,0
CI-0028,2025-06-01,861.0,77403.9,,,,,Clássico,300,13,762,30,762,14,861.0,-99.0,-3.8976377952755903,1.1299212598425197,0.0,1,0
CI-0028,2025-07-01,822.0,73897.8,,,,,Clássico,300,13,762,30,762,14,822.0,-60.0,-2.3622047244094486,1.078740157480315,0.0,1,0
CI-0028,2025-08-01,749.0,67335.1,,,,,Clássico,300,13,762,30,762,14,749.0,13.0,0.5118110236220472,0.9829396325459318,0.0,0,0
CI-0028,2025-09-01,785.0,70571.5,,,,679.0,Clássico,300,13,762,30,762,14,785.0,-23.0,-0.905511811023622,1.0301837270341208,0.0,1,0
CI-0028,2025-10-01,852.0,76594.8,,,,787.0,Clássico,300,13,762,30,762,14,852.0,-90.0,-3.543307086614173,1.1181102362204725,0.0,1,0
CI-0028,2025-11-01,1180.0,106082.0,,,,655.0,Clássico,300,13,762,30,762,14,1180.0,-418.0,-16.456692913385826,1.5485564304461943,0.0,1,0
CI-0028,2025-12-01,852.0,76594.8,,,,468.0,Clássico,300,13,762,30,762,14,852.0,-90.0,-3.543307086614173,1.1181102362204725,0.0,1,0
CI-0028,2026-01-01,754.0,67784.59999999999,,,,674.0,Clássico,300,13,762,30,762,14,754.0,8.0,0.31496062992125984,0.989501312335958,0.0,0,0
CI-0028,2026-02-01,838.0,75336.2,,,,964.0,Clássico,300,13,762,30,762,14,838.0,-76.0,-2.9921259842519685,1.099737532808399,0.0,1,0
CI-0028,2026-03-01,783.0,70391.7,,,,459.0,Clássico,300,13,762,30,762,14,783.0,-21.0,-0.8267716535433071,1.0275590551181102,0.0,1,0
CI-0028,2026-04-01,803.0,72189.7,,,,644.0,Clássico,300,13,762,30,762,14,803.0,-41.0,-1.6141732283464567,1.0538057742782152,0.0,1,0
CI-0028,2026-05-01,838.0,75336.2,,,,749.0,Clássico,300,13,762,30,762,14,838.0,-76.0,-2.9921259842519685,1.099737532808399,0.0,1,0
CI-0028,2026-06-01,841.0,75605.9,,,,679.0,Clássico,300,13,762,30,762,14,841.0,-79.0,-3.110236220472441,1.1036745406824147,0.0,1,0
CI-0028,2026-07-01,832.0,74796.8,,,,959.0,Clássico,300,13,762,30,762,14,832.0,-70.0,-2.7559055118110236,1.0918635170603674,0.0,1,0
CI-0028,2026-08-01,761.0,68413.9,,,,479.0,Clássico,300,13,762,30,762,14,761.0,1.0,0.03937007874015748,0.9986876640419947,0.0,0,0
CI-0028,2026-10-01,,,785.0,,,,Clássico,300,13,762,30,762,14,785.0,-23.0,-0.905511811023622,1.0301837270341208,0.0,1,0
CI-0028,2026-11-01,,,930.0,,,,Clássico,300,13,762,30,762,14,930.0,-168.0,-6.6141732283464565,1.220472440944882,0.0,1,0
CI-0028,2026-12-01,,,899.0,,,,Clássico,300,13,762,30,762,14,899.0,-137.0,-5.393700787401575,1.1797900262467191,0.0,1,0
CI-0029,2024-09-01,727.0,76262.3,,,,,Planner,200,16,1490,55,813,22,727.0,763.0,28.154981549815496,0.4879194630872483,0.0,0,0
CI-0029,2024-10-01,787.0,82556.3,,,,,Planner,200,16,1490,55,813,22,787.0,703.0,25.940959409594093,0.5281879194630873,0.0,0,0
CI-0029,2024-11-01,1378.0,144552.2,,,,,Planner,200,16,1490,55,813,22,1378.0,112.0,4.132841328413284,0.9248322147651007,0.0,0,0
CI-0029,2024-12-01,1308.0,137209.2,,,,,Planner,200,16,1490,55,813,22,1308.0,182.0,6.715867158671586,0.8778523489932886,0.0,0,0
CI-0029,2025-01-01,1416.0,148538.4,,,,,Planner,200,16,1490,55,813,22,1416.0,74.0,2.7306273062730626,0.9503355704697987,0.0,0,0
CI-0029,2025-02-01,768.0,80563.2,,,,,Planner,200,16,1490,55,813,22,768.0,722.0,26.642066420664207,0.5154362416107383,0.0,0,0
CI-0029,2025-03-01,887.0,93046.3,,,,,Planner,200,16,1490,55,813,22,887.0,603.0,22.25092250922509,0.5953020134228187,0.0,0,0
CI-0029,2025-04-01,741.0,77730.90000000001,,,,,Planner,200,16,1490,55,813,22,741.0,749.0,27.638376383763838,0.49731543624161073,0.0,0,0
CI-0029,2025-05-01,806.0,84549.40000000001,,,,,Planner,200,16,1490,55,813,22,806.0,684.0,25.239852398523986,0.5409395973154363,0.0,0,0
CI-0029,2025-06-01,817.0,85703.3,,,,,Planner,200,16,1490,55,813,22,817.0,673.0,24.833948339483396,0.5483221476510067,0.0,0,0
CI-0029,2025-07-01,773.0,81087.7,,,,,Planner,200,16,1490,55,813,22,773.0,717.0,26.45756457564576,0.5187919463087248,0.0,0,0
CI-0029,2025-08-01,849.0,89060.1,,,,,Planner,200,16,1490,55,813,22,849.0,641.0,23.653136531365313,0.5697986577181208,0.0,0,0
CI-0029,2025-09-01,758.0,79514.2,,,,1653.0,Planner,200,16,1490,55,813,22,758.0,732.0,27.01107011070111,0.508724832214765,0.0,0,0
CI-0029,2025-10-01,880.0,92312.0,,,,1169.0,Planner,200,16,1490,55,813,22,880.0,610.0,22.509225092250922,0.5906040268456376,0.0,0,0
CI-0029,2025-11-01,1350.0,141615.0,,,,2148.0,Planner,200,16,1490,55,813,22,1350.0,140.0,5.166051660516605,0.9060402684563759,0.0,0,0
CI-0029,2025-12-01,1477.0,154937.3,,,,2015.0,Planner,200,16,1490,55,813,22,1477.0,13.0,0.4797047970479704,0.991275167785235,0.0,0,0
CI-0029,2026-01-01,1261.0,132278.9,,,,1243.0,Planner,200,16,1490,55,813,22,1261.0,229.0,8.450184501845019,0.8463087248322148,0.0,0,0
CI-0029,2026-02-01,843.0,88430.7,,,,1062.0,Planner,200,16,1490,55,813,22,843.0,647.0,23.874538745387454,0.565771812080537,0.0,0,0
CI-0029,2026-03-01,852.0,89374.8,,,,1351.0,Planner,200,16,1490,55,813,22,852.0,638.0,23.542435424354245,0.5718120805369128,0.0,0,0
CI-0029,2026-04-01,807.0,84654.3,,,,2142.0,Planner,200,16,1490,55,813,22,807.0,683.0,25.202952029520294,0.5416107382550336,0.0,0,0
CI-0029,2026-05-01,816.0,85598.4,,,,1406.0,Planner,200,16,1490,55,813,22,816.0,674.0,24.870848708487085,0.5476510067114094,0.0,0,0
CI-0029,2026-06-01,889.0,93256.1,,,,1454.0,Planner,200,16,1490,55,813,22,889.0,601.0,22.177121771217713,0.5966442953020135,0.0,0,0
CI-0029,2026-07-01,906.0,95039.4,,,,1653.0,Planner,200,16,1490,55,813,22,906.0,584.0,21.549815498154985,0.6080536912751678,0.0,0,0
CI-0029,2026-08-01,864.0,90633.6,,,,1070.0,Planner,200,16,1490,55,813,22,864.0,626.0,23.099630996309962,0.5798657718120805,0.0,0,0
CI-0029,2026-10-01,,,837.0,,,,Planner,200,16,1490,55,813,22,837.0,653.0,24.095940959409596,0.561744966442953,0.0,0,0
CI-0029,2026-11-01,,,1488.0,,,,Planner,200,16,1490,55,813,22,1488.0,2.0,0.07380073800738007,0.9986577181208054,0.0,0,0
CI-0029,2026-12-01,,,1439.0,,,,Planner,200,16,1490,55,813,22,1439.0,51.0,1.8819188191881917,0.9657718120805369,0.0,0,0
CI-0030,2024-09-01,900.0,35910.0,,,,,Refis,500,19,864,30,864,12,900.0,-36.0,-1.25,1.0416666666666667,0.0,1,0
CI-0030,2024-10-01,864.0,34473.6,,,,,Refis,500,19,864,30,864,12,864.0,0.0,0.0,1.0,0.0,0,0
CI-0030,2024-11-01,1110.0,44289.0,,,,,Refis,500,19,864,30,864,12,1110.0,-246.0,-8.541666666666666,1.2847222222222223,0.0,1,0
CI-0030,2024-12-01,870.0,34713.0,,,,,Refis,500,19,864,30,864,12,870.0,-6.0,-0.20833333333333331,1.0069444444444444,0.0,1,0
CI-0030,2025-01-01,900.0,35910.0,,,,,Refis,500,19,864,30,864,12,900.0,-36.0,-1.25,1.0416666666666667,0.0,1,0
CI-0030,2025-02-01,977.0,38982.3,,,,,Refis,500,19,864,30,864,12,977.0,-113.0,-3.923611111111111,1.130787037037037,0.0,1,0
CI-0030,2025-03-01,959.0,38264.1,,,,,Refis,500,19,864,30,864,12,959.0,-95.0,-3.298611111111111,1.1099537037037037,0.0,1,0
CI-0030,2025-04-01,889.0,35471.1,,,,,Refis,500,19,864,30,864,12,889.0,-25.0,-0.8680555555555556,1.0289351851851851,0.0,1,0
CI-0030,2025-05-01,951.0,37944.9,,,,,Refis,500,19,864,30,864,12,951.0,-87.0,-3.0208333333333335,1.1006944444444444,0.0,1,0
CI-0030,2025-06-01,961.0,38343.9,,,,,Refis,500,19,864,30,864,12,961.0,-97.0,-3.3680555555555554,1.1122685185185186,0.0,1,0
CI-0030,2025-07-01,982.0,39181.799999999996,,,,,Refis,500,19,864,30,864,12,982.0,-118.0,-4.097222222222222,1.1365740740740742,0.0,1,0
CI-0030,2025-08-01,831.0,33156.9,,,,,Refis,500,19,864,30,864,12,831.0,33.0,1.1458333333333335,0.9618055555555556,0.0,0,0
CI-0030,2025-09-01,928.0,37027.2,,,,819.0,Refis,500,19,864,30,864,12,928.0,-64.0,-2.2222222222222223,1.0740740740740742,0.0,1,0
CI-0030,2025-10-01,1000.0,39900.0,,,,765.0,Refis,500,19,864,30,864,12,1000.0,-136.0,-4.722222222222222,1.1574074074074074,0.0,1,0
CI-0030,2025-11-01,1104.0,44049.6,,,,730.0,Refis,500,19,864,30,864,12,1104.0,-240.0,-8.333333333333334,1.2777777777777777,0.0,1,0
CI-0030,2025-12-01,906.0,36149.4,,,,782.0,Refis,500,19,864,30,864,12,906.0,-42.0,-1.4583333333333333,1.0486111111111112,0.0,1,0
CI-0030,2026-01-01,988.0,39421.2,,,,819.0,Refis,500,19,864,30,864,12,988.0,-124.0,-4.305555555555555,1.1435185185185186,0.0,1,0
CI-0030,2026-02-01,916.0,36548.4,,,,818.0,Refis,500,19,864,30,864,12,916.0,-52.0,-1.8055555555555554,1.0601851851851851,0.0,1,0
CI-0030,2026-03-01,843.0,33635.7,,,,1127.0,Refis,500,19,864,30,864,12,843.0,21.0,0.7291666666666666,0.9756944444444444,0.0,0,0
CI-0030,2026-04-01,951.0,37944.9,,,,1012.0,Refis,500,19,864,30,864,12,951.0,-87.0,-3.0208333333333335,1.1006944444444444,0.0,1,0
CI-0030,2026-05-01,912.0,36388.8,,,,1069.0,Refis,500,19,864,30,864,12,912.0,-48.0,-1.6666666666666665,1.0555555555555556,0.0,1,0
CI-0030,2026-06-01,860.0,34314.0,,,,913.0,Refis,500,19,864,30,864,12,860.0,4.0,0.1388888888888889,0.9953703703703703,0.0,0,0
CI-0030,2026-07-01,1016.0,40538.4,,,,1035.0,Refis,500,19,864,30,864,12,1016.0,-152.0,-5.277777777777778,1.1759259259259258,0.0,1,0
CI-0030,2026-08-01,849.0,33875.1,,,,948.0,Refis,500,19,864,30,864,12,849.0,15.0,0.5208333333333334,0.9826388888888888,0.0,0,0
CI-0030,2026-10-01,,,890.0,,,,Refis,500,19,864,30,864,12,890.0,-26.0,-0.9027777777777777,1.0300925925925926,0.0,1,0
CI-0030,2026-11-01,,,1054.0,,,,Refis,500,19,864,30,864,12,1054.0,-190.0,-6.597222222222222,1.2199074074074074,0.0,1,0
CI-0030,2026-12-01,,,1020.0,,,,Refis,500,19,864,30,864,12,1020.0,-156.0,-5.416666666666667,1.1805555555555556,0.0,1,0
CI-0031,2024-09-01,143.0,2845.7,,,,,Refis,500,7,50,10,150,10,143.0,-93.0,-18.6,2.86,0.0,1,0
CI-0031,2024-10-01,154.0,3064.6,,,,,Refis,500,7,50,10,150,10,154.0,-104.0,-20.8,3.08,0.0,1,0
CI-0031,2024-11-01,201.0,3999.9,,,,,Refis,500,7,50,10,150,10,201.0,-151.0,-30.2,4.02,0.0,1,0
CI-0031,2024-12-01,149.0,2965.1,,,,,Refis,500,7,50,10,150,10,149.0,-99.0,-19.8,2.98,0.0,1,0
CI-0031,2025-01-01,143.0,2845.7,,,,,Refis,500,7,50,10,150,10,143.0,-93.0,-18.6,2.86,0.0,1,0
CI-0031,2025-02-01,126.0,2507.4,,,,,Refis,500,7,50,10,150,10,126.0,-76.0,-15.200000000000001,2.52,0.0,1,0
CI-0031,2025-03-01,112.0,2228.7999999999997,,,,,Refis,500,7,50,10,150,10,112.0,-62.0,-12.4,2.24,0.0,1,0
CI-0031,2025-04-01,126.0,2507.4,,,,,Refis,500,7,50,10,150,10,126.0,-76.0,-15.200000000000001,2.52,0.0,1,0
CI-0031,2025-05-01,107.0,2129.3,,,,,Refis,500,7,50,10,150,10,107.0,-57.0,-11.4,2.14,0.0,1,0
CI-0031,2025-06-01,129.0,2567.1,,,,,Refis,500,7,50,10,150,10,129.0,-79.0,-15.799999999999999,2.58,0.0,1,0
CI-0031,2025-07-01,114.0,2268.6,,,,,Refis,500,7,50,10,150,10,114.0,-64.0,-12.8,2.28,0.0,1,0
CI-0031,2025-08-01,101.0,2009.9,,,,,Refis,500,7,50,10,150,10,101.0,-51.0,-10.200000000000001,2.02,0.0,1,0
CI-0031,2025-09-01,114.0,2268.6,,,,58.0,Refis,500,7,50,10,150,10,114.0,-64.0,-12.8,2.28,0.0,1,0
CI-0031,2025-10-01,109.0,2169.1,,,,51.0,Refis,500,7,50,10,150,10,109.0,-59.0,-11.799999999999999,2.18,0.0,1,0
CI-0031,2025-11-01,122.0,2427.8,,,,33.0,Refis,500,7,50,10,150,10,122.0,-72.0,-14.399999999999999,2.44,0.0,1,0
CI-0031,2025-12-01,88.0,1751.2,,,,48.0,Refis,500,7,50,10,150,10,88.0,-38.0,-7.6000000000000005,1.76,0.0,1,0
CI-0031,2026-01-01,102.0,2029.8,,,,39.0,Refis,500,7,50,10,150,10,102.0,-52.0,-10.4,2.04,0.0,1,0
CI-0031,2026-02-01,91.0,1810.9,,,,46.0,Refis,500,7,50,10,150,10,91.0,-41.0,-8.2,1.82,0.0,1,0
CI-0031,2026-03-01,88.0,1751.2,,,,54.0,Refis,500,7,50,10,150,10,88.0,-38.0,-7.6000000000000005,1.76,0.0,1,0
CI-0031,2026-04-01,80.0,1592.0,,,,34.0,Refis,500,7,50,10,150,10,80.0,-30.0,-6.0,1.6,0.0,1,0
CI-0031,2026-05-01,73.0,1452.7,,,,34.0,Refis,500,7,50,10,150,10,73.0,-23.0,-4.6,1.46,0.0,1,0
CI-0031,2026-06-01,68.0,1353.2,,,,27.0,Refis,500,7,50,10,150,10,68.0,-18.0,-3.5999999999999996,1.36,0.0,1,0
CI-0031,2026-07-01,65.0,1293.5,,,,52.0,Refis,500,7,50,10,150,10,65.0,-15.0,-3.0,1.3,0.0,1,0
CI-0031,2026-08-01,63.0,1253.7,,,,54.0,Refis,500,7,50,10,150,10,63.0,-13.0,-2.6,1.26,0.0,1,0
CI-0031,2026-10-01,,,154.0,,,,Refis,500,7,50,10,150,10,154.0,-104.0,-20.8,3.08,0.0,1,0
CI-0031,2026-11-01,,,183.0,,,,Refis,500,7,50,10,150,10,183.0,-133.0,-26.6,3.66,0.0,1,0
CI-0031,2026-12-01,,,177.0,,,,Refis,500,7,50,10,150,10,177.0,-127.0,-25.4,3.54,0.0,1,0
CI-0032,2024-09-01,200.0,3980.0,,,,,Acessórios,300,10,737,110,201,13,200.0,537.0,80.14925373134328,0.27137042062415195,0.0,0,0
CI-0032,2024-10-01,214.0,4258.6,,,,,Acessórios,300,10,737,110,201,13,214.0,523.0,78.05970149253731,0.2903663500678426,0.0,0,0
CI-0032,2024-11-01,301.0,5989.9,,,,,Acessórios,300,10,737,110,201,13,301.0,436.0,65.07462686567163,0.4084124830393487,0.0,0,0
CI-0032,2024-12-01,219.0,4358.1,,,,,Acessórios,300,10,737,110,201,13,219.0,518.0,77.31343283582089,0.2971506105834464,0.0,0,0
CI-0032,2025-01-01,187.0,3721.3,,,,,Acessórios,300,10,737,110,201,13,187.0,550.0,82.08955223880598,0.2537313432835821,0.0,0,0
CI-0032,2025-02-01,192.0,3820.8,,,,,Acessórios,300,10,737,110,201,13,192.0,545.0,81.34328358208955,0.26051560379918587,0.0,0,0
CI-0032,2025-03-01,222.0,4417.8,,,,,Acessórios,300,10,737,110,201,13,222.0,515.0,76.86567164179105,0.3012211668928087,0.0,0,0
CI-0032,2025-04-01,187.0,3721.3,,,,,Acessórios,300,10,737,110,201,13,187.0,550.0,82.08955223880598,0.2537313432835821,0.0,0,0
CI-0032,2025-05-01,178.0,3542.2,,,,,Acessórios,300,10,737,110,201,13,178.0,559.0,83.43283582089552,0.24151967435549526,0.0,0,0
CI-0032,2025-06-01,222.0,4417.8,,,,,Acessórios,300,10,737,110,201,13,222.0,515.0,76.86567164179105,0.3012211668928087,0.0,0,0
CI-0032,2025-07-01,189.0,3761.1,,,,,Acessórios,300,10,737,110,201,13,189.0,548.0,81.7910447761194,0.2564450474898236,0.0,0,0
CI-0032,2025-08-01,219.0,4358.1,,,,,Acessórios,300,10,737,110,201,13,219.0,518.0,77.31343283582089,0.2971506105834464,0.0,0,0
CI-0032,2025-09-01,203.0,4039.7,,,,985.0,Acessórios,300,10,737,110,201,13,203.0,534.0,79.70149253731344,0.27544097693351427,0.0,0,0
CI-0032,2025-10-01,203.0,4039.7,,,,435.0,Acessórios,300,10,737,110,201,13,203.0,534.0,79.70149253731344,0.27544097693351427,0.0,0,0
CI-0032,2025-11-01,273.0,5432.7,,,,526.0,Acessórios,300,10,737,110,201,13,273.0,464.0,69.25373134328359,0.3704206241519674,0.0,0,0
CI-0032,2025-12-01,227.0,4517.3,,,,501.0,Acessórios,300,10,737,110,201,13,227.0,510.0,76.11940298507463,0.30800542740841247,0.0,0,0
CI-0032,2026-01-01,192.0,3820.8,,,,992.0,Acessórios,300,10,737,110,201,13,192.0,545.0,81.34328358208955,0.26051560379918587,0.0,0,0
CI-0032,2026-02-01,188.0,3741.2,,,,693.0,Acessórios,300,10,737,110,201,13,188.0,549.0,81.94029850746269,0.25508819538670285,0.0,0,0
CI-0032,2026-03-01,216.0,4298.400000000001,,,,597.0,Acessórios,300,10,737,110,201,13,216.0,521.0,77.76119402985074,0.2930800542740841,0.0,0,0
CI-0032,2026-04-01,219.0,4358.1,,,,874.0,Acessórios,300,10,737,110,201,13,219.0,518.0,77.31343283582089,0.2971506105834464,0.0,0,0
CI-0032,2026-05-01,214.0,4258.6,,,,484.0,Acessórios,300,10,737,110,201,13,214.0,523.0,78.05970149253731,0.2903663500678426,0.0,0,0
CI-0032,2026-06-01,235.0,4676.5,,,,431.0,Acessórios,300,10,737,110,201,13,235.0,502.0,74.92537313432835,0.31886024423337855,0.0,0,0
CI-0032,2026-07-01,228.0,4537.2,,,,499.0,Acessórios,300,10,737,110,201,13,228.0,509.0,75.97014925373135,0.3093622795115332,0.0,0,0
CI-0032,2026-08-01,238.0,4736.2,,,,786.0,Acessórios,300,10,737,110,201,13,238.0,499.0,74.47761194029852,0.3229308005427408,0.0,0,0
CI-0032,2026-10-01,,,207.0,638.0,,,Acessórios,300,10,737,110,201,13,207.0,530.0,79.10447761194031,0.2808683853459973,3.082125603864734,0,0
CI-0032,2026-11-01,,,245.0,,,,Acessórios,300,10,737,110,201,13,245.0,492.0,73.43283582089552,0.33242876526458615,0.0,0,0
CI-0032,2026-12-01,,,237.0,,,,Acessórios,300,10,737,110,201,13,237.0,500.0,74.62686567164178,0.32157394843962006,0.0,0,0
CI-0033,2024-09-01,242.0,6025.8,,,,,Acessórios,300,13,50,6,252,14,242.0,-192.0,-22.857142857142854,4.84,0.0,1,0
CI-0033,2024-10-01,224.0,5577.6,,,,,Acessórios,300,13,50,6,252,14,224.0,-174.0,-20.714285714285715,4.48,0.0,1,0
CI-0033,2024-11-01,343.0,8540.7,,,,,Acessórios,300,13,50,6,252,14,343.0,-293.0,-34.88095238095239,6.86,0.0,1,0
CI-0033,2024-12-01,249.0,6200.1,,,,,Acessórios,300,13,50,6,252,14,249.0,-199.0,-23.69047619047619,4.98,0.0,1,0
CI-0033,2025-01-01,273.0,6797.7,,,,,Acessórios,300,13,50,6,252,14,273.0,-223.0,-26.547619047619047,5.46,0.0,1,0
CI-0033,2025-02-01,258.0,6424.2,,,,,Acessórios,300,13,50,6,252,14,258.0,-208.0,-24.76190476190476,5.16,0.0,1,0
CI-0033,2025-03-01,237.0,5901.3,,,,,Acessórios,300,13,50,6,252,14,237.0,-187.0,-22.261904761904763,4.74,0.0,1,0
CI-0033,2025-04-01,237.0,5901.3,,,,,Acessórios,300,13,50,6,252,14,237.0,-187.0,-22.261904761904763,4.74,0.0,1,0
CI-0033,2025-05-01,284.0,7071.6,,,,,Acessórios,300,13,50,6,252,14,284.0,-234.0,-27.857142857142858,5.68,0.0,1,0
CI-0033,2025-06-01,280.0,6972.0,,,,,Acessórios,300,13,50,6,252,14,280.0,-230.0,-27.38095238095238,5.6,0.0,1,0
CI-0033,2025-07-01,266.0,6623.4,,,,,Acessórios,300,13,50,6,252,14,266.0,-216.0,-25.71428571428571,5.32,0.0,1,0
CI-0033,2025-08-01,229.0,5702.1,,,,,Acessórios,300,13,50,6,252,14,229.0,-179.0,-21.30952380952381,4.58,0.0,1,0
CI-0033,2025-09-01,277.0,6897.3,,,,50.0,Acessórios,300,13,50,6,252,14,277.0,-227.0,-27.023809523809526,5.54,0.0,1,0
CI-0033,2025-10-01,261.0,6498.9,,,,56.0,Acessórios,300,13,50,6,252,14,261.0,-211.0,-25.11904761904762,5.22,0.0,1,0
CI-0033,2025-11-01,400.0,9960.0,,,,62.0,Acessórios,300,13,50,6,252,14,400.0,-350.0,-41.666666666666664,8.0,0.0,1,0
CI-0033,2025-12-01,249.0,6200.1,,,,46.0,Acessórios,300,13,50,6,252,14,249.0,-199.0,-23.69047619047619,4.98,0.0,1,0
CI-0033,2026-01-01,278.0,6922.2,,,,71.0,Acessórios,300,13,50,6,252,14,278.0,-228.0,-27.142857142857142,5.56,0.0,1,0
CI-0033,2026-02-01,277.0,6897.3,,,,28.0,Acessórios,300,13,50,6,252,14,277.0,-227.0,-27.023809523809526,5.54,0.0,1,0
CI-0033,2026-03-01,254.0,6324.6,,,,59.0,Acessórios,300,13,50,6,252,14,254.0,-204.0,-24.285714285714285,5.08,0.0,1,0
CI-0033,2026-04-01,300.0,7470.0,,,,34.0,Acessórios,300,13,50,6,252,14,300.0,-250.0,-29.761904761904763,6.0,0.0,1,0
CI-0033,2026-05-01,250.0,6225.0,,,,46.0,Acessórios,300,13,50,6,252,14,250.0,-200.0,-23.809523809523807,5.0,0.0,1,0
CI-0033,2026-06-01,288.0,7171.2,,,,28.0,Acessórios,300,13,50,6,252,14,288.0,-238.0,-28.333333333333332,5.76,0.0,1,0
CI-0033,2026-07-01,265.0,6598.5,,,,58.0,Acessórios,300,13,50,6,252,14,265.0,-215.0,-25.595238095238095,5.3,0.0,1,0
CI-0033,2026-08-01,256.0,6374.4,,,,33.0,Acessórios,300,13,50,6,252,14,256.0,-206.0,-24.523809523809522,5.12,0.0,1,0
CI-0033,2026-10-01,,,260.0,142.0,,,Acessórios,300,13,50,6,252,14,260.0,-210.0,-25.0,5.2,0.5461538461538461,1,0
CI-0033,2026-11-01,,,307.0,,,,Acessórios,300,13,50,6,252,14,307.0,-257.0,-30.595238095238095,6.14,0.0,1,0
CI-0033,2026-12-01,,,297.0,,,,Acessórios,300,13,50,6,252,14,297.0,-247.0,-29.404761904761905,5.94,0.0,1,0
CI-0034,2024-09-01,291.0,8700.9,,,,,Acessórios,300,16,181,18,303,12,291.0,-110.0,-10.891089108910892,1.6077348066298343,0.0,1,0
CI-0034,2024-10-01,276.0,8252.4,,,,,Acessórios,300,16,181,18,303,12,276.0,-95.0,-9.405940594059407,1.5248618784530388,0.0,1,0
CI-0034,2024-11-01,382.0,11421.8,,,,,Acessórios,300,16,181,18,303,12,382.0,-201.0,-19.900990099009903,2.110497237569061,0.0,1,0
CI-0034,2024-12-01,319.0,9538.1,,,,,Acessórios,300,16,181,18,303,12,319.0,-138.0,-13.663366336633663,1.7624309392265194,0.0,1,0
CI-0034,2025-01-01,322.0,9627.8,,,,,Acessórios,300,16,181,18,303,12,322.0,-141.0,-13.96039603960396,1.7790055248618784,0.0,1,0
CI-0034,2025-02-01,280.0,8372.0,,,,,Acessórios,300,16,181,18,303,12,280.0,-99.0,-9.801980198019802,1.5469613259668509,0.0,1,0
CI-0034,2025-03-01,329.0,9837.1,,,,,Acessórios,300,16,181,18,303,12,329.0,-148.0,-14.653465346534654,1.8176795580110496,0.0,1,0
CI-0034,2025-04-01,324.0,9687.6,,,,,Acessórios,300,16,181,18,303,12,324.0,-143.0,-14.158415841584159,1.7900552486187846,0.0,1,0
CI-0034,2025-05-01,335.0,10016.5,,,,,Acessórios,300,16,181,18,303,12,335.0,-154.0,-15.247524752475249,1.850828729281768,0.0,1,0
CI-0034,2025-06-01,278.0,8312.199999999999,,,,,Acessórios,300,16,181,18,303,12,278.0,-97.0,-9.603960396039604,1.5359116022099448,0.0,1,0
CI-0034,2025-07-01,304.0,9089.6,,,,,Acessórios,300,16,181,18,303,12,304.0,-123.0,-12.178217821782178,1.6795580110497237,0.0,1,0
CI-0034,2025-08-01,331.0,9896.9,,,,,Acessórios,300,16,181,18,303,12,331.0,-150.0,-14.85148514851485,1.828729281767956,0.0,1,0
CI-0034,2025-09-01,326.0,9747.4,,,,191.0,Acessórios,300,16,181,18,303,12,326.0,-145.0,-14.356435643564357,1.8011049723756907,0.0,1,0
CI-0034,2025-10-01,335.0,10016.5,,,,211.0,Acessórios,300,16,181,18,303,12,335.0,-154.0,-15.247524752475249,1.850828729281768,0.0,1,0
CI-0034,2025-11-01,440.0,13156.0,,,,146.0,Acessórios,300,16,181,18,303,12,440.0,-259.0,-25.643564356435643,2.430939226519337,0.0,1,0
CI-0034,2025-12-01,350.0,10465.0,,,,194.0,Acessórios,300,16,181,18,303,12,350.0,-169.0,-16.73267326732673,1.9337016574585635,0.0,1,0
CI-0034,2026-01-01,326.0,9747.4,,,,115.0,Acessórios,300,16,181,18,303,12,326.0,-145.0,-14.356435643564357,1.8011049723756907,0.0,1,0
CI-0034,2026-02-01,285.0,8521.5,,,,252.0,Acessórios,300,16,181,18,303,12,285.0,-104.0,-10.297029702970297,1.574585635359116,0.0,1,0
CI-0034,2026-03-01,358.0,10704.2,,,,195.0,Acessórios,300,16,181,18,303,12,358.0,-177.0,-17.524752475247524,1.977900552486188,0.0,1,0
CI-0034,2026-04-01,322.0,9627.8,,,,117.0,Acessórios,300,16,181,18,303,12,322.0,-141.0,-13.96039603960396,1.7790055248618784,0.0,1,0
CI-0034,2026-05-01,331.0,9896.9,,,,221.0,Acessórios,300,16,181,18,303,12,331.0,-150.0,-14.85148514851485,1.828729281767956,0.0,1,0
CI-0034,2026-06-01,285.0,8521.5,,,,191.0,Acessórios,300,16,181,18,303,12,285.0,-104.0,-10.297029702970297,1.574585635359116,0.0,1,0
CI-0034,2026-07-01,349.0,10435.1,,,,177.0,Acessórios,300,16,181,18,303,12,349.0,-168.0,-16.633663366336634,1.9281767955801106,0.0,1,0
CI-0034,2026-08-01,349.0,10435.1,,,,251.0,Acessórios,300,16,181,18,303,12,349.0,-168.0,-16.633663366336634,1.9281767955801106,0.0,1,0
CI-0034,2026-10-01,,,312.0,650.0,,,Acessórios,300,16,181,18,303,12,312.0,-131.0,-12.970297029702971,1.723756906077348,2.0833333333333335,1,0
CI-0034,2026-11-01,,,370.0,,,,Acessórios,300,16,181,18,303,12,370.0,-189.0,-18.712871287128714,2.044198895027624,0.0,1,0
CI-0034,2026-12-01,,,358.0,,,,Acessórios,300,16,181,18,303,12,358.0,-177.0,-17.524752475247524,1.977900552486188,0.0,1,0
CI-0035,2024-09-01,340.0,11866.0,,,,,Acessórios,300,19,649,55,354,13,340.0,309.0,26.1864406779661,0.5238828967642527,0.0,0,0
CI-0035,2024-10-01,375.0,13087.5,,,,,Acessórios,300,19,649,55,354,13,375.0,274.0,23.220338983050848,0.5778120184899846,0.0,0,0
CI-0035,2024-11-01,438.0,15286.199999999999,,,,,Acessórios,300,19,649,55,354,13,438.0,211.0,17.88135593220339,0.674884437596302,0.0,0,0
CI-0035,2024-12-01,373.0,13017.7,,,,,Acessórios,300,19,649,55,354,13,373.0,276.0,23.389830508474578,0.5747303543913713,0.0,0,0
CI-0035,2025-01-01,389.0,13576.1,,,,,Acessórios,300,19,649,55,354,13,389.0,260.0,22.033898305084747,0.5993836671802774,0.0,0,0
CI-0035,2025-02-01,363.0,12668.7,,,,,Acessórios,300,19,649,55,354,13,363.0,286.0,24.23728813559322,0.559322033898305,0.0,0,0
CI-0035,2025-03-01,343.0,11970.7,,,,,Acessórios,300,19,649,55,354,13,343.0,306.0,25.93220338983051,0.5285053929121726,0.0,0,0
CI-0035,2025-04-01,357.0,12459.3,,,,,Acessórios,300,19,649,55,354,13,357.0,292.0,24.745762711864405,0.5500770416024653,0.0,0,0
CI-0035,2025-05-01,376.0,13122.4,,,,,Acessórios,300,19,649,55,354,13,376.0,273.0,23.135593220338986,0.5793528505392912,0.0,0,0
CI-0035,2025-06-01,352.0,12284.8,,,,,Acessórios,300,19,649,55,354,13,352.0,297.0,25.16949152542373,0.5423728813559322,0.0,0,0
CI-0035,2025-07-01,333.0,11621.7,,,,,Acessórios,300,19,649,55,354,13,333.0,316.0,26.779661016949152,0.5130970724191063,0.0,0,0
CI-0035,2025-08-01,377.0,13157.3,,,,,Acessórios,300,19,649,55,354,13,377.0,272.0,23.05084745762712,0.5808936825885979,0.0,0,0
CI-0035,2025-09-01,373.0,13017.7,,,,456.0,Acessórios,300,19,649,55,354,13,373.0,276.0,23.389830508474578,0.5747303543913713,0.0,0,0
CI-0035,2025-10-01,412.0,14378.800000000001,,,,727.0,Acessórios,300,19,649,55,354,13,412.0,237.0,20.084745762711865,0.6348228043143297,0.0,0,0
CI-0035,2025-11-01,477.0,16647.3,,,,481.0,Acessórios,300,19,649,55,354,13,477.0,172.0,14.576271186440678,0.7349768875192604,0.0,0,0
CI-0035,2025-12-01,415.0,14483.5,,,,365.0,Acessórios,300,19,649,55,354,13,415.0,234.0,19.83050847457627,0.6394453004622496,0.0,0,0
CI-0035,2026-01-01,380.0,13262.0,,,,738.0,Acessórios,300,19,649,55,354,13,380.0,269.0,22.796610169491526,0.5855161787365177,0.0,0,0
CI-0035,2026-02-01,373.0,13017.7,,,,889.0,Acessórios,300,19,649,55,354,13,373.0,276.0,23.389830508474578,0.5747303543913713,0.0,0,0
CI-0035,2026-03-01,373.0,13017.7,,,,537.0,Acessórios,300,19,649,55,354,13,373.0,276.0,23.389830508474578,0.5747303543913713,0.0,0,0
CI-0035,2026-04-01,343.0,11970.7,,,,814.0,Acessórios,300,19,649,55,354,13,343.0,306.0,25.93220338983051,0.5285053929121726,0.0,0,0
CI-0035,2026-05-01,368.0,12843.2,,,,912.0,Acessórios,300,19,649,55,354,13,368.0,281.0,23.813559322033896,0.5670261941448382,0.0,0,0
CI-0035,2026-06-01,375.0,13087.5,,,,892.0,Acessórios,300,19,649,55,354,13,375.0,274.0,23.220338983050848,0.5778120184899846,0.0,0,0
CI-0035,2026-07-01,417.0,14553.3,,,,557.0,Acessórios,300,19,649,55,354,13,417.0,232.0,19.66101694915254,0.6425269645608629,0.0,0,0
CI-0035,2026-08-01,338.0,11796.2,,,,886.0,Acessórios,300,19,649,55,354,13,338.0,311.0,26.35593220338983,0.5208012326656395,0.0,0,0
CI-0035,2026-10-01,,,365.0,,,,Acessórios,300,19,649,55,354,13,365.0,284.0,24.06779661016949,0.5624036979969184,0.0,0,0
CI-0035,2026-11-01,,,432.0,,,,Acessórios,300,19,649,55,354,13,432.0,217.0,18.389830508474574,0.6656394453004623,0.0,0,0
CI-0035,2026-12-01,,,418.0,,,,Acessórios,300,19,649,55,354,13,418.0,231.0,19.576271186440678,0.6440677966101694,0.0,0,0
CI-0036,2024-09-01,380.0,30362.0,,,,,Clássico,300,7,742,55,405,16,380.0,362.0,26.814814814814813,0.5121293800539084,0.0,0,0
CI-0036,2024-10-01,385.0,30761.5,,,,,Clássico,300,7,742,55,405,16,385.0,357.0,26.444444444444446,0.5188679245283019,0.0,0,0
CI-0036,2024-11-01,604.0,48259.6,,,,,Clássico,300,7,742,55,405,16,604.0,138.0,10.222222222222221,0.8140161725067385,0.0,0,0
CI-0036,2024-12-01,452.0,36114.8,,,,,Clássico,300,7,742,55,405,16,452.0,290.0,21.48148148148148,0.6091644204851752,0.0,0,0
CI-0036,2025-01-01,422.0,33717.8,,,,,Clássico,300,7,742,55,405,16,422.0,320.0,23.703703703703702,0.568733153638814,0.0,0,0
CI-0036,2025-02-01,383.0,30601.7,,,,,Clássico,300,7,742,55,405,16,383.0,359.0,26.59259259259259,0.5161725067385444,0.0,0,0
CI-0036,2025-03-01,361.0,28843.9,,,,,Clássico,300,7,742,55,405,16,361.0,381.0,28.22222222222222,0.4865229110512129,0.0,0,0
CI-0036,2025-04-01,415.0,33158.5,,,,,Clássico,300,7,742,55,405,16,415.0,327.0,24.222222222222225,0.5592991913746631,0.0,0,0
CI-0036,2025-05-01,435.0,34756.5,,,,,Clássico,300,7,742,55,405,16,435.0,307.0,22.74074074074074,0.5862533692722371,0.0,0,0
CI-0036,2025-06-01,377.0,30122.3,,,,,Clássico,300,7,742,55,405,16,377.0,365.0,27.037037037037038,0.5080862533692723,0.0,0,0
CI-0036,2025-07-01,373.0,29802.7,,,,,Clássico,300,7,742,55,405,16,373.0,369.0,27.333333333333332,0.5026954177897575,0.0,0,0
CI-0036,2025-08-01,417.0,33318.3,,,,,Clássico,300,7,742,55,405,16,417.0,325.0,24.074074074074076,0.5619946091644205,0.0,0,0
CI-0036,2025-09-01,412.0,32918.8,,,,817.0,Clássico,300,7,742,55,405,16,412.0,330.0,24.444444444444443,0.555256064690027,0.0,0,0
CI-0036,2025-10-01,404.0,32279.600000000002,,,,726.0,Clássico,300,7,742,55,405,16,404.0,338.0,25.037037037037038,0.5444743935309974,0.0,0,0
CI-0036,2025-11-01,526.0,42027.4,,,,429.0,Clássico,300,7,742,55,405,16,526.0,216.0,16.0,0.7088948787061995,0.0,0,0
CI-0036,2025-12-01,416.0,33238.4,,,,592.0,Clássico,300,7,742,55,405,16,416.0,326.0,24.14814814814815,0.5606469002695418,0.0,0,0
CI-0036,2026-01-01,433.0,34596.7,,,,928.0,Clássico,300,7,742,55,405,16,433.0,309.0,22.88888888888889,0.5835579514824798,0.0,0,0
CI-0036,2026-02-01,388.0,31001.2,,,,706.0,Clássico,300,7,742,55,405,16,388.0,354.0,26.222222222222225,0.522911051212938,0.0,0,0
CI-0036,2026-03-01,478.0,38192.2,,,,644.0,Clássico,300,7,742,55,405,16,478.0,264.0,19.555555555555557,0.6442048517520216,0.0,0,0
CI-0036,2026-04-01,457.0,36514.3,,,,583.0,Clássico,300,7,742,55,405,16,457.0,285.0,21.11111111111111,0.6159029649595688,0.0,0,0
CI-0036,2026-05-01,406.0,32439.4,,,,589.0,Clássico,300,7,742,55,405,16,406.0,336.0,24.88888888888889,0.5471698113207547,0.0,0,0
CI-0036,2026-06-01,404.0,32279.600000000002,,,,608.0,Clássico,300,7,742,55,405,16,404.0,338.0,25.037037037037038,0.5444743935309974,0.0,0,0
CI-0036,2026-07-01,484.0,38671.6,,,,867.0,Clássico,300,7,742,55,405,16,484.0,258.0,19.11111111111111,0.6522911051212938,0.0,0,0
CI-0036,2026-08-01,404.0,32279.600000000002,,,,671.0,Clássico,300,7,742,55,405,16,404.0,338.0,25.037037037037038,0.5444743935309974,0.0,0,0
CI-0036,2026-10-01,,,417.0,651.0,,,Clássico,300,7,742,55,405,16,417.0,325.0,24.074074074074076,0.5619946091644205,1.5611510791366907,0,0
CI-0036,2026-11-01,,,494.0,,,,Clássico,300,7,742,55,405,16,494.0,248.0,18.37037037037037,0.6657681940700808,0.0,0,0
CI-0036,2026-12-01,,,478.0,,,,Clássico,300,7,742,55,405,16,478.0,264.0,19.555555555555557,0.6442048517520216,0.0,0,0
CI-0037,2024-09-01,440.0,37356.0,,,,,Clássico,300,10,152,10,456,14,440.0,-288.0,-18.94736842105263,2.8947368421052633,0.0,1,0
CI-0037,2024-10-01,408.0,34639.2,,,,,Clássico,300,10,152,10,456,14,408.0,-256.0,-16.842105263157894,2.6842105263157894,0.0,1,0
CI-0037,2024-11-01,602.0,51109.8,,,,,Clássico,300,10,152,10,456,14,602.0,-450.0,-29.605263157894736,3.960526315789474,0.0,1,0
CI-0037,2024-12-01,491.0,41685.9,,,,,Clássico,300,10,152,10,456,14,491.0,-339.0,-22.30263157894737,3.2302631578947367,0.0,1,0
CI-0037,2025-01-01,404.0,34299.6,,,,,Clássico,300,10,152,10,456,14,404.0,-252.0,-16.578947368421055,2.6578947368421053,0.0,1,0
CI-0037,2025-02-01,473.0,40157.7,,,,,Clássico,300,10,152,10,456,14,473.0,-321.0,-21.11842105263158,3.111842105263158,0.0,1,0
CI-0037,2025-03-01,412.0,34978.8,,,,,Clássico,300,10,152,10,456,14,412.0,-260.0,-17.105263157894736,2.710526315789474,0.0,1,0
CI-0037,2025-04-01,500.0,42450.0,,,,,Clássico,300,10,152,10,456,14,500.0,-348.0,-22.894736842105264,3.289473684210526,0.0,1,0
CI-0037,2025-05-01,513.0,43553.7,,,,,Clássico,300,10,152,10,456,14,513.0,-361.0,-23.75,3.375,0.0,1,0
CI-0037,2025-06-01,503.0,42704.7,,,,,Clássico,300,10,152,10,456,14,503.0,-351.0,-23.092105263157894,3.3092105263157894,0.0,1,0
CI-0037,2025-07-01,500.0,42450.0,,,,,Clássico,300,10,152,10,456,14,500.0,-348.0,-22.894736842105264,3.289473684210526,0.0,1,0
CI-0037,2025-08-01,490.0,41601.0,,,,,Clássico,300,10,152,10,456,14,490.0,-338.0,-22.236842105263158,3.223684210526316,0.0,1,0
CI-0037,2025-09-01,500.0,42450.0,,,,137.0,Clássico,300,10,152,10,456,14,500.0,-348.0,-22.894736842105264,3.289473684210526,0.0,1,0
CI-0037,2025-10-01,491.0,41685.9,,,,150.0,Clássico,300,10,152,10,456,14,491.0,-339.0,-22.30263157894737,3.2302631578947367,0.0,1,0
CI-0037,2025-11-01,592.0,50260.799999999996,,,,163.0,Clássico,300,10,152,10,456,14,592.0,-440.0,-28.94736842105263,3.8947368421052633,0.0,1,0
CI-0037,2025-12-01,516.0,43808.4,,,,91.0,Clássico,300,10,152,10,456,14,516.0,-364.0,-23.947368421052634,3.3947368421052633,0.0,1,0
CI-0037,2026-01-01,488.0,41431.2,,,,174.0,Clássico,300,10,152,10,456,14,488.0,-336.0,-22.105263157894736,3.210526315789474,0.0,1,0
CI-0037,2026-02-01,512.0,43468.8,,,,118.0,Clássico,300,10,152,10,456,14,512.0,-360.0,-23.68421052631579,3.3684210526315788,0.0,1,0
CI-0037,2026-03-01,522.0,44317.8,,,,129.0,Clássico,300,10,152,10,456,14,522.0,-370.0,-24.342105263157894,3.4342105263157894,0.0,1,0
CI-0037,2026-04-01,534.0,45336.6,,,,151.0,Clássico,300,10,152,10,456,14,534.0,-382.0,-25.13157894736842,3.513157894736842,0.0,1,0
CI-0037,2026-05-01,527.0,44742.3,,,,89.0,Clássico,300,10,152,10,456,14,527.0,-375.0,-24.671052631578945,3.4671052631578947,0.0,1,0
CI-0037,2026-06-01,464.0,39393.6,,,,198.0,Clássico,300,10,152,10,456,14,464.0,-312.0,-20.526315789473685,3.0526315789473686,0.0,1,0
CI-0037,2026-07-01,549.0,46610.1,,,,190.0,Clássico,300,10,152,10,456,14,549.0,-397.0,-26.11842105263158,3.611842105263158,0.0,1,0
CI-0037,2026-08-01,537.0,45591.3,,,,113.0,Clássico,300,10,152,10,456,14,537.0,-385.0,-25.328947368421055,3.5328947368421053,0.0,1,0
CI-0037,2026-10-01,,,470.0,,,,Clássico,300,10,152,10,456,14,470.0,-318.0,-20.921052631578945,3.0921052631578947,0.0,1,0
CI-0037,2026-11-01,,,556.0,,,,Clássico,300,10,152,10,456,14,556.0,-404.0,-26.57894736842105,3.6578947368421053,0.0,1,0
CI-0037,2026-12-01,,,538.0,,,,Clássico,300,10,152,10,456,14,538.0,-386.0,-25.394736842105264,3.539473684210526,0.0,1,0
CI-0038,2024-09-01,531.0,15876.900000000001,,,,,Refis,500,13,1858,110,507,11,531.0,1327.0,78.52071005917159,0.2857911733046286,0.0,0,0
CI-0038,2024-10-01,565.0,16893.5,,,,,Refis,500,13,1858,110,507,11,565.0,1293.0,76.50887573964496,0.3040904198062433,0.0,0,0
CI-0038,2024-11-01,688.0,20571.2,,,,,Refis,500,13,1858,110,507,11,688.0,1170.0,69.23076923076923,0.37029063509149623,0.0,0,0
CI-0038,2024-12-01,517.0,15458.3,,,,,Refis,500,13,1858,110,507,11,517.0,1341.0,79.3491124260355,0.2782561894510226,0.0,0,0
CI-0038,2025-01-01,491.0,14680.9,,,,,Refis,500,13,1858,110,507,11,491.0,1367.0,80.88757396449704,0.26426264800861143,0.0,0,0
CI-0038,2025-02-01,484.0,14471.6,,,,,Refis,500,13,1858,110,507,11,484.0,1374.0,81.30177514792899,0.2604951560818084,0.0,0,0
CI-0038,2025-03-01,561.0,16773.9,,,,,Refis,500,13,1858,110,507,11,561.0,1297.0,76.74556213017752,0.30193756727664156,0.0,0,0
CI-0038,2025-04-01,489.0,14621.099999999999,,,,,Refis,500,13,1858,110,507,11,489.0,1369.0,81.00591715976331,0.26318622174381057,0.0,0,0
CI-0038,2025-05-01,561.0,16773.9,,,,,Refis,500,13,1858,110,507,11,561.0,1297.0,76.74556213017752,0.30193756727664156,0.0,0,0
CI-0038,2025-06-01,558.0,16684.2,,,,,Refis,500,13,1858,110,507,11,558.0,1300.0,76.92307692307693,0.30032292787944026,0.0,0,0
CI-0038,2025-07-01,522.0,15607.8,,,,,Refis,500,13,1858,110,507,11,522.0,1336.0,79.05325443786982,0.28094725511302476,0.0,0,0
CI-0038,2025-08-01,584.0,17461.600000000002,,,,,Refis,500,13,1858,110,507,11,584.0,1274.0,75.38461538461539,0.3143164693218515,0.0,0,0
CI-0038,2025-09-01,561.0,16773.9,,,,2685.0,Refis,500,13,1858,110,507,11,561.0,1297.0,76.74556213017752,0.30193756727664156,0.0,0,0
CI-0038,2025-10-01,473.0,14142.7,,,,1108.0,Refis,500,13,1858,110,507,11,473.0,1385.0,81.95266272189349,0.2545748116254037,0.0,0,0
CI-0038,2025-11-01,656.0,19614.4,,,,1515.0,Refis,500,13,1858,110,507,11,656.0,1202.0,71.12426035502959,0.35306781485468247,0.0,0,0
CI-0038,2025-12-01,480.0,14352.0,,,,1771.0,Refis,500,13,1858,110,507,11,480.0,1378.0,81.53846153846155,0.25834230355220666,0.0,0,0
CI-0038,2026-01-01,531.0,15876.900000000001,,,,2032.0,Refis,500,13,1858,110,507,11,531.0,1327.0,78.52071005917159,0.2857911733046286,0.0,0,0
CI-0038,2026-02-01,502.0,15009.8,,,,1255.0,Refis,500,13,1858,110,507,11,502.0,1356.0,80.23668639053254,0.27018299246501615,0.0,0,0
CI-0038,2026-03-01,526.0,15727.4,,,,2673.0,Refis,500,13,1858,110,507,11,526.0,1332.0,78.81656804733728,0.2831001076426265,0.0,0,0
CI-0038,2026-04-01,600.0,17940.0,,,,1714.0,Refis,500,13,1858,110,507,11,600.0,1258.0,74.4378698224852,0.32292787944025836,0.0,0,0
CI-0038,2026-05-01,478.0,14292.2,,,,1737.0,Refis,500,13,1858,110,507,11,478.0,1380.0,81.65680473372781,0.2572658772874058,0.0,0,0
CI-0038,2026-06-01,588.0,17581.2,,,,2173.0,Refis,500,13,1858,110,507,11,588.0,1270.0,75.14792899408283,0.31646932185145316,0.0,0,0
CI-0038,2026-07-01,519.0,15518.1,,,,1169.0,Refis,500,13,1858,110,507,11,519.0,1339.0,79.23076923076923,0.27933261571582346,0.0,0,0
CI-0038,2026-08-01,549.0,16415.1,,,,2179.0,Refis,500,13,1858,110,507,11,549.0,1309.0,77.45562130177515,0.29547900968783636,0.0,0,0
CI-0038,2026-10-01,,,522.0,,,,Refis,500,13,1858,110,507,11,522.0,1336.0,79.05325443786982,0.28094725511302476,0.0,0,0
CI-0038,2026-11-01,,,619.0,,,,Refis,500,13,1858,110,507,11,619.0,1239.0,73.31360946745562,0.33315392895586654,0.0,0,0
CI-0038,2026-12-01,,,598.0,,,,Refis,500,13,1858,110,507,11,598.0,1260.0,74.55621301775147,0.3218514531754575,0.0,0,0
CI-0039,2024-09-01,565.0,47968.5,,,,,Escolar,400,16,1581,85,558,22,565.0,1016.0,54.623655913978496,0.3573687539531942,0.0,0,0
CI-0039,2024-10-01,554.0,47034.6,,,,,Escolar,400,16,1581,85,558,22,554.0,1027.0,55.215053763440864,0.3504111321948134,0.0,0,0
CI-0039,2024-11-01,716.0,60788.4,,,,,Escolar,400,16,1581,85,558,22,716.0,865.0,46.505376344086024,0.45287792536369387,0.0,0,0
CI-0039,2024-12-01,622.0,52807.799999999996,,,,,Escolar,400,16,1581,85,558,22,622.0,959.0,51.55913978494623,0.39342188488298546,0.0,0,0
CI-0039,2025-01-01,1306.0,110879.40000000001,,,,,Escolar,400,16,1581,85,558,22,1306.0,275.0,14.78494623655914,0.8260594560404807,0.0,0,0
CI-0039,2025-02-01,1342.0,113935.8,,,,,Escolar,400,16,1581,85,558,22,1342.0,239.0,12.849462365591398,0.8488298545224542,0.0,0,0
CI-0039,2025-03-01,554.0,47034.6,,,,,Escolar,400,16,1581,85,558,22,554.0,1027.0,55.215053763440864,0.3504111321948134,0.0,0,0
CI-0039,2025-04-01,588.0,49921.2,,,,,Escolar,400,16,1581,85,558,22,588.0,993.0,53.387096774193544,0.3719165085388994,0.0,0,0
CI-0039,2025-05-01,627.0,53232.3,,,,,Escolar,400,16,1581,85,558,22,627.0,954.0,51.29032258064516,0.396584440227704,0.0,0,0
CI-0039,2025-06-01,513.0,43553.7,,,,,Escolar,400,16,1581,85,558,22,513.0,1068.0,57.41935483870968,0.32447817836812143,0.0,0,0
CI-0039,2025-07-01,573.0,48647.7,,,,,Escolar,400,16,1581,85,558,22,573.0,1008.0,54.193548387096776,0.36242884250474383,0.0,0,0
CI-0039,2025-08-01,590.0,50091.0,,,,,Escolar,400,16,1581,85,558,22,590.0,991.0,53.27956989247312,0.37318153067678683,0.0,0,0
CI-0039,2025-09-01,580.0,49242.0,,,,1049.0,Escolar,400,16,1581,85,558,22,580.0,1001.0,53.81720430107527,0.3668564199873498,0.0,0,0
CI-0039,2025-10-01,570.0,48393.0,,,,1620.0,Escolar,400,16,1581,85,558,22,570.0,1011.0,54.354838709677416,0.3605313092979127,0.0,0,0
CI-0039,2025-11-01,831.0,70551.9,,,,1443.0,Escolar,400,16,1581,85,558,22,831.0,750.0,40.32258064516129,0.5256166982922201,0.0,0,0
CI-0039,2025-12-01,634.0,53826.6,,,,1280.0,Escolar,400,16,1581,85,558,22,634.0,947.0,50.913978494623656,0.4010120177103099,0.0,0,0
CI-0039,2026-01-01,1275.0,108247.5,,,,882.0,Escolar,400,16,1581,85,558,22,1275.0,306.0,16.451612903225804,0.8064516129032258,0.0,0,0
CI-0039,2026-02-01,1273.0,108077.7,,,,2149.0,Escolar,400,16,1581,85,558,22,1273.0,308.0,16.559139784946236,0.8051865907653384,0.0,0,0
CI-0039,2026-03-01,600.0,50940.0,,,,1059.0,Escolar,400,16,1581,85,558,22,600.0,981.0,52.74193548387097,0.3795066413662239,0.0,0,0
CI-0039,2026-04-01,643.0,54590.7,,,,935.0,Escolar,400,16,1581,85,558,22,643.0,938.0,50.43010752688172,0.40670461733080326,0.0,0,0
CI-0039,2026-05-01,612.0,51958.799999999996,,,,1323.0,Escolar,400,16,1581,85,558,22,612.0,969.0,52.096774193548384,0.3870967741935484,0.0,0,0
CI-0039,2026-06-01,640.0,54336.0,,,,1283.0,Escolar,400,16,1581,85,558,22,640.0,941.0,50.59139784946237,0.40480708412397215,0.0,0,0
CI-0039,2026-07-01,665.0,56458.5,,,,910.0,Escolar,400,16,1581,85,558,22,665.0,916.0,49.247311827956985,0.4206198608475648,0.0,0,0
CI-0039,2026-08-01,600.0,50940.0,,,,2158.0,Escolar,400,16,1581,85,558,22,600.0,981.0,52.74193548387097,0.3795066413662239,0.0,0,0
CI-0039,2026-10-01,,,575.0,,,,Escolar,400,16,1581,85,558,22,575.0,1006.0,54.086021505376344,0.36369386464263126,0.0,0,0
CI-0039,2026-11-01,,,681.0,,,,Escolar,400,16,1581,85,558,22,681.0,900.0,48.387096774193544,0.4307400379506641,0.0,0,0
CI-0039,2026-12-01,,,658.0,,,,Escolar,400,16,1581,85,558,22,658.0,923.0,49.623655913978496,0.4161922833649589,0.0,0,0
CI-0040,2024-09-01,654.0,84954.59999999999,,,,,Executivo,200,19,2233,110,609,25,654.0,1579.0,77.78325123152709,0.2928795342588446,0.0,0,0
CI-0040,2024-10-01,534.0,69366.6,,,,,Executivo,200,19,2233,110,609,25,534.0,1699.0,83.69458128078817,0.23914017017465294,0.0,0,0
CI-0040,2024-11-01,766.0,99503.4,,,,,Executivo,200,19,2233,110,609,25,766.0,1467.0,72.26600985221674,0.3430362740707568,0.0,0,0
CI-0040,2024-12-01,570.0,74043.0,,,,,Executivo,200,19,2233,110,609,25,570.0,1663.0,81.92118226600985,0.2552619793999104,0.0,0,0
CI-0040,2025-01-01,552.0,71704.8,,,,,Executivo,200,19,2233,110,609,25,552.0,1681.0,82.80788177339902,0.24720107478728168,0.0,0,0
CI-0040,2025-02-01,559.0,72614.1,,,,,Executivo,200,19,2233,110,609,25,559.0,1674.0,82.46305418719211,0.2503358710255262,0.0,0,0
CI-0040,2025-03-01,527.0,68457.3,,,,,Executivo,200,19,2233,110,609,25,527.0,1706.0,84.03940886699507,0.2360053739364084,0.0,0,0
CI-0040,2025-04-01,538.0,69886.2,,,,,Executivo,200,19,2233,110,609,25,538.0,1695.0,83.4975369458128,0.24093148231079264,0.0,0,0
CI-0040,2025-05-01,519.0,67418.1,,,,,Executivo,200,19,2233,110,609,25,519.0,1714.0,84.43349753694581,0.23242274966412899,0.0,0,0
CI-0040,2025-06-01,500.0,64950.0,,,,,Executivo,200,19,2233,110,609,25,500.0,1733.0,85.36945812807882,0.2239140170174653,0.0,0,0
CI-0040,2025-07-01,479.0,62222.1,,,,,Executivo,200,19,2233,110,609,25,479.0,1754.0,86.4039408866995,0.21450962830273176,0.0,0,0
CI-0040,2025-08-01,422.0,54817.8,,,,,Executivo,200,19,2233,110,609,25,422.0,1811.0,89.21182266009852,0.1889834303627407,0.0,0,0
CI-0040,2025-09-01,454.0,58974.6,,,,2343.0,Executivo,200,19,2233,110,609,25,454.0,1779.0,87.63546798029557,0.20331392745185847,0.0,0,0
CI-0040,2025-10-01,435.0,56506.5,,,,2433.0,Executivo,200,19,2233,110,609,25,435.0,1798.0,88.57142857142858,0.19480519480519481,0.0,0,0
CI-0040,2025-11-01,612.0,79498.8,,,,1842.0,Executivo,200,19,2233,110,609,25,612.0,1621.0,79.85221674876848,0.27407075682937754,0.0,0,0
CI-0040,2025-12-01,419.0,54428.1,,,,2375.0,Executivo,200,19,2233,110,609,25,419.0,1814.0,89.35960591133005,0.1876399462606359,0.0,0,0
CI-0040,2026-01-01,433.0,56246.7,,,,1529.0,Executivo,200,19,2233,110,609,25,433.0,1800.0,88.66995073891626,0.19390953873712494,0.0,0,0
CI-0040,2026-02-01,365.0,47413.5,,,,2043.0,Executivo,200,19,2233,110,609,25,365.0,1868.0,92.01970443349754,0.16345723242274968,0.0,0,1
CI-0040,2026-03-01,350.0,45465.0,,,,1862.0,Executivo,200,19,2233,110,609,25,350.0,1883.0,92.75862068965517,0.15673981191222572,0.0,0,1
CI-0040,2026-04-01,370.0,48063.0,,,,1342.0,Executivo,200,19,2233,110,609,25,370.0,1863.0,91.77339901477832,0.16569637259292433,0.0,0,1
CI-0040,2026-05-01,352.0,45724.8,,,,2435.0,Executivo,200,19,2233,110,609,25,352.0,1881.0,92.66009852216749,0.15763546798029557,0.0,0,1
CI-0040,2026-06-01,354.0,45984.6,,,,2816.0,Executivo,200,19,2233,110,609,25,354.0,1879.0,92.5615763546798,0.15853112404836542,0.0,0,1
CI-0040,2026-07-01,309.0,40139.1,,,,2292.0,Executivo,200,19,2233,110,609,25,309.0,1924.0,94.77832512315271,0.13837886251679354,0.0,0,1
CI-0040,2026-08-01,285.0,37021.5,,,,1732.0,Executivo,200,19,2233,110,609,25,285.0,1948.0,95.96059113300493,0.1276309896999552,0.0,0,1
CI-0040,2026-10-01,,,627.0,,,,Executivo,200,19,2233,110,609,25,627.0,1606.0,79.11330049261085,0.28078817733990147,0.0,0,0
CI-0040,2026-11-01,,,743.0,,,,Executivo,200,19,2233,110,609,25,743.0,1490.0,73.39901477832512,0.33273622928795343,0.0,0,0
CI-0040,2026-12-01,,,719.0,,,,Executivo,200,19,2233,110,609,25,719.0,1514.0,74.58128078817734,0.32198835647111507,0.0,0,0
CI-0041,2024-09-01,603.0,42149.700000000004,,,,,Escolar,400,7,132,6,660,21,603.0,-471.0,-21.40909090909091,4.568181818181818,0.0,1,0
CI-0041,2024-10-01,651.0,45504.9,,,,,Escolar,400,7,132,6,660,21,651.0,-519.0,-23.59090909090909,4.931818181818182,0.0,1,0
CI-0041,2024-11-01,912.0,63748.8,,,,,Escolar,400,7,132,6,660,21,912.0,-780.0,-35.45454545454545,6.909090909090909,0.0,1,0
CI-0041,2024-12-01,654.0,45714.6,,,,,Escolar,400,7,132,6,660,21,654.0,-522.0,-23.727272727272727,4.954545454545454,0.0,1,0
CI-0041,2025-01-01,1670.0,116733.0,,,,,Escolar,400,7,132,6,660,21,1670.0,-1538.0,-69.9090909090909,12.651515151515152,0.0,1,0
CI-0041,2025-02-01,1658.0,115894.2,,,,,Escolar,400,7,132,6,660,21,1658.0,-1526.0,-69.36363636363636,12.56060606060606,0.0,1,0
CI-0041,2025-03-01,738.0,51586.200000000004,,,,,Escolar,400,7,132,6,660,21,738.0,-606.0,-27.545454545454547,5.590909090909091,0.0,1,0
CI-0041,2025-04-01,600.0,41940.0,,,,,Escolar,400,7,132,6,660,21,600.0,-468.0,-21.272727272727273,4.545454545454546,0.0,1,0
CI-0041,2025-05-01,688.0,48091.2,,,,,Escolar,400,7,132,6,660,21,688.0,-556.0,-25.272727272727273,5.212121212121212,0.0,1,0
CI-0041,2025-06-01,600.0,41940.0,,,,,Escolar,400,7,132,6,660,21,600.0,-468.0,-21.272727272727273,4.545454545454546,0.0,1,0
CI-0041,2025-07-01,677.0,47322.3,,,,,Escolar,400,7,132,6,660,21,677.0,-545.0,-24.772727272727273,5.128787878787879,0.0,1,0
CI-0041,2025-08-01,761.0,53193.9,,,,,Escolar,400,7,132,6,660,21,761.0,-629.0,-28.59090909090909,5.765151515151516,0.0,1,0
CI-0041,2025-09-01,692.0,48370.8,,,,171.0,Escolar,400,7,132,6,660,21,692.0,-560.0,-25.454545454545457,5.242424242424242,0.0,1,0
CI-0041,2025-10-01,631.0,44106.9,,,,137.0,Escolar,400,7,132,6,660,21,631.0,-499.0,-22.681818181818183,4.78030303030303,0.0,1,0
CI-0041,2025-11-01,1041.0,72765.9,,,,86.0,Escolar,400,7,132,6,660,21,1041.0,-909.0,-41.31818181818181,7.886363636363637,0.0,1,0
CI-0041,2025-12-01,700.0,48930.0,,,,176.0,Escolar,400,7,132,6,660,21,700.0,-568.0,-25.818181818181817,5.303030303030303,0.0,1,0
CI-0041,2026-01-01,1877.0,131202.30000000002,,,,187.0,Escolar,400,7,132,6,660,21,1877.0,-1745.0,-79.31818181818183,14.219696969696969,0.0,1,0
CI-0041,2026-02-01,1887.0,131901.3,,,,128.0,Escolar,400,7,132,6,660,21,1887.0,-1755.0,-79.77272727272728,14.295454545454545,0.0,1,0
CI-0041,2026-03-01,722.0,50467.8,,,,169.0,Escolar,400,7,132,6,660,21,722.0,-590.0,-26.818181818181817,5.46969696969697,0.0,1,0
CI-0041,2026-04-01,701.0,48999.9,,,,119.0,Escolar,400,7,132,6,660,21,701.0,-569.0,-25.863636363636363,5.3106060606060606,0.0,1,0
CI-0041,2026-05-01,715.0,49978.5,,,,119.0,Escolar,400,7,132,6,660,21,715.0,-583.0,-26.5,5.416666666666667,0.0,1,0
CI-0041,2026-06-01,800.0,55920.0,,,,135.0,Escolar,400,7,132,6,660,21,800.0,-668.0,-30.363636363636367,6.0606060606060606,0.0,1,0
CI-0041,2026-07-01,706.0,49349.4,,,,106.0,Escolar,400,7,132,6,660,21,706.0,-574.0,-26.090909090909093,5.348484848484849,0.0,1,0
CI-0041,2026-08-01,758.0,52984.2,,,,155.0,Escolar,400,7,132,6,660,21,758.0,-626.0,-28.454545454545453,5.742424242424242,0.0,1,0
CI-0041,2026-10-01,,,680.0,,,,Escolar,400,7,132,6,660,21,680.0,-548.0,-24.90909090909091,5.151515151515151,0.0,1,0
CI-0041,2026-11-01,,,805.0,,,,Escolar,400,7,132,6,660,21,805.0,-673.0,-30.590909090909093,6.098484848484849,0.0,1,0
CI-0041,2026-12-01,,,779.0,,,,Escolar,400,7,132,6,660,21,779.0,-647.0,-29.40909090909091,5.901515151515151,0.0,1,0
CI-0042,2024-09-01,707.0,67094.3,,,,,Planner,200,10,711,30,711,23,707.0,4.0,0.16877637130801687,0.9943741209563994,0.0,0,0
CI-0042,2024-10-01,682.0,64721.8,,,,,Planner,200,10,711,30,711,23,682.0,29.0,1.2236286919831223,0.9592123769338959,0.0,0,0
CI-0042,2024-11-01,1292.0,122610.8,,,,,Planner,200,10,711,30,711,23,1292.0,-581.0,-24.514767932489452,1.8171589310829817,0.0,1,0
CI-0042,2024-12-01,1284.0,121851.6,,,,,Planner,200,10,711,30,711,23,1284.0,-573.0,-24.17721518987342,1.8059071729957805,0.0,1,0
CI-0042,2025-01-01,1058.0,100404.2,,,,,Planner,200,10,711,30,711,23,1058.0,-347.0,-14.641350210970465,1.4880450070323488,0.0,1,0
CI-0042,2025-02-01,659.0,62539.1,,,,,Planner,200,10,711,30,711,23,659.0,52.0,2.1940928270042193,0.9268635724331927,0.0,0,0
CI-0042,2025-03-01,710.0,67379.0,,,,,Planner,200,10,711,30,711,23,710.0,1.0,0.04219409282700422,0.9985935302390999,0.0,0,0
CI-0042,2025-04-01,719.0,68233.1,,,,,Planner,200,10,711,30,711,23,719.0,-8.0,-0.33755274261603374,1.0112517580872011,0.0,1,0
CI-0042,2025-05-01,729.0,69182.1,,,,,Planner,200,10,711,30,711,23,729.0,-18.0,-0.7594936708860759,1.0253164556962024,0.0,1,0
CI-0042,2025-06-01,643.0,61020.7,,,,,Planner,200,10,711,30,711,23,643.0,68.0,2.8691983122362865,0.9043600562587905,0.0,0,0
CI-0042,2025-07-01,780.0,74022.0,,,,,Planner,200,10,711,30,711,23,780.0,-69.0,-2.911392405063291,1.0970464135021096,0.0,1,0
CI-0042,2025-08-01,752.0,71364.8,,,,,Planner,200,10,711,30,711,23,752.0,-41.0,-1.729957805907173,1.0576652601969059,0.0,1,0
CI-0042,2025-09-01,803.0,76204.7,,,,950.0,Planner,200,10,711,30,711,23,803.0,-92.0,-3.8818565400843887,1.1293952180028128,0.0,1,0
CI-0042,2025-10-01,831.0,78861.9,,,,957.0,Planner,200,10,711,30,711,23,831.0,-120.0,-5.063291139240506,1.1687763713080168,0.0,1,0
CI-0042,2025-11-01,1287.0,122136.3,,,,707.0,Planner,200,10,711,30,711,23,1287.0,-576.0,-24.30379746835443,1.8101265822784811,0.0,1,0
CI-0042,2025-12-01,1358.0,128874.2,,,,537.0,Planner,200,10,711,30,711,23,1358.0,-647.0,-27.29957805907173,1.909985935302391,0.0,1,0
CI-0042,2026-01-01,1122.0,106477.8,,,,575.0,Planner,200,10,711,30,711,23,1122.0,-411.0,-17.341772151898734,1.5780590717299579,0.0,1,0
CI-0042,2026-02-01,749.0,71080.1,,,,933.0,Planner,200,10,711,30,711,23,749.0,-38.0,-1.6033755274261603,1.0534458509142053,0.0,1,0
CI-0042,2026-03-01,785.0,74496.5,,,,765.0,Planner,200,10,711,30,711,23,785.0,-74.0,-3.1223628691983123,1.1040787623066104,0.0,1,0
CI-0042,2026-04-01,777.0,73737.3,,,,884.0,Planner,200,10,711,30,711,23,777.0,-66.0,-2.7848101265822787,1.0928270042194093,0.0,1,0
CI-0042,2026-05-01,787.0,74686.3,,,,672.0,Planner,200,10,711,30,711,23,787.0,-76.0,-3.2067510548523206,1.1068917018284108,0.0,1,0
CI-0042,2026-06-01,743.0,70510.7,,,,950.0,Planner,200,10,711,30,711,23,743.0,-32.0,-1.350210970464135,1.0450070323488045,0.0,1,0
CI-0042,2026-07-01,849.0,80570.1,,,,751.0,Planner,200,10,711,30,711,23,849.0,-138.0,-5.822784810126582,1.1940928270042195,0.0,1,0
CI-0042,2026-08-01,843.0,80000.7,,,,518.0,Planner,200,10,711,30,711,23,843.0,-132.0,-5.569620253164557,1.1856540084388185,0.0,1,0
CI-0042,2026-10-01,,,732.0,,,,Planner,200,10,711,30,711,23,732.0,-21.0,-0.8860759493670887,1.029535864978903,0.0,1,0
CI-0042,2026-11-01,,,1301.0,,,,Planner,200,10,711,30,711,23,1301.0,-590.0,-24.89451476793249,1.829817158931083,0.0,1,0
CI-0042,2026-12-01,,,1258.0,,,,Planner,200,10,711,30,711,23,1258.0,-547.0,-23.08016877637131,1.769338959212377,0.0,1,0
CI-0043,2024-09-01,800.0,23920.0,,,,,Refis,500,13,2159,85,762,10,800.0,1359.0,53.503937007874015,0.37054191755442334,0.0,0,0
CI-0043,2024-10-01,770.0,23023.0,,,,,Refis,500,13,2159,85,762,10,770.0,1389.0,54.68503937007874,0.3566465956461325,0.0,0,0
CI-0043,2024-11-01,1057.0,31604.3,,,,,Refis,500,13,2159,85,762,10,1057.0,1102.0,43.38582677165354,0.4895785085687818,0.0,0,0
CI-0043,2024-12-01,778.0,23262.2,,,,,Refis,500,13,2159,85,762,10,778.0,1381.0,54.37007874015748,0.3603520148216767,0.0,0,0
CI-0043,2025-01-01,803.0,24009.7,,,,,Refis,500,13,2159,85,762,10,803.0,1356.0,53.38582677165354,0.37193144974525244,0.0,0,0
CI-0043,2025-02-01,780.0,23322.0,,,,,Refis,500,13,2159,85,762,10,780.0,1379.0,54.29133858267716,0.36127836961556276,0.0,0,0
CI-0043,2025-03-01,792.0,23680.8,,,,,Refis,500,13,2159,85,762,10,792.0,1367.0,53.818897637795274,0.3668364983788791,0.0,0,0
CI-0043,2025-04-01,849.0,25385.1,,,,,Refis,500,13,2159,85,762,10,849.0,1310.0,51.574803149606296,0.39323761000463175,0.0,0,0
CI-0043,2025-05-01,775.0,23172.5,,,,,Refis,500,13,2159,85,762,10,775.0,1384.0,54.488188976377955,0.3589624826308476,0.0,0,0
CI-0043,2025-06-01,766.0,22903.4,,,,,Refis,500,13,2159,85,762,10,766.0,1393.0,54.84251968503937,0.3547938860583604,0.0,0,0
CI-0043,2025-07-01,738.0,22066.2,,,,,Refis,500,13,2159,85,762,10,738.0,1421.0,55.944881889763785,0.34182491894395556,0.0,0,0
CI-0043,2025-08-01,868.0,25953.2,,,,,Refis,500,13,2159,85,762,10,868.0,1291.0,50.82677165354331,0.4020379805465493,0.0,0,0
CI-0043,2025-09-01,882.0,26371.8,,,,3024.0,Refis,500,13,2159,85,762,10,882.0,1277.0,50.275590551181104,0.40852246410375176,0.0,0,0
CI-0043,2025-10-01,702.0,20989.8,,,,2509.0,Refis,500,13,2159,85,762,10,702.0,1457.0,57.36220472440945,0.3251505326540065,0.0,0,0
CI-0043,2025-11-01,1100.0,32890.0,,,,2018.0,Refis,500,13,2159,85,762,10,1100.0,1059.0,41.69291338582677,0.5094951366373321,0.0,0,0
CI-0043,2025-12-01,803.0,24009.7,,,,2543.0,Refis,500,13,2159,85,762,10,803.0,1356.0,53.38582677165354,0.37193144974525244,0.0,0,0
CI-0043,2026-01-01,812.0,24278.8,,,,1761.0,Refis,500,13,2159,85,762,10,812.0,1347.0,53.031496062992126,0.3761000463177397,0.0,0,0
CI-0043,2026-02-01,887.0,26521.3,,,,2363.0,Refis,500,13,2159,85,762,10,887.0,1272.0,50.07874015748031,0.4108383510884669,0.0,0,0
CI-0043,2026-03-01,773.0,23112.7,,,,1785.0,Refis,500,13,2159,85,762,10,773.0,1386.0,54.566929133858274,0.35803612783696154,0.0,0,0
CI-0043,2026-04-01,817.0,24428.3,,,,2124.0,Refis,500,13,2159,85,762,10,817.0,1342.0,52.83464566929133,0.3784159333024548,0.0,0,0
CI-0043,2026-05-01,758.0,22664.2,,,,2648.0,Refis,500,13,2159,85,762,10,758.0,1401.0,55.15748031496063,0.35108846688281614,0.0,0,0
CI-0043,2026-06-01,822.0,24577.8,,,,2369.0,Refis,500,13,2159,85,762,10,822.0,1337.0,52.637795275590555,0.38073182028717,0.0,0,0
CI-0043,2026-07-01,777.0,23232.3,,,,2974.0,Refis,500,13,2159,85,762,10,777.0,1382.0,54.40944881889764,0.35988883742473365,0.0,0,0
CI-0043,2026-08-01,743.0,22215.7,,,,2395.0,Refis,500,13,2159,85,762,10,743.0,1416.0,55.74803149606299,0.3441408059286707,0.0,0,0
CI-0043,2026-10-01,,,785.0,,,,Refis,500,13,2159,85,762,10,785.0,1374.0,54.09448818897638,0.3635942566002779,0.0,0,0
CI-0043,2026-11-01,,,930.0,,,,Refis,500,13,2159,85,762,10,930.0,1229.0,48.38582677165355,0.43075497915701716,0.0,0,0
CI-0043,2026-12-01,,,899.0,,,,Refis,500,13,2159,85,762,10,899.0,1260.0,49.60629921259842,0.41639647985178324,0.0,0,0
CI-0044,2024-09-01,724.0,21647.6,,,,,Acessórios,300,16,2981,110,813,13,724.0,2257.0,83.28413284132841,0.24287151962428716,0.0,0,0
CI-0044,2024-10-01,715.0,21378.5,,,,,Acessórios,300,16,2981,110,813,13,715.0,2266.0,83.61623616236162,0.23985239852398524,0.0,0,0
CI-0044,2024-11-01,1141.0,34115.9,,,,,Acessórios,300,16,2981,110,813,13,1141.0,1840.0,67.89667896678966,0.38275746393827575,0.0,0,0
CI-0044,2024-12-01,776.0,23202.399999999998,,,,,Acessórios,300,16,2981,110,813,13,776.0,2205.0,81.36531365313652,0.26031533042603155,0.0,0,0
CI-0044,2025-01-01,784.0,23441.6,,,,,Acessórios,300,16,2981,110,813,13,784.0,2197.0,81.07011070110701,0.2629989936262999,0.0,0,0
CI-0044,2025-02-01,812.0,24278.8,,,,,Acessórios,300,16,2981,110,813,13,812.0,2169.0,80.03690036900369,0.2723918148272392,0.0,0,0
CI-0044,2025-03-01,783.0,23411.7,,,,,Acessórios,300,16,2981,110,813,13,783.0,2198.0,81.1070110701107,0.26266353572626633,0.0,0,0
CI-0044,2025-04-01,857.0,25624.3,,,,,Acessórios,300,16,2981,110,813,13,857.0,2124.0,78.37638376383764,0.28748742032874874,0.0,0,0
CI-0044,2025-05-01,773.0,23112.7,,,,,Acessórios,300,16,2981,110,813,13,773.0,2208.0,81.4760147601476,0.2593089567259309,0.0,0,0
CI-0044,2025-06-01,790.0,23621.0,,,,,Acessórios,300,16,2981,110,813,13,790.0,2191.0,80.84870848708488,0.26501174102650116,0.0,0,0
CI-0044,2025-07-01,792.0,23680.8,,,,,Acessórios,300,16,2981,110,813,13,792.0,2189.0,80.7749077490775,0.2656826568265683,0.0,0,0
CI-0044,2025-08-01,803.0,24009.7,,,,,Acessórios,300,16,2981,110,813,13,803.0,2178.0,80.3690036900369,0.2693726937269373,0.0,0,0
CI-0044,2025-09-01,938.0,28046.2,,,,3245.0,Acessórios,300,16,2981,110,813,13,938.0,2043.0,75.38745387453875,0.31465951023146593,0.0,0,0
CI-0044,2025-10-01,819.0,24488.1,,,,1973.0,Acessórios,300,16,2981,110,813,13,819.0,2162.0,79.77859778597787,0.274740020127474,0.0,0,0
CI-0044,2025-11-01,1022.0,30557.8,,,,4224.0,Acessórios,300,16,2981,110,813,13,1022.0,1959.0,72.28782287822878,0.34283797383428377,0.0,0,0
CI-0044,2025-12-01,807.0,24129.3,,,,2070.0,Acessórios,300,16,2981,110,813,13,807.0,2174.0,80.22140221402215,0.27071452532707146,0.0,0,0
CI-0044,2026-01-01,768.0,22963.2,,,,2465.0,Acessórios,300,16,2981,110,813,13,768.0,2213.0,81.66051660516605,0.25763166722576314,0.0,0,0
CI-0044,2026-02-01,903.0,26999.7,,,,2042.0,Acessórios,300,16,2981,110,813,13,903.0,2078.0,76.6789667896679,0.30291848373029184,0.0,0,0
CI-0044,2026-03-01,961.0,28733.9,,,,4104.0,Acessórios,300,16,2981,110,813,13,961.0,2020.0,74.53874538745387,0.3223750419322375,0.0,0,0
CI-0044,2026-04-01,858.0,25654.2,,,,3573.0,Acessórios,300,16,2981,110,813,13,858.0,2123.0,78.33948339483395,0.2878228782287823,0.0,0,0
CI-0044,2026-05-01,806.0,24099.399999999998,,,,2932.0,Acessórios,300,16,2981,110,813,13,806.0,2175.0,80.25830258302582,0.27037906742703793,0.0,0,0
CI-0044,2026-06-01,788.0,23561.2,,,,2280.0,Acessórios,300,16,2981,110,813,13,788.0,2193.0,80.92250922509226,0.2643408252264341,0.0,0,0
CI-0044,2026-07-01,979.0,29272.1,,,,3712.0,Acessórios,300,16,2981,110,813,13,979.0,2002.0,73.87453874538745,0.3284132841328413,0.0,0,0
CI-0044,2026-08-01,984.0,29421.6,,,,3491.0,Acessórios,300,16,2981,110,813,13,984.0,1997.0,73.690036900369,0.33009057363300903,0.0,0,0
CI-0044,2026-10-01,,,837.0,,,,Acessórios,300,16,2981,110,813,13,837.0,2144.0,79.11439114391143,0.28077826232807784,0.0,0,0
CI-0044,2026-11-01,,,992.0,,,,Acessórios,300,16,2981,110,813,13,992.0,1989.0,73.39483394833948,0.33277423683327745,0.0,0,0
CI-0044,2026-12-01,,,959.0,,,,Acessórios,300,16,2981,110,813,13,959.0,2022.0,74.61254612546125,0.3217041261321704,0.0,0,0
CI-0045,2024-09-01,952.0,33224.8,,,,,Acessórios,300,19,518,18,864,14,952.0,-434.0,-15.069444444444443,1.837837837837838,0.0,1,0
CI-0045,2024-10-01,926.0,32317.4,,,,,Acessórios,300,19,518,18,864,14,926.0,-408.0,-14.166666666666666,1.7876447876447876,0.0,1,0
CI-0045,2024-11-01,1249.0,43590.1,,,,,Acessórios,300,19,518,18,864,14,1249.0,-731.0,-25.381944444444443,2.411196911196911,0.0,1,0
CI-0045,2024-12-01,822.0,28687.8,,,,,Acessórios,300,19,518,18,864,14,822.0,-304.0,-10.555555555555555,1.5868725868725868,0.0,1,0
CI-0045,2025-01-01,965.0,33678.5,,,,,Acessórios,300,19,518,18,864,14,965.0,-447.0,-15.520833333333336,1.8629343629343629,0.0,1,0
CI-0045,2025-02-01,904.0,31549.600000000002,,,,,Acessórios,300,19,518,18,864,14,904.0,-386.0,-13.402777777777777,1.7451737451737452,0.0,1,0
CI-0045,2025-03-01,787.0,27466.3,,,,,Acessórios,300,19,518,18,864,14,787.0,-269.0,-9.340277777777779,1.5193050193050193,0.0,1,0
CI-0045,2025-04-01,979.0,34167.1,,,,,Acessórios,300,19,518,18,864,14,979.0,-461.0,-16.006944444444443,1.88996138996139,0.0,1,0
CI-0045,2025-05-01,933.0,32561.699999999997,,,,,Acessórios,300,19,518,18,864,14,933.0,-415.0,-14.409722222222221,1.8011583011583012,0.0,1,0
CI-0045,2025-06-01,873.0,30467.7,,,,,Acessórios,300,19,518,18,864,14,873.0,-355.0,-12.32638888888889,1.6853281853281854,0.0,1,0
CI-0045,2025-07-01,1002.0,34969.8,,,,,Acessórios,300,19,518,18,864,14,1002.0,-484.0,-16.805555555555557,1.9343629343629343,0.0,1,0
CI-0045,2025-08-01,976.0,34062.4,,,,,Acessórios,300,19,518,18,864,14,976.0,-458.0,-15.902777777777777,1.8841698841698842,0.0,1,0
CI-0045,2025-09-01,951.0,33189.9,,,,570.0,Acessórios,300,19,518,18,864,14,951.0,-433.0,-15.034722222222223,1.835907335907336,0.0,1,0
CI-0045,2025-10-01,854.0,29804.6,,,,445.0,Acessórios,300,19,518,18,864,14,854.0,-336.0,-11.666666666666666,1.6486486486486487,0.0,1,0
CI-0045,2025-11-01,1370.0,47813.0,,,,653.0,Acessórios,300,19,518,18,864,14,1370.0,-852.0,-29.583333333333336,2.6447876447876446,0.0,1,0
CI-0045,2025-12-01,854.0,29804.6,,,,334.0,Acessórios,300,19,518,18,864,14,854.0,-336.0,-11.666666666666666,1.6486486486486487,0.0,1,0
CI-0045,2026-01-01,992.0,34620.8,,,,335.0,Acessórios,300,19,518,18,864,14,992.0,-474.0,-16.458333333333336,1.915057915057915,0.0,1,0
CI-0045,2026-02-01,876.0,30572.399999999998,,,,447.0,Acessórios,300,19,518,18,864,14,876.0,-358.0,-12.430555555555555,1.691119691119691,0.0,1,0
CI-0045,2026-03-01,838.0,29246.2,,,,469.0,Acessórios,300,19,518,18,864,14,838.0,-320.0,-11.11111111111111,1.6177606177606179,0.0,1,0
CI-0045,2026-04-01,940.0,32806.0,,,,410.0,Acessórios,300,19,518,18,864,14,940.0,-422.0,-14.652777777777779,1.8146718146718146,0.0,1,0
CI-0045,2026-05-01,892.0,31130.8,,,,559.0,Acessórios,300,19,518,18,864,14,892.0,-374.0,-12.98611111111111,1.722007722007722,0.0,1,0
CI-0045,2026-06-01,1003.0,35004.7,,,,711.0,Acessórios,300,19,518,18,864,14,1003.0,-485.0,-16.84027777777778,1.9362934362934363,0.0,1,0
CI-0045,2026-07-01,1049.0,36610.1,,,,712.0,Acessórios,300,19,518,18,864,14,1049.0,-531.0,-18.4375,2.025096525096525,0.0,1,0
CI-0045,2026-08-01,1032.0,36016.8,,,,296.0,Acessórios,300,19,518,18,864,14,1032.0,-514.0,-17.84722222222222,1.9922779922779923,0.0,1,0
CI-0045,2026-10-01,,,890.0,,,,Acessórios,300,19,518,18,864,14,890.0,-372.0,-12.916666666666668,1.718146718146718,0.0,1,0
CI-0045,2026-11-01,,,1054.0,,,,Acessórios,300,19,518,18,864,14,1054.0,-536.0,-18.61111111111111,2.034749034749035,0.0,1,0
CI-0045,2026-12-01,,,1020.0,,,,Acessórios,300,19,518,18,864,14,1020.0,-502.0,-17.430555555555554,1.9691119691119692,0.0,1,0
CI-0046,2024-09-01,132.0,10546.8,,,,,Clássico,300,7,90,18,150,14,132.0,-42.0,-8.4,1.4666666666666666,0.0,1,0
CI-0046,2024-10-01,131.0,10466.9,,,,,Clássico,300,7,90,18,150,14,131.0,-41.0,-8.2,1.4555555555555555,0.0,1,0
CI-0046,2024-11-01,222.0,17737.8,,,,,Clássico,300,7,90,18,150,14,222.0,-132.0,-26.4,2.466666666666667,0.0,1,0
CI-0046,2024-12-01,150.0,11985.0,,,,,Clássico,300,7,90,18,150,14,150.0,-60.0,-12.0,1.6666666666666667,0.0,1,0
CI-0046,2025-01-01,141.0,11265.9,,,,,Clássico,300,7,90,18,150,14,141.0,-51.0,-10.200000000000001,1.5666666666666667,0.0,1,0
CI-0046,2025-02-01,149.0,11905.1,,,,,Clássico,300,7,90,18,150,14,149.0,-59.0,-11.799999999999999,1.6555555555555554,0.0,1,0
CI-0046,2025-03-01,143.0,11425.7,,,,,Clássico,300,7,90,18,150,14,143.0,-53.0,-10.6,1.5888888888888888,0.0,1,0
CI-0046,2025-04-01,137.0,10946.3,,,,,Clássico,300,7,90,18,150,14,137.0,-47.0,-9.4,1.5222222222222221,0.0,1,0
CI-0046,2025-05-01,149.0,11905.1,,,,,Clássico,300,7,90,18,150,14,149.0,-59.0,-11.799999999999999,1.6555555555555554,0.0,1,0
CI-0046,2025-06-01,142.0,11345.8,,,,,Clássico,300,7,90,18,150,14,142.0,-52.0,-10.4,1.5777777777777777,0.0,1,0
CI-0046,2025-07-01,141.0,11265.9,,,,,Clássico,300,7,90,18,150,14,141.0,-51.0,-10.200000000000001,1.5666666666666667,0.0,1,0
CI-0046,2025-08-01,156.0,12464.4,,,,,Clássico,300,7,90,18,150,14,156.0,-66.0,-13.2,1.7333333333333334,0.0,1,0
CI-0046,2025-09-01,152.0,12144.8,,,,73.0,Clássico,300,7,90,18,150,14,152.0,-62.0,-12.4,1.6888888888888889,0.0,1,0
CI-0046,2025-10-01,159.0,12704.1,,,,68.0,Clássico,300,7,90,18,150,14,159.0,-69.0,-13.8,1.7666666666666666,0.0,1,0
CI-0046,2025-11-01,188.0,15021.2,,,,94.0,Clássico,300,7,90,18,150,14,188.0,-98.0,-19.6,2.088888888888889,0.0,1,0
CI-0046,2025-12-01,143.0,11425.7,,,,123.0,Clássico,300,7,90,18,150,14,143.0,-53.0,-10.6,1.5888888888888888,0.0,1,0
CI-0046,2026-01-01,154.0,12304.6,,,,83.0,Clássico,300,7,90,18,150,14,154.0,-64.0,-12.8,1.711111111111111,0.0,1,0
CI-0046,2026-02-01,150.0,11985.0,,,,82.0,Clássico,300,7,90,18,150,14,150.0,-60.0,-12.0,1.6666666666666667,0.0,1,0
CI-0046,2026-03-01,152.0,12144.8,,,,81.0,Clássico,300,7,90,18,150,14,152.0,-62.0,-12.4,1.6888888888888889,0.0,1,0
CI-0046,2026-04-01,152.0,12144.8,,,,52.0,Clássico,300,7,90,18,150,14,152.0,-62.0,-12.4,1.6888888888888889,0.0,1,0
CI-0046,2026-05-01,165.0,13183.5,,,,62.0,Clássico,300,7,90,18,150,14,165.0,-75.0,-15.0,1.8333333333333333,0.0,1,0
CI-0046,2026-06-01,163.0,13023.7,,,,89.0,Clássico,300,7,90,18,150,14,163.0,-73.0,-14.600000000000001,1.8111111111111111,0.0,1,0
CI-0046,2026-07-01,159.0,12704.1,,,,54.0,Clássico,300,7,90,18,150,14,159.0,-69.0,-13.8,1.7666666666666666,0.0,1,0
CI-0046,2026-08-01,143.0,11425.7,,,,62.0,Clássico,300,7,90,18,150,14,143.0,-53.0,-10.6,1.5888888888888888,0.0,1,0
CI-0046,2026-10-01,,,154.0,,,,Clássico,300,7,90,18,150,14,154.0,-64.0,-12.8,1.711111111111111,0.0,1,0
CI-0046,2026-11-01,,,183.0,,,,Clássico,300,7,90,18,150,14,183.0,-93.0,-18.6,2.033333333333333,0.0,1,0
CI-0046,2026-12-01,,,177.0,,,,Clássico,300,7,90,18,150,14,177.0,-87.0,-17.4,1.9666666666666666,0.0,1,0
CI-0047,2024-09-01,192.0,22060.8,,,,,Executivo,200,10,67,10,201,26,192.0,-125.0,-18.656716417910445,2.8656716417910446,0.0,1,0
CI-0047,2024-10-01,185.0,21256.5,,,,,Executivo,200,10,67,10,201,26,185.0,-118.0,-17.611940298507463,2.7611940298507465,0.0,1,0
CI-0047,2024-11-01,283.0,32516.7,,,,,Executivo,200,10,67,10,201,26,283.0,-216.0,-32.23880597014925,4.223880597014926,0.0,1,0
CI-0047,2024-12-01,215.0,24703.5,,,,,Executivo,200,10,67,10,201,26,215.0,-148.0,-22.089552238805968,3.208955223880597,0.0,1,0
CI-0047,2025-01-01,185.0,21256.5,,,,,Executivo,200,10,67,10,201,26,185.0,-118.0,-17.611940298507463,2.7611940298507465,0.0,1,0
CI-0047,2025-02-01,188.0,21601.2,,,,,Executivo,200,10,67,10,201,26,188.0,-121.0,-18.059701492537314,2.8059701492537314,0.0,1,0
CI-0047,2025-03-01,219.0,25163.100000000002,,,,,Executivo,200,10,67,10,201,26,219.0,-152.0,-22.686567164179106,3.2686567164179103,0.0,1,0
CI-0047,2025-04-01,192.0,22060.8,,,,,Executivo,200,10,67,10,201,26,192.0,-125.0,-18.656716417910445,2.8656716417910446,0.0,1,0
CI-0047,2025-05-01,208.0,23899.2,,,,,Executivo,200,10,67,10,201,26,208.0,-141.0,-21.044776119402986,3.1044776119402986,0.0,1,0
CI-0047,2025-06-01,188.0,21601.2,,,,,Executivo,200,10,67,10,201,26,188.0,-121.0,-18.059701492537314,2.8059701492537314,0.0,1,0
CI-0047,2025-07-01,224.0,25737.6,,,,,Executivo,200,10,67,10,201,26,224.0,-157.0,-23.432835820895523,3.343283582089552,0.0,1,0
CI-0047,2025-08-01,180.0,20682.0,,,,,Executivo,200,10,67,10,201,26,180.0,-113.0,-16.865671641791046,2.6865671641791047,0.0,1,0
CI-0047,2025-09-01,228.0,26197.2,,,,67.0,Executivo,200,10,67,10,201,26,228.0,-161.0,-24.029850746268657,3.4029850746268657,0.0,1,0
CI-0047,2025-10-01,192.0,22060.8,,,,71.0,Executivo,200,10,67,10,201,26,192.0,-125.0,-18.656716417910445,2.8656716417910446,0.0,1,0
CI-0047,2025-11-01,278.0,31942.2,,,,37.0,Executivo,200,10,67,10,201,26,278.0,-211.0,-31.492537313432834,4.149253731343284,0.0,1,0
CI-0047,2025-12-01,228.0,26197.2,,,,96.0,Executivo,200,10,67,10,201,26,228.0,-161.0,-24.029850746268657,3.4029850746268657,0.0,1,0
CI-0047,2026-01-01,212.0,24358.8,,,,69.0,Executivo,200,10,67,10,201,26,212.0,-145.0,-21.64179104477612,3.1641791044776117,0.0,1,0
CI-0047,2026-02-01,206.0,23669.4,,,,46.0,Executivo,200,10,67,10,201,26,206.0,-139.0,-20.746268656716417,3.074626865671642,0.0,1,0
CI-0047,2026-03-01,212.0,24358.8,,,,51.0,Executivo,200,10,67,10,201,26,212.0,-145.0,-21.64179104477612,3.1641791044776117,0.0,1,0
CI-0047,2026-04-01,208.0,23899.2,,,,79.0,Executivo,200,10,67,10,201,26,208.0,-141.0,-21.044776119402986,3.1044776119402986,0.0,1,0
CI-0047,2026-05-01,203.0,23324.7,,,,37.0,Executivo,200,10,67,10,201,26,203.0,-136.0,-20.29850746268657,3.029850746268657,0.0,1,0
CI-0047,2026-06-01,206.0,23669.4,,,,50.0,Executivo,200,10,67,10,201,26,206.0,-139.0,-20.746268656716417,3.074626865671642,0.0,1,0
CI-0047,2026-07-01,200.0,22980.0,,,,65.0,Executivo,200,10,67,10,201,26,200.0,-133.0,-19.850746268656717,2.985074626865672,0.0,1,0
CI-0047,2026-08-01,192.0,22060.8,,,,86.0,Executivo,200,10,67,10,201,26,192.0,-125.0,-18.656716417910445,2.8656716417910446,0.0,1,0
CI-0047,2026-10-01,,,207.0,130.0,,,Executivo,200,10,67,10,201,26,207.0,-140.0,-20.895522388059703,3.08955223880597,0.6280193236714976,1,0
CI-0047,2026-11-01,,,245.0,,,,Executivo,200,10,67,10,201,26,245.0,-178.0,-26.567164179104477,3.656716417910448,0.0,1,0
CI-0047,2026-12-01,,,237.0,,,,Executivo,200,10,67,10,201,26,237.0,-170.0,-25.37313432835821,3.537313432835821,0.0,1,0
CI-0048,2024-09-01,237.0,7086.3,,,,,Refis,500,13,84,10,252,12,237.0,-153.0,-18.21428571428571,2.8214285714285716,0.0,1,0
CI-0048,2024-10-01,222.0,6637.8,,,,,Refis,500,13,84,10,252,12,222.0,-138.0,-16.42857142857143,2.642857142857143,0.0,1,0
CI-0048,2024-11-01,343.0,10255.7,,,,,Refis,500,13,84,10,252,12,343.0,-259.0,-30.83333333333333,4.083333333333333,0.0,1,0
CI-0048,2024-12-01,257.0,7684.3,,,,,Refis,500,13,84,10,252,12,257.0,-173.0,-20.595238095238095,3.0595238095238093,0.0,1,0
CI-0048,2025-01-01,273.0,8162.7,,,,,Refis,500,13,84,10,252,12,273.0,-189.0,-22.5,3.25,0.0,1,0
CI-0048,2025-02-01,228.0,6817.2,,,,,Refis,500,13,84,10,252,12,228.0,-144.0,-17.142857142857142,2.7142857142857144,0.0,1,0
CI-0048,2025-03-01,224.0,6697.6,,,,,Refis,500,13,84,10,252,12,224.0,-140.0,-16.666666666666668,2.6666666666666665,0.0,1,0
CI-0048,2025-04-01,263.0,7863.7,,,,,Refis,500,13,84,10,252,12,263.0,-179.0,-21.30952380952381,3.130952380952381,0.0,1,0
CI-0048,2025-05-01,232.0,6936.8,,,,,Refis,500,13,84,10,252,12,232.0,-148.0,-17.61904761904762,2.761904761904762,0.0,1,0
CI-0048,2025-06-01,231.0,6906.900000000001,,,,,Refis,500,13,84,10,252,12,231.0,-147.0,-17.5,2.75,0.0,1,0
CI-0048,2025-07-01,240.0,7176.0,,,,,Refis,500,13,84,10,252,12,240.0,-156.0,-18.571428571428573,2.857142857142857,0.0,1,0
CI-0048,2025-08-01,243.0,7265.7,,,,,Refis,500,13,84,10,252,12,243.0,-159.0,-18.928571428571427,2.892857142857143,0.0,1,0
CI-0048,2025-09-01,288.0,8611.2,,,,106.0,Refis,500,13,84,10,252,12,288.0,-204.0,-24.285714285714285,3.4285714285714284,0.0,1,0
CI-0048,2025-10-01,252.0,7534.8,,,,89.0,Refis,500,13,84,10,252,12,252.0,-168.0,-20.0,3.0,0.0,1,0
CI-0048,2025-11-01,314.0,9388.6,,,,114.0,Refis,500,13,84,10,252,12,314.0,-230.0,-27.38095238095238,3.738095238095238,0.0,1,0
CI-0048,2025-12-01,233.0,6966.7,,,,68.0,Refis,500,13,84,10,252,12,233.0,-149.0,-17.738095238095237,2.7738095238095237,0.0,1,0
CI-0048,2026-01-01,240.0,7176.0,,,,108.0,Refis,500,13,84,10,252,12,240.0,-156.0,-18.571428571428573,2.857142857142857,0.0,1,0
CI-0048,2026-02-01,273.0,8162.7,,,,73.0,Refis,500,13,84,10,252,12,273.0,-189.0,-22.5,3.25,0.0,1,0
CI-0048,2026-03-01,270.0,8073.0,,,,76.0,Refis,500,13,84,10,252,12,270.0,-186.0,-22.142857142857146,3.2142857142857144,0.0,1,0
CI-0048,2026-04-01,264.0,7893.6,,,,73.0,Refis,500,13,84,10,252,12,264.0,-180.0,-21.42857142857143,3.142857142857143,0.0,1,0
CI-0048,2026-05-01,289.0,8641.1,,,,97.0,Refis,500,13,84,10,252,12,289.0,-205.0,-24.404761904761905,3.4404761904761907,0.0,1,0
CI-0048,2026-06-01,301.0,8999.9,,,,80.0,Refis,500,13,84,10,252,12,301.0,-217.0,-25.833333333333336,3.5833333333333335,0.0,1,0
CI-0048,2026-07-01,266.0,7953.4,,,,92.0,Refis,500,13,84,10,252,12,266.0,-182.0,-21.666666666666668,3.1666666666666665,0.0,1,0
CI-0048,2026-08-01,256.0,7654.400000000001,,,,114.0,Refis,500,13,84,10,252,12,256.0,-172.0,-20.476190476190478,3.0476190476190474,0.0,1,0
CI-0048,2026-10-01,,,260.0,,,,Refis,500,13,84,10,252,12,260.0,-176.0,-20.952380952380953,3.0952380952380953,0.0,1,0
CI-0048,2026-11-01,,,307.0,,,,Refis,500,13,84,10,252,12,307.0,-223.0,-26.547619047619047,3.6547619047619047,0.0,1,0
CI-0048,2026-12-01,,,297.0,,,,Refis,500,13,84,10,252,12,297.0,-213.0,-25.357142857142858,3.5357142857142856,0.0,1,0
CI-0049,2024-09-01,322.0,9627.8,,,,,Acessórios,300,16,60,6,303,12,322.0,-262.0,-25.940594059405942,5.366666666666666,0.0,1,0
CI-0049,2024-10-01,334.0,9986.6,,,,,Acessórios,300,16,60,6,303,12,334.0,-274.0,-27.128712871287128,5.566666666666666,0.0,1,0
CI-0049,2024-11-01,402.0,12019.8,,,,,Acessórios,300,16,60,6,303,12,402.0,-342.0,-33.86138613861386,6.7,0.0,1,0
CI-0049,2024-12-01,307.0,9179.300000000001,,,,,Acessórios,300,16,60,6,303,12,307.0,-247.0,-24.455445544554454,5.116666666666666,0.0,1,0
CI-0049,2025-01-01,316.0,9448.4,,,,,Acessórios,300,16,60,6,303,12,316.0,-256.0,-25.346534653465348,5.266666666666667,0.0,1,0
CI-0049,2025-02-01,304.0,9089.6,,,,,Acessórios,300,16,60,6,303,12,304.0,-244.0,-24.15841584158416,5.066666666666666,0.0,1,0
CI-0049,2025-03-01,289.0,8641.1,,,,,Acessórios,300,16,60,6,303,12,289.0,-229.0,-22.673267326732674,4.816666666666666,0.0,1,0
CI-0049,2025-04-01,301.0,8999.9,,,,,Acessórios,300,16,60,6,303,12,301.0,-241.0,-23.86138613861386,5.016666666666667,0.0,1,0
CI-0049,2025-05-01,316.0,9448.4,,,,,Acessórios,300,16,60,6,303,12,316.0,-256.0,-25.346534653465348,5.266666666666667,0.0,1,0
CI-0049,2025-06-01,319.0,9538.1,,,,,Acessórios,300,16,60,6,303,12,319.0,-259.0,-25.643564356435643,5.316666666666666,0.0,1,0
CI-0049,2025-07-01,349.0,10435.1,,,,,Acessórios,300,16,60,6,303,12,349.0,-289.0,-28.613861386138613,5.816666666666666,0.0,1,0
CI-0049,2025-08-01,334.0,9986.6,,,,,Acessórios,300,16,60,6,303,12,334.0,-274.0,-27.128712871287128,5.566666666666666,0.0,1,0
CI-0049,2025-09-01,308.0,9209.2,,,,76.0,Acessórios,300,16,60,6,303,12,308.0,-248.0,-24.554455445544555,5.133333333333334,0.0,1,0
CI-0049,2025-10-01,350.0,10465.0,,,,63.0,Acessórios,300,16,60,6,303,12,350.0,-290.0,-28.712871287128714,5.833333333333333,0.0,1,0
CI-0049,2025-11-01,452.0,13514.800000000001,,,,86.0,Acessórios,300,16,60,6,303,12,452.0,-392.0,-38.81188118811881,7.533333333333333,0.0,1,0
CI-0049,2025-12-01,284.0,8491.6,,,,54.0,Acessórios,300,16,60,6,303,12,284.0,-224.0,-22.178217821782177,4.733333333333333,0.0,1,0
CI-0049,2026-01-01,309.0,9239.1,,,,56.0,Acessórios,300,16,60,6,303,12,309.0,-249.0,-24.653465346534652,5.15,0.0,1,0
CI-0049,2026-02-01,284.0,8491.6,,,,44.0,Acessórios,300,16,60,6,303,12,284.0,-224.0,-22.178217821782177,4.733333333333333,0.0,1,0
CI-0049,2026-03-01,352.0,10524.8,,,,77.0,Acessórios,300,16,60,6,303,12,352.0,-292.0,-28.91089108910891,5.866666666666666,0.0,1,0
CI-0049,2026-04-01,316.0,9448.4,,,,35.0,Acessórios,300,16,60,6,303,12,316.0,-256.0,-25.346534653465348,5.266666666666667,0.0,1,0
CI-0049,2026-05-01,343.0,10255.7,,,,64.0,Acessórios,300,16,60,6,303,12,343.0,-283.0,-28.019801980198018,5.716666666666667,0.0,1,0
CI-0049,2026-06-01,304.0,9089.6,,,,65.0,Acessórios,300,16,60,6,303,12,304.0,-244.0,-24.15841584158416,5.066666666666666,0.0,1,0
CI-0049,2026-07-01,326.0,9747.4,,,,54.0,Acessórios,300,16,60,6,303,12,326.0,-266.0,-26.336633663366335,5.433333333333334,0.0,1,0
CI-0049,2026-08-01,307.0,9179.300000000001,,,,80.0,Acessórios,300,16,60,6,303,12,307.0,-247.0,-24.455445544554454,5.116666666666666,0.0,1,0
CI-0049,2026-10-01,,,312.0,,,,Acessórios,300,16,60,6,303,12,312.0,-252.0,-24.950495049504948,5.2,0.0,1,0
CI-0049,2026-11-01,,,370.0,,,,Acessórios,300,16,60,6,303,12,370.0,-310.0,-30.693069306930692,6.166666666666667,0.0,1,0
CI-0049,2026-12-01,,,358.0,,,,Acessórios,300,16,60,6,303,12,358.0,-298.0,-29.504950495049506,5.966666666666667,0.0,1,0
CI-0050,2024-09-01,376.0,33802.4,,,,,Escolar,400,19,118,10,354,21,376.0,-258.0,-21.864406779661014,3.1864406779661016,0.0,1,0
CI-0050,2024-10-01,350.0,31465.0,,,,,Escolar,400,19,118,10,354,21,350.0,-232.0,-19.66101694915254,2.9661016949152543,0.0,1,0
CI-0050,2024-11-01,478.0,42972.2,,,,,Escolar,400,19,118,10,354,21,478.0,-360.0,-30.508474576271183,4.0508474576271185,0.0,1,0
CI-0050,2024-12-01,389.0,34971.1,,,,,Escolar,400,19,118,10,354,21,389.0,-271.0,-22.966101694915253,3.2966101694915255,0.0,1,0
CI-0050,2025-01-01,901.0,80999.9,,,,,Escolar,400,19,118,10,354,21,901.0,-783.0,-66.35593220338983,7.635593220338983,0.0,1,0
CI-0050,2025-02-01,914.0,82168.6,,,,,Escolar,400,19,118,10,354,21,914.0,-796.0,-67.45762711864407,7.745762711864407,0.0,1,0
CI-0050,2025-03-01,350.0,31465.0,,,,,Escolar,400,19,118,10,354,21,350.0,-232.0,-19.66101694915254,2.9661016949152543,0.0,1,0
CI-0050,2025-04-01,389.0,34971.1,,,,,Escolar,400,19,118,10,354,21,389.0,-271.0,-22.966101694915253,3.2966101694915255,0.0,1,0
CI-0050,2025-05-01,370.0,33263.0,,,,,Escolar,400,19,118,10,354,21,370.0,-252.0,-21.35593220338983,3.135593220338983,0.0,1,0
CI-0050,2025-06-01,343.0,30835.7,,,,,Escolar,400,19,118,10,354,21,343.0,-225.0,-19.06779661016949,2.906779661016949,0.0,1,0
CI-0050,2025-07-01,407.0,36589.3,,,,,Escolar,400,19,118,10,354,21,407.0,-289.0,-24.491525423728813,3.4491525423728815,0.0,1,0
CI-0050,2025-08-01,343.0,30835.7,,,,,Escolar,400,19,118,10,354,21,343.0,-225.0,-19.06779661016949,2.906779661016949,0.0,1,0
CI-0050,2025-09-01,342.0,30745.8,,,,111.0,Escolar,400,19,118,10,354,21,342.0,-224.0,-18.98305084745763,2.8983050847457625,0.0,1,0
CI-0050,2025-10-01,326.0,29307.4,,,,111.0,Escolar,400,19,118,10,354,21,326.0,-208.0,-17.627118644067796,2.76271186440678,0.0,1,0
CI-0050,2025-11-01,503.0,45219.7,,,,75.0,Escolar,400,19,118,10,354,21,503.0,-385.0,-32.62711864406779,4.262711864406779,0.0,1,0
CI-0050,2025-12-01,373.0,33532.7,,,,152.0,Escolar,400,19,118,10,354,21,373.0,-255.0,-21.610169491525422,3.1610169491525424,0.0,1,0
CI-0050,2026-01-01,970.0,87203.0,,,,131.0,Escolar,400,19,118,10,354,21,970.0,-852.0,-72.20338983050847,8.220338983050848,0.0,1,0
CI-0050,2026-02-01,850.0,76415.0,,,,139.0,Escolar,400,19,118,10,354,21,850.0,-732.0,-62.03389830508474,7.203389830508475,0.0,1,0
CI-0050,2026-03-01,338.0,30386.2,,,,140.0,Escolar,400,19,118,10,354,21,338.0,-220.0,-18.64406779661017,2.864406779661017,0.0,1,0
CI-0050,2026-04-01,414.0,37218.6,,,,167.0,Escolar,400,19,118,10,354,21,414.0,-296.0,-25.08474576271186,3.5084745762711864,0.0,1,0
CI-0050,2026-05-01,343.0,30835.7,,,,80.0,Escolar,400,19,118,10,354,21,343.0,-225.0,-19.06779661016949,2.906779661016949,0.0,1,0
CI-0050,2026-06-01,370.0,33263.0,,,,95.0,Escolar,400,19,118,10,354,21,370.0,-252.0,-21.35593220338983,3.135593220338983,0.0,1,0
CI-0050,2026-07-01,343.0,30835.7,,,,148.0,Escolar,400,19,118,10,354,21,343.0,-225.0,-19.06779661016949,2.906779661016949,0.0,1,0
CI-0050,2026-08-01,404.0,36319.6,,,,106.0,Escolar,400,19,118,10,354,21,404.0,-286.0,-24.23728813559322,3.4237288135593222,0.0,1,0
CI-0050,2026-10-01,,,365.0,,,,Escolar,400,19,118,10,354,21,365.0,-247.0,-20.93220338983051,3.093220338983051,0.0,1,0
CI-0050,2026-11-01,,,432.0,,,,Escolar,400,19,118,10,354,21,432.0,-314.0,-26.610169491525426,3.6610169491525424,0.0,1,0
CI-0050,2026-12-01,,,418.0,,,,Escolar,400,19,118,10,354,21,418.0,-300.0,-25.423728813559322,3.542372881355932,0.0,1,0
