sku,mes,quantidade_faturada,valor_faturado_r,previsao_unidades,quantidade_pedidos,quantidade_ordens,estoque_fechamento,familia,lote_minimo,estoque_segurança_dias,estoque_atual,cobertura_dias,demanda_media_mensal,lead_time_dias,demanda_prevista,estoque_projetado,cobertura_estimativa_dias,pressao_demanda,pressao_pedidos,risco_ruptura_hipotese,risco_excesso_hipotese,demanda_media_3m,demanda_media_6m,desvio_demanda_6m,coeficiente_variacao,tendencia_demanda,demanda_recente,estoque_relativo_demanda,estoque_vs_segurança,pedidos_vs_demanda,ordens_vs_demanda,lead_time_vs_horizonte,periodo,risco_ruptura_score,risco_excesso_score,score_operacional
CI-0001,2024-09-01,159.0,12704.1,,0.0,0.0,,Clássico,300,7,90,0.0,150,14,159.0,-69.0,-13.8,1.7666666666666666,0.0,1,0,,,0.0,0.0,,0.0,0.0,12.857142857142858,0.0,0.0,0.4666666666666667,2024-09,1,1,0.8
CI-0001,2024-10-01,160.0,12784.0,,0.0,0.0,,Clássico,300,7,90,16.9811320754717,150,14,160.0,-70.0,-14.0,1.7777777777777777,0.0,1,0,159.0,159.0,0.0,0.0,,159.0,0.5660377358490566,12.857142857142858,0.0,0.0,0.4666666666666667,2024-10,1,0,0.8044444444444445
CI-0001,2024-11-01,231.0,18456.9,,0.0,0.0,,Clássico,300,7,90,16.927899686520373,150,14,231.0,-141.0,-28.2,2.566666666666667,0.0,1,0,159.5,159.5,0.7071067811865476,0.004433271355401552,1.0,160.0,0.5642633228840125,12.857142857142858,0.0,0.0,0.4666666666666667,2024-11,1,0,1.1206649907033104
CI-0001,2024-12-01,165.0,13183.5,,0.0,0.0,,Clássico,300,7,90,14.727272727272727,150,14,165.0,-75.0,-15.0,1.8333333333333333,0.0,1,0,183.33333333333334,183.33333333333334,41.28357219685977,0.22518312107378058,36.0,231.0,0.4909090909090909,12.857142857142858,0.0,0.0,0.4666666666666667,2024-12,1,0,0.8604441348277339
CI-0001,2025-01-01,177.0,14142.3,,0.0,0.0,,Clássico,300,7,90,15.104895104895107,150,14,177.0,-87.0,-17.4,1.9666666666666663,0.0,1,0,185.33333333333334,178.75,34.93207694941713,0.19542420671002592,2.0,165.0,0.5034965034965035,12.857142857142858,0.0,0.0,0.4666666666666667,2025-01,1,0,0.9093136310065039
CI-0001,2025-02-01,179.0,14302.1,,0.0,0.0,,Clássico,300,7,90,15.134529147982063,150,14,179.0,-89.0,-17.8,1.988888888888889,0.0,1,0,191.0,178.4,30.26218762746672,0.16963109656651748,5.666666666666667,177.0,0.5044843049327354,12.857142857142858,0.0,0.0,0.4666666666666667,2025-02,1,0,0.9143335533738666
CI-0001,2025-03-01,168.0,13423.2,,0.0,0.0,,Clássico,300,7,90,15.126050420168067,150,14,168.0,-78.0,-15.6,1.8666666666666667,0.0,1,0,173.66666666666666,178.5,27.068431797945,0.1516438756187395,-17.333333333333332,179.0,0.5042016806722689,12.857142857142858,0.0,0.0,0.4666666666666667,2025-03,1,0,0.862746581342811
CI-0001,2025-04-01,189.0,15101.1,,0.0,0.0,,Clássico,300,7,90,15.0,150,14,189.0,-99.0,-19.8,2.1,0.0,1,0,174.66666666666666,180.0,25.999999999999996,0.14444444444444443,1.0,168.0,0.5,12.857142857142858,0.0,0.0,0.4666666666666667,2025-04,1,0,0.9550000000000001
CI-0001,2025-05-01,173.0,13822.7,,0.0,0.0,,Clássico,300,7,90,14.60775473399459,150,14,173.0,-83.0,-16.6,1.9222222222222225,0.0,1,0,178.66666666666666,184.83333333333334,24.169540059063323,0.1307639678578719,4.0,189.0,0.48692515779981965,12.857142857142858,0.0,0.0,0.4666666666666667,2025-05,1,0,0.8818368174009033
CI-0001,2025-06-01,161.0,12863.9,,0.0,0.0,,Clássico,300,7,90,15.413891531874405,150,14,161.0,-71.0,-14.2,1.788888888888889,0.0,1,0,176.66666666666666,175.16666666666666,8.588752334691398,0.04903188773372825,-2.0,173.0,0.5137963843958135,12.857142857142858,0.0,0.0,0.4666666666666667,2025-06,1,0,0.8162436720489482
CI-0001,2025-07-01,190.0,15181.0,,0.0,0.0,,Clássico,300,7,90,15.472779369627506,150,14,190.0,-100.0,-20.0,2.111111111111111,0.0,1,0,174.33333333333334,174.5,9.628083921528738,0.05517526602595265,-2.3333333333333335,161.0,0.5157593123209169,12.857142857142858,0.0,0.0,0.4666666666666667,2025-07,1,0,0.9460540676816709
CI-0001,2025-08-01,192.0,15340.8,,0.0,0.0,,Clássico,300,7,90,15.283018867924529,150,14,192.0,-102.0,-20.4,2.1333333333333333,0.0,1,0,174.66666666666666,176.66666666666666,11.570076346622217,0.06549099818842764,0.3333333333333333,190.0,0.5094339622641509,12.857142857142858,0.0,0.0,0.4666666666666667,2025-08,1,0,0.9564903163949309
CI-0001,2025-09-01,177.0,14142.3,,0.0,0.0,89.0,Clássico,300,7,90,15.097856477166822,150,14,177.0,-87.0,-17.4,1.9666666666666663,0.0,1,0,181.0,178.83333333333334,13.197221929886116,0.07379620836842189,6.333333333333333,192.0,0.5032618825722274,12.857142857142858,0.0,0.0,0.4666666666666667,2025-09,1,0,0.8910694312552633
CI-0001,2025-10-01,200.0,15980.0,,0.0,0.0,111.0,Clássico,300,7,90,14.972273567467653,150,14,200.0,-110.0,-22.0,2.2222222222222223,0.0,1,0,186.33333333333334,180.33333333333334,12.192894105447937,0.06761309115775196,5.333333333333333,177.0,0.49907578558225507,12.857142857142858,0.0,0.0,0.4666666666666667,2025-10,1,0,0.9923641858958852
CI-0001,2025-11-01,265.0,21173.5,,0.0,0.0,128.0,Clássico,300,7,90,14.821591948764869,150,14,265.0,-175.0,-35.0,2.9444444444444446,0.0,1,0,189.66666666666666,182.16666666666666,14.386336109887994,0.07897348276242266,3.3333333333333335,200.0,0.49405306495882895,12.857142857142858,0.0,0.0,0.4666666666666667,2025-11,1,0,1.2829571335254746
CI-0001,2025-12-01,215.0,17178.5,,0.0,0.0,54.0,Clássico,300,7,90,13.670886075949367,150,14,215.0,-125.0,-25.0,2.388888888888889,0.0,1,0,214.0,197.5,35.7812800218215,0.18117103808517215,24.333333333333332,265.0,0.45569620253164556,12.857142857142858,0.0,0.0,0.4666666666666667,2025-12,1,0,1.0760645446016648
CI-0001,2026-01-01,226.0,18057.4,,0.0,0.0,57.0,Clássico,300,7,90,13.075060532687651,150,14,226.0,-136.0,-27.2,2.511111111111111,0.0,1,0,226.66666666666666,206.5,31.271392677653548,0.15143531563028353,12.666666666666666,215.0,0.4358353510895884,12.857142857142858,0.0,0.0,0.4666666666666667,2026-01,1,0,1.1204930751223203
CI-0001,2026-02-01,226.0,18057.4,,0.0,0.0,123.0,Clássico,300,7,90,12.705882352941176,150,14,226.0,-136.0,-27.2,2.511111111111111,0.0,1,0,235.33333333333334,212.5,30.924100633648255,0.14552517945246238,8.666666666666666,226.0,0.4235294117647059,12.857142857142858,0.0,0.0,0.4666666666666667,2026-02,1,0,1.119606554695647
CI-0001,2026-03-01,216.0,17258.399999999998,,0.0,0.0,98.0,Clássico,300,7,90,12.375859434682965,150,14,216.0,-126.0,-25.2,2.4,0.0,1,0,222.33333333333334,218.16666666666666,29.49858753680711,0.13521124921378355,-13.0,226.0,0.4125286478227655,12.857142857142858,0.0,0.0,0.4666666666666667,2026-03,1,0,1.0736150207154007
CI-0001,2026-04-01,209.0,16699.1,,0.0,0.0,69.0,Clássico,300,7,90,12.01780415430267,150,14,209.0,-119.0,-23.8,2.3222222222222224,0.0,1,0,222.66666666666666,224.66666666666666,21.942348704427072,0.09766624052415611,0.3333333333333333,216.0,0.40059347181008903,12.857142857142858,0.0,0.0,0.4666666666666667,2026-04,1,0,1.0368721583008458
CI-0001,2026-05-01,210.0,16779.0,,0.0,0.0,120.0,Clássico,300,7,90,11.938098747236552,150,14,210.0,-120.0,-24.0,2.333333333333333,0.0,1,0,217.0,226.16666666666666,20.153577019146564,0.08910940465355888,-5.666666666666667,209.0,0.39793662490788506,12.857142857142858,0.0,0.0,0.4666666666666667,2026-05,1,0,1.0400330773647004
CI-0001,2026-06-01,201.0,16059.9,,0.0,0.0,70.0,Clássico,300,7,90,12.442396313364055,150,14,201.0,-111.0,-22.2,2.2333333333333334,0.0,1,0,211.66666666666666,217.0,7.483314773548212,0.03448532153708853,-5.333333333333333,210.0,0.4147465437788018,12.857142857142858,0.0,0.0,0.4666666666666667,2026-06,1,0,0.9918394648972301
CI-0001,2026-07-01,206.0,16459.4,,0.0,0.0,60.0,Clássico,300,7,90,12.577639751552795,150,14,206.0,-116.0,-23.2,2.2888888888888888,0.0,1,0,206.66666666666666,214.66666666666666,9.993331109628622,0.046552784672183024,-5.0,201.0,0.4192546583850932,12.857142857142858,0.0,0.0,0.4666666666666667,2026-07,1,0,1.0158718065897163
CI-0001,2026-08-01,228.0,18217.2,,0.0,0.0,124.0,Clássico,300,7,90,12.776025236593059,150,14,228.0,-138.0,-27.6,2.533333333333333,0.0,1,0,205.66666666666666,211.33333333333334,8.710147338975998,0.04121520822859305,-1.0,206.0,0.4258675078864353,12.857142857142858,0.0,0.0,0.4666666666666667,2026-08,1,0,1.1128489479009556
CI-0001,2026-10-01,,,154.0,0.0,0.0,,Clássico,300,7,90,12.755905511811024,150,14,154.0,-64.0,-12.8,1.711111111111111,0.0,1,0,211.66666666666666,211.66666666666666,9.395034149308383,0.04438598810696874,6.0,228.0,0.4251968503937008,12.857142857142858,0.0,0.0,0.4666666666666667,2026-10,1,0,0.7844356759938231
CI-0001,2026-11-01,,,183.0,0.0,0.0,,Clássico,300,7,90,12.808349146110057,150,14,183.0,-93.0,-18.6,2.033333333333333,0.0,1,0,217.0,210.8,10.232301793829425,0.048540331090272414,13.5,0.0,0.4269449715370019,12.857142857142858,0.0,0.0,0.4666666666666667,2026-11,1,0,0.9139477163302075
CI-0001,2026-12-01,,,177.0,0.0,0.0,,Clássico,300,7,90,12.781065088757396,150,14,177.0,-87.0,-17.4,1.9666666666666663,0.0,1,0,228.0,211.25,11.757976016305129,0.05565905806534972,22.0,0.0,0.4260355029585799,12.857142857142858,0.0,0.0,0.4666666666666667,2026-12,1,0,0.8883488587098025
CI-0002,2024-09-01,213.0,18083.7,,0.0,0.0,,Clássico,300,10,40,0.0,201,15,213.0,-173.0,-25.82089552238806,5.325,0.0,1,0,,,0.0,0.0,,0.0,0.0,4.0,0.0,0.0,0.5,2024-09,1,1,2.2300000000000004
CI-0002,2024-10-01,204.0,17319.6,,0.0,0.0,,Clássico,300,10,40,5.633802816901408,201,15,204.0,-164.0,-24.477611940298505,5.1,0.0,1,0,213.0,213.0,0.0,0.0,,213.0,0.18779342723004694,4.0,0.0,0.0,0.5,2024-10,1,0,2.14
CI-0002,2024-11-01,301.0,25554.9,,0.0,0.0,,Clássico,300,10,40,5.755395683453237,201,15,301.0,-261.0,-38.95522388059702,7.525,0.0,1,0,208.5,208.5,6.363961030678928,0.030522594871361764,-9.0,204.0,0.19184652278177458,4.0,0.0,0.0,0.5,2024-11,1,0,3.1145783892307044
CI-0002,2024-12-01,191.0,16215.9,,0.0,0.0,,Clássico,300,10,40,5.013927576601671,201,15,191.0,-151.0,-22.537313432835823,4.775,0.0,1,0,239.33333333333334,239.33333333333334,53.594153910042586,0.22393100519516398,44.0,301.0,0.1671309192200557,4.0,0.0,0.0,0.5,2024-12,1,0,2.043589650779275
CI-0002,2025-01-01,183.0,15536.7,,0.0,0.0,,Clássico,300,10,40,5.2805280528052805,201,15,183.0,-143.0,-21.34328358208955,4.575,0.0,1,0,232.0,227.25,49.989165492801206,0.2199743256008854,-7.333333333333333,191.0,0.17601760176017603,4.0,0.0,0.0,0.5,2025-01,1,0,1.962996148840133
CI-0002,2025-02-01,214.0,18168.6,,0.0,0.0,,Clássico,300,10,40,5.4945054945054945,201,15,214.0,-174.0,-25.970149253731343,5.35,0.0,1,0,225.0,218.4,47.60042016621282,0.21795064178668874,-7.0,183.0,0.18315018315018314,4.0,0.0,0.0,0.5,2025-02,1,0,2.2726925962680036
CI-0002,2025-03-01,180.0,15282.0,,0.0,0.0,,Clássico,300,10,40,5.51301684532925,201,15,180.0,-140.0,-20.895522388059703,4.5,0.0,1,0,196.0,217.66666666666666,42.61298706576044,0.19577176293611231,-29.0,214.0,0.18376722817764166,4.0,0.0,0.0,0.5,2025-03,1,0,1.929365764440417
CI-0002,2025-04-01,189.0,16046.1,,0.0,0.0,,Clássico,300,10,40,5.65593087195601,201,15,189.0,-149.0,-22.23880597014925,4.725,0.0,1,0,192.33333333333334,212.16666666666666,45.375837916964876,0.2138688354295281,-3.6666666666666665,180.0,0.18853102906520033,4.0,0.0,0.0,0.5,2025-04,1,0,2.022080325314429
CI-0002,2025-05-01,184.0,15621.6,,0.0,0.0,,Clássico,300,10,40,5.723370429252783,201,15,184.0,-144.0,-21.492537313432837,4.6,0.0,1,0,194.33333333333334,209.66666666666666,46.31918249134658,0.2209181994817802,2.0,189.0,0.1907790143084261,4.0,0.0,0.0,0.5,2025-05,1,0,1.973137729922267
CI-0002,2025-06-01,227.0,19272.3,,0.0,0.0,,Clássico,300,10,40,6.3102541630149,201,15,227.0,-187.0,-27.91044776119403,5.675,0.0,1,0,184.33333333333334,190.16666666666666,12.351787994726461,0.06495243467866675,-10.0,184.0,0.21034180543383,4.0,0.0,0.0,0.5,2025-06,1,0,2.3797428652018002
CI-0002,2025-07-01,227.0,19272.3,,0.0,0.0,,Clássico,300,10,40,6.117247238742566,201,15,227.0,-187.0,-27.91044776119403,5.675,0.0,1,0,200.0,196.16666666666666,19.50811796833996,0.09944665064574322,15.666666666666666,227.0,0.20390824129141888,4.0,0.0,0.0,0.5,2025-07,1,0,2.3849169975968616
CI-0002,2025-08-01,222.0,18847.8,,0.0,0.0,,Clássico,300,10,40,5.896805896805897,201,15,222.0,-182.0,-27.16417910447761,5.55,0.0,1,0,212.66666666666666,203.5,21.7140507506085,0.10670295209144226,12.666666666666666,227.0,0.19656019656019655,4.0,0.0,0.0,0.5,2025-08,1,0,2.3360054428137165
CI-0002,2025-09-01,203.0,17234.7,,0.0,0.0,35.0,Clássico,300,10,40,5.8584214808787625,201,15,203.0,-163.0,-24.328358208955223,5.075,0.0,1,0,225.33333333333334,204.83333333333334,22.710496838833542,0.11087305210170972,12.666666666666666,222.0,0.1952807160292921,4.0,0.0,0.0,0.5,2025-09,1,0,2.146630957815257
CI-0002,2025-10-01,217.0,18423.3,,0.0,0.0,52.0,Clássico,300,10,40,5.750798722044729,201,15,217.0,-177.0,-26.417910447761194,5.425,0.0,1,0,217.33333333333334,208.66666666666666,19.376962266223984,0.09286084153142485,-8.0,203.0,0.1916932907348243,4.0,0.0,0.0,0.5,2025-10,1,0,2.283929126229714
CI-0002,2025-11-01,252.0,21394.8,,0.0,0.0,49.0,Clássico,300,10,40,5.625,201,15,252.0,-212.0,-31.64179104477612,6.3,0.0,1,0,214.0,213.33333333333334,16.907591983090555,0.07925433742073697,-3.3333333333333335,217.0,0.1875,4.0,0.0,0.0,0.5,2025-11,1,0,2.6318881506131104
CI-0002,2025-12-01,185.0,15706.5,,0.0,0.0,33.0,Clássico,300,10,40,5.3412462908011875,201,15,185.0,-145.0,-21.64179104477612,4.625,0.0,1,0,224.0,224.66666666666666,16.083117442419788,0.07158657615320381,10.0,252.0,0.17804154302670624,4.0,0.0,0.0,0.5,2025-12,1,0,1.9607379864229808
CI-0002,2026-01-01,222.0,18847.8,,0.0,0.0,45.0,Clássico,300,10,40,5.51301684532925,201,15,222.0,-182.0,-27.16417910447761,5.55,0.0,1,0,218.0,217.66666666666666,22.659802882343612,0.10410322916850052,-6.0,185.0,0.18376722817764166,4.0,0.0,0.0,0.5,2026-01,1,0,2.335615484375275
CI-0002,2026-02-01,189.0,16046.1,,0.0,0.0,56.0,Clássico,300,10,40,5.534204458109146,201,15,189.0,-149.0,-22.23880597014925,4.725,0.0,1,0,219.66666666666666,216.83333333333334,22.337561788759935,0.10301719502886979,1.6666666666666667,222.0,0.18447348193697155,4.0,0.0,0.0,0.5,2026-02,1,0,2.0054525792543303
CI-0002,2026-03-01,217.0,18423.3,,0.0,0.0,33.0,Clássico,300,10,40,5.678233438485804,201,15,217.0,-177.0,-26.417910447761194,5.425,0.0,1,0,198.66666666666666,211.33333333333334,24.74402284727906,0.11708528161173055,-21.0,189.0,0.1892744479495268,4.0,0.0,0.0,0.5,2026-03,1,0,2.2875627922417596
CI-0002,2026-04-01,200.0,16980.0,,0.0,0.0,25.0,Clássico,300,10,40,5.61622464898596,201,15,200.0,-160.0,-23.88059701492537,5.0,0.0,1,0,209.33333333333334,213.66666666666666,24.45949031902889,0.11447499369280292,10.666666666666666,217.0,0.187207488299532,4.0,0.0,0.0,0.5,2026-04,1,0,2.1171712490539205
CI-0002,2026-05-01,212.0,17998.8,,0.0,0.0,23.0,Clássico,300,10,40,5.691699604743083,201,15,212.0,-172.0,-25.671641791044777,5.3,0.0,1,0,202.0,210.83333333333334,24.975321152423007,0.11846002127631465,-7.333333333333333,200.0,0.18972332015810275,4.0,0.0,0.0,0.5,2026-05,1,0,2.2377690031914472
CI-0002,2026-06-01,240.0,20376.0,,0.0,0.0,23.0,Clássico,300,10,40,5.877551020408164,201,15,240.0,-200.0,-29.85074626865672,6.0,0.0,1,0,209.66666666666666,204.16666666666666,15.223884742951396,0.0745659660879252,7.666666666666667,212.0,0.1959183673469388,4.0,0.0,0.0,0.5,2026-06,1,0,2.5111848949131894
CI-0002,2026-07-01,222.0,18847.8,,0.0,0.0,55.0,Clássico,300,10,40,5.625,201,15,222.0,-182.0,-27.16417910447761,5.55,0.0,1,0,217.33333333333334,213.33333333333334,17.72756798510917,0.08309797493019924,7.666666666666667,240.0,0.1875,4.0,0.0,0.0,0.5,2026-07,1,0,2.3324646962395303
CI-0002,2026-08-01,206.0,17489.4,,0.0,0.0,50.0,Clássico,300,10,40,5.625,201,15,206.0,-166.0,-24.776119402985078,5.15,0.0,1,0,224.66666666666666,213.33333333333334,17.72756798510917,0.08309797493019924,7.333333333333333,222.0,0.1875,4.0,0.0,0.0,0.5,2026-08,1,0,2.17246469623953
CI-0002,2026-10-01,,,207.0,0.0,0.0,,Clássico,300,10,40,5.5512721665381655,201,15,207.0,-167.0,-24.92537313432836,5.175,0.0,1,0,222.66666666666666,216.16666666666666,14.034481346550269,0.06492435472575298,-2.0,206.0,0.1850424055512722,4.0,0.0,0.0,0.5,2026-10,1,0,2.179738653208863
CI-0002,2026-11-01,,,245.0,0.0,0.0,,Clássico,300,10,40,5.555555555555555,201,15,245.0,-205.0,-30.59701492537313,6.125,0.0,1,0,214.0,216.0,15.684387141358153,0.07261290343221367,-17.0,0.0,0.18518518518518517,4.0,0.0,0.0,0.5,2026-11,1,0,2.5608919355148325
CI-0002,2026-12-01,,,237.0,0.0,0.0,,Clássico,300,10,40,5.454545454545455,201,15,237.0,-197.0,-29.402985074626866,5.925,0.0,1,0,206.0,220.0,14.877275736280954,0.06762398061945887,-16.0,0.0,0.18181818181818182,4.0,0.0,0.0,0.5,2026-12,1,0,2.480143597092919
CI-0003,2024-09-01,231.0,20766.9,,0.0,0.0,,Clássico,300,13,462,0.0,252,16,231.0,231.0,27.5,0.5,0.0,0,0,,,0.0,0.0,,0.0,0.0,35.53846153846154,0.0,0.0,0.5333333333333333,2024-09,1,1,0.3066666666666667
CI-0003,2024-10-01,222.0,19957.8,,0.0,0.0,,Clássico,300,13,462,60.0,252,16,222.0,240.0,28.57142857142857,0.4805194805194805,0.0,0,0,231.0,231.0,0.0,0.0,,231.0,2.0,35.53846153846154,0.0,0.0,0.5333333333333333,2024-10,0,0,0.2988744588744589
CI-0003,2024-11-01,322.0,28947.8,,0.0,0.0,,Clássico,300,13,462,61.19205298013246,252,16,322.0,140.0,16.666666666666668,0.696969696969697,0.0,0,0,226.5,226.5,6.363961030678928,0.028096958192842948,-9.0,222.0,2.0397350993377485,35.53846153846154,0.0,0.0,0.5333333333333333,2024-11,0,0,0.38966908918347193
CI-0003,2024-12-01,273.0,24542.7,,0.0,0.0,,Clássico,300,13,462,53.65161290322581,252,16,273.0,189.0,22.5,0.5909090909090909,0.0,0,0,258.3333333333333,258.3333333333333,55.32027958473578,0.21414301774736433,45.5,322.0,1.7883870967741937,35.53846153846154,0.0,0.0,0.5333333333333333,2024-12,0,0,0.3751517556924077
CI-0003,2025-01-01,278.0,24992.2,,0.0,0.0,,Clássico,300,13,462,52.900763358778626,252,16,278.0,184.0,21.904761904761905,0.6017316017316018,0.0,0,0,272.3333333333333,262.0,45.76024475459021,0.17465742272744356,14.0,273.0,1.7633587786259541,35.53846153846154,0.0,0.0,0.5333333333333333,2025-01,0,0,0.373557920768424
CI-0003,2025-02-01,231.0,20766.9,,0.0,0.0,,Clássico,300,13,462,52.262443438914026,252,16,231.0,231.0,27.5,0.5,0.0,0,0,291.0,265.2,40.2703364773626,0.1518489309101154,18.666666666666668,278.0,1.742081447963801,35.53846153846154,0.0,0.0,0.5333333333333333,2025-02,0,0,0.329444006303184
CI-0003,2025-03-01,224.0,20137.6,,0.0,0.0,,Clássico,300,13,462,53.410404624277454,252,16,224.0,238.0,28.33333333333333,0.4848484848484848,0.0,0,0,260.6666666666667,259.5,38.6302989892649,0.1488643506330054,-30.333333333333332,231.0,1.7803468208092486,35.53846153846154,0.0,0.0,0.5333333333333333,2025-03,0,0,0.3229357132010114
CI-0003,2025-04-01,268.0,24093.2,,0.0,0.0,,Clássico,300,13,462,53.65161290322581,252,16,268.0,194.0,23.09523809523809,0.5800865800865801,0.0,0,0,244.33333333333334,258.3333333333333,39.75256805121736,0.15388090858535752,-16.333333333333332,224.0,1.7883870967741937,35.53846153846154,0.0,0.0,0.5333333333333333,2025-04,0,0,0.36178343498910237
CI-0003,2025-05-01,277.0,24902.3,,0.0,0.0,,Clássico,300,13,462,52.10526315789474,252,16,277.0,185.0,22.02380952380952,0.5995670995670995,0.0,0,0,241.0,266.0,35.55840266378681,0.13367820550295792,-3.3333333333333335,268.0,1.736842105263158,35.53846153846154,0.0,0.0,0.5333333333333333,2025-05,0,0,0.3665452373189502
CI-0003,2025-06-01,251.0,22564.9,,0.0,0.0,,Clássico,300,13,462,53.61702127659574,252,16,251.0,211.0,25.11904761904762,0.5432900432900433,0.0,0,0,256.3333333333333,258.5,24.370063602707333,0.09427490755399355,15.333333333333334,277.0,1.7872340425531914,35.53846153846154,0.0,0.0,0.5333333333333333,2025-06,0,0,0.338123920115783
CI-0003,2025-07-01,266.0,23913.4,,0.0,0.0,,Clássico,300,13,462,54.38848920863309,252,16,266.0,196.0,23.33333333333333,0.5757575757575758,0.0,0,0,265.3333333333333,254.83333333333334,23.38731850098825,0.09177495814645487,9.0,251.0,1.8129496402877696,35.53846153846154,0.0,0.0,0.5333333333333333,2025-07,0,0,0.35073594069166525
CI-0003,2025-08-01,270.0,24273.0,,0.0,0.0,,Clássico,300,13,462,54.81872116018457,252,16,270.0,192.0,22.85714285714285,0.5844155844155844,0.0,0,0,264.6666666666667,252.83333333333334,21.442170288165034,0.08480752915556375,-0.6666666666666666,266.0,1.8272907053394858,35.53846153846154,0.0,0.0,0.5333333333333333,2025-08,0,0,0.353154029806235
CI-0003,2025-09-01,229.0,20587.1,,0.0,0.0,337.0,Clássico,300,13,462,53.44473007712083,252,16,229.0,233.0,27.73809523809524,0.4956709956709956,0.0,0,0,262.3333333333333,259.3333333333333,19.3045763140937,0.07443924028570836,-2.3333333333333335,270.0,1.7814910025706943,35.53846153846154,0.0,0.0,0.5333333333333333,2025-09,0,0,0.3161009509779212
CI-0003,2025-10-01,285.0,25621.5,,0.0,0.0,298.0,Clássico,300,13,462,53.27354260089685,252,16,285.0,177.0,21.07142857142857,0.6168831168831169,0.0,0,0,255.0,260.1666666666667,17.49761888562748,0.06725542172566616,-7.333333333333333,229.0,1.7757847533632285,35.53846153846154,0.0,0.0,0.5333333333333333,2025-10,0,0,0.36350822667876337
CI-0003,2025-11-01,377.0,33892.3,,0.0,0.0,309.0,Clássico,300,13,462,52.69961977186311,252,16,377.0,85.0,10.11904761904762,0.816017316017316,0.0,0,0,261.3333333333333,263.0,20.189105973271843,0.0767646614953302,6.333333333333333,285.0,1.7566539923954372,35.53846153846154,0.0,0.0,0.5333333333333333,2025-11,0,0,0.44458829229789265
CI-0003,2025-12-01,264.0,23733.6,,0.0,0.0,550.0,Clássico,300,13,462,49.55899880810488,252,16,264.0,198.0,23.57142857142857,0.5714285714285714,0.0,0,0,297.0,279.6666666666667,51.32510756605064,0.18352243468194507,35.666666666666664,377.0,1.6519666269368294,35.53846153846154,0.0,0.0,0.5333333333333333,2025-12,0,0,0.36276646044038696
CI-0003,2026-01-01,292.0,26250.8,,0.0,0.0,488.0,Clássico,300,13,462,49.17800118273211,252,16,292.0,170.0,20.23809523809524,0.6320346320346321,0.0,0,0,308.6666666666667,281.8333333333333,50.13348847493728,0.17788345999386382,11.666666666666666,264.0,1.6392667060910704,35.53846153846154,0.0,0.0,0.5333333333333333,2026-01,0,0,0.3861630384795991
CI-0003,2026-02-01,276.0,24812.4,,0.0,0.0,637.0,Clássico,300,13,462,48.43331391962725,252,16,276.0,186.0,22.142857142857142,0.5974025974025974,0.0,0,0,311.0,286.1666666666667,49.612162487304154,0.17336806926256546,2.3333333333333335,292.0,1.6144437973209085,35.53846153846154,0.0,0.0,0.5333333333333333,2026-02,0,0,0.3716329160170904
CI-0003,2026-03-01,300.0,26970.0,,0.0,0.0,259.0,Clássico,300,13,462,48.26465467208357,252,16,300.0,162.0,19.28571428571429,0.6493506493506493,0.0,0,0,277.3333333333333,287.1666666666667,49.280489716181485,0.17160936639413168,-33.666666666666664,276.0,1.6088218224027857,35.53846153846154,0.0,0.0,0.5333333333333333,2026-03,0,0,0.3921483313660462
CI-0003,2026-04-01,259.0,23284.1,,0.0,0.0,538.0,Clássico,300,13,462,46.35451505016723,252,16,259.0,203.0,24.166666666666668,0.5606060606060606,0.0,0,0,289.3333333333333,299.0,40.20945162520874,0.13447977132176836,12.0,300.0,1.5451505016722409,35.53846153846154,0.0,0.0,0.5333333333333333,2026-04,0,0,0.35108105660735617
CI-0003,2026-05-01,288.0,25891.2,,0.0,0.0,483.0,Clássico,300,13,462,47.036199095022624,252,16,288.0,174.0,20.714285714285715,0.6233766233766234,0.0,0,0,278.3333333333333,294.6666666666667,43.30203998273833,0.1469526243758088,-11.0,259.0,1.5678733031674208,35.53846153846154,0.0,0.0,0.5333333333333333,2026-05,0,0,0.3780602096736873
CI-0003,2026-06-01,289.0,25981.1,,0.0,0.0,324.0,Clássico,300,13,462,49.52948183442526,252,16,289.0,173.0,20.59523809523809,0.6255411255411255,0.0,0,0,282.3333333333333,279.8333333333333,16.253204812179966,0.05808173250332329,4.0,288.0,1.6509827278141753,35.53846153846154,0.0,0.0,0.5333333333333333,2026-06,0,0,0.3655953767586154
CI-0003,2026-07-01,242.0,21755.8,,0.0,0.0,479.0,Clássico,300,13,462,48.802816901408455,252,16,242.0,220.0,26.19047619047619,0.5238095238095238,0.0,0,0,278.6666666666667,284.0,14.49137674618954,0.05102597445841387,-3.6666666666666665,289.0,1.6267605633802817,35.53846153846154,0.0,0.0,0.5333333333333333,2026-07,0,0,0.3238443723592383
CI-0003,2026-08-01,278.0,24992.2,,0.0,0.0,431.0,Clássico,300,13,462,50.27811366384522,252,16,278.0,184.0,21.904761904761905,0.6017316017316018,0.0,0,0,273.0,275.6666666666667,21.60246899469297,0.0783644582636988,-5.666666666666667,242.0,1.675937122128174,35.53846153846154,0.0,0.0,0.5333333333333333,2026-08,0,0,0.35911397609886225
CI-0003,2026-10-01,,,260.0,192.0,0.0,,Clássico,300,13,462,50.21739130434783,252,16,260.0,202.0,24.047619047619047,0.5627705627705628,0.7384615384615385,0,0,269.6666666666667,276.0,21.624060673240916,0.07834804591753955,-3.3333333333333335,278.0,1.673913043478261,35.53846153846154,0.6956521739130435,0.0,0.5333333333333333,2026-10,0,0,0.5174401421407836
CI-0003,2026-11-01,,,307.0,0.0,0.0,,Clássico,300,13,462,51.10619469026549,252,16,307.0,155.0,18.452380952380956,0.6645021645021645,0.0,0,0,260.0,271.2,20.290391814846902,0.0748170789632998,-5.5,0.0,1.7035398230088497,35.53846153846154,0.0,0.0,0.5333333333333333,2026-11,0,0,0.3836900943120275
CI-0003,2026-12-01,,,297.0,0.0,0.0,,Clássico,300,13,462,50.53783044667274,252,16,297.0,165.0,19.642857142857142,0.6428571428571429,0.0,0,0,278.0,274.25,22.066188313042975,0.08046012146961887,36.0,0.0,1.6845943482224248,35.53846153846154,0.0,0.0,0.5333333333333333,2026-12,0,0,0.3758785420299667
CI-0004,2024-09-01,280.0,29372.0,,0.0,0.0,,Planner,200,16,303,0.0,303,21,280.0,23.0,2.277227722772277,0.924092409240924,0.0,0,0,,,0.0,0.0,,0.0,0.0,18.9375,0.0,0.0,0.7,2024-09,1,1,0.5096369636963696
CI-0004,2024-10-01,300.0,31470.0,,0.0,0.0,,Planner,200,16,303,32.464285714285715,303,21,300.0,3.0,0.297029702970297,0.99009900990099,0.0,0,0,280.0,280.0,0.0,0.0,,280.0,1.082142857142857,18.9375,0.0,0.0,0.7,2024-10,0,0,0.536039603960396
CI-0004,2024-11-01,482.0,50561.8,,0.0,0.0,,Planner,200,16,303,31.344827586206897,303,21,482.0,-179.0,-17.722772277227723,1.5907590759075907,0.0,1,0,290.0,290.0,14.142135623730951,0.048765984909417075,20.0,300.0,1.0448275862068965,18.9375,0.0,0.0,0.7,2024-11,1,0,0.7836185280994489
CI-0004,2024-12-01,566.0,59373.4,,0.0,0.0,,Planner,200,16,303,25.677966101694917,303,21,566.0,-263.0,-26.03960396039604,1.867986798679868,0.0,1,0,354.0,354.0,111.30139262381222,0.3144107136265882,101.0,482.0,0.8559322033898306,18.9375,0.0,0.0,0.7,2024-12,1,0,0.9343563265159355
CI-0004,2025-01-01,526.0,55177.4,,0.0,0.0,,Planner,200,16,303,22.334152334152336,303,21,526.0,-223.0,-22.07920792079208,1.735973597359736,0.0,1,0,449.3333333333333,407.0,139.62330273513325,0.34305479787502025,95.33333333333333,566.0,0.7444717444717445,18.9375,0.0,0.0,0.7,2025-01,1,0,0.8858476586251476
CI-0004,2025-02-01,332.0,34826.8,,0.0,0.0,,Planner,200,16,303,21.100278551532032,303,21,332.0,-29.0,-2.871287128712872,1.0957095709570956,0.0,1,0,524.6666666666666,430.8,132.11055975961952,0.306663323490296,75.33333333333333,526.0,0.703342618384401,18.9375,0.0,0.0,0.7,2025-02,1,0,0.6242833269063828
CI-0004,2025-03-01,337.0,35351.3,,0.0,0.0,,Planner,200,16,303,21.938857602574416,303,21,337.0,-34.0,-3.366336633663366,1.1122112211221122,0.0,1,0,474.6666666666667,414.3333333333333,124.85778576711454,0.3013462246993915,-50.0,332.0,0.7312952534191473,18.9375,0.0,0.0,0.7,2025-03,1,0,0.6300864221537537
CI-0004,2025-04-01,342.0,35875.8,,0.0,0.0,,Planner,200,16,303,21.44710971293748,303,21,342.0,-39.0,-3.861386138613861,1.1287128712871286,0.0,1,0,398.3333333333333,423.8333333333333,114.31608227483423,0.269719423377509,-76.33333333333333,337.0,0.7149036570979159,18.9375,0.0,0.0,0.7,2025-04,1,0,0.6319430620214778
CI-0004,2025-05-01,392.0,41120.8,,0.0,0.0,,Planner,200,16,303,21.098646034816248,303,21,392.0,-89.0,-8.811881188118813,1.2937293729372936,0.0,1,0,337.0,430.8333333333333,106.2156611176839,0.2465353836387247,-61.333333333333336,342.0,0.7032882011605416,18.9375,0.0,0.0,0.7,2025-05,1,0,0.6944720567207262
CI-0004,2025-06-01,349.0,36610.1,,0.0,0.0,,Planner,200,16,303,21.859719438877757,303,21,349.0,-46.0,-4.554455445544555,1.151815181518152,0.0,1,0,357.0,415.8333333333333,103.8738016376924,0.24979671736519216,20.0,392.0,0.7286573146292585,18.9375,0.0,0.0,0.7,2025-06,1,0,0.6381955802120397
CI-0004,2025-07-01,377.0,39547.3,,0.0,0.0,,Planner,200,16,303,23.942054433713785,303,21,377.0,-74.0,-7.326732673267327,1.2442244224422443,0.0,1,0,361.0,379.6666666666667,74.85630679285929,0.19716323123667942,4.0,349.0,0.7980684811237928,18.9375,0.0,0.0,0.7,2025-07,1,0,0.6672642536623997
CI-0004,2025-08-01,403.0,42274.7,,0.0,0.0,,Planner,200,16,303,25.6176608736496,303,21,403.0,-100.0,-9.9009900990099,1.33003300330033,0.0,1,0,372.6666666666667,354.8333333333333,24.128130194167056,0.06799848810004808,11.666666666666666,377.0,0.8539220291216534,18.9375,0.0,0.0,0.7,2025-08,1,0,0.6822129745351393
CI-0004,2025-09-01,368.0,38603.2,,0.0,0.0,376.0,Planner,200,16,303,24.79090909090909,303,21,368.0,-65.0,-6.435643564356435,1.2145214521452146,0.0,1,0,376.3333333333333,366.6666666666667,27.818459099430253,0.07586852481662795,3.6666666666666665,403.0,0.8263636363636363,18.9375,0.0,0.0,0.7,2025-09,1,0,0.63718885958058
CI-0004,2025-10-01,414.0,43428.6,,0.0,0.0,217.0,Planner,200,16,303,24.446436575526672,303,21,414.0,-111.0,-10.99009900990099,1.3663366336633664,0.0,1,0,382.6666666666667,371.8333333333333,23.79425701018363,0.06399172660739659,6.333333333333333,368.0,0.8148812191842224,18.9375,0.0,0.0,0.7,2025-10,1,0,0.6961334124564561
CI-0004,2025-11-01,604.0,63359.6,,0.0,0.0,255.0,Planner,200,16,303,23.68215371254885,303,21,604.0,-301.0,-29.8019801980198,1.993399339933993,0.0,1,0,395.0,383.8333333333333,23.894908802225455,0.06225334468664904,12.333333333333334,414.0,0.7894051237516283,18.9375,0.0,0.0,0.7,2025-11,1,0,0.9466977376765947
CI-0004,2025-12-01,685.0,71856.5,,0.0,0.0,419.0,Planner,200,16,303,21.685884691848905,303,21,685.0,-382.0,-37.821782178217816,2.2607260726072607,0.0,1,0,462.0,419.1666666666667,93.5637037887378,0.223213607448281,67.0,604.0,0.7228628230616302,18.9375,0.0,0.0,0.7,2025-12,1,0,1.0777724701601463
CI-0004,2026-01-01,703.0,73744.7,,0.0,0.0,261.0,Planner,200,16,303,19.1301297790249,303,21,703.0,-400.0,-39.6039603960396,2.32013201320132,0.0,1,0,567.6666666666666,475.1666666666667,134.68395103599636,0.28344570544229325,105.66666666666667,685.0,0.6376709926341634,18.9375,0.0,0.0,0.7,2026-01,1,0,1.110569661096872
CI-0004,2026-02-01,450.0,47205.0,,0.0,0.0,426.0,Planner,200,16,303,17.1671388101983,303,21,450.0,-147.0,-14.554455445544557,1.4851485148514851,0.0,1,0,664.0,529.5,151.82720441343835,0.28673692995927924,96.33333333333333,703.0,0.5722379603399433,18.9375,0.0,0.0,0.7,2026-02,1,0,0.7770699454344859
CI-0004,2026-03-01,422.0,44267.8,,0.0,0.0,393.0,Planner,200,16,303,16.91687344913151,303,21,422.0,-119.0,-11.782178217821782,1.3927392739273927,0.0,1,0,612.6666666666666,537.3333333333334,145.05677049578438,0.26995676891275006,-51.333333333333336,450.0,0.563895781637717,18.9375,0.0,0.0,0.7,2026-03,1,0,0.7375892249078696
CI-0004,2026-04-01,400.0,41960.0,,0.0,0.0,245.0,Planner,200,16,303,16.638194020744354,303,21,400.0,-97.0,-9.603960396039604,1.32013201320132,0.0,1,0,525.0,546.3333333333334,133.6782206145289,0.24468252705526947,-87.66666666666667,422.0,0.5546064673581451,18.9375,0.0,0.0,0.7,2026-04,1,0,0.7047551843388185
CI-0004,2026-05-01,503.0,52764.7,,0.0,0.0,413.0,Planner,200,16,303,16.709558823529413,303,21,503.0,-200.0,-19.8019801980198,1.66006600660066,0.0,1,0,424.0,544.0,136.54156876204402,0.2509955308125809,-101.0,400.0,0.5569852941176471,18.9375,0.0,0.0,0.7,2026-05,1,0,0.8416757322621512
CI-0004,2026-06-01,500.0,52450.0,,0.0,0.0,369.0,Planner,200,16,303,17.243123616819478,303,21,500.0,-197.0,-19.504950495049503,1.6501650165016502,0.0,1,0,441.6666666666667,527.1666666666666,133.8647327217541,0.25393246801470903,17.666666666666668,503.0,0.5747707872273159,18.9375,0.0,0.0,0.7,2026-06,1,0,0.8381558768028664
CI-0004,2026-07-01,510.0,53499.0,,0.0,0.0,234.0,Planner,200,16,303,18.314304902619206,303,21,510.0,-207.0,-20.495049504950497,1.683168316831683,0.0,1,0,467.6666666666667,496.3333333333333,109.28982874296518,0.22019441654056116,26.0,500.0,0.6104768300873069,18.9375,0.0,0.0,0.7,2026-07,1,0,0.8462964892137574
CI-0004,2026-08-01,492.0,51610.8,,0.0,0.0,212.0,Planner,200,16,303,19.583482944344702,303,21,492.0,-189.0,-18.712871287128717,1.623762376237624,0.0,1,0,504.3333333333333,464.1666666666667,46.880344139806176,0.1009989460821677,36.666666666666664,510.0,0.6527827648114901,18.9375,0.0,0.0,0.7,2026-08,1,0,0.8046547924073748
CI-0004,2026-10-01,,,312.0,0.0,0.0,,Planner,200,16,303,19.2925362575168,303,21,312.0,-9.0,-0.891089108910891,1.0297029702970295,0.0,1,0,500.6666666666667,471.1666666666667,47.47385245234116,0.10075808797808523,-3.6666666666666665,492.0,0.6430845419172267,18.9375,0.0,0.0,0.7,2026-10,1,0,0.5669949013155245
CI-0004,2026-11-01,,,554.0,0.0,0.0,,Planner,200,16,303,18.8981288981289,303,21,554.0,-251.0,-24.85148514851485,1.8283828382838283,0.0,1,0,501.0,481.0,45.738386504116974,0.09509020063225983,-4.0,0.0,0.6299376299376299,18.9375,0.0,0.0,0.7,2026-11,1,0,0.8856166654083704
CI-0004,2026-12-01,,,536.0,0.0,0.0,,Planner,200,16,303,18.134663341645886,303,21,536.0,-233.0,-23.06930693069307,1.768976897689769,0.0,1,0,492.0,501.25,7.455423082114119,0.014873662009205224,-18.0,0.0,0.6044887780548629,18.9375,0.0,0.0,0.7,2026-12,1,0,0.8498218083772884
CI-0005,2024-09-01,349.0,13925.1,,0.0,0.0,,Refis,500,19,649,0.0,354,11,349.0,300.0,25.42372881355932,0.5377503852080123,0.0,0,0,,,0.0,0.0,,0.0,0.0,34.1578947368421,0.0,0.0,0.36666666666666664,2024-09,1,1,0.2884334874165383
CI-0005,2024-10-01,382.0,15241.8,,0.0,0.0,,Refis,500,19,649,55.787965616045845,354,11,382.0,267.0,22.6271186440678,0.588597842835131,0.0,0,0,349.0,349.0,0.0,0.0,,349.0,1.859598853868195,34.1578947368421,0.0,0.0,0.36666666666666664,2024-10,0,0,0.30877247046738576
CI-0005,2024-11-01,443.0,17675.7,,0.0,0.0,,Refis,500,19,649,53.26949384404925,354,11,443.0,206.0,17.457627118644066,0.6825885978428351,0.0,0,0,365.5,365.5,23.33452377915607,0.06384274631780046,33.0,382.0,1.7756497948016416,34.1578947368421,0.0,0.0,0.36666666666666664,2024-11,0,0,0.35594518441813744
CI-0005,2024-12-01,400.0,15960.0,,0.0,0.0,,Refis,500,19,649,49.75298126064736,354,11,400.0,249.0,21.10169491525424,0.6163328197226502,0.0,0,0,391.3333333333333,391.3333333333333,47.68997099321129,0.12186534325352119,47.0,443.0,1.6584327086882453,34.1578947368421,0.0,0.0,0.36666666666666664,2024-12,0,0,0.3381462627104216
CI-0005,2025-01-01,400.0,15960.0,,0.0,0.0,,Refis,500,19,649,49.479034307496825,354,11,400.0,249.0,21.10169491525424,0.6163328197226502,0.0,0,0,408.3333333333333,393.5,39.179076048319466,0.09956563163486523,17.0,400.0,1.6493011435832274,34.1578947368421,0.0,0.0,0.36666666666666664,2025-01,0,0,0.3348013059676232
CI-0005,2025-02-01,351.0,14004.9,,0.0,0.0,,Refis,500,19,649,49.316109422492396,354,11,351.0,298.0,25.254237288135595,0.5408320493066255,0.0,0,0,414.3333333333333,394.8,34.054368295418435,0.0862572651859636,6.0,400.0,1.64387031408308,34.1578947368421,0.0,0.0,0.36666666666666664,2025-02,0,0,0.30260474283387806
CI-0005,2025-03-01,376.0,15002.4,,0.0,0.0,,Refis,500,19,649,50.24516129032258,354,11,376.0,273.0,23.135593220338983,0.5793528505392912,0.0,0,0,383.6666666666667,387.5,35.319966024898726,0.09114829941909348,-30.666666666666668,351.0,1.6748387096774193,34.1578947368421,0.0,0.0,0.36666666666666664,2025-03,0,0,0.3187467184619138
CI-0005,2025-04-01,389.0,15521.1,,0.0,0.0,,Refis,500,19,649,49.66836734693877,354,11,389.0,260.0,22.033898305084747,0.5993836671802774,0.0,0,0,375.6666666666667,392.0,30.873937228672347,0.07876004395069476,-8.0,376.0,1.655612244897959,34.1578947368421,0.0,0.0,0.36666666666666664,2025-04,0,0,0.32490080679804856
CI-0005,2025-05-01,422.0,16837.8,,0.0,0.0,,Refis,500,19,649,49.520983467571,354,11,422.0,227.0,19.23728813559322,0.650231124807396,0.0,0,0,372.0,393.1666666666667,30.55105017289368,0.07770508734097586,-3.6666666666666665,389.0,1.6506994489190334,34.1578947368421,0.0,0.0,0.36666666666666664,2025-05,0,0,0.34508154635743804
CI-0005,2025-06-01,449.0,17915.1,,0.0,0.0,,Refis,500,19,649,49.96578272027374,354,11,449.0,200.0,16.949152542372882,0.6918335901386748,0.0,0,0,395.6666666666667,389.6666666666667,24.254209256676813,0.06224347970062484,23.666666666666668,422.0,1.6655260906757912,34.1578947368421,0.0,0.0,0.36666666666666664,2025-06,0,0,0.35940329134389704
CI-0005,2025-07-01,400.0,15960.0,,0.0,0.0,,Refis,500,19,649,48.94009216589862,354,11,400.0,249.0,21.10169491525424,0.6163328197226502,0.0,0,0,420.0,397.8333333333333,34.51038491043916,0.08674583555200459,24.333333333333332,449.0,1.631336405529954,34.1578947368421,0.0,0.0,0.36666666666666664,2025-07,0,0,0.3328783365551941
CI-0005,2025-08-01,449.0,17915.1,,0.0,0.0,,Refis,500,19,649,48.94009216589862,354,11,449.0,200.0,16.949152542372882,0.6918335901386748,0.0,0,0,423.6666666666667,397.8333333333333,34.51038491043916,0.08674583555200459,3.6666666666666665,400.0,1.631336405529954,34.1578947368421,0.0,0.0,0.36666666666666664,2025-08,0,0,0.363078644721604
CI-0005,2025-09-01,441.0,17595.9,,0.0,0.0,729.0,Refis,500,19,649,47.010060362173036,354,11,441.0,208.0,17.627118644067796,0.6795069337442219,0.0,0,0,432.6666666666667,414.1666666666667,30.915476167555067,0.07464501287940861,9.0,449.0,1.5670020120724346,34.1578947368421,0.0,0.0,0.36666666666666664,2025-09,0,0,0.3563328587629334
CI-0005,2025-10-01,500.0,19950.0,,0.0,0.0,525.0,Refis,500,19,649,45.811764705882354,354,11,500.0,149.0,12.627118644067798,0.7704160246533128,0.0,0,0,430.0,425.0,25.83795657554982,0.06079519194247017,-2.6666666666666665,441.0,1.5270588235294118,34.1578947368421,0.0,0.0,0.36666666666666664,2025-10,0,0,0.39061902198602905
CI-0005,2025-11-01,661.0,26373.9,,0.0,0.0,728.0,Refis,500,19,649,43.90078917700113,354,11,661.0,-12.0,-1.0169491525423728,1.0184899845916795,0.0,1,0,463.3333333333333,443.5,33.50671574475777,0.07555065556878866,33.333333333333336,500.0,1.463359639233371,34.1578947368421,0.0,0.0,0.36666666666666664,2025-11,1,0,0.49206192550532346
CI-0005,2025-12-01,424.0,16917.6,,0.0,0.0,663.0,Refis,500,19,649,40.282758620689656,354,11,424.0,225.0,19.06779661016949,0.6533127889060092,0.0,0,0,534.0,483.3333333333333,92.66858511203601,0.19172810712835037,70.66666666666667,661.0,1.3427586206896551,34.1578947368421,0.0,0.0,0.36666666666666664,2025-12,0,0,0.3634176649649896
CI-0005,2026-01-01,432.0,17236.8,,0.0,0.0,928.0,Refis,500,19,649,40.633043478260866,354,11,432.0,217.0,18.38983050847457,0.6656394453004623,0.0,0,0,528.3333333333334,479.1666666666667,95.05244166599122,0.19837031304206865,-5.666666666666667,424.0,1.3544347826086955,34.1578947368421,0.0,0.0,0.36666666666666664,2026-01,0,0,0.3693446584098285
CI-0005,2026-02-01,549.0,21905.1,,0.0,0.0,849.0,Refis,500,19,649,40.18575851393189,354,11,549.0,100.0,8.474576271186441,0.8459167950693375,0.0,0,0,505.6666666666667,484.5,90.51132525822388,0.1868138808219275,-22.666666666666668,432.0,1.3395252837977296,34.1578947368421,0.0,0.0,0.36666666666666664,2026-02,0,0,0.43972213348435746
CI-0005,2026-03-01,512.0,20428.8,,0.0,0.0,384.0,Refis,500,19,649,38.849351513136014,354,11,512.0,137.0,11.610169491525424,0.7889060092449923,0.0,0,0,468.3333333333333,501.1666666666667,91.86384852958568,0.18329999706601732,-37.333333333333336,549.0,1.2949783837712006,34.1578947368421,0.0,0.0,0.36666666666666664,2026-03,0,0,0.4163907365912329
CI-0005,2026-04-01,470.0,18753.0,,0.0,0.0,733.0,Refis,500,19,649,37.953216374269005,354,11,470.0,179.0,15.169491525423728,0.724191063174114,0.0,0,0,497.6666666666667,513.0,87.00804560498985,0.1696063267153798,29.333333333333332,512.0,1.2651072124756335,34.1578947368421,0.0,0.0,0.36666666666666664,2026-04,0,0,0.3884507076102859
CI-0005,2026-05-01,552.0,22024.8,,0.0,0.0,369.0,Refis,500,19,649,38.326771653543304,354,11,552.0,97.0,8.220338983050846,0.8505392912172574,0.0,0,0,510.3333333333333,508.0,88.74908450232031,0.17470292224866205,12.666666666666666,470.0,1.2775590551181102,34.1578947368421,0.0,0.0,0.36666666666666664,2026-05,0,0,0.43975448815753565
CI-0005,2026-06-01,576.0,22982.4,,0.0,0.0,419.0,Refis,500,19,649,39.74821367812181,354,11,576.0,73.0,6.186440677966101,0.8875192604006163,0.0,0,0,511.3333333333333,489.8333333333333,56.44259620771053,0.11522816510590786,1.0,552.0,1.3249404559373936,34.1578947368421,0.0,0.0,0.36666666666666664,2026-06,0,0,0.4456252622594661
CI-0005,2026-07-01,538.0,21466.2,,0.0,0.0,568.0,Refis,500,19,649,37.793594306049826,354,11,538.0,111.0,9.40677966101695,0.8289676425269645,0.0,0,0,532.6666666666666,515.1666666666666,55.07963931133409,0.10691615524684717,21.333333333333332,576.0,1.2597864768683276,34.1578947368421,0.0,0.0,0.36666666666666664,2026-07,0,0,0.42095781363114626
CI-0005,2026-08-01,588.0,23461.2,,0.0,0.0,804.0,Refis,500,19,649,36.54050672505473,354,11,588.0,61.0,5.169491525423728,0.9060092449922958,0.0,0,0,555.3333333333334,532.8333333333334,37.15059443221146,0.06972272961941468,22.666666666666668,538.0,1.2180168908351579,34.1578947368421,0.0,0.0,0.36666666666666664,2026-08,0,0,0.44619544077316386
CI-0005,2026-10-01,,,365.0,0.0,0.0,,Refis,500,19,649,36.100123609394316,354,11,365.0,284.0,24.06779661016949,0.5624036979969184,0.0,0,0,567.3333333333334,539.3333333333334,43.426566369754156,0.08051897349150955,12.0,588.0,1.2033374536464772,34.1578947368421,0.0,0.0,0.36666666666666664,2026-10,0,0,0.3103726585558271
CI-0005,2026-11-01,,,432.0,0.0,0.0,,Refis,500,19,649,35.73788546255507,354,11,432.0,217.0,18.38983050847457,0.6656394453004623,0.0,0,0,563.0,544.8,46.186578136943595,0.08477712580202569,6.0,0.0,1.1912628487518357,34.1578947368421,0.0,0.0,0.36666666666666664,2026-11,0,0,0.3523056803238221
CI-0005,2026-12-01,,,418.0,0.0,0.0,,Refis,500,19,649,34.55190771960958,354,11,418.0,231.0,19.57627118644068,0.6440677966101694,0.0,0,0,588.0,563.5,22.649503305812168,0.04019432707331352,50.0,0.0,1.1517302573203194,34.1578947368421,0.0,0.0,0.36666666666666664,2026-12,0,0,0.33698960103839815
CI-0006,2024-09-01,408.0,8119.2,,0.0,0.0,,Refis,500,7,135,0.0,405,12,408.0,-273.0,-20.22222222222222,3.022222222222222,0.0,1,0,,,0.0,0.0,,0.0,0.0,19.285714285714285,0.0,0.0,0.4,2024-09,1,1,1.288888888888889
CI-0006,2024-10-01,370.0,7363.0,,0.0,0.0,,Refis,500,7,135,9.926470588235293,405,12,370.0,-235.0,-17.40740740740741,2.740740740740741,0.0,1,0,408.0,408.0,0.0,0.0,,408.0,0.33088235294117646,19.285714285714285,0.0,0.0,0.4,2024-10,1,0,1.1762962962962964
CI-0006,2024-11-01,501.0,9969.9,,0.0,0.0,,Refis,500,7,135,10.411311053984576,405,12,501.0,-366.0,-27.11111111111111,3.7111111111111112,0.0,1,0,389.0,389.0,26.870057685088806,0.06907469841925143,-38.0,370.0,0.34704370179948585,19.285714285714285,0.0,0.0,0.4,2024-11,1,0,1.5748056492073326
CI-0006,2024-12-01,359.0,7144.1,,0.0,0.0,,Refis,500,7,135,9.499609069585615,405,12,359.0,-224.0,-16.59259259259259,2.6592592592592594,0.0,1,0,426.3333333333333,426.3333333333333,67.39683474268902,0.15808483520568184,46.5,501.0,0.3166536356528538,19.285714285714285,0.0,0.0,0.4,2024-12,1,0,1.167416428984556
CI-0006,2025-01-01,358.0,7124.2,,0.0,0.0,,Refis,500,7,135,9.89010989010989,405,12,358.0,-223.0,-16.51851851851852,2.651851851851852,0.0,1,0,410.0,409.5,64.51098097740157,0.15753597308278772,-16.333333333333332,359.0,0.32967032967032966,19.285714285714285,0.0,0.0,0.4,2025-01,1,0,1.164371136703159
CI-0006,2025-02-01,392.0,7800.8,,0.0,0.0,,Refis,500,7,135,10.145290581162326,405,12,392.0,-257.0,-19.037037037037035,2.903703703703704,0.0,1,0,406.0,399.2,60.42929753025431,0.15137599581727032,-4.0,358.0,0.33817635270541085,19.285714285714285,0.0,0.0,0.4,2025-02,1,0,1.264187880854072
CI-0006,2025-03-01,373.0,7422.7,,0.0,0.0,,Refis,500,7,135,10.175879396984925,405,12,373.0,-238.0,-17.62962962962963,2.762962962962963,0.0,1,0,369.6666666666667,398.0,54.12947441089743,0.13600370454999355,-36.333333333333336,392.0,0.3391959798994975,19.285714285714285,0.0,0.0,0.4,2025-03,1,0,1.2055857408676844
CI-0006,2025-04-01,403.0,8019.7,,0.0,0.0,,Refis,500,7,135,10.327241818954526,405,12,403.0,-268.0,-19.85185185185185,2.9851851851851854,0.0,1,0,374.3333333333333,392.1666666666667,54.718979035309744,0.13952990829233253,4.666666666666667,373.0,0.34424139396515085,19.285714285714285,0.0,0.0,0.4,2025-04,1,0,1.2950035603179242
CI-0006,2025-05-01,460.0,9154.0,,0.0,0.0,,Refis,500,7,135,10.184409052808046,405,12,460.0,-325.0,-24.07407407407408,3.4074074074074074,0.0,1,0,389.3333333333333,397.6666666666667,53.694195837787404,0.13502312448731116,15.0,403.0,0.3394803017602682,19.285714285714285,0.0,0.0,0.4,2025-05,1,0,1.4632164316360599
CI-0006,2025-06-01,433.0,8616.7,,0.0,0.0,,Refis,500,7,135,10.362473347547974,405,12,433.0,-298.0,-22.07407407407408,3.2074074074074077,0.0,1,0,412.0,390.8333333333333,38.32188234764398,0.0980517245568716,22.666666666666668,460.0,0.34541577825159914,19.285714285714285,0.0,0.0,0.4,2025-06,1,0,1.3776707216464938
CI-0006,2025-07-01,376.0,7482.400000000001,,0.0,0.0,,Refis,500,7,135,10.045473336089293,405,12,376.0,-241.0,-17.851851851851855,2.785185185185185,0.0,1,0,432.0,403.1666666666667,37.93371411642509,0.09408941078898327,20.0,433.0,0.33484911120297645,19.285714285714285,0.0,0.0,0.4,2025-07,1,0,1.2081874856924217
CI-0006,2025-08-01,433.0,8616.7,,0.0,0.0,,Refis,500,7,135,9.971276159212145,405,12,433.0,-298.0,-22.07407407407408,3.2074074074074077,0.0,1,0,423.0,406.1666666666667,34.1726011106364,0.08413443030932227,-9.0,376.0,0.3323758719737382,19.285714285714285,0.0,0.0,0.4,2025-08,1,0,1.3755831275093615
CI-0006,2025-09-01,470.0,9353.0,,0.0,0.0,86.0,Refis,500,7,135,9.80629539951574,405,12,470.0,-335.0,-24.814814814814817,3.4814814814814814,0.0,1,0,414.0,413.0,34.86545568324043,0.08441998954779764,-9.0,433.0,0.3268765133171913,19.285714285714285,0.0,0.0,0.4,2025-09,1,0,1.4852555910247622
CI-0006,2025-10-01,457.0,9094.3,,0.0,0.0,99.0,Refis,500,7,135,9.436893203883495,405,12,457.0,-322.0,-23.85185185185185,3.3851851851851853,0.0,1,0,426.3333333333333,429.1666666666667,35.096533542027636,0.08177833058336537,12.333333333333334,470.0,0.3145631067961165,19.285714285714285,0.0,0.0,0.4,2025-10,1,0,1.4463408236615791
CI-0006,2025-11-01,534.0,10626.6,,0.0,0.0,101.0,Refis,500,7,135,9.243058197033092,405,12,534.0,-399.0,-29.555555555555557,3.955555555555556,0.0,1,0,453.3333333333333,438.1666666666667,33.94947225903036,0.07748072786389583,27.0,457.0,0.3081019399011031,19.285714285714285,0.0,0.0,0.4,2025-11,1,0,1.673844331401807
CI-0006,2025-12-01,449.0,8935.1,,0.0,0.0,132.0,Refis,500,7,135,8.990011098779135,405,12,449.0,-314.0,-23.25925925925926,3.325925925925926,0.0,1,0,487.0,450.5,52.072065447800384,0.11558727069434048,33.666666666666664,534.0,0.29966703662597116,19.285714285714285,0.0,0.0,0.4,2025-12,1,0,1.4277084609745216
CI-0006,2026-01-01,441.0,8775.9,,0.0,0.0,149.0,Refis,500,7,135,8.937109231335048,405,12,441.0,-306.0,-22.666666666666664,3.2666666666666666,0.0,1,0,480.0,453.1666666666667,51.4020103368212,0.1134284891581196,-7.0,449.0,0.2979036410445016,19.285714285714285,0.0,0.0,0.4,2026-01,1,0,1.4036809400403847
CI-0006,2026-02-01,412.0,8198.8,,0.0,0.0,123.0,Refis,500,7,135,8.728448275862068,405,12,412.0,-277.0,-20.518518518518515,3.051851851851852,0.0,1,0,474.6666666666667,464.0,36.60601043544636,0.07889226386949647,-5.333333333333333,441.0,0.29094827586206895,19.285714285714285,0.0,0.0,0.4,2026-02,1,0,1.3125745803211655
CI-0006,2026-03-01,440.0,8756.0,,0.0,0.0,147.0,Refis,500,7,135,8.794788273615636,405,12,440.0,-305.0,-22.59259259259259,3.259259259259259,0.0,1,0,434.0,460.5,40.91332301341468,0.08884543542543905,-40.666666666666664,412.0,0.2931596091205212,19.285714285714285,0.0,0.0,0.4,2026-03,1,0,1.3970305190175198
CI-0006,2026-04-01,406.0,8079.4,,0.0,0.0,142.0,Refis,500,7,135,8.89132821075741,405,12,406.0,-271.0,-20.07407407407408,3.0074074074074075,0.0,1,0,431.0,455.5,41.35093711150943,0.09078142066193069,-3.0,440.0,0.29637760702524696,19.285714285714285,0.0,0.0,0.4,2026-04,1,0,1.2965801760622526
CI-0006,2026-05-01,403.0,8019.7,,0.0,0.0,193.0,Refis,500,7,135,9.060402684563758,405,12,403.0,-268.0,-19.85185185185185,2.9851851851851854,0.0,1,0,419.3333333333333,447.0,45.96520423102684,0.10283043452131284,-11.666666666666666,406.0,0.30201342281879195,19.285714285714285,0.0,0.0,0.4,2026-05,1,0,1.2894986392522714
CI-0006,2026-06-01,412.0,8198.8,,0.0,0.0,115.0,Refis,500,7,135,9.525676205409644,405,12,412.0,-277.0,-20.518518518518515,3.051851851851852,0.0,1,0,416.3333333333333,425.1666666666667,20.351085147153086,0.047866135195185615,-3.0,403.0,0.31752254018032144,19.285714285714285,0.0,0.0,0.4,2026-06,1,0,1.307920661020019
CI-0006,2026-07-01,457.0,9094.3,,0.0,0.0,132.0,Refis,500,7,135,9.665871121718377,405,12,457.0,-322.0,-23.85185185185185,3.3851851851851853,0.0,1,0,407.0,419.0,17.017637908946373,0.04061488761085053,-9.333333333333334,412.0,0.3221957040572792,19.285714285714285,0.0,0.0,0.4,2026-07,1,0,1.4401663072157018
CI-0006,2026-08-01,438.0,8716.199999999999,,0.0,0.0,144.0,Refis,500,7,135,9.604743083003951,405,12,438.0,-303.0,-22.444444444444443,3.2444444444444445,0.0,1,0,424.0,421.6666666666667,21.75009578522989,0.05158125482663215,17.0,457.0,0.3201581027667984,19.285714285714285,0.0,0.0,0.4,2026-08,1,0,1.3855149660017727
CI-0006,2026-10-01,,,417.0,0.0,0.0,,Refis,500,7,135,9.507042253521128,405,12,417.0,-282.0,-20.88888888888889,3.088888888888889,0.0,1,0,435.6666666666667,426.0,22.027255843613574,0.051707173341815904,11.666666666666666,438.0,0.31690140845070425,19.285714285714285,0.0,0.0,0.4,2026-10,1,0,1.3233116315568283
CI-0006,2026-11-01,,,494.0,0.0,0.0,,Refis,500,7,135,9.569943289224952,405,12,494.0,-359.0,-26.59259259259259,3.659259259259259,0.0,1,0,447.5,423.2,23.40299126180263,0.05530007387004402,13.0,0.0,0.31899810964083175,19.285714285714285,0.0,0.0,0.4,2026-11,1,0,1.5519987147842105
CI-0006,2026-12-01,,,478.0,0.0,0.0,,Refis,500,7,135,9.473684210526315,405,12,478.0,-343.0,-25.407407407407405,3.5407407407407407,0.0,1,0,438.0,427.5,24.637369989510116,0.05763127482926343,-19.0,0.0,0.3157894736842105,19.285714285714285,0.0,0.0,0.4,2026-12,1,0,1.504940987520686
CI-0007,2024-09-01,422.0,8397.8,,0.0,0.0,,Acessórios,300,10,456,0.0,456,12,422.0,34.0,2.236842105263158,0.925438596491228,0.0,0,0,,,0.0,0.0,,0.0,0.0,45.6,0.0,0.0,0.4,2024-09,1,1,0.45017543859649123
CI-0007,2024-10-01,490.0,9751.0,,0.0,0.0,,Acessórios,300,10,456,32.41706161137441,456,12,490.0,-34.0,-2.236842105263158,1.0745614035087718,0.0,1,0,422.0,422.0,0.0,0.0,,422.0,1.080568720379147,45.6,0.0,0.0,0.4,2024-10,1,0,0.5098245614035088
CI-0007,2024-11-01,649.0,12915.1,,0.0,0.0,,Acessórios,300,10,456,30.0,456,12,649.0,-193.0,-12.697368421052632,1.4232456140350878,0.0,1,0,456.0,456.0,48.08326112068523,0.10544574807167813,68.0,490.0,1.0,45.6,0.0,0.0,0.4,2024-11,1,0,0.6651151078247868
CI-0007,2024-12-01,500.0,9950.0,,0.0,0.0,,Acessórios,300,10,456,26.29083920563741,456,12,500.0,-44.0,-2.894736842105263,1.0964912280701755,0.0,1,0,520.3333333333334,520.3333333333334,116.50035765324212,0.2238956264956607,113.5,649.0,0.8763613068545804,45.6,0.0,0.0,0.4,2024-12,1,0,0.5521808352024193
CI-0007,2025-01-01,487.0,9691.3,,0.0,0.0,,Acessórios,300,10,456,26.550218340611355,456,12,487.0,-31.0,-2.0394736842105265,1.0679824561403508,0.0,1,0,546.3333333333334,515.25,95.66390820645647,0.18566503290918285,26.0,500.0,0.8850072780203785,45.6,0.0,0.0,0.4,2025-01,1,0,0.5350427373925177
CI-0007,2025-02-01,460.0,9154.0,,0.0,0.0,,Acessórios,300,10,456,26.84458398744113,456,12,460.0,-4.0,-0.2631578947368421,1.0087719298245614,0.0,1,0,545.3333333333334,509.6,83.80513110782655,0.16445276904989511,-1.0,487.0,0.8948194662480377,45.6,0.0,0.0,0.4,2025-02,1,0,0.5081766872873089
CI-0007,2025-03-01,512.0,10188.8,,0.0,0.0,,Acessórios,300,10,456,27.287234042553195,456,12,512.0,-56.0,-3.684210526315789,1.1228070175438596,0.0,1,0,482.3333333333333,501.3333333333333,77.64448896519744,0.15487597532951616,-63.0,460.0,0.9095744680851064,45.6,0.0,0.0,0.4,2025-03,1,0,0.5523542033169713
CI-0007,2025-04-01,431.0,8576.9,,0.0,0.0,,Acessórios,300,10,456,26.494512588766945,456,12,431.0,25.0,1.644736842105263,0.9451754385964912,0.0,0,0,486.3333333333333,516.3333333333334,67.2507744688986,0.13024681950077197,4.0,512.0,0.8831504196255648,45.6,0.0,0.0,0.4,2025-04,0,0,0.4776071983637123
CI-0007,2025-05-01,473.0,9412.7,,0.0,0.0,,Acessórios,300,10,456,27.00888450148075,456,12,473.0,-17.0,-1.118421052631579,1.037280701754386,0.0,1,0,467.6666666666667,506.5,75.65910388049807,0.1493763156574493,-18.666666666666668,431.0,0.9002961500493584,45.6,0.0,0.0,0.4,2025-05,1,0,0.5173187280503718
CI-0007,2025-06-01,413.0,8218.7,,0.0,0.0,,Acessórios,300,10,456,28.669228082431015,456,12,413.0,43.0,2.8289473684210527,0.9057017543859648,0.0,0,0,472.0,477.1666666666667,29.239813040897925,0.06127798751148709,4.333333333333333,473.0,0.9556409360810338,45.6,0.0,0.0,0.4,2025-06,0,0,0.451472399881109
CI-0007,2025-07-01,441.0,8775.9,,0.0,0.0,,Acessórios,300,10,456,29.56772334293948,456,12,441.0,15.0,0.986842105263158,0.9671052631578948,0.0,0,0,439.0,462.6666666666667,36.35748432808113,0.07858245892236555,-33.0,413.0,0.9855907780979827,45.6,0.0,0.0,0.4,2025-07,0,0,0.4786294741015128
CI-0007,2025-08-01,440.0,8756.0,,0.0,0.0,,Acessórios,300,10,456,30.065934065934066,456,12,440.0,16.0,1.0526315789473684,0.9649122807017544,0.0,0,0,442.3333333333333,455.0,35.02570484658372,0.07697957109139279,3.3333333333333335,441.0,1.0021978021978022,45.6,0.0,0.0,0.4,2025-08,0,0,0.4775118479444107
CI-0007,2025-09-01,492.0,9790.8,,0.0,0.0,333.0,Acessórios,300,10,456,30.287822878228777,456,12,492.0,-36.0,-2.3684210526315788,1.0789473684210529,0.0,1,0,431.3333333333333,451.6666666666667,35.40433118513419,0.07838597310361813,-11.0,440.0,1.0095940959409593,45.6,0.0,0.0,0.4,2025-09,1,0,0.5233368433339638
CI-0007,2025-10-01,454.0,9034.6,,0.0,0.0,578.0,Acessórios,300,10,456,30.51301115241636,456,12,454.0,2.0,0.131578947368421,0.9956140350877192,0.0,0,0,457.6666666666667,448.3333333333333,28.93901633896123,0.06454799183411428,26.333333333333332,492.0,1.017100371747212,45.6,0.0,0.0,0.4,2025-10,0,0,0.48792781281020486
CI-0007,2025-11-01,680.0,13532.0,,0.0,0.0,540.0,Acessórios,300,10,456,30.25433099889421,456,12,680.0,-224.0,-14.736842105263158,1.4912280701754386,0.0,1,0,462.0,452.1666666666667,27.6797157981556,0.06121573711350298,4.333333333333333,454.0,1.0084776999631404,45.6,0.0,0.0,0.4,2025-11,1,0,0.6856735886372008
CI-0007,2025-12-01,429.0,8537.1,,0.0,0.0,583.0,Acessórios,300,10,456,28.109589041095887,456,12,429.0,27.0,1.776315789473684,0.9407894736842104,0.0,0,0,542.0,486.6666666666667,98.14614952542283,0.20167017025771813,80.0,680.0,0.9369863013698629,45.6,0.0,0.0,0.4,2025-12,0,0,0.4865663150123419
CI-0007,2026-01-01,517.0,10288.3,,0.0,0.0,543.0,Acessórios,300,10,456,27.95640326975477,456,12,517.0,-61.0,-4.0131578947368425,1.1337719298245614,0.0,1,0,521.0,489.3333333333333,95.93678474217623,0.19605609960935197,-21.0,429.0,0.9318801089918256,45.6,0.0,0.0,0.4,2026-01,1,0,0.5629171868712274
CI-0007,2026-02-01,516.0,10268.4,,0.0,0.0,595.0,Acessórios,300,10,456,27.250996015936256,456,12,516.0,-60.0,-3.947368421052632,1.131578947368421,0.0,1,0,542.0,502.0,93.25877974753898,0.18577446164848402,21.0,517.0,0.9083665338645418,45.6,0.0,0.0,0.4,2026-02,1,0,0.560497748194641
CI-0007,2026-03-01,451.0,8974.9,,0.0,0.0,265.0,Acessórios,300,10,456,26.580310880829018,456,12,451.0,5.0,0.3289473684210526,0.9890350877192984,0.0,0,0,487.3333333333333,514.6666666666666,88.17633847391629,0.17132708252703943,-54.666666666666664,516.0,0.8860103626943006,45.6,0.0,0.0,0.4,2026-03,0,0,0.5013130974667753
CI-0007,2026-04-01,500.0,9950.0,,0.0,0.0,397.0,Acessórios,300,10,456,26.937971775516903,456,12,500.0,-44.0,-2.894736842105263,1.0964912280701755,0.0,1,0,494.6666666666667,507.8333333333333,91.79851124428245,0.1807650369103035,7.333333333333333,451.0,0.8979323925172301,45.6,0.0,0.0,0.4,2026-04,1,0,0.5457112467646158
CI-0007,2026-05-01,516.0,10268.4,,0.0,0.0,275.0,Acessórios,300,10,456,26.53734238603298,456,12,516.0,-60.0,-3.947368421052632,1.131578947368421,0.0,1,0,489.0,515.5,88.25587799121362,0.17120441899362487,-5.666666666666667,500.0,0.8845780795344326,45.6,0.0,0.0,0.4,2026-05,1,0,0.5583122417964121
CI-0007,2026-06-01,443.0,8815.7,,0.0,0.0,600.0,Acessórios,300,10,456,28.02321611471492,456,12,443.0,13.0,0.8552631578947368,0.9714912280701754,0.0,0,0,489.0,488.1666666666667,38.47813231780686,0.07882171181524109,0.0,516.0,0.9341072038238306,45.6,0.0,0.0,0.4,2026-06,0,0,0.48041974800035636
CI-0007,2026-07-01,483.0,9611.7,,0.0,0.0,459.0,Acessórios,300,10,456,27.889908256880734,456,12,483.0,-27.0,-1.776315789473684,1.0592105263157894,0.0,1,0,486.3333333333333,490.5,34.378772520262935,0.07008924061215685,-2.6666666666666665,443.0,0.9296636085626911,45.6,0.0,0.0,0.4,2026-07,1,0,0.5141975966181392
CI-0007,2026-08-01,452.0,8994.8,,0.0,0.0,437.0,Acessórios,300,10,456,28.215881746304575,456,12,452.0,4.0,0.2631578947368421,0.9912280701754386,0.0,0,0,480.6666666666667,484.8333333333333,31.845983524875663,0.06568439365735786,-5.666666666666667,483.0,0.9405293915434858,45.6,0.0,0.0,0.4,2026-08,0,0,0.48634388711877913
CI-0007,2026-10-01,,,470.0,0.0,0.0,,Acessórios,300,10,456,28.850615114235502,456,12,470.0,-14.0,-0.9210526315789472,1.030701754385965,0.0,1,0,459.3333333333333,474.1666666666667,29.982772831521963,0.06323256133185651,-21.333333333333332,452.0,0.9616871704745167,45.6,0.0,0.0,0.4,2026-10,1,0,0.5017655859541644
CI-0007,2026-11-01,,,556.0,0.0,0.0,,Acessórios,300,10,456,28.57142857142857,456,12,556.0,-100.0,-6.578947368421052,1.219298245614035,0.0,1,0,467.5,478.8,31.02740723940661,0.0648024378433722,4.5,0.0,0.9523809523809523,45.6,0.0,0.0,0.4,2026-11,1,0,0.5774396639221199
CI-0007,2026-12-01,,,538.0,0.0,0.0,,Acessórios,300,10,456,28.891235480464626,456,12,538.0,-82.0,-5.394736842105264,1.1798245614035088,0.0,1,0,452.0,473.5,33.11092468254712,0.06992803523241209,-31.0,0.0,0.9630411826821542,45.6,0.0,0.0,0.4,2026-12,1,0,0.5624190298462654
CI-0008,2024-09-01,490.0,12201.0,,0.0,0.0,,Acessórios,300,13,304,0.0,507,13,490.0,-186.0,-11.005917159763314,1.611842105263158,0.0,1,0,,,0.0,0.0,,0.0,0.0,23.384615384615383,0.0,0.0,0.43333333333333335,2024-09,1,1,0.7314035087719299
CI-0008,2024-10-01,476.0,11852.4,,0.0,0.0,,Acessórios,300,13,304,18.612244897959183,507,13,476.0,-172.0,-10.177514792899409,1.5657894736842106,0.0,1,0,490.0,490.0,0.0,0.0,,490.0,0.6204081632653061,23.384615384615383,0.0,0.0,0.43333333333333335,2024-10,1,0,0.7129824561403509
CI-0008,2024-11-01,756.0,18824.4,,0.0,0.0,,Acessórios,300,13,304,18.88198757763975,507,13,756.0,-452.0,-26.745562130177515,2.486842105263158,0.0,1,0,483.0,483.0,9.899494936611665,0.020495848730044855,-14.0,476.0,0.629399585921325,23.384615384615383,0.0,0.0,0.43333333333333335,2024-11,1,0,1.0844778860814366
CI-0008,2024-12-01,538.0,13396.2,,0.0,0.0,,Acessórios,300,13,304,15.888501742160278,507,13,538.0,-234.0,-13.846153846153848,1.769736842105263,0.0,1,0,574.0,574.0,157.77198737418502,0.2748640895020645,133.0,756.0,0.5296167247386759,23.384615384615383,0.0,0.0,0.43333333333333335,2024-12,1,0,0.8357910169340815
CI-0008,2025-01-01,566.0,14093.4,,0.0,0.0,,Acessórios,300,13,304,16.141592920353983,507,13,566.0,-262.0,-15.502958579881655,1.861842105263158,0.0,1,0,590.0,565.0,130.07177505772214,0.2302155310756144,16.0,538.0,0.5380530973451327,23.384615384615383,0.0,0.0,0.43333333333333335,2025-01,1,0,0.865935838433272
CI-0008,2025-02-01,480.0,11952.0,,0.0,0.0,,Acessórios,300,13,304,16.13588110403397,507,13,480.0,-176.0,-10.414201183431953,1.5789473684210529,0.0,1,0,620.0,565.2,112.64634925287193,0.1993035195556828,30.0,566.0,0.537862703467799,23.384615384615383,0.0,0.0,0.43333333333333335,2025-02,1,0,0.7481411419684403
CI-0008,2025-03-01,524.0,13047.6,,0.0,0.0,,Acessórios,300,13,304,16.551724137931036,507,13,524.0,-220.0,-13.017751479289942,1.7236842105263157,0.0,1,0,528.0,551.0,106.58893000682576,0.19344633395068198,-92.0,480.0,0.5517241379310345,23.384615384615383,0.0,0.0,0.43333333333333335,2025-03,1,0,0.8051573009697953
CI-0008,2025-04-01,479.0,11927.1,,0.0,0.0,,Acessórios,300,13,304,16.38323353293413,507,13,479.0,-175.0,-10.355029585798816,1.575657894736842,0.0,1,0,523.3333333333334,556.6666666666666,103.55803525881836,0.186032398668536,-4.666666666666667,524.0,0.5461077844311377,23.384615384615383,0.0,0.0,0.43333333333333335,2025-04,1,0,0.7448346843616839
CI-0008,2025-05-01,512.0,12748.8,,0.0,0.0,,Acessórios,300,13,304,16.368531259347893,507,13,512.0,-208.0,-12.307692307692308,1.6842105263157894,0.0,1,0,494.3333333333333,557.1666666666666,103.09688000452132,0.18503777446219802,-29.0,479.0,0.5456177086449298,23.384615384615383,0.0,0.0,0.43333333333333335,2025-05,1,0,0.7881065433623121
CI-0008,2025-06-01,541.0,13470.9,,0.0,0.0,,Acessórios,300,13,304,17.65730880929332,507,13,541.0,-237.0,-14.023668639053254,1.7796052631578947,0.0,1,0,505.0,516.5,33.84523600154104,0.06552804646958575,10.666666666666666,512.0,0.5885769603097774,23.384615384615383,0.0,0.0,0.43333333333333335,2025-06,1,0,0.8083379789002625
CI-0008,2025-07-01,514.0,12798.6,,0.0,0.0,,Acessórios,300,13,304,17.640232108317214,507,13,514.0,-210.0,-12.42603550295858,1.6907894736842106,0.0,1,0,510.6666666666667,517.0,34.24616766880653,0.06624016957215963,5.666666666666667,541.0,0.5880077369439072,23.384615384615383,0.0,0.0,0.43333333333333335,2025-07,1,0,0.7729184815761749
CI-0008,2025-08-01,483.0,12026.7,,0.0,0.0,,Acessórios,300,13,304,17.940983606557378,507,13,483.0,-179.0,-10.59171597633136,1.5888157894736843,0.0,1,0,522.3333333333334,508.3333333333333,24.58183611259905,0.048357710385440754,11.666666666666666,514.0,0.598032786885246,23.384615384615383,0.0,0.0,0.43333333333333335,2025-08,1,0,0.7294466390139565
CI-0008,2025-09-01,478.0,11902.2,,0.0,0.0,251.0,Acessórios,300,13,304,17.92335407795611,507,13,478.0,-174.0,-10.29585798816568,1.5723684210526316,0.0,1,0,512.6666666666666,508.8333333333333,23.91164291023682,0.046993074831778885,-9.666666666666666,483.0,0.5974451359318703,23.384615384615383,0.0,0.0,0.43333333333333335,2025-09,1,0,0.7226629963124862
CI-0008,2025-10-01,492.0,12250.8,,0.0,0.0,376.0,Acessórios,300,13,304,18.19753907549052,507,13,492.0,-188.0,-11.124260355029586,1.618421052631579,0.0,1,0,491.6666666666667,501.1666666666667,25.404067915723314,0.05068985949263049,-21.0,478.0,0.606584635849684,23.384615384615383,0.0,0.0,0.43333333333333335,2025-10,1,0,0.7416385666431928
CI-0008,2025-11-01,727.0,18102.3,,0.0,0.0,310.0,Acessórios,300,13,304,18.119205298013245,507,13,727.0,-423.0,-25.02958579881657,2.3914473684210527,0.0,1,0,484.3333333333333,503.3333333333333,23.62766739791894,0.04694238555877935,-7.333333333333333,492.0,0.6039735099337749,23.384615384615383,0.0,0.0,0.43333333333333335,2025-11,1,0,1.0502869718689047
CI-0008,2025-12-01,473.0,11777.7,,0.0,0.0,267.0,Acessórios,300,13,304,16.91499227202473,507,13,473.0,-169.0,-10.0,1.555921052631579,0.0,1,0,565.6666666666666,539.1666666666666,94.9092549052339,0.17602952996333954,81.33333333333333,727.0,0.5638330757341576,23.384615384615383,0.0,0.0,0.43333333333333335,2025-12,1,0,0.7354395172137993
CI-0008,2026-01-01,482.0,12001.8,,0.0,0.0,351.0,Acessórios,300,13,304,17.27818124407957,507,13,482.0,-178.0,-10.532544378698226,1.5855263157894737,0.0,1,0,564.0,527.8333333333334,98.63349667666999,0.18686485003473946,-1.6666666666666667,473.0,0.5759393748026523,23.384615384615383,0.0,0.0,0.43333333333333335,2026-01,1,0,0.7489069204876672
CI-0008,2026-02-01,515.0,12823.5,,0.0,0.0,335.0,Acessórios,300,13,304,17.454545454545453,507,13,515.0,-211.0,-12.485207100591715,1.694078947368421,0.0,1,0,560.6666666666666,522.5,100.38077505179965,0.19211631588861175,-3.3333333333333335,482.0,0.5818181818181818,23.384615384615383,0.0,0.0,0.43333333333333335,2026-02,1,0,0.7931156929973269
CI-0008,2026-03-01,508.0,12649.2,,0.0,0.0,377.0,Acessórios,300,13,304,17.27818124407957,507,13,508.0,-204.0,-12.071005917159765,1.6710526315789471,0.0,1,0,490.0,527.8333333333334,98.69836202625993,0.1869877398666118,-70.66666666666667,515.0,0.5759393748026523,23.384615384615383,0.0,0.0,0.43333333333333335,2026-03,1,0,0.7831358802782373
CI-0008,2026-04-01,478.0,11902.2,,0.0,0.0,190.0,Acessórios,300,13,304,17.11604629340006,507,13,478.0,-174.0,-10.29585798816568,1.5723684210526316,0.0,1,0,501.6666666666667,532.8333333333334,96.40210924386804,0.18092357067976483,11.666666666666666,508.0,0.5705348764466687,23.384615384615383,0.0,0.0,0.43333333333333335,2026-04,1,0,0.7427525706896841
CI-0008,2026-05-01,513.0,12773.7,,0.0,0.0,228.0,Acessórios,300,13,304,17.191328934967014,507,13,513.0,-209.0,-12.366863905325443,1.6875,0.0,1,0,500.3333333333333,530.5,97.74814576246447,0.1842566366870207,-1.3333333333333333,478.0,0.5730442978322338,23.384615384615383,0.0,0.0,0.43333333333333335,2026-05,1,0,0.7893051621697198
CI-0008,2026-06-01,524.0,13047.6,,0.0,0.0,294.0,Acessórios,300,13,304,18.43044796227686,507,13,524.0,-220.0,-13.017751479289942,1.7236842105263157,0.0,1,0,499.6666666666667,494.8333333333333,19.156374047994206,0.03871278015761712,-0.6666666666666666,513.0,0.6143482654092287,23.384615384615383,0.0,0.0,0.43333333333333335,2026-06,1,0,0.7819472679008356
CI-0008,2026-07-01,531.0,13221.9,,0.0,0.0,320.0,Acessórios,300,13,304,18.119205298013245,507,13,531.0,-227.0,-13.431952662721894,1.7467105263157894,0.0,1,0,505.0,503.3333333333333,18.843212748007335,0.03743684651921987,5.333333333333333,524.0,0.6039735099337749,23.384615384615383,0.0,0.0,0.43333333333333335,2026-07,1,0,0.7909664041708655
CI-0008,2026-08-01,543.0,13520.7,,0.0,0.0,382.0,Acessórios,300,13,304,17.829912023460412,507,13,543.0,-239.0,-14.142011834319527,1.7861842105263157,0.0,1,0,522.6666666666666,511.5,18.36028322221637,0.035894981861615584,17.666666666666668,531.0,0.5943304007820137,23.384615384615383,0.0,0.0,0.43333333333333335,2026-08,1,0,0.8065245981564354
CI-0008,2026-10-01,,,522.0,0.0,0.0,,Acessórios,300,13,304,17.66871165644172,507,13,522.0,-218.0,-12.899408284023668,1.7171052631578947,0.0,1,0,532.6666666666666,516.1666666666666,22.515920293575984,0.04362141484063801,10.0,543.0,0.588957055214724,23.384615384615383,0.0,0.0,0.43333333333333335,2026-10,1,0,0.7800519841559203
CI-0008,2026-11-01,,,619.0,0.0,0.0,,Acessórios,300,13,304,17.61297798377752,507,13,619.0,-315.0,-18.63905325443787,2.036184210526316,0.0,1,0,537.0,517.8,24.772969139770073,0.0478427368477599,9.5,0.0,0.5870992661259173,23.384615384615383,0.0,0.0,0.43333333333333335,2026-11,1,0,0.9083167614043571
CI-0008,2026-12-01,,,598.0,0.0,0.0,,Acessórios,300,13,304,17.280909521553767,507,13,598.0,-294.0,-17.39644970414201,1.9671052631578947,0.0,1,0,543.0,527.75,12.579745625409176,0.023836562056673002,12.0,0.0,0.5760303173851256,23.384615384615383,0.0,0.0,0.43333333333333335,2026-12,1,0,0.8770842562383255
CI-0009,2024-09-01,608.0,18179.2,,0.0,0.0,,Acessórios,300,16,1023,0.0,558,14,608.0,415.0,22.311827956989248,0.5943304007820137,0.0,0,0,,,0.0,0.0,,0.0,0.0,63.9375,0.0,0.0,0.4666666666666667,2024-09,1,1,0.33106549364613885
CI-0009,2024-10-01,519.0,15518.1,,0.0,0.0,,Acessórios,300,16,1023,50.47697368421053,558,14,519.0,504.0,27.096774193548388,0.5073313782991202,0.0,0,0,608.0,608.0,0.0,0.0,,608.0,1.6825657894736843,63.9375,0.0,0.0,0.4666666666666667,2024-10,0,0,0.2962658846529814
CI-0009,2024-11-01,743.0,22215.7,,0.0,0.0,,Acessórios,300,16,1023,54.463176574977815,558,14,743.0,280.0,15.053763440860214,0.7262952101661779,0.0,0,0,563.5,563.5,62.932503525602726,0.11168146144738728,-89.0,519.0,1.8154392191659272,63.9375,0.0,0.0,0.4666666666666667,2024-11,0,0,0.40060363661691256
CI-0009,2024-12-01,490.0,14651.0,,0.0,0.0,,Acessórios,300,16,1023,49.23529411764706,558,14,490.0,533.0,28.655913978494624,0.4789833822091887,0.0,0,0,623.3333333333334,623.3333333333334,112.78445519367166,0.18093762865294918,67.5,743.0,1.6411764705882352,63.9375,0.0,0.0,0.4666666666666667,2024-12,0,0,0.3120673305149512
CI-0009,2025-01-01,482.0,14411.8,,0.0,0.0,,Acessórios,300,16,1023,52.016949152542374,558,14,482.0,541.0,29.086021505376344,0.4711632453567937,0.0,0,0,584.0,590.0,113.68670400124486,0.19268932881566925,-39.333333333333336,490.0,1.7338983050847459,63.9375,0.0,0.0,0.4666666666666667,2025-01,0,0,0.3107020307984012
CI-0009,2025-02-01,550.0,16445.0,,0.0,0.0,,Acessórios,300,16,1023,53.99366643209008,558,14,550.0,473.0,25.43010752688172,0.5376344086021505,0.0,0,0,571.6666666666666,568.4,109.66448832689642,0.192935412257031,-12.333333333333334,482.0,1.7997888810696694,63.9375,0.0,0.0,0.4666666666666667,2025-02,0,0,0.33732740861274824
CI-0009,2025-03-01,489.0,14621.1,,0.0,0.0,,Acessórios,300,16,1023,54.28655660377358,558,14,489.0,534.0,28.70967741935484,0.4780058651026393,0.0,0,0,507.3333333333333,565.3333333333334,98.37411583677215,0.17401081810749788,-64.33333333333333,550.0,1.8095518867924527,63.9375,0.0,0.0,0.4666666666666667,2025-03,0,0,0.31063730209051377
CI-0009,2025-04-01,419.0,12528.1,,0.0,0.0,,Acessórios,300,16,1023,56.26031164069661,558,14,419.0,604.0,32.473118279569896,0.4095796676441838,0.0,0,0,507.0,545.5,100.03349439062897,0.18337945809464523,-0.3333333333333333,489.0,1.8753437213565536,63.9375,0.0,0.0,0.4666666666666667,2025-04,0,0,0.2846721191052037
CI-0009,2025-05-01,492.0,14710.8,,0.0,0.0,,Acessórios,300,16,1023,58.033406870469584,558,14,492.0,531.0,28.5483870967742,0.4809384164222874,0.0,0,0,486.0,528.8333333333334,112.84222023102285,0.21337955291085314,-21.0,419.0,1.9344468956823195,63.9375,0.0,0.0,0.4666666666666667,2025-05,0,0,0.31771563283887627
CI-0009,2025-06-01,480.0,14352.0,,0.0,0.0,,Acessórios,300,16,1023,63.01848049281314,558,14,480.0,543.0,29.193548387096776,0.469208211143695,0.0,0,0,466.6666666666667,487.0,41.60769159662653,0.08543673839143025,-19.333333333333332,492.0,2.1006160164271046,63.9375,0.0,0.0,0.4666666666666667,2025-06,0,0,0.29383212854952584
CI-0009,2025-07-01,473.0,14142.7,,0.0,0.0,,Acessórios,300,16,1023,63.23489010989012,558,14,473.0,550.0,29.56989247311828,0.4623655913978494,0.0,0,0,463.6666666666667,485.3333333333333,41.66373323007255,0.0858456041828418,-3.0,480.0,2.1078296703296706,63.9375,0.0,0.0,0.4666666666666667,2025-07,0,0,0.2911564105198994
CI-0009,2025-08-01,383.0,11451.7,,0.0,0.0,,Acessórios,300,16,1023,63.43093351705132,558,14,383.0,640.0,34.40860215053763,0.3743890518084066,0.0,0,0,481.6666666666667,483.8333333333333,41.968639085234244,0.08674193403768704,18.0,473.0,2.1143644505683774,63.9375,0.0,0.0,0.4666666666666667,2025-08,0,0,0.25610024416234906
CI-0009,2025-09-01,360.0,10764.0,,0.0,0.0,1450.0,Acessórios,300,16,1023,67.30263157894737,558,14,360.0,663.0,35.645161290322584,0.3519061583577713,0.0,0,0,445.3333333333333,456.0,44.604932462677006,0.09781783434797589,-36.333333333333336,383.0,2.2434210526315788,63.9375,0.0,0.0,0.4666666666666667,2025-09,0,0,0.24876847182863826
CI-0009,2025-10-01,364.0,10883.6,,0.0,0.0,737.0,Acessórios,300,16,1023,70.63291139240506,558,14,364.0,659.0,35.43010752688172,0.3558162267839687,0.0,0,0,405.3333333333333,434.5,55.31997830802152,0.1273187072681738,-40.0,360.0,2.3544303797468356,63.9375,0.0,0.0,0.4666666666666667,2025-10,0,0,0.25475763013714686
CI-0009,2025-11-01,576.0,17222.4,,0.0,0.0,1458.0,Acessórios,300,16,1023,72.15517241379311,558,14,576.0,447.0,24.032258064516128,0.5630498533724341,0.0,0,0,369.0,425.3333333333333,62.493733019132684,0.14692883938667559,-36.333333333333336,364.0,2.4051724137931036,63.9375,0.0,0.0,0.4666666666666667,2025-11,0,0,0.3405926005903083
CI-0009,2025-12-01,404.0,12079.6,,0.0,0.0,947.0,Acessórios,300,16,1023,69.85584218512898,558,14,404.0,619.0,33.27956989247312,0.3949169110459433,0.0,0,0,433.3333333333333,439.3333333333333,85.565569399535,0.19476229757102048,64.33333333333333,576.0,2.3285280728376327,63.9375,0.0,0.0,0.4666666666666667,2025-12,0,0,0.2805144423873637
CI-0009,2026-01-01,366.0,10943.4,,0.0,0.0,848.0,Acessórios,300,16,1023,71.9296875,558,14,366.0,657.0,35.322580645161295,0.3577712609970674,0.0,0,0,448.0,426.6666666666667,83.95157334241351,0.19676150002128165,14.666666666666666,404.0,2.39765625,63.9375,0.0,0.0,0.4666666666666667,2026-01,0,0,0.26595606273535255
CI-0009,2026-02-01,324.0,9687.6,,0.0,0.0,807.0,Acessórios,300,16,1023,75.06726457399104,558,14,324.0,699.0,37.58064516129032,0.3167155425219941,0.0,0,0,448.6666666666667,408.8333333333333,83.50429130689409,0.20425020295204427,0.6666666666666666,366.0,2.502242152466368,63.9375,0.0,0.0,0.4666666666666667,2026-02,0,0,0.25065708078493765
CI-0009,2026-03-01,333.0,9956.7,,0.0,0.0,765.0,Acessórios,300,16,1023,76.9172932330827,558,14,333.0,690.0,37.096774193548384,0.3255131964809384,0.0,0,0,364.6666666666667,399.0,90.34821525630684,0.22643662971505474,-84.0,324.0,2.56390977443609,63.9375,0.0,0.0,0.4666666666666667,2026-03,0,0,0.25750410638296695
CI-0009,2026-04-01,322.0,9627.8,,0.0,0.0,660.0,Acessórios,300,16,1023,77.79467680608366,558,14,322.0,701.0,37.68817204301075,0.3147605083088954,0.0,0,0,341.0,394.5,93.30326896738374,0.23651018749653674,-23.666666666666668,333.0,2.593155893536122,63.9375,0.0,0.0,0.4666666666666667,2026-04,0,0,0.254714064781372
CI-0009,2026-05-01,322.0,9627.8,,0.0,0.0,665.0,Acessórios,300,16,1023,79.2,558,14,322.0,701.0,37.68817204301075,0.3147605083088954,0.0,0,0,326.3333333333333,387.5,97.52897005505571,0.2516876646582083,-14.666666666666666,322.0,2.64,63.9375,0.0,0.0,0.4666666666666667,2026-05,0,0,0.2569906863556227
CI-0009,2026-06-01,316.0,9448.4,,0.0,0.0,598.0,Acessórios,300,16,1023,88.91356832448092,558,14,316.0,707.0,38.01075268817204,0.3088954056695992,0.0,0,0,325.6666666666667,345.1666666666667,33.36115505594195,0.0966523082258096,-0.6666666666666666,322.0,2.9637856108160308,63.9375,0.0,0.0,0.4666666666666667,2026-06,0,0,0.23138934183504448
CI-0009,2026-07-01,306.0,9149.4,,0.0,0.0,772.0,Acessórios,300,16,1023,92.85930408472012,558,14,306.0,717.0,38.54838709677419,0.2991202346041056,0.0,0,0,320.0,330.5,18.240065789353096,0.05518930647308047,-5.666666666666667,316.0,3.0953101361573374,63.9375,0.0,0.0,0.4666666666666667,2026-07,0,1,0.22125982314593767
CI-0009,2026-08-01,249.0,7445.1,,0.0,0.0,716.0,Acessórios,300,16,1023,95.75663026521062,558,14,249.0,774.0,41.612903225806456,0.2434017595307918,0.0,0,0,314.6666666666667,320.5,8.983317872586118,0.028029072925385704,-5.333333333333333,306.0,3.1918876755070205,63.9375,0.0,0.0,0.4666666666666667,2026-08,0,1,0.1948983980844579
CI-0009,2026-10-01,,,575.0,297.0,0.0,,Acessórios,300,16,1023,99.64285714285715,558,14,575.0,448.0,24.086021505376344,0.5620723362658846,0.5165217391304348,0,0,290.3333333333333,308.0,30.219199195212305,0.09811428310133866,-24.333333333333332,249.0,3.3214285714285716,63.9375,0.9642857142857143,0.0,0.4666666666666667,2026-10,0,1,0.5739508388763166
CI-0009,2026-11-01,,,681.0,0.0,0.0,,Acessórios,300,16,1023,101.28712871287128,558,14,681.0,342.0,18.387096774193548,0.6656891495601173,0.0,0,0,277.5,303.0,30.886890422959336,0.10193693208897471,-33.5,0.0,3.376237623762376,63.9375,0.0,0.0,0.4666666666666667,2026-11,0,1,0.3748995329707265
CI-0009,2026-12-01,,,658.0,0.0,0.0,,Acessórios,300,16,1023,102.9002514668902,558,14,658.0,365.0,19.623655913978496,0.6432062561094819,0.0,0,0,249.0,298.25,33.490048273079466,0.11228851055517004,-57.0,0.0,3.430008382229673,63.9375,0.0,0.0,0.4666666666666667,2026-12,0,1,0.3674591123604016
CI-0010,2024-09-01,610.0,21289.0,,0.0,0.0,,Acessórios,300,19,121,0.0,609,12,610.0,-489.0,-24.08866995073892,5.041322314049586,0.0,1,0,,,0.0,0.0,,0.0,0.0,6.368421052631579,0.0,0.0,0.4,2024-09,1,1,2.0965289256198347
CI-0010,2024-10-01,680.0,23732.0,,0.0,0.0,,Acessórios,300,19,121,5.950819672131147,609,12,680.0,-559.0,-27.536945812807883,5.619834710743802,0.0,1,0,610.0,610.0,0.0,0.0,,610.0,0.19836065573770492,6.368421052631579,0.0,0.0,0.4,2024-10,1,0,2.327933884297521
CI-0010,2024-11-01,800.0,27920.0,,0.0,0.0,,Acessórios,300,19,121,5.627906976744186,609,12,800.0,-679.0,-33.44827586206897,6.6115702479338845,0.0,1,0,645.0,645.0,49.49747468305833,0.07674027082644702,70.0,680.0,0.1875968992248062,6.368421052631579,0.0,0.0,0.4,2024-11,1,0,2.7361391397975208
CI-0010,2024-12-01,633.0,22091.7,,0.0,0.0,,Acessórios,300,19,121,5.210526315789474,609,12,633.0,-512.0,-25.22167487684729,5.231404958677686,0.0,1,0,696.6666666666666,696.6666666666666,96.09023536933051,0.13792856751578544,95.0,800.0,0.1736842105263158,6.368421052631579,0.0,0.0,0.4,2024-12,1,0,2.1932512685984427
CI-0010,2025-01-01,603.0,21044.7,,0.0,0.0,,Acessórios,300,19,121,5.332354021300037,609,12,603.0,-482.0,-23.74384236453202,4.983471074380165,0.0,1,0,704.3333333333334,680.75,84.66945533465223,0.12437672469284206,7.666666666666667,633.0,0.17774513404333456,6.368421052631579,0.0,0.0,0.4,2025-01,1,0,2.092044938455992
CI-0010,2025-02-01,656.0,22894.4,,0.0,0.0,,Acessórios,300,19,121,5.457005411906193,609,12,656.0,-535.0,-26.354679802955665,5.421487603305785,0.0,1,0,678.6666666666666,665.2,81.15232590628565,0.1219968819998281,-25.666666666666668,603.0,0.1819001803968731,6.368421052631579,0.0,0.0,0.4,2025-02,1,0,2.266894573622288
CI-0010,2025-03-01,549.0,19160.1,,0.0,0.0,,Acessórios,300,19,121,5.469613259668509,609,12,549.0,-428.0,-21.08374384236453,4.537190082644628,0.0,1,0,630.6666666666666,663.6666666666666,72.68195557816719,0.10951575426142722,-48.0,656.0,0.18232044198895028,6.368421052631579,0.0,0.0,0.4,2025-03,1,0,1.9113033961970654
CI-0010,2025-04-01,592.0,20660.8,,0.0,0.0,,Acessórios,300,19,121,5.554705432287682,609,12,592.0,-471.0,-23.201970443349754,4.892561983471074,0.0,1,0,602.6666666666666,653.5,84.9252612595334,0.12995449312858975,-28.0,549.0,0.18515684774292274,6.368421052631579,0.0,0.0,0.4,2025-04,1,0,2.0565179673577183
CI-0010,2025-05-01,640.0,22336.0,,0.0,0.0,,Acessórios,300,19,121,5.682233237672841,609,12,640.0,-519.0,-25.566502463054185,5.289256198347108,0.0,1,0,599.0,638.8333333333334,87.00670472249064,0.13619625054394568,-3.6666666666666665,592.0,0.1894077745890947,6.368421052631579,0.0,0.0,0.4,2025-05,1,0,2.216131916920435
CI-0010,2025-06-01,643.0,22440.7,,0.0,0.0,,Acessórios,300,19,121,5.9297576912605505,609,12,643.0,-522.0,-25.71428571428571,5.31404958677686,0.0,1,0,593.6666666666666,612.1666666666666,39.014954397854744,0.06373256912255064,-5.333333333333333,640.0,0.19765858970868502,6.368421052631579,0.0,0.0,0.4,2025-06,1,0,2.2151797200791266
CI-0010,2025-07-01,643.0,22440.7,,0.0,0.0,,Acessórios,300,19,121,5.913657344556069,609,12,643.0,-522.0,-25.71428571428571,5.31404958677686,0.0,1,0,625.0,613.8333333333334,40.27613023450347,0.06561411387646505,31.333333333333332,643.0,0.19712191148520228,6.368421052631579,0.0,0.0,0.4,2025-07,1,0,2.215461951792214
CI-0010,2025-08-01,616.0,21498.4,,0.0,0.0,,Acessórios,300,19,121,5.850120870265915,609,12,616.0,-495.0,-24.38423645320197,5.090909090909091,0.0,1,0,642.0,620.5,41.41859485786565,0.06675035432371579,17.0,643.0,0.19500402900886382,6.368421052631579,0.0,0.0,0.4,2025-08,1,0,2.126376189512194
CI-0010,2025-09-01,638.0,22266.2,,0.0,0.0,161.0,Acessórios,300,19,121,5.913657344556069,609,12,638.0,-517.0,-25.467980295566505,5.2727272727272725,0.0,1,0,634.0,613.8333333333334,37.605407412587425,0.06126322141610767,-8.0,616.0,0.19712191148520228,6.368421052631579,0.0,0.0,0.4,2025-09,1,0,2.198280392303325
CI-0010,2025-10-01,704.0,24569.6,,0.0,0.0,84.0,Acessórios,300,19,121,5.774125132555674,609,12,704.0,-583.0,-28.7192118226601,5.818181818181818,0.0,1,0,632.3333333333334,628.6666666666666,20.64622645101705,0.03284129340034526,-1.6666666666666667,638.0,0.19247083775185578,6.368421052631579,0.0,0.0,0.4,2025-10,1,0,2.4121989212827795
CI-0010,2025-11-01,961.0,33538.9,,0.0,0.0,155.0,Acessórios,300,19,121,5.607621009268795,609,12,961.0,-840.0,-41.37931034482759,7.942148760330578,0.0,1,0,652.6666666666666,647.3333333333334,29.56800072150066,0.04567662315370853,20.333333333333332,704.0,0.18692070030895983,6.368421052631579,0.0,0.0,0.4,2025-11,1,0,3.263710997605288
CI-0010,2025-12-01,643.0,22440.7,,0.0,0.0,132.0,Acessórios,300,19,121,5.179548156956004,609,12,643.0,-522.0,-25.71428571428571,5.31404958677686,0.0,1,0,767.6666666666666,700.8333333333334,130.7905450201452,0.18662146732957696,115.0,961.0,0.17265160523186682,6.368421052631579,0.0,0.0,0.4,2025-12,1,0,2.2336130548101805
CI-0010,2026-01-01,612.0,21358.8,,0.0,0.0,79.0,Acessórios,300,19,121,5.179548156956004,609,12,612.0,-491.0,-24.1871921182266,5.0578512396694215,0.0,1,0,769.3333333333334,700.8333333333334,130.7905450201452,0.18662146732957696,1.6666666666666667,643.0,0.17265160523186682,6.368421052631579,0.0,0.0,0.4,2026-01,1,0,2.1311337159672052
CI-0010,2026-02-01,629.0,21952.1,,0.0,0.0,70.0,Acessórios,300,19,121,5.218016291327265,609,12,629.0,-508.0,-25.02463054187192,5.198347107438017,0.0,1,0,738.6666666666666,695.6666666666666,134.10244839922436,0.19276825356860233,-30.666666666666668,612.0,0.17393387637757549,6.368421052631579,0.0,0.0,0.4,2026-02,1,0,2.188254081010497
CI-0010,2026-03-01,635.0,22161.5,,0.0,0.0,160.0,Acessórios,300,19,121,5.20181514210652,609,12,635.0,-514.0,-25.32019704433497,5.24793388429752,0.0,1,0,628.0,697.8333333333334,132.6550664945242,0.1900956290821937,-110.66666666666667,629.0,0.17339383807021733,6.368421052631579,0.0,0.0,0.4,2026-03,1,0,2.2076878980813377
CI-0010,2026-04-01,592.0,20660.8,,0.0,0.0,80.0,Acessórios,300,19,121,5.205544933078394,609,12,592.0,-471.0,-23.201970443349754,4.892561983471074,0.0,1,0,625.3333333333334,697.3333333333334,132.93105982676371,0.1906277148567357,-2.6666666666666665,635.0,0.17351816443594645,6.368421052631579,0.0,0.0,0.4,2026-04,1,0,2.06561895061694
CI-0010,2026-05-01,659.0,22999.1,,0.0,0.0,83.0,Acessórios,300,19,121,5.3487229862475445,609,12,659.0,-538.0,-26.502463054187192,5.446280991735537,0.0,1,0,618.6666666666666,678.6666666666666,139.50866161879213,0.2055628609314226,-6.666666666666667,592.0,0.1782907662082515,6.368421052631579,0.0,0.0,0.4,2026-05,1,0,2.2893468258339285
CI-0010,2026-06-01,680.0,23732.0,,0.0,0.0,134.0,Acessórios,300,19,121,5.777188328912467,609,12,680.0,-559.0,-27.536945812807883,5.619834710743802,0.0,1,0,628.6666666666666,628.3333333333334,23.6107320231009,0.03757676184047889,10.0,659.0,0.19257294429708222,6.368421052631579,0.0,0.0,0.4,2026-06,1,0,2.3335703985735927
CI-0010,2026-07-01,733.0,25581.7,,0.0,0.0,106.0,Acessórios,300,19,121,5.721040189125295,609,12,733.0,-612.0,-30.14778325123153,6.0578512396694215,0.0,1,0,643.6666666666666,634.5,31.665438572677477,0.04990612856213944,15.0,680.0,0.19070133963750985,6.368421052631579,0.0,0.0,0.4,2026-07,1,0,2.51062641515209
CI-0010,2026-08-01,719.0,25093.1,,0.0,0.0,157.0,Acessórios,300,19,121,5.54480651731161,609,12,719.0,-598.0,-29.458128078817733,5.9421487603305785,0.0,1,0,690.6666666666666,654.6666666666666,48.51666380396182,0.07410895693069525,47.0,733.0,0.18482688391038699,6.368421052631579,0.0,0.0,0.4,2026-08,1,0,2.467975847671836
CI-0010,2026-10-01,,,627.0,0.0,0.0,,Acessórios,300,19,121,5.4206072672971635,609,12,627.0,-506.0,-24.926108374384235,5.181818181818182,0.0,1,0,710.6666666666666,669.6666666666666,52.724440885291926,0.07873236568236724,20.0,719.0,0.18068690890990544,6.368421052631579,0.0,0.0,0.4,2026-10,1,0,2.164537127579628
CI-0010,2026-11-01,,,743.0,0.0,0.0,,Acessórios,300,19,121,5.365060597103162,609,12,743.0,-622.0,-30.640394088669957,6.140495867768595,0.0,1,0,726.0,676.6,55.80591366513017,0.08247991969425092,19.5,0.0,0.17883535323677208,6.368421052631579,0.0,0.0,0.4,2026-11,1,0,2.548570335061576
CI-0010,2026-12-01,,,719.0,0.0,0.0,,Acessórios,300,19,121,5.2024364027230385,609,12,719.0,-598.0,-29.458128078817733,5.9421487603305785,0.0,1,0,719.0,697.75,34.20891696619343,0.049027469675662384,-14.0,0.0,0.17341454675743462,6.368421052631579,0.0,0.0,0.4,2026-12,1,0,2.464213624583581
CI-0011,2024-09-01,728.0,58167.2,,0.0,0.0,,Clássico,300,7,660,0.0,660,15,728.0,-68.0,-3.090909090909091,1.103030303030303,0.0,1,0,,,0.0,0.0,,0.0,0.0,94.28571428571429,0.0,0.0,0.5,2024-09,1,1,0.5412121212121213
CI-0011,2024-10-01,609.0,48659.1,,0.0,0.0,,Clássico,300,7,660,27.197802197802197,660,15,609.0,51.0,2.3181818181818183,0.9227272727272728,0.0,0,0,728.0,728.0,0.0,0.0,,728.0,0.9065934065934066,94.28571428571429,0.0,0.0,0.5,2024-10,0,0,0.4690909090909091
CI-0011,2024-11-01,966.0,77183.40000000001,,0.0,0.0,,Clássico,300,7,660,29.618548990276736,660,15,966.0,-306.0,-13.909090909090908,1.4636363636363636,0.0,1,0,668.5,668.5,84.14570696119915,0.12587241131069432,-119.0,609.0,0.9872849663425579,94.28571428571429,0.0,0.0,0.5,2024-11,1,0,0.7043354071511496
CI-0011,2024-12-01,654.0,52254.6,,0.0,0.0,,Clássico,300,7,660,25.792444637429444,660,15,654.0,6.0,0.2727272727272727,0.990909090909091,0.0,0,0,767.6666666666666,767.6666666666666,181.77550256658168,0.23678962557522582,119.0,966.0,0.8597481545809814,94.28571428571429,0.0,0.0,0.5,2024-12,0,0,0.5318820801999203
CI-0011,2025-01-01,740.0,59126.0,,0.0,0.0,,Clássico,300,7,660,26.78390260399053,660,15,740.0,-80.0,-3.6363636363636367,1.121212121212121,0.0,1,0,743.0,739.25,158.92844301760462,0.2149860575145142,-24.666666666666668,654.0,0.892796753466351,94.28571428571429,0.0,0.0,0.5,2025-01,1,0,0.5807327571120255
CI-0011,2025-02-01,690.0,55131.0,,0.0,0.0,,Clássico,300,7,660,26.778469028942386,660,15,690.0,-30.0,-1.3636363636363638,1.0454545454545454,0.0,1,0,786.6666666666666,739.4,137.63647772302227,0.18614616949286214,43.666666666666664,740.0,0.8926156342980796,94.28571428571429,0.0,0.0,0.5,2025-02,1,0,0.5461037436057475
CI-0011,2025-03-01,615.0,49138.5,,0.0,0.0,,Clássico,300,7,660,27.08000911784819,660,15,615.0,45.0,2.0454545454545454,0.9318181818181818,0.0,0,0,694.6666666666666,731.1666666666666,124.74681024646148,0.17061337166144722,-92.0,690.0,0.9026669705949396,94.28571428571429,0.0,0.0,0.5,2025-03,0,0,0.4983192784764899
CI-0011,2025-04-01,703.0,56169.7,,0.0,0.0,,Clássico,300,7,660,27.795975666822645,660,15,703.0,-43.0,-1.9545454545454544,1.0651515151515152,0.0,1,0,681.6666666666666,712.3333333333334,133.5405057151824,0.1874691236057778,-13.0,615.0,0.9265325222274216,94.28571428571429,0.0,0.0,0.5,2025-04,1,0,0.5541809746014728
CI-0011,2025-05-01,631.0,50416.9,,0.0,0.0,,Clássico,300,7,660,27.197802197802197,660,15,631.0,29.0,1.318181818181818,0.956060606060606,0.0,0,0,669.3333333333334,728.0,124.17890320018132,0.17057541648376556,-12.333333333333334,703.0,0.9065934065934066,94.28571428571429,0.0,0.0,0.5,2025-05,0,0,0.5080105548968072
CI-0011,2025-06-01,649.0,51855.1,,0.0,0.0,,Clássico,300,7,660,29.456979915695513,660,15,649.0,11.0,0.5,0.9833333333333332,0.0,0,0,649.6666666666666,672.1666666666666,47.25004409169006,0.07029513130427482,-19.666666666666668,631.0,0.9818993305231838,94.28571428571429,0.0,0.0,0.5,2025-06,0,0,0.5038776030289746
CI-0011,2025-07-01,761.0,60803.9,,0.0,0.0,,Clássico,300,7,660,29.493545183713998,660,15,761.0,-101.0,-4.590909090909091,1.153030303030303,0.0,1,0,661.0,671.3333333333334,47.67668892306443,0.07101790802839786,11.333333333333334,649.0,0.9831181727904666,94.28571428571429,0.0,0.0,0.5,2025-07,1,0,0.5718648074163809
CI-0011,2025-08-01,663.0,52973.7,,0.0,0.0,,Clássico,300,7,660,29.34057792047419,660,15,663.0,-3.0,-0.1363636363636363,1.0045454545454546,0.0,1,0,680.3333333333334,674.8333333333334,54.0681668513614,0.08012077083432165,19.333333333333332,761.0,0.9780192640158063,94.28571428571429,0.0,0.0,0.5,2025-08,1,0,0.51383629744333
CI-0011,2025-09-01,729.0,58247.1,,0.0,0.0,490.0,Clássico,300,7,660,29.537543510691197,660,15,729.0,-69.0,-3.136363636363636,1.1045454545454545,0.0,1,0,691.0,670.3333333333334,53.67556861987263,0.08007295169548377,10.666666666666666,663.0,0.9845847836897066,94.28571428571429,0.0,0.0,0.5,2025-09,1,0,0.5538291245725044
CI-0011,2025-10-01,700.0,55930.0,,0.0,0.0,900.0,Clássico,300,7,660,28.723404255319146,660,15,700.0,-40.0,-1.8181818181818183,1.0606060606060606,0.0,1,0,717.6666666666666,689.3333333333334,50.23809975174877,0.07287925495901659,26.666666666666668,729.0,0.9574468085106382,94.28571428571429,0.0,0.0,0.5,2025-10,1,0,0.5351743124862768
CI-0011,2025-11-01,890.0,71111.0,,0.0,0.0,701.0,Clássico,300,7,660,28.744253568836193,660,15,890.0,-230.0,-10.454545454545457,1.3484848484848484,0.0,1,0,697.3333333333334,688.8333333333334,50.08958640941907,0.07271655418739763,-20.333333333333332,700.0,0.9581417856278731,94.28571428571429,0.0,0.0,0.5,2025-11,1,0,0.650301422522049
CI-0011,2025-12-01,692.0,55290.8,,0.0,0.0,597.0,Clássico,300,7,660,27.049180327868854,660,15,692.0,-32.0,-1.4545454545454546,1.0484848484848486,0.0,1,0,773.0,732.0,87.73596753897459,0.11985787915160463,75.66666666666667,890.0,0.9016393442622951,94.28571428571429,0.0,0.0,0.5,2025-12,1,0,0.5373726212666801
CI-0011,2026-01-01,726.0,58007.4,,0.0,0.0,395.0,Clássico,300,7,660,26.786922209695607,660,15,726.0,-66.0,-3.0,1.1,0.0,1,0,760.6666666666666,739.1666666666666,81.10589785377309,0.10972613012911805,-12.333333333333334,692.0,0.8928974069898535,94.28571428571429,0.0,0.0,0.5,2026-01,1,0,0.5564589195193678
CI-0011,2026-02-01,670.0,53533.0,,0.0,0.0,955.0,Clássico,300,7,660,26.999999999999996,660,15,670.0,-10.0,-0.4545454545454546,1.0151515151515151,0.0,1,0,769.3333333333334,733.3333333333334,80.47774019358815,0.10974237299125655,8.666666666666666,726.0,0.8999999999999999,94.28571428571429,0.0,0.0,0.5,2026-02,1,0,0.5225219620092946
CI-0011,2026-03-01,658.0,52574.2,,0.0,0.0,534.0,Clássico,300,7,660,26.9571136827774,660,15,658.0,2.0,0.0909090909090909,0.996969696969697,0.0,0,0,696.0,734.5,79.29627986229875,0.1079595369125919,-73.33333333333333,670.0,0.89857045609258,94.28571428571429,0.0,0.0,0.5,2026-03,0,0,0.5149818093247676
CI-0011,2026-04-01,773.0,61762.7,,0.0,0.0,391.0,Clássico,300,7,660,27.398523985239855,660,15,773.0,-113.0,-5.136363636363636,1.1712121212121211,0.0,1,0,684.6666666666666,722.6666666666666,85.34791542074517,0.1181013589770459,-11.333333333333334,658.0,0.9132841328413285,94.28571428571429,0.0,0.0,0.5,2026-04,1,0,0.5862000523314054
CI-0011,2026-05-01,677.0,54092.3,,0.0,0.0,824.0,Clássico,300,7,660,26.944885461555906,660,15,677.0,-17.0,-0.7727272727272727,1.025757575757576,0.0,1,0,700.3333333333334,734.8333333333334,86.66352558410414,0.11793630154334879,15.666666666666666,773.0,0.8981628487185302,94.28571428571429,0.0,0.0,0.5,2026-05,1,0,0.5279934755345328
CI-0011,2026-06-01,631.0,50416.9,,0.0,0.0,776.0,Clássico,300,7,660,28.31267874165872,660,15,631.0,29.0,1.318181818181818,0.956060606060606,0.0,0,0,702.6666666666666,699.3333333333334,43.033320423442426,0.061534776582615476,2.3333333333333335,677.0,0.9437559580552907,94.28571428571429,0.0,0.0,0.5,2026-06,0,0,0.49165445891163473
CI-0011,2026-07-01,792.0,63280.8,,0.0,0.0,835.0,Clássico,300,7,660,28.730350665054413,660,15,792.0,-132.0,-6.0,1.2,0.0,1,0,693.6666666666666,689.1666666666666,51.4875389455222,0.07470985094876258,-9.0,631.0,0.9576783555018138,94.28571428571429,0.0,0.0,0.5,2026-07,1,0,0.5912064776423144
CI-0011,2026-08-01,703.0,56169.7,,0.0,0.0,908.0,Clássico,300,7,660,28.278981194953584,660,15,703.0,-43.0,-1.9545454545454544,1.0651515151515152,0.0,1,0,700.0,700.1666666666666,65.94972832898303,0.09419147107210145,6.333333333333333,792.0,0.9426327064984528,94.28571428571429,0.0,0.0,0.5,2026-08,1,0,0.5401893267214213
CI-0011,2026-10-01,,,680.0,0.0,0.0,,Clássico,300,7,660,28.05857345299953,660,15,680.0,-20.0,-0.9090909090909092,1.0303030303030305,0.0,1,0,708.6666666666666,705.6666666666666,64.28582010573302,0.09109941441530424,8.666666666666666,703.0,0.935285781766651,94.28571428571429,0.0,0.0,0.5,2026-10,1,0,0.5257861242835078
CI-0011,2026-11-01,,,805.0,0.0,0.0,,Clássico,300,7,660,27.68456375838926,660,15,805.0,-145.0,-6.590909090909091,1.2196969696969695,0.0,1,0,747.5,715.2,66.96416952370875,0.09362999094478291,36.0,0.0,0.9228187919463087,94.28571428571429,0.0,0.0,0.5,2026-11,1,0,0.6019232865205052
CI-0011,2026-12-01,,,779.0,0.0,0.0,,Clássico,300,7,660,28.25544059935783,660,15,779.0,-119.0,-5.409090909090909,1.1803030303030304,0.0,1,0,703.0,700.75,67.72677953857445,0.09664898970898958,-89.0,0.0,0.9418480199785944,94.28571428571429,0.0,0.0,0.5,2026-12,1,0,0.5866185605775606
CI-0012,2024-09-01,738.0,62656.2,,0.0,0.0,,Clássico,300,10,711,0.0,711,16,738.0,-27.0,-1.139240506329114,1.0379746835443038,0.0,1,0,,,0.0,0.0,,0.0,0.0,71.1,0.0,0.0,0.5333333333333333,2024-09,1,1,0.5218565400843882
CI-0012,2024-10-01,692.0,58750.8,,0.0,0.0,,Clássico,300,10,711,28.902439024390244,711,16,692.0,19.0,0.8016877637130801,0.9732770745428974,0.0,0,0,738.0,738.0,0.0,0.0,,738.0,0.9634146341463414,71.1,0.0,0.0,0.5333333333333333,2024-10,0,0,0.49597749648382566
CI-0012,2024-11-01,917.0,77853.3,,0.0,0.0,,Clássico,300,10,711,29.832167832167833,711,16,917.0,-206.0,-8.691983122362869,1.289732770745429,0.0,1,0,715.0,715.0,32.526911934581186,0.04549218452388977,-46.0,692.0,0.9944055944055944,71.1,0.0,0.0,0.5333333333333333,2024-11,1,0,0.6293836026434217
CI-0012,2024-12-01,752.0,63844.8,,0.0,0.0,,Clássico,300,10,711,27.264593097571368,711,16,752.0,-41.0,-1.729957805907173,1.057665260196906,0.0,1,0,782.3333333333334,782.3333333333334,118.87107862442122,0.15194428456466283,89.5,917.0,0.9088197699190456,71.1,0.0,0.0,0.5333333333333333,2024-12,1,0,0.5525244134301286
CI-0012,2025-01-01,715.0,60703.5,,0.0,0.0,,Clássico,300,10,711,27.531461761858665,711,16,715.0,-4.0,-0.1687763713080168,1.0056258790436006,0.0,1,0,787.0,774.75,98.23568598019763,0.12679662598283012,4.666666666666667,752.0,0.9177153920619555,71.1,0.0,0.0,0.5333333333333333,2025-01,1,0,0.5279365121815315
CI-0012,2025-02-01,804.0,68259.6,,0.0,0.0,,Clássico,300,10,711,27.962768746722602,711,16,804.0,-93.0,-3.924050632911393,1.130801687763713,0.0,1,0,794.6666666666666,762.8,89.17230511767653,0.11690129144949729,7.666666666666667,715.0,0.9320922915574201,71.1,0.0,0.0,0.5333333333333333,2025-02,1,0,0.5765225354895765
CI-0012,2025-03-01,737.0,62571.3,,0.0,0.0,,Clássico,300,10,711,27.71329579904721,711,16,737.0,-26.0,-1.0970464135021096,1.0365682137834036,0.0,1,0,757.0,769.6666666666666,81.51237124919545,0.1059060691847494,-37.666666666666664,804.0,0.923776526634907,71.1,0.0,0.0,0.5333333333333333,2025-03,1,0,0.5371798625577405
CI-0012,2025-04-01,702.0,59599.8,,0.0,0.0,,Clássico,300,10,711,27.719298245614034,711,16,702.0,9.0,0.3797468354430379,0.9873417721518988,0.0,0,0,752.0,769.5,81.59105343112074,0.10603125851997497,-5.0,737.0,0.9239766081871345,71.1,0.0,0.0,0.5333333333333333,2025-04,0,0,0.5175080643054224
CI-0012,2025-05-01,714.0,60618.6,,0.0,0.0,,Clássico,300,10,711,27.659390533823213,711,16,714.0,-3.0,-0.1265822784810126,1.0042194092827004,0.0,1,0,747.6666666666666,771.1666666666666,79.77322023503041,0.1034448500994559,-4.333333333333333,702.0,0.9219796844607737,71.1,0.0,0.0,0.5333333333333333,2025-05,1,0,0.5238711578946652
CI-0012,2025-06-01,689.0,58496.1,,0.0,0.0,,Clássico,300,10,711,28.928571428571427,711,16,689.0,22.0,0.9282700421940928,0.9690576652601968,0.0,0,0,717.6666666666666,737.3333333333334,37.28627987164534,0.05056909566678843,-30.0,714.0,0.9642857142857142,71.1,0.0,0.0,0.5333333333333333,2025-06,0,0,0.5018750971207636
CI-0012,2025-07-01,683.0,57986.7,,0.0,0.0,,Clássico,300,10,711,29.346480165099745,711,16,683.0,28.0,1.181434599156118,0.960618846694796,0.0,0,0,701.6666666666666,726.8333333333334,41.014225174525315,0.05642865192551064,-16.0,689.0,0.9782160055033249,71.1,0.0,0.0,0.5333333333333333,2025-07,0,0,0.4993785031334117
CI-0012,2025-08-01,714.0,60618.6,,0.0,0.0,,Clássico,300,10,711,29.563409563409564,711,16,714.0,-3.0,-0.1265822784810126,1.0042194092827004,0.0,1,0,695.3333333333334,721.5,44.7694091986928,0.06205046319985142,-6.333333333333333,683.0,0.9854469854469855,71.1,0.0,0.0,0.5333333333333333,2025-08,1,0,0.5176619998597245
CI-0012,2025-09-01,684.0,58071.6,,0.0,0.0,809.0,Clássico,300,10,711,30.191082802547772,711,16,684.0,27.0,1.139240506329114,0.9620253164556962,0.0,0,0,695.3333333333334,706.5,19.603571103245432,0.027747446713723187,0.0,714.0,1.0063694267515924,71.1,0.0,0.0,0.5333333333333333,2025-09,0,0,0.4956389102560037
CI-0012,2025-10-01,688.0,58411.2,,0.0,0.0,501.0,Clássico,300,10,711,30.573339703774487,711,16,688.0,23.0,0.9704641350210972,0.9676511954992968,0.0,0,0,693.6666666666666,697.6666666666666,14.348054455802208,0.020565773228574596,-1.6666666666666667,684.0,1.0191113234591496,71.1,0.0,0.0,0.5333333333333333,2025-10,0,0,0.4968120108506716
CI-0012,2025-11-01,943.0,80060.7,,0.0,0.0,443.0,Clássico,300,10,711,30.67593480345158,711,16,943.0,-232.0,-9.789029535864978,1.3263009845288327,0.0,1,0,695.3333333333334,695.3333333333334,14.637850479720898,0.021051558695667636,1.6666666666666667,688.0,1.0225311601150526,71.1,0.0,0.0,0.5333333333333333,2025-11,1,0,0.64034479428255
CI-0012,2025-12-01,719.0,61043.1,,0.0,0.0,734.0,Clássico,300,10,711,29.07975460122699,711,16,719.0,-8.0,-0.3375527426160337,1.0112517580872011,0.0,1,0,771.6666666666666,733.5,103.26809768752403,0.1407881359066449,76.33333333333333,943.0,0.9693251533742331,71.1,0.0,0.0,0.5333333333333333,2025-12,1,0,0.5322855902875439
CI-0012,2026-01-01,692.0,58750.8,,0.0,0.0,417.0,Clássico,300,10,711,28.88287068381855,711,16,692.0,19.0,0.8016877637130801,0.9732770745428974,0.0,0,0,783.3333333333334,738.5,101.3918142652552,0.13729426440792852,11.666666666666666,719.0,0.962762356127285,71.1,0.0,0.0,0.5333333333333333,2026-01,0,0,0.5165716361450149
CI-0012,2026-02-01,773.0,65627.7,,0.0,0.0,964.0,Clássico,300,10,711,28.824324324324323,711,16,773.0,-62.0,-2.6160337552742616,1.0872011251758087,0.0,1,0,784.6666666666666,740.0,100.46890066085132,0.1357687846768261,1.3333333333333333,692.0,0.9608108108108108,71.1,0.0,0.0,0.5333333333333333,2026-02,1,0,0.5619124344385141
CI-0012,2026-03-01,743.0,63080.7,,0.0,0.0,663.0,Clássico,300,10,711,28.44632140475661,711,16,743.0,-32.0,-1.350210970464135,1.0450070323488043,0.0,1,0,728.0,749.8333333333334,100.3023761765726,0.13376622739707392,-56.666666666666664,773.0,0.948210713491887,71.1,0.0,0.0,0.5333333333333333,2026-03,1,0,0.5447344137157495
CI-0012,2026-04-01,752.0,63844.8,,0.0,0.0,624.0,Clássico,300,10,711,28.07810443176832,711,16,752.0,-41.0,-1.729957805907173,1.057665260196906,0.0,1,0,736.0,759.6666666666666,95.32610695222313,0.12548412499195674,8.0,743.0,0.9359368143922774,71.1,0.0,0.0,0.5333333333333333,2026-04,1,0,0.5485553894942227
CI-0012,2026-05-01,714.0,60618.6,,0.0,0.0,620.0,Clássico,300,10,711,27.68931198615318,711,16,714.0,-3.0,-0.1265822784810126,1.0042194092827004,0.0,1,0,756.0,770.3333333333334,89.07899116327422,0.11563694222839578,20.0,752.0,0.922977066205106,71.1,0.0,0.0,0.5333333333333333,2026-05,1,0,0.5256999717140062
CI-0012,2026-06-01,702.0,59599.8,,0.0,0.0,969.0,Clássico,300,10,711,29.13271113134532,711,16,702.0,9.0,0.3797468354430379,0.9873417721518988,0.0,0,0,736.3333333333334,732.1666666666666,29.30813311466065,0.04002931907306258,-19.666666666666668,714.0,0.9710903710448441,71.1,0.0,0.0,0.5333333333333333,2026-06,0,0,0.5076077733883856
CI-0012,2026-07-01,677.0,57477.3,,0.0,0.0,849.0,Clássico,300,10,711,29.245886654478973,711,16,677.0,34.0,1.4345991561181433,0.9521800281293952,0.0,0,0,722.6666666666666,729.3333333333334,31.57002798013753,0.043286144396897895,-13.666666666666666,702.0,0.9748628884826325,71.1,0.0,0.0,0.5333333333333333,2026-07,0,0,0.49403159957795945
CI-0012,2026-08-01,712.0,60448.8,,0.0,0.0,641.0,Clássico,300,10,711,29.346480165099745,711,16,712.0,-1.0,-0.0421940928270042,1.0014064697609002,0.0,1,0,697.6666666666666,726.8333333333334,35.47064514026585,0.0488016213807831,-25.0,677.0,0.9782160055033249,71.1,0.0,0.0,0.5333333333333333,2026-08,1,0,0.5145494977781442
CI-0012,2026-10-01,,,732.0,663.0,0.0,,Clássico,300,10,711,29.762790697674422,711,16,732.0,-21.0,-0.8860759493670887,1.029535864978903,0.9057377049180328,1,0,697.0,716.6666666666666,27.42018721064211,0.03826072634043085,-0.6666666666666666,712.0,0.992093023255814,71.1,0.9251162790697675,0.0,0.5333333333333333,2026-10,1,0,0.7554991913767345
CI-0012,2026-11-01,,,867.0,0.0,0.0,,Clássico,300,10,711,29.98313185268485,711,16,867.0,-156.0,-6.582278481012659,1.219409282700422,0.0,1,0,694.5,711.4,27.05180215808165,0.03802614866190842,5.0,0.0,0.9994377284228283,71.1,0.0,0.0,0.5333333333333333,2026-11,1,0,0.6001343020461217
CI-0012,2026-12-01,,,839.0,0.0,0.0,,Clássico,300,10,711,30.41711229946524,711,16,839.0,-128.0,-5.40084388185654,1.180028129395218,0.0,1,0,712.0,701.25,16.997548842896414,0.024238928831224832,35.0,0.0,1.013903743315508,71.1,0.0,0.0,0.5333333333333333,2026-12,1,0,0.5823137577494376
CI-0013,2024-09-01,733.0,21916.7,,0.0,0.0,,Refis,500,13,1397,0.0,762,10,733.0,664.0,26.141732283464567,0.5246957766642806,0.0,0,0,,,0.0,0.0,,0.0,0.0,107.46153846153847,0.0,0.0,0.3333333333333333,2024-09,1,1,0.2765449773323789
CI-0013,2024-10-01,829.0,24787.1,,0.0,0.0,,Refis,500,13,1397,57.17598908594815,762,10,829.0,568.0,22.36220472440945,0.5934144595561919,0.0,0,0,733.0,733.0,0.0,0.0,,733.0,1.9058663028649385,107.46153846153847,0.0,0.0,0.3333333333333333,2024-10,0,0,0.3040324504891434
CI-0013,2024-11-01,1029.0,30767.1,,0.0,0.0,,Refis,500,13,1397,53.66197183098592,762,10,1029.0,368.0,14.488188976377952,0.7365783822476736,0.0,0,0,781.0,781.0,67.88225099390856,0.08691709474252056,96.0,829.0,1.7887323943661972,107.46153846153847,0.0,0.0,0.3333333333333333,2024-11,0,0,0.3743355837771142
CI-0013,2024-12-01,756.0,22604.4,,0.0,0.0,,Refis,500,13,1397,48.52566576611347,762,10,756.0,641.0,25.236220472440944,0.541159627773801,0.0,0,0,863.6666666666666,863.6666666666666,151.01434810418957,0.17485258367910797,148.0,1029.0,1.6175221922037823,107.46153846153847,0.0,0.0,0.3333333333333333,2024-12,0,0,0.30935840532805325
CI-0013,2025-01-01,816.0,24398.4,,0.0,0.0,,Refis,500,13,1397,50.08664475649836,762,10,816.0,581.0,22.874015748031496,0.5841088045812455,0.0,0,0,871.3333333333334,836.75,134.54212475404623,0.16079130535290856,7.666666666666667,756.0,1.669554825216612,107.46153846153847,0.0,0.0,0.3333333333333333,2025-01,0,0,0.32442888430210115
CI-0013,2025-02-01,700.0,20930.0,,0.0,0.0,,Refis,500,13,1397,50.336295940427576,762,10,700.0,697.0,27.440944881889763,0.5010737294201861,0.0,0,0,867.0,832.6,116.88584174312987,0.1403865502559811,-4.333333333333333,816.0,1.6778765313475859,107.46153846153847,0.0,0.0,0.3333333333333333,2025-02,0,0,0.2881541409731383
CI-0013,2025-03-01,840.0,25116.0,,0.0,0.0,,Refis,500,13,1397,51.70882171499075,762,10,840.0,557.0,21.929133858267715,0.6012884753042234,0.0,0,0,757.3333333333334,810.5,117.7297753331756,0.14525573761033386,-109.66666666666667,700.0,1.7236273904996915,107.46153846153847,0.0,0.0,0.3333333333333333,2025-03,0,0,0.3289704174299061
CI-0013,2025-04-01,780.0,23322.0,,0.0,0.0,,Refis,500,13,1397,50.59557344064386,762,10,780.0,617.0,24.291338582677163,0.5583392984967788,0.0,0,0,785.3333333333334,828.3333333333334,111.58614011904287,0.13471163797067548,28.0,840.0,1.6865191146881287,107.46153846153847,0.0,0.0,0.3333333333333333,2025-04,0,0,0.31020913176097953
CI-0013,2025-05-01,870.0,26013.0,,0.0,0.0,,Refis,500,13,1397,51.09937004673847,762,10,870.0,527.0,20.748031496062996,0.6227630637079457,0.0,0,0,773.3333333333334,820.1666666666666,113.30739899347557,0.13815167526129923,-12.0,780.0,1.7033123348912824,107.46153846153847,0.0,0.0,0.3333333333333333,2025-05,0,0,0.3364946434390398
CI-0013,2025-06-01,807.0,24129.3,,0.0,0.0,,Refis,500,13,1397,52.80554388912222,762,10,807.0,590.0,23.228346456692915,0.5776664280601288,0.0,0,0,830.0,793.6666666666666,61.40249723477599,0.07736559920383368,56.666666666666664,870.0,1.760184796304074,107.46153846153847,0.0,0.0,0.3333333333333333,2025-06,0,0,0.30933807777129324
CI-0013,2025-07-01,835.0,24966.5,,0.0,0.0,,Refis,500,13,1397,52.246000415541246,762,10,835.0,562.0,22.125984251968504,0.5977093772369363,0.0,0,0,819.0,802.1666666666666,58.61200104642967,0.07306711121516268,-11.0,807.0,1.741533347184708,107.46153846153847,0.0,0.0,0.3333333333333333,2025-07,0,0,0.31671048424371556
CI-0013,2025-08-01,775.0,23172.5,,0.0,0.0,,Refis,500,13,1397,52.04056291390729,762,10,775.0,622.0,24.488188976377955,0.5547602004294918,0.0,0,0,837.3333333333334,805.3333333333334,60.005555298377764,0.074510209393681,18.333333333333332,835.0,1.7346854304635762,107.46153846153847,0.0,0.0,0.3333333333333333,2025-08,0,0,0.29974727824751557
CI-0013,2025-09-01,802.0,23979.8,,0.0,0.0,1481.0,Refis,500,13,1397,51.245159975545135,762,10,802.0,595.0,23.4251968503937,0.5740873299928418,0.0,0,0,805.6666666666666,817.8333333333334,37.12366720391009,0.04539270495689026,-31.666666666666668,775.0,1.7081719991848379,107.46153846153847,0.0,0.0,0.3333333333333333,2025-09,0,0,0.30311050440733694
CI-0013,2025-10-01,852.0,25474.8,,0.0,0.0,1294.0,Refis,500,13,1397,51.64510166358595,762,10,852.0,545.0,21.456692913385822,0.6098783106657122,0.0,0,0,804.0,811.5,35.80363110076971,0.04412030942793556,-1.6666666666666667,802.0,1.7215033887861984,107.46153846153847,0.0,0.0,0.3333333333333333,2025-10,0,0,0.3172360373471419
CI-0013,2025-11-01,1140.0,34086.0,,0.0,0.0,1512.0,Refis,500,13,1397,50.892531876138435,762,10,1140.0,257.0,10.118110236220472,0.816034359341446,0.0,0,0,809.6666666666666,823.5,35.19517012318594,0.04273851866810679,5.666666666666667,852.0,1.6964177292046145,107.46153846153847,0.0,0.0,0.3333333333333333,2025-11,0,0,0.3994911882034611
CI-0013,2025-12-01,822.0,24577.8,,0.0,0.0,1214.0,Refis,500,13,1397,48.255613126079446,762,10,822.0,575.0,22.63779527559055,0.58840372226199,0.0,0,0,931.3333333333334,868.5,135.68603465353385,0.15623032199600903,121.66666666666667,1140.0,1.6085204375359816,107.46153846153847,0.0,0.0,0.3333333333333333,2025-12,0,0,0.325462703870864
CI-0013,2026-01-01,860.0,25714.0,,0.0,0.0,1374.0,Refis,500,13,1397,48.117106773823195,762,10,860.0,537.0,21.141732283464567,0.6156048675733715,0.0,0,0,938.0,871.0,134.45891565827827,0.15437303749515302,6.666666666666667,822.0,1.6039035591274398,107.46153846153847,0.0,0.0,0.3333333333333333,2026-01,0,0,0.3360645693202883
CI-0013,2026-02-01,737.0,22036.3,,0.0,0.0,1469.0,Refis,500,13,1397,47.888021329270615,762,10,737.0,660.0,25.984251968503937,0.5275590551181102,0.0,0,0,940.6666666666666,875.1666666666666,133.50418220665094,0.1525471516358609,2.6666666666666665,860.0,1.596267377642354,107.46153846153847,0.0,0.0,0.3333333333333333,2026-02,0,0,0.3005723614592899
CI-0013,2026-03-01,790.0,23621.0,,0.0,0.0,1527.0,Refis,500,13,1397,48.237099558795315,762,10,790.0,607.0,23.89763779527559,0.5654974946313529,0.0,0,0,806.3333333333334,868.8333333333334,139.95201558629532,0.16108039392245768,-134.33333333333334,737.0,1.6079033186265106,107.46153846153847,0.0,0.0,0.3333333333333333,2026-03,0,0,0.3170277236075765
CI-0013,2026-04-01,790.0,23621.0,,0.0,0.0,884.0,Refis,500,13,1397,48.34839453951163,762,10,790.0,607.0,23.89763779527559,0.5654974946313529,0.0,0,0,795.6666666666666,866.8333333333334,141.1784922240872,0.1628669396932365,-10.666666666666666,790.0,1.6116131513170544,107.46153846153847,0.0,0.0,0.3333333333333333,2026-04,0,0,0.3172957054731933
CI-0013,2026-05-01,752.0,22484.8,,0.0,0.0,1503.0,Refis,500,13,1397,48.93169877408056,762,10,752.0,645.0,25.393700787401578,0.5382963493199714,0.0,0,0,772.3333333333334,856.5,144.70625418412288,0.16895067622197651,-23.333333333333332,790.0,1.6310566258026853,107.46153846153847,0.0,0.0,0.3333333333333333,2026-05,0,0,0.3073278078279517
CI-0013,2026-06-01,840.0,25116.0,,0.0,0.0,1229.0,Refis,500,13,1397,52.92780467270048,762,10,840.0,557.0,21.929133858267715,0.6012884753042234,0.0,0,0,777.3333333333334,791.8333333333334,45.0706852251732,0.05691940882993879,5.0,752.0,1.7642601557566828,107.46153846153847,0.0,0.0,0.3333333333333333,2026-06,0,0,0.31571996811284686
CI-0013,2026-07-01,792.0,23680.8,,0.0,0.0,1050.0,Refis,500,13,1397,52.728035227511,762,10,792.0,605.0,23.818897637795278,0.5669291338582677,0.0,0,0,794.0,794.8333333333334,47.985067121622805,0.060371231438401514,16.666666666666668,840.0,1.7576011742503668,107.46153846153847,0.0,0.0,0.3333333333333333,2026-07,0,0,0.302494004925734
CI-0013,2026-08-01,889.0,26581.1,,0.0,0.0,1823.0,Refis,500,13,1397,53.49074664964901,762,10,889.0,508.0,20.0,0.6363636363636364,0.0,0,0,794.6666666666666,783.5,36.06521870167957,0.04603091091471547,0.6666666666666666,792.0,1.7830248883216337,107.46153846153847,0.0,0.0,0.3333333333333333,2026-08,0,0,0.32811675784932853
CI-0013,2026-10-01,,,785.0,0.0,0.0,,Refis,500,13,1397,51.81537193488563,762,10,785.0,612.0,24.094488188976374,0.5619183965640658,0.0,0,0,840.3333333333334,808.8333333333334,48.2096117663962,0.05960388843980573,45.666666666666664,889.0,1.7271790644961877,107.46153846153847,0.0,0.0,0.3333333333333333,2026-10,0,0,0.30037460855826387
CI-0013,2026-11-01,,,930.0,0.0,0.0,,Refis,500,13,1397,51.57519074575437,762,10,930.0,467.0,18.385826771653544,0.6657122405153901,0.0,0,0,840.5,812.6,52.90368607195511,0.06510421618502966,24.5,0.0,1.719173024858479,107.46153846153847,0.0,0.0,0.3333333333333333,2026-11,0,0,0.3427171953005772
CI-0013,2026-12-01,,,899.0,0.0,0.0,,Refis,500,13,1397,51.21906507791017,762,10,899.0,498.0,19.606299212598422,0.6435218324982105,0.0,0,0,889.0,818.25,59.32045740439496,0.07249673987704852,97.0,0.0,1.7073021692636725,107.46153846153847,0.0,0.0,0.3333333333333333,2026-12,0,0,0.3349499106475081
CI-0014,2024-09-01,877.0,74457.3,,0.0,0.0,,Escolar,400,16,1490,0.0,813,21,877.0,613.0,22.619926199261997,0.5885906040268456,0.0,0,0,,,0.0,0.0,,0.0,0.0,93.125,0.0,0.0,0.7,2024-09,1,1,0.37543624161073824
CI-0014,2024-10-01,765.0,64948.5,,0.0,0.0,,Escolar,400,16,1490,50.969213226909915,813,21,765.0,725.0,26.75276752767528,0.5134228187919463,0.0,0,0,877.0,877.0,0.0,0.0,,877.0,1.6989737742303306,93.125,0.0,0.0,0.7,2024-10,0,0,0.3453691275167785
CI-0014,2024-11-01,1280.0,108672.0,,0.0,0.0,,Escolar,400,16,1490,54.44579780755177,813,21,1280.0,210.0,7.749077490774908,0.8590604026845637,0.0,0,0,821.0,821.0,79.19595949289332,0.09646280084396264,-112.0,765.0,1.8148599269183923,93.125,0.0,0.0,0.7,2024-11,0,0,0.49809358120041997
CI-0014,2024-12-01,933.0,79211.7,,0.0,0.0,,Escolar,400,16,1490,45.893223819301845,813,21,933.0,557.0,20.55350553505535,0.6261744966442953,0.0,0,0,974.0,974.0,270.8560503293216,0.2780862939726094,201.5,1280.0,1.5297741273100616,93.125,0.0,0.0,0.7,2024-12,0,0,0.4321827427536096
CI-0014,2025-01-01,2140.0,181686.0,,0.0,0.0,,Escolar,400,16,1490,46.38132295719844,813,21,2140.0,-650.0,-23.985239852398525,1.436241610738255,0.0,1,0,992.6666666666666,963.75,222.10114062441613,0.23045513942870674,18.666666666666668,933.0,1.5460440985732815,93.125,0.0,0.0,0.7,2025-01,1,0,0.749064915209608
CI-0014,2025-02-01,2328.0,197647.2,,0.0,0.0,,Escolar,400,16,1490,37.28106755629691,813,21,2328.0,-838.0,-30.92250922509225,1.5624161073825504,0.0,1,0,1451.0,1199.0,560.0977593242094,0.46713741394846486,458.3333333333333,2140.0,1.2427022518765638,93.125,0.0,0.0,0.7,2025-02,1,0,0.8350370550452899
CI-0014,2025-03-01,1013.0,86003.7,,0.0,0.0,,Escolar,400,16,1490,32.22395770755737,813,21,1013.0,477.0,17.60147601476015,0.6798657718120805,0.0,0,0,1800.3333333333333,1387.1666666666667,680.7406015999535,0.49074175292559424,349.3333333333333,2328.0,1.0741319235852456,93.125,0.0,0.0,0.7,2025-03,0,0,0.4855575716636713
CI-0014,2025-04-01,927.0,78702.3,,0.0,0.0,,Escolar,400,16,1490,31.705875398983334,813,21,927.0,563.0,20.77490774907749,0.6221476510067114,0.0,0,0,1827.0,1409.8333333333333,662.3725286171419,0.4698232854596113,26.666666666666668,1013.0,1.0568625132994445,93.125,0.0,0.0,0.7,2025-04,0,0,0.45933255322162625
CI-0014,2025-05-01,1034.0,87786.6,,0.0,0.0,,Escolar,400,16,1490,31.110080037118664,813,21,1034.0,456.0,16.826568265682656,0.6939597315436241,0.0,0,0,1422.6666666666667,1436.8333333333333,633.503091284223,0.4409022790517734,-404.3333333333333,927.0,1.0370026679039555,93.125,0.0,0.0,0.7,2025-05,0,0,0.4837192344752157
CI-0014,2025-06-01,941.0,79890.9,,0.0,0.0,,Escolar,400,16,1490,32.02388059701492,813,21,941.0,549.0,20.25830258302583,0.6315436241610738,0.0,0,0,991.3333333333334,1395.8333333333333,653.3334268707415,0.46805976850441183,-431.3333333333333,1034.0,1.0674626865671641,93.125,0.0,0.0,0.7,2025-06,0,0,0.46282641494009125
CI-0014,2025-07-01,1066.0,90503.4,,0.0,0.0,,Escolar,400,16,1490,31.993319813909103,813,21,1066.0,424.0,15.645756457564575,0.7154362416107383,0.0,0,0,967.3333333333334,1397.1666666666667,652.2071501192444,0.4668069784940315,-24.0,941.0,1.06644399379697,93.125,0.0,0.0,0.7,2025-07,0,0,0.4961955434184
CI-0014,2025-08-01,1004.0,85239.6,,0.0,0.0,,Escolar,400,16,1490,36.69448624982898,813,21,1004.0,486.0,17.933579335793358,0.6738255033557047,0.0,0,0,1013.6666666666666,1218.1666666666667,546.3505895180004,0.4485023309766045,46.333333333333336,1066.0,1.223149541660966,93.125,0.0,0.0,0.7,2025-08,0,0,0.4768055509887726
CI-0014,2025-09-01,1043.0,88550.7,,0.0,0.0,1613.0,Escolar,400,16,1490,44.81203007518797,813,21,1043.0,447.0,16.494464944649447,0.7,0.0,0,0,1003.6666666666666,997.5,53.794981178544546,0.053929805692776486,-10.0,1004.0,1.493734335839599,93.125,0.0,0.0,0.7,2025-09,0,0,0.4280894708539164
CI-0014,2025-10-01,1176.0,99842.4,,0.0,0.0,1814.0,Escolar,400,16,1490,44.58852867830424,813,21,1176.0,314.0,11.586715867158672,0.789261744966443,0.0,0,0,1037.6666666666667,1002.5,56.832209177542644,0.05669048297011735,34.0,1043.0,1.486284289276808,93.125,0.0,0.0,0.7,2025-10,0,0,0.4642082704320948
CI-0014,2025-11-01,1373.0,116567.7,,0.0,0.0,1364.0,Escolar,400,16,1490,42.81609195402299,813,21,1373.0,117.0,4.317343173431734,0.921476510067114,0.0,0,0,1074.3333333333333,1044.0,77.74059428638272,0.07446417077239724,36.666666666666664,1176.0,1.4272030651340997,93.125,0.0,0.0,0.7,2025-11,0,0,0.5197602296427052
CI-0014,2025-12-01,1165.0,98908.5,,0.0,0.0,872.0,Escolar,400,16,1490,40.61790095411177,813,21,1165.0,325.0,11.992619926199264,0.7818791946308725,0.0,0,0,1197.3333333333333,1100.5,154.40563461221214,0.14030498374576297,123.0,1373.0,1.3539300318037255,93.125,0.0,0.0,0.7,2025-12,0,0,0.4737974254142135
CI-0014,2026-01-01,2710.0,230079.0,,0.0,0.0,1960.0,Escolar,400,16,1490,39.285191152775745,813,21,2710.0,-1220.0,-45.018450184501845,1.8187919463087248,0.0,1,0,1238.0,1137.8333333333333,133.83783720109432,0.11762516818610898,40.666666666666664,1165.0,1.3095063717591915,93.125,0.0,0.0,0.7,2026-01,1,0,0.8851605537514063
CI-0014,2026-02-01,3032.0,257416.8,,0.0,0.0,1759.0,Escolar,400,16,1490,31.660960925510565,813,21,3032.0,-1542.0,-56.90036900369004,2.03489932885906,0.0,1,0,1749.3333333333333,1411.8333333333333,648.9460429547795,0.4596477697708272,511.3333333333333,2710.0,1.0553653641836855,93.125,0.0,0.0,0.7,2026-02,1,0,1.0229068970092483
CI-0014,2026-03-01,1184.0,100521.6,,0.0,0.0,1648.0,Escolar,400,16,1490,25.54529002762168,813,21,1184.0,306.0,11.291512915129152,0.7946308724832215,0.0,0,0,2302.3333333333335,1749.8333333333333,880.7727099920083,0.5033466291982142,553.0,3032.0,0.8515096675873893,93.125,0.0,0.0,0.7,2026-03,0,0,0.5333543433730208
CI-0014,2026-04-01,1322.0,112237.8,,0.0,0.0,1052.0,Escolar,400,16,1490,25.206766917293233,813,21,1322.0,168.0,6.199261992619927,0.887248322147651,0.0,0,0,2308.6666666666665,1773.3333333333333,859.7724505162203,0.4848340886369663,6.333333333333333,1184.0,0.8402255639097744,93.125,0.0,0.0,0.7,2026-04,0,0,0.5676244421546054
CI-0014,2026-05-01,1316.0,111728.4,,0.0,0.0,2133.0,Escolar,400,16,1490,24.865566475060263,813,21,1316.0,174.0,6.420664206642066,0.8832214765100671,0.0,0,0,1846.0,1797.6666666666667,841.3543050740672,0.468025758431708,-462.6666666666667,1322.0,0.8288522158353421,93.125,0.0,0.0,0.7,2026-05,0,0,0.563492454368783
CI-0014,2026-06-01,1100.0,93390.0,,0.0,0.0,834.0,Escolar,400,16,1490,24.997669866716375,813,21,1100.0,390.0,14.391143911439114,0.738255033557047,0.0,0,0,1274.0,1788.1666666666667,847.4083824618839,0.47389787443110293,-572.0,1316.0,0.8332556622238791,93.125,0.0,0.0,0.7,2026-06,0,0,0.5063866945874842
CI-0014,2026-07-01,1373.0,116567.7,,0.0,0.0,1573.0,Escolar,400,16,1490,25.150037509377345,813,21,1373.0,117.0,4.317343173431734,0.921476510067114,0.0,0,0,1246.0,1777.3333333333333,857.3257646114845,0.4823663341775044,-28.0,1100.0,0.8383345836459115,93.125,0.0,0.0,0.7,2026-07,0,0,0.5809455541534713
CI-0014,2026-08-01,1266.0,107483.4,,0.0,0.0,1857.0,Escolar,400,16,1490,28.755226761016406,813,21,1266.0,224.0,8.265682656826568,0.8496644295302014,0.0,0,0,1263.0,1554.5,730.8525843150586,0.47015283648443784,17.0,1373.0,0.9585075587005468,93.125,0.0,0.0,0.7,2026-08,0,0,0.5503886972847463
CI-0014,2026-10-01,,,837.0,662.0,0.0,,Escolar,400,16,1490,35.471498479037166,813,21,837.0,653.0,24.0959409594096,0.561744966442953,0.7909199522102748,0,0,1246.3333333333333,1260.1666666666667,101.15417275953902,0.08027047170443515,-16.666666666666668,1266.0,1.1823832826345722,93.125,0.5253273376537495,0.0,0.7,2026-10,0,0,0.5080703917462838
CI-0014,2026-11-01,,,992.0,0.0,0.0,,Escolar,400,16,1490,35.04782813235063,813,21,992.0,498.0,18.37638376383764,0.6657718120805369,0.0,0,0,1319.5,1275.4,105.11802890085023,0.08241965571652049,83.0,0.0,1.168260937745021,93.125,0.0,0.0,0.7,2026-11,0,0,0.4186716731896929
CI-0014,2026-12-01,,,959.0,0.0,0.0,,Escolar,400,16,1490,35.37091988130564,813,21,959.0,531.0,19.59409594095941,0.6436241610738255,0.0,0,0,1266.0,1263.75,117.59357975671969,0.09305129951075743,-107.0,0.0,1.1790306627101879,93.125,0.0,0.0,0.7,2026-12,0,0,0.41140735935614386
CI-0015,2024-09-01,826.0,107297.4,,0.0,0.0,,Executivo,200,19,288,0.0,864,27,826.0,-538.0,-18.68055555555556,2.868055555555556,0.0,1,0,,,0.0,0.0,,0.0,0.0,15.157894736842104,0.0,0.0,0.9,2024-09,1,1,1.3272222222222223
CI-0015,2024-10-01,888.0,115351.2,,0.0,0.0,,Executivo,200,19,288,10.46004842615012,864,27,888.0,-600.0,-20.83333333333333,3.083333333333333,0.0,1,0,826.0,826.0,0.0,0.0,,826.0,0.3486682808716707,15.157894736842104,0.0,0.0,0.9,2024-10,1,0,1.4133333333333333
CI-0015,2024-11-01,1112.0,144448.80000000002,,0.0,0.0,,Executivo,200,19,288,10.081680280046674,864,27,1112.0,-824.0,-28.61111111111111,3.861111111111111,0.0,1,0,857.0,857.0,43.840620433565945,0.05115591649190892,62.0,888.0,0.33605600933488916,15.157894736842104,0.0,0.0,0.9,2024-11,1,0,1.7321178319182309
CI-0015,2024-12-01,740.0,96126.0,,0.0,0.0,,Executivo,200,19,288,9.171974522292993,864,27,740.0,-452.0,-15.694444444444445,2.5694444444444446,0.0,1,0,942.0,942.0,150.45265035884213,0.15971618934059675,143.0,1112.0,0.3057324840764331,15.157894736842104,0.0,0.0,0.9,2024-12,1,0,1.2317352061788673
CI-0015,2025-01-01,784.0,101841.6,,0.0,0.0,,Executivo,200,19,288,9.691531127313517,864,27,784.0,-496.0,-17.22222222222222,2.7222222222222223,0.0,1,0,913.3333333333334,891.5,159.03353943953667,0.1783887150191101,-28.666666666666668,740.0,0.32305103757711723,15.157894736842104,0.0,0.0,0.9,2025-01,1,0,1.2956471961417555
CI-0015,2025-02-01,679.0,88202.1,,0.0,0.0,,Executivo,200,19,288,9.931034482758621,864,27,679.0,-391.0,-13.57638888888889,2.357638888888889,0.0,1,0,878.6666666666666,870.0,145.87666023048376,0.16767432210400432,-34.666666666666664,784.0,0.3310344827586207,15.157894736842104,0.0,0.0,0.9,2025-02,1,0,1.148206703871156
CI-0015,2025-03-01,749.0,97295.1,,0.0,0.0,,Executivo,200,19,288,10.308212368264067,864,27,749.0,-461.0,-16.006944444444443,2.6006944444444446,0.0,1,0,734.3333333333334,838.1666666666666,152.0005482446253,0.1813488346525655,-144.33333333333334,679.0,0.3436070789421356,15.157894736842104,0.0,0.0,0.9,2025-03,1,0,1.2474801029756626
CI-0015,2025-04-01,777.0,100932.3,,0.0,0.0,,Executivo,200,19,288,10.468497576736672,864,27,777.0,-489.0,-16.979166666666668,2.6979166666666665,0.0,1,0,737.3333333333334,825.3333333333334,156.41952137334604,0.18952284495962768,3.0,749.0,0.3489499192245557,15.157894736842104,0.0,0.0,0.9,2025-04,1,0,1.2875950934106106
CI-0015,2025-05-01,716.0,93008.4,,0.0,0.0,,Executivo,200,19,288,10.708531295186944,864,27,716.0,-428.0,-14.86111111111111,2.486111111111111,0.0,1,0,735.0,806.8333333333334,154.07195288782012,0.19095883439928127,-2.3333333333333335,777.0,0.35695104317289816,15.157894736842104,0.0,0.0,0.9,2025-05,1,0,1.2030882696043366
CI-0015,2025-06-01,722.0,93787.8,,0.0,0.0,,Executivo,200,19,288,11.66254218222722,864,27,722.0,-434.0,-15.069444444444445,2.5069444444444446,0.0,1,0,747.3333333333334,740.8333333333334,39.188858961019164,0.052898347303962874,12.333333333333334,716.0,0.3887514060742407,15.157894736842104,0.0,0.0,0.9,2025-06,1,0,1.1907125298733723
CI-0015,2025-07-01,608.0,78979.2,,0.0,0.0,,Executivo,200,19,288,11.709961599277163,864,27,608.0,-320.0,-11.11111111111111,2.111111111111111,0.0,1,0,738.3333333333334,737.8333333333334,39.94704828478134,0.05414101868278474,-9.0,722.0,0.39033205330923876,15.157894736842104,0.0,0.0,0.9,2025-07,1,0,1.0325655972468621
CI-0015,2025-08-01,652.0,84694.8,,0.0,0.0,,Executivo,200,19,288,12.194777699364856,864,27,652.0,-364.0,-12.63888888888889,2.263888888888889,0.0,1,0,682.0,708.5,59.230904095750375,0.08360042921065684,-56.333333333333336,608.0,0.40649258997882853,15.157894736842104,0.0,0.0,0.9,2025-08,1,0,1.098095619937154
CI-0015,2025-09-01,706.0,91709.4,,0.0,0.0,242.0,Executivo,200,19,288,12.272727272727273,864,27,706.0,-418.0,-14.51388888888889,2.451388888888889,0.0,1,0,660.6666666666666,704.0,62.83629524407034,0.08925610119896356,-21.333333333333332,652.0,0.4090909090909091,15.157894736842104,0.0,0.0,0.9,2025-09,1,0,1.1739439707354
CI-0015,2025-10-01,600.0,77940.0,,0.0,0.0,345.0,Executivo,200,19,288,12.398947620186558,864,27,600.0,-312.0,-10.833333333333334,2.083333333333333,0.0,1,0,655.3333333333334,696.8333333333334,59.01327534264338,0.08468779049410674,-5.333333333333333,706.0,0.4132982540062186,15.157894736842104,0.0,0.0,0.9,2025-10,1,0,1.026036501907449
CI-0015,2025-11-01,783.0,101711.7,,0.0,0.0,380.0,Executivo,200,19,288,12.947052947052947,864,27,783.0,-495.0,-17.1875,2.71875,0.0,1,0,652.6666666666666,667.3333333333334,55.029688956659,0.08246207136362488,-2.6666666666666665,600.0,0.43156843156843155,15.157894736842104,0.0,0.0,0.9,2025-11,1,0,1.2798693107045438
CI-0015,2025-12-01,589.0,76511.1,,0.0,0.0,268.0,Executivo,200,19,288,12.73397199705232,864,27,589.0,-301.0,-10.45138888888889,2.045138888888889,0.0,1,0,696.3333333333334,678.5,71.27902917408439,0.10505383813424375,43.666666666666664,783.0,0.42446573323507736,15.157894736842104,0.0,0.0,0.9,2025-12,1,0,1.0138136312756922
CI-0015,2026-01-01,573.0,74432.7,,0.0,0.0,174.0,Executivo,200,19,288,13.164042661249363,864,27,573.0,-285.0,-9.895833333333334,1.9895833333333333,0.0,1,0,657.3333333333334,656.3333333333334,75.59541432300398,0.11517838647486639,-39.0,589.0,0.43880142204164546,15.157894736842104,0.0,0.0,0.9,2026-01,1,0,0.9931100913045634
CI-0015,2026-02-01,537.0,69756.3,,0.0,0.0,242.0,Executivo,200,19,288,13.282090699461952,864,27,537.0,-249.0,-8.645833333333332,1.8645833333333333,0.0,1,0,648.3333333333334,650.5,81.21268373844055,0.12484655455563497,-9.0,573.0,0.44273635664873173,15.157894736842104,0.0,0.0,0.9,2026-02,1,0,0.9445603165166786
CI-0015,2026-03-01,556.0,72224.40000000001,,0.0,0.0,290.0,Executivo,200,19,288,13.68532206969377,864,27,556.0,-268.0,-9.305555555555555,1.930555555555556,0.0,1,0,566.3333333333334,631.3333333333334,93.43803650905035,0.1480011137946943,-82.0,537.0,0.45617740232312565,15.157894736842104,0.0,0.0,0.9,2026-03,1,0,0.9744223892914267
CI-0015,2026-04-01,484.0,62871.6,,0.0,0.0,252.0,Executivo,200,19,288,14.249587685541506,864,27,484.0,-196.0,-6.805555555555555,1.6805555555555556,0.0,1,0,555.3333333333334,606.3333333333334,89.44644580231578,0.14752025146066372,-11.0,556.0,0.47498625618471685,15.157894736842104,0.0,0.0,0.9,2026-04,1,0,0.8743502599413219
CI-0015,2026-05-01,519.0,67418.1,,0.0,0.0,170.0,Executivo,200,19,288,14.718909710391822,864,27,519.0,-231.0,-8.020833333333334,1.8020833333333333,0.0,1,0,525.6666666666666,587.0,102.65086458476587,0.17487370457370677,-29.666666666666668,484.0,0.4906303236797274,15.157894736842104,0.0,0.0,0.9,2026-05,1,0,0.9270643890193894
CI-0015,2026-06-01,501.0,65079.9,,0.0,0.0,384.0,Executivo,200,19,288,15.91160220994475,864,27,501.0,-213.0,-7.395833333333334,1.7395833333333333,0.0,1,0,519.6666666666666,543.0,38.152326272455724,0.07026211099899765,-6.0,519.0,0.5303867403314917,15.157894736842104,0.0,0.0,0.9,2026-06,1,0,0.886372649983183
CI-0015,2026-07-01,392.0,50920.8,,0.0,0.0,200.0,Executivo,200,19,288,16.353312302839118,864,27,392.0,-104.0,-3.611111111111111,1.3611111111111112,0.0,1,0,501.3333333333333,528.3333333333334,33.57181357428541,0.063542864809373,-18.333333333333332,501.0,0.5451104100946372,15.157894736842104,0.0,0.0,0.9,2026-07,1,0,0.7339758741658505
CI-0015,2026-08-01,470.0,61053.0,,0.0,0.0,416.0,Executivo,200,19,288,17.343593174974906,864,27,470.0,-182.0,-6.319444444444445,1.6319444444444444,0.0,1,0,470.6666666666667,498.1666666666667,57.908260780881335,0.11624274495994914,-30.666666666666668,392.0,0.5781197724991636,15.157894736842104,0.0,0.0,0.9,2026-08,1,0,0.8502141895217702
CI-0015,2026-10-01,,,890.0,151.0,0.0,,Executivo,200,19,288,17.741273100616016,864,27,890.0,-602.0,-20.90277777777778,3.0902777777777777,0.1696629213483146,1,0,454.3333333333333,487.0,55.32449728646332,0.11360266383257356,-16.333333333333332,470.0,0.5913757700205339,15.157894736842104,0.31006160164271046,0.0,0.9,2026-10,1,0,1.5106669110966746
CI-0015,2026-11-01,,,1054.0,0.0,0.0,,Executivo,200,19,288,18.258664412510566,864,27,1054.0,-766.0,-26.59722222222222,3.6597222222222223,0.0,1,0,431.0,473.2,48.96631495221842,0.10347911021178871,-15.5,0.0,0.6086221470836856,15.157894736842104,0.0,0.0,0.9,2026-11,1,0,1.6594107554206572
CI-0015,2026-12-01,,,1020.0,0.0,0.0,,Executivo,200,19,288,18.363443145589798,864,27,1020.0,-732.0,-25.416666666666668,3.5416666666666665,0.0,1,0,470.0,470.5,56.11001099031375,0.11925613387951912,78.0,0.0,0.61211477151966,15.157894736842104,0.0,0.0,0.9,2026-12,1,0,1.6145550867485945
CI-0016,2024-09-01,160.0,11184.0,,0.0,0.0,,Escolar,400,7,150,0.0,150,20,160.0,-10.0,-2.0,1.0666666666666669,0.0,1,0,,,0.0,0.0,,0.0,0.0,21.428571428571427,0.0,0.0,0.6666666666666666,2024-09,1,1,0.56
CI-0016,2024-10-01,149.0,10415.1,,0.0,0.0,,Escolar,400,7,150,28.125,150,20,149.0,1.0,0.2,0.9933333333333332,0.0,0,0,160.0,160.0,0.0,0.0,,160.0,0.9375,21.428571428571427,0.0,0.0,0.6666666666666666,2024-10,0,0,0.5306666666666666
CI-0016,2024-11-01,177.0,12372.3,,0.0,0.0,,Escolar,400,7,150,29.12621359223301,150,20,177.0,-27.0,-5.4,1.18,0.0,1,0,154.5,154.5,7.7781745930520225,0.05034417212331406,-11.0,149.0,0.970873786407767,21.428571428571427,0.0,0.0,0.6666666666666666,2024-11,1,0,0.6128849591518304
CI-0016,2024-12-01,143.0,9995.7,,0.0,0.0,,Escolar,400,7,150,27.77777777777778,150,20,143.0,7.0,1.4,0.9533333333333334,0.0,0,0,162.0,162.0,14.106735979665885,0.08707861715843139,8.5,177.0,0.9259259259259259,21.428571428571427,0.0,0.0,0.6666666666666666,2024-12,0,0,0.5277284592404314
CI-0016,2025-01-01,349.0,24395.1,,0.0,0.0,,Escolar,400,7,150,28.616852146263913,150,20,349.0,-199.0,-39.8,2.3266666666666667,0.0,1,0,156.33333333333334,157.25,14.930394055974098,0.09494686204117074,-5.666666666666667,143.0,0.9538950715421304,21.428571428571427,0.0,0.0,0.6666666666666666,2025-01,1,0,1.0782420293061756
CI-0016,2025-02-01,389.0,27191.1,,0.0,0.0,,Escolar,400,7,150,23.006134969325153,150,20,389.0,-239.0,-47.8,2.5933333333333333,0.0,1,0,223.0,195.6,86.72254608808484,0.44336680004133355,66.66666666666667,349.0,0.7668711656441718,21.428571428571427,0.0,0.0,0.6666666666666666,2025-02,1,0,1.2371716866728668
CI-0016,2025-03-01,160.0,11184.0,,0.0,0.0,,Escolar,400,7,150,19.751280175566933,150,20,160.0,-10.0,-2.0,1.0666666666666669,0.0,1,0,293.6666666666667,227.83333333333334,110.68227801534746,0.4858037074558045,70.66666666666667,389.0,0.6583760058522311,21.428571428571427,0.0,0.0,0.6666666666666666,2025-03,1,0,0.6328705561183707
CI-0016,2025-04-01,157.0,10974.3,,0.0,0.0,,Escolar,400,7,150,19.751280175566933,150,20,157.0,-7.0,-1.4,1.0466666666666666,0.0,1,0,299.3333333333333,227.83333333333334,110.68227801534746,0.4858037074558045,5.666666666666667,160.0,0.6583760058522311,21.428571428571427,0.0,0.0,0.6666666666666666,2025-04,1,0,0.6248705561183707
CI-0016,2025-05-01,170.0,11883.0,,0.0,0.0,,Escolar,400,7,150,19.636363636363637,150,20,170.0,-20.0,-4.0,1.1333333333333333,0.0,1,0,235.33333333333334,229.16666666666666,109.58543090514664,0.47819097122245807,-64.0,157.0,0.6545454545454545,21.428571428571427,0.0,0.0,0.6666666666666666,2025-05,1,0,0.6583953123500353
CI-0016,2025-06-01,158.0,11044.2,,0.0,0.0,,Escolar,400,7,150,19.736842105263158,150,20,158.0,-8.0,-1.6,1.0533333333333332,0.0,1,0,162.33333333333334,228.0,110.28689858727554,0.48371446748805064,-73.0,170.0,0.6578947368421053,21.428571428571427,0.0,0.0,0.6666666666666666,2025-06,1,0,0.6272238367898743
CI-0016,2025-07-01,135.0,9436.5,,0.0,0.0,,Escolar,400,7,150,19.522776572668114,150,20,135.0,15.0,3.0,0.9,0.0,0,0,161.66666666666666,230.5,108.12354045257675,0.46908260500033294,-0.6666666666666666,158.0,0.6507592190889371,21.428571428571427,0.0,0.0,0.6666666666666666,2025-07,0,0,0.5636957240833833
CI-0016,2025-08-01,166.0,11603.4,,0.0,0.0,,Escolar,400,7,150,23.096663815226687,150,20,166.0,-16.0,-3.2,1.106666666666667,0.0,1,0,154.33333333333334,194.83333333333334,95.81109886994652,0.4917592756370223,-7.333333333333333,135.0,0.7698887938408896,21.428571428571427,0.0,0.0,0.6666666666666666,2025-08,1,0,0.6497638913455535
CI-0016,2025-09-01,154.0,10764.6,,0.0,0.0,114.0,Escolar,400,7,150,28.54122621564482,150,20,154.0,-4.0,-0.8,1.0266666666666666,0.0,1,0,153.0,157.66666666666666,12.176480060619367,0.07722926042676131,-1.3333333333333333,166.0,0.9513742071881607,21.428571428571427,0.0,0.0,0.6666666666666666,2025-09,1,0,0.5555843890640142
CI-0016,2025-10-01,140.0,9786.0,,0.0,0.0,132.0,Escolar,400,7,150,28.72340425531915,150,20,140.0,10.0,2.0,0.9333333333333332,0.0,0,0,151.66666666666666,156.66666666666666,12.192894105447685,0.07782698365179375,-1.3333333333333333,154.0,0.9574468085106383,21.428571428571427,0.0,0.0,0.6666666666666666,2025-10,0,0,0.5183407142144356
CI-0016,2025-11-01,200.0,13980.0,,0.0,0.0,205.0,Escolar,400,7,150,29.252437703141926,150,20,200.0,-50.0,-10.0,1.3333333333333333,0.0,1,0,153.33333333333334,153.83333333333334,13.948715592005621,0.09067420753199754,1.6666666666666667,140.0,0.9750812567713976,21.428571428571427,0.0,0.0,0.6666666666666666,2025-11,1,0,0.6802677977964663
CI-0016,2025-12-01,161.0,11253.9,,0.0,0.0,184.0,Escolar,400,7,150,28.331584470094437,150,20,161.0,-11.0,-2.2,1.0733333333333333,0.0,1,0,164.66666666666666,158.83333333333334,23.20703916200128,0.14610937562645085,11.333333333333334,200.0,0.9443861490031479,21.428571428571427,0.0,0.0,0.6666666666666666,2025-12,1,0,0.5845830730106343
CI-0016,2026-01-01,378.0,26422.2,,0.0,0.0,209.0,Escolar,400,7,150,28.24267782426778,150,20,378.0,-228.0,-45.6,2.52,0.0,1,0,167.0,159.33333333333334,23.217809256401885,0.1457184681364135,2.3333333333333335,161.0,0.9414225941422594,21.428571428571427,0.0,0.0,0.6666666666666666,2026-01,1,0,1.1631911035537954
CI-0016,2026-02-01,400.0,27960.0,,0.0,0.0,164.0,Escolar,400,7,150,22.51876563803169,150,20,400.0,-250.0,-50.0,2.6666666666666665,0.0,1,0,246.33333333333334,199.83333333333334,89.52858016670801,0.4480162477066289,79.33333333333333,378.0,0.7506255212677231,21.428571428571427,0.0,0.0,0.6666666666666666,2026-02,1,0,1.2672024371559942
CI-0016,2026-03-01,175.0,12232.5,,0.0,0.0,112.0,Escolar,400,7,150,18.84159106769016,150,20,175.0,-25.0,-5.0,1.1666666666666667,0.0,1,0,313.0,238.83333333333334,118.21407135644498,0.4949647090988624,66.66666666666667,400.0,0.628053035589672,21.428571428571427,0.0,0.0,0.6666666666666666,2026-03,1,0,0.6742447063648295
CI-0016,2026-04-01,151.0,10554.9,,0.0,0.0,198.0,Escolar,400,7,150,18.56946354883081,150,20,151.0,-1.0,-0.2,1.0066666666666666,0.0,1,0,317.6666666666667,242.33333333333334,115.47929107275756,0.4765307747156433,4.666666666666667,175.0,0.6189821182943603,21.428571428571427,0.0,0.0,0.6666666666666666,2026-04,1,0,0.6074796162073466
CI-0016,2026-05-01,175.0,12232.5,,0.0,0.0,184.0,Escolar,400,7,150,18.430034129692835,150,20,175.0,-25.0,-5.0,1.1666666666666667,0.0,1,0,242.0,244.16666666666666,113.60178989200243,0.46526330331195537,-75.66666666666667,151.0,0.6143344709897611,21.428571428571427,0.0,0.0,0.6666666666666666,2026-05,1,0,0.6697894954967933
CI-0016,2026-06-01,142.0,9925.8,,0.0,0.0,205.0,Escolar,400,7,150,18.75,150,20,142.0,8.0,1.6,0.9466666666666668,0.0,0,0,167.0,240.0,115.97930849940431,0.48324711874751797,-75.0,175.0,0.625,21.428571428571427,0.0,0.0,0.6666666666666666,2026-06,0,0,0.5844870678121277
CI-0016,2026-07-01,170.0,11883.0,,0.0,0.0,150.0,Escolar,400,7,150,19.000703729767768,150,20,170.0,-20.0,-4.0,1.1333333333333333,0.0,1,0,156.0,236.83333333333334,118.7929571425287,0.5015888408551529,-11.0,142.0,0.633356790992259,21.428571428571427,0.0,0.0,0.6666666666666666,2026-07,1,0,0.6619049927949396
CI-0016,2026-08-01,170.0,11883.0,,0.0,0.0,135.0,Escolar,400,7,150,22.258862324814512,150,20,170.0,-20.0,-4.0,1.1333333333333333,0.0,1,0,162.33333333333334,202.16666666666666,97.86402130848015,0.4840759504129274,6.333333333333333,170.0,0.741962077493817,21.428571428571427,0.0,0.0,0.6666666666666666,2026-08,1,0,0.6592780592286058
CI-0016,2026-10-01,,,154.0,0.0,0.0,,Escolar,400,7,150,27.46693794506612,150,20,154.0,-4.0,-0.8,1.0266666666666666,0.0,1,0,160.66666666666666,163.83333333333334,13.905634349667414,0.08487671017090995,-1.6666666666666667,170.0,0.9155645981688707,21.428571428571427,0.0,0.0,0.6666666666666666,2026-10,1,0,0.5567315065256365
CI-0016,2026-11-01,,,183.0,0.0,0.0,,Escolar,400,7,150,27.846534653465348,150,20,183.0,-33.0,-6.6,1.22,0.0,1,0,170.0,161.6,14.293355099485181,0.08844897957602216,14.0,0.0,0.9282178217821783,21.428571428571427,0.0,0.0,0.6666666666666666,2026-11,1,0,0.6346006802697366
CI-0016,2026-12-01,,,177.0,0.0,0.0,,Escolar,400,7,150,27.397260273972602,150,20,177.0,-27.0,-5.4,1.18,0.0,1,0,170.0,164.25,15.019431857873526,0.09144250750607931,0.0,0.0,0.91324200913242,21.428571428571427,0.0,0.0,0.6666666666666666,2026-12,1,0,0.6190497094592452
CI-0017,2024-09-01,216.0,20498.4,,0.0,0.0,,Planner,200,10,40,0.0,201,22,216.0,-176.0,-26.26865671641791,5.4,0.0,1,0,,,0.0,0.0,,0.0,0.0,4.0,0.0,0.0,0.7333333333333333,2024-09,1,1,2.3066666666666666
CI-0017,2024-10-01,183.0,17366.7,,0.0,0.0,,Planner,200,10,40,5.555555555555555,201,22,183.0,-143.0,-21.34328358208955,4.575,0.0,1,0,216.0,216.0,0.0,0.0,,216.0,0.18518518518518517,4.0,0.0,0.0,0.7333333333333333,2024-10,1,0,1.9766666666666668
CI-0017,2024-11-01,349.0,33120.1,,0.0,0.0,,Planner,200,10,40,6.015037593984962,201,22,349.0,-309.0,-46.11940298507463,8.725,0.0,1,0,199.5,199.5,23.33452377915607,0.1169650314744665,-33.0,183.0,0.20050125313283207,4.0,0.0,0.0,0.7333333333333333,2024-11,1,0,3.6542114213878367
CI-0017,2024-12-01,322.0,30557.8,,0.0,0.0,,Planner,200,10,40,4.81283422459893,201,22,322.0,-282.0,-42.08955223880597,8.05,0.0,1,0,249.33333333333334,249.33333333333334,87.87680771018786,0.35244708974674277,66.5,349.0,0.16042780748663102,4.0,0.0,0.0,0.7333333333333333,2024-12,1,0,3.4195337301286783
CI-0017,2025-01-01,361.0,34258.9,,0.0,0.0,,Planner,200,10,40,4.485981308411215,201,22,361.0,-321.0,-47.91044776119403,9.025,0.0,1,0,284.6666666666667,267.5,80.4259493778801,0.30065775468366396,35.333333333333336,322.0,0.14953271028037382,4.0,0.0,0.0,0.7333333333333333,2025-01,1,0,3.8017653298692164
CI-0017,2025-02-01,212.0,20118.8,,0.0,0.0,,Planner,200,10,40,4.1928721174004195,201,22,212.0,-172.0,-25.671641791044777,5.3,0.0,1,0,344.0,286.2,81.23853765301294,0.28385233281975175,59.333333333333336,361.0,0.13976240391334732,4.0,0.0,0.0,0.7333333333333333,2025-02,1,0,2.3092445165896294
CI-0017,2025-03-01,212.0,20118.8,,0.0,0.0,,Planner,200,10,40,4.382227632379793,201,22,212.0,-172.0,-25.671641791044777,5.3,0.0,1,0,298.3333333333333,273.8333333333333,78.72335528079749,0.2874863856876354,-45.666666666666664,212.0,0.14607425441265978,4.0,0.0,0.0,0.7333333333333333,2025-03,1,0,2.3097896245198117
CI-0017,2025-04-01,180.0,17082.0,,0.0,0.0,,Planner,200,10,40,4.392922513727883,201,22,180.0,-140.0,-20.895522388059703,4.5,0.0,1,0,261.6666666666667,273.1666666666667,79.32569991286978,0.29039304422038964,-36.666666666666664,212.0,0.1464307504575961,4.0,0.0,0.0,0.7333333333333333,2025-04,1,0,1.9902256232997253
CI-0017,2025-05-01,192.0,18220.8,,0.0,0.0,,Planner,200,10,40,4.400977995110024,201,22,192.0,-152.0,-22.686567164179102,4.8,0.0,1,0,201.33333333333334,272.6666666666667,80.01416541254846,0.2934504843980995,-60.333333333333336,180.0,0.14669926650366746,4.0,0.0,0.0,0.7333333333333333,2025-05,1,0,2.1106842393263814
CI-0017,2025-06-01,190.0,18031.0,,0.0,0.0,,Planner,200,10,40,4.86815415821501,201,22,190.0,-150.0,-22.388059701492537,4.75,0.0,1,0,194.66666666666666,246.5,75.60886191446077,0.30672966293898896,-6.666666666666667,192.0,0.16227180527383367,4.0,0.0,0.0,0.7333333333333333,2025-06,1,0,2.092676116107515
CI-0017,2025-07-01,229.0,21732.1,,0.0,0.0,,Planner,200,10,40,5.3452115812917596,201,22,229.0,-189.0,-28.2089552238806,5.725,0.0,1,0,187.33333333333334,224.5,68.07569316576951,0.30323248626177957,-7.333333333333333,190.0,0.17817371937639198,4.0,0.0,0.0,0.7333333333333333,2025-07,1,0,2.4821515396059333
CI-0017,2025-08-01,222.0,21067.8,,0.0,0.0,,Planner,200,10,40,5.925925925925926,201,22,222.0,-182.0,-27.16417910447761,5.55,0.0,1,0,203.66666666666666,202.5,18.19615343966945,0.08985754785021952,16.333333333333332,229.0,0.19753086419753085,4.0,0.0,0.0,0.7333333333333333,2025-08,1,0,2.3801452988442
CI-0017,2025-09-01,229.0,21732.1,,0.0,0.0,25.0,Planner,200,10,40,5.877551020408164,201,22,229.0,-189.0,-28.2089552238806,5.725,0.0,1,0,213.66666666666666,204.16666666666666,19.640943629740942,0.09620054022730258,10.0,222.0,0.1959183673469388,4.0,0.0,0.0,0.7333333333333333,2025-09,1,0,2.451096747700762
CI-0017,2025-10-01,214.0,20308.6,,0.0,0.0,26.0,Planner,200,10,40,5.797101449275362,201,22,214.0,-174.0,-25.970149253731343,5.35,0.0,1,0,226.66666666666666,207.0,22.072607458114113,0.10663095390393292,13.0,229.0,0.1932367149758454,4.0,0.0,0.0,0.7333333333333333,2025-10,1,0,2.3026613097522564
CI-0017,2025-11-01,304.0,28849.6,,0.0,0.0,55.0,Planner,200,10,40,5.6426332288401255,201,22,304.0,-264.0,-39.40298507462687,7.6,0.0,1,0,221.66666666666666,212.66666666666666,17.682382946499654,0.0831460013158291,-5.0,214.0,0.18808777429467086,4.0,0.0,0.0,0.7333333333333333,2025-11,1,0,3.199138566864041
CI-0017,2025-12-01,380.0,36062.0,,0.0,0.0,51.0,Planner,200,10,40,5.187319884726224,201,22,380.0,-340.0,-50.74626865671642,9.5,0.0,1,0,249.0,231.33333333333334,38.437828589381354,0.16615776047283004,27.333333333333332,304.0,0.17291066282420747,4.0,0.0,0.0,0.7333333333333333,2025-12,1,0,3.9715903307375915
CI-0017,2026-01-01,375.0,35587.5,,0.0,0.0,57.0,Planner,200,10,40,4.562737642585551,201,22,375.0,-335.0,-50.0,9.375,0.0,1,0,299.3333333333333,263.0,65.9757531218856,0.25085837688929885,50.333333333333336,380.0,0.1520912547528517,4.0,0.0,0.0,0.7333333333333333,2026-01,1,0,3.9342954232000613
CI-0017,2026-02-01,207.0,19644.3,,0.0,0.0,54.0,Planner,200,10,40,4.176334106728539,201,22,207.0,-167.0,-24.92537313432836,5.175,0.0,1,0,353.0,287.3333333333333,76.94066978306508,0.26777495284129377,53.666666666666664,375.0,0.1392111368909513,4.0,0.0,0.0,0.7333333333333333,2026-02,1,0,2.2568329095928603
CI-0017,2026-03-01,190.0,18031.0,,0.0,0.0,36.0,Planner,200,10,40,4.212990052662376,201,22,190.0,-150.0,-22.388059701492537,4.75,0.0,1,0,320.6666666666667,284.8333333333333,79.68291326668889,0.27975276746643263,-32.333333333333336,207.0,0.14043300175541254,4.0,0.0,0.0,0.7333333333333333,2026-03,1,0,2.088629581786632
CI-0017,2026-04-01,231.0,21921.9,,0.0,0.0,38.0,Planner,200,10,40,4.311377245508982,201,22,231.0,-191.0,-28.50746268656717,5.775,0.0,1,0,257.3333333333333,278.3333333333333,86.45152784460586,0.3106042916572666,-63.333333333333336,190.0,0.14371257485029942,4.0,0.0,0.0,0.7333333333333333,2026-04,1,0,2.5032573104152567
CI-0017,2026-05-01,215.0,20403.5,,0.0,0.0,57.0,Planner,200,10,40,4.267931238885596,201,22,215.0,-175.0,-26.11940298507463,5.375,0.0,1,0,209.33333333333334,281.1666666666667,84.16986792591909,0.29935934057825403,-48.0,231.0,0.14226437462951985,4.0,0.0,0.0,0.7333333333333333,2026-05,1,0,2.3415705677534047
CI-0017,2026-06-01,212.0,20118.8,,0.0,0.0,37.0,Planner,200,10,40,4.505632040050063,201,22,212.0,-172.0,-25.671641791044777,5.3,0.0,1,0,212.0,266.3333333333333,87.1313185178938,0.3271513836716914,2.6666666666666665,215.0,0.15018773466833543,4.0,0.0,0.0,0.7333333333333333,2026-06,1,0,2.3157393742174204
CI-0017,2026-07-01,203.0,19264.7,,0.0,0.0,26.0,Planner,200,10,40,5.034965034965035,201,22,203.0,-163.0,-24.328358208955223,5.075,0.0,1,0,219.33333333333334,238.33333333333334,68.24563478103684,0.2863453207595951,7.333333333333333,212.0,0.16783216783216784,4.0,0.0,0.0,0.7333333333333333,2026-07,1,0,2.219618464780606
CI-0017,2026-08-01,219.0,20783.1,,0.0,0.0,30.0,Planner,200,10,40,5.723370429252783,201,22,219.0,-179.0,-26.716417910447763,5.475,0.0,1,0,210.0,209.66666666666666,13.61861471173444,0.06495364727377316,-9.333333333333334,203.0,0.1907790143084261,4.0,0.0,0.0,0.7333333333333333,2026-08,1,0,2.3464097137577324
CI-0017,2026-10-01,,,207.0,0.0,0.0,,Planner,200,10,40,5.669291338582677,201,22,207.0,-167.0,-24.92537313432836,5.175,0.0,1,0,211.33333333333334,211.66666666666666,14.023789311975188,0.06625412273374105,1.3333333333333333,219.0,0.1889763779527559,4.0,0.0,0.0,0.7333333333333333,2026-10,1,0,2.2266047850767277
CI-0017,2026-11-01,,,368.0,0.0,0.0,,Planner,200,10,40,5.555555555555555,201,22,368.0,-328.0,-48.95522388059701,9.2,0.0,1,0,211.0,216.0,10.246950765959742,0.047439586879443246,3.5,0.0,0.18518518518518517,4.0,0.0,0.0,0.7333333333333333,2026-11,1,0,3.8337826046985826
CI-0017,2026-12-01,,,356.0,0.0,0.0,,Planner,200,10,40,5.6537102473498235,201,22,356.0,-316.0,-47.16417910447761,8.9,0.0,1,0,219.0,212.25,6.800735254368059,0.032041155497611586,16.0,0.0,0.18845700824499412,4.0,0.0,0.0,0.7333333333333333,2026-12,1,0,3.7114728399913086
CI-0018,2024-09-01,249.0,7445.1,,0.0,0.0,,Refis,500,13,50,0.0,252,12,249.0,-199.0,-23.69047619047619,4.98,0.0,1,0,,,0.0,0.0,,0.0,0.0,3.8461538461538463,0.0,0.0,0.4,2024-09,1,1,2.072
CI-0018,2024-10-01,275.0,8222.5,,0.0,0.0,,Refis,500,13,50,6.024096385542169,252,12,275.0,-225.0,-26.78571428571429,5.5,0.0,1,0,249.0,249.0,0.0,0.0,,249.0,0.20080321285140562,3.8461538461538463,0.0,0.0,0.4,2024-10,1,0,2.2800000000000002
CI-0018,2024-11-01,377.0,11272.3,,0.0,0.0,,Refis,500,13,50,5.7251908396946565,252,12,377.0,-327.0,-38.92857142857143,7.54,0.0,1,0,262.0,262.0,18.384776310850235,0.07017090194981006,26.0,275.0,0.19083969465648856,3.8461538461538463,0.0,0.0,0.4,2024-11,1,0,3.1065256352924715
CI-0018,2024-12-01,219.0,6548.099999999999,,0.0,0.0,,Refis,500,13,50,4.994450610432852,252,12,219.0,-169.0,-20.119047619047617,4.38,0.0,1,0,300.3333333333333,300.3333333333333,67.65599258996453,0.22526967566025927,64.0,377.0,0.16648168701442842,3.8461538461538463,0.0,0.0,0.4,2024-12,1,0,1.8657904513490389
CI-0018,2025-01-01,268.0,8013.2,,0.0,0.0,,Refis,500,13,50,5.357142857142858,252,12,268.0,-218.0,-25.952380952380956,5.36,0.0,1,0,290.3333333333333,280.0,68.59543230662909,0.24498368680938962,-10.0,219.0,0.17857142857142858,3.8461538461538463,0.0,0.0,0.4,2025-01,1,0,2.2607475530214085
CI-0018,2025-02-01,277.0,8282.3,,0.0,0.0,,Refis,500,13,50,5.403458213256484,252,12,277.0,-227.0,-27.02380952380953,5.54,0.0,1,0,288.0,277.6,59.64729666967314,0.21486778339219428,-2.3333333333333335,268.0,0.18011527377521613,3.8461538461538463,0.0,0.0,0.4,2025-02,1,0,2.3282301675088295
CI-0018,2025-03-01,243.0,7265.7,,0.0,0.0,,Refis,500,13,50,5.405405405405405,252,12,243.0,-193.0,-22.97619047619048,4.86,0.0,1,0,254.66666666666666,277.5,53.35072633057586,0.19225486965973282,-33.333333333333336,277.0,0.18018018018018017,3.8461538461538463,0.0,0.0,0.4,2025-03,1,0,2.05283823044896
CI-0018,2025-04-01,273.0,8162.7,,0.0,0.0,,Refis,500,13,50,5.424954792043399,252,12,273.0,-223.0,-26.547619047619047,5.46,0.0,1,0,262.6666666666667,276.5,54.04350099688214,0.19545569980789199,8.0,243.0,0.18083182640144665,3.8461538461538463,0.0,0.0,0.4,2025-04,1,0,2.293318354971184
CI-0018,2025-05-01,229.0,6847.1,,0.0,0.0,,Refis,500,13,50,5.431502715751358,252,12,229.0,-179.0,-21.30952380952381,4.58,0.0,1,0,264.3333333333333,276.1666666666667,54.06076827669643,0.19575413980698766,1.6666666666666667,273.0,0.18105009052504525,3.8461538461538463,0.0,0.0,0.4,2025-05,1,0,1.9413631209710482
CI-0018,2025-06-01,273.0,8162.7,,0.0,0.0,,Refis,500,13,50,5.964214711729623,252,12,273.0,-223.0,-26.547619047619047,5.46,0.0,1,0,248.33333333333334,251.5,24.57437689952689,0.09771124015716456,-16.0,229.0,0.1988071570576541,3.8461538461538463,0.0,0.0,0.4,2025-06,1,0,2.278656686023575
CI-0018,2025-07-01,238.0,7116.2,,0.0,0.0,,Refis,500,13,50,5.758157389635317,252,12,238.0,-188.0,-22.38095238095238,4.76,0.0,1,0,258.3333333333333,260.5,19.69517707460384,0.07560528627487079,10.0,273.0,0.19193857965451055,3.8461538461538463,0.0,0.0,0.4,2025-07,1,0,1.9953407929412306
CI-0018,2025-08-01,258.0,7714.2,,0.0,0.0,,Refis,500,13,50,5.870841487279844,252,12,258.0,-208.0,-24.76190476190476,5.16,0.0,1,0,246.66666666666666,255.5,21.163648078722172,0.08283228210850165,-11.666666666666666,238.0,0.19569471624266144,3.8461538461538463,0.0,0.0,0.4,2025-08,1,0,2.1564248423162753
CI-0018,2025-09-01,254.0,7594.6,,0.0,0.0,31.0,Refis,500,13,50,5.9445178335535,252,12,254.0,-204.0,-24.285714285714285,5.08,0.0,1,0,256.3333333333333,252.33333333333334,18.565200420859114,0.07357410999019463,9.666666666666666,258.0,0.19815059445178335,3.8461538461538463,0.0,0.0,0.4,2025-09,1,0,2.1230361164985294
CI-0018,2025-10-01,251.0,7504.900000000001,,0.0,0.0,42.0,Refis,500,13,50,5.9016393442622945,252,12,251.0,-201.0,-23.92857142857143,5.02,0.0,1,0,250.0,254.16666666666666,17.993517351164765,0.0707941666275335,-6.333333333333333,254.0,0.19672131147540983,3.8461538461538463,0.0,0.0,0.4,2025-10,1,0,2.09861912499413
CI-0018,2025-11-01,354.0,10584.6,,0.0,0.0,71.0,Refis,500,13,50,5.9880239520958085,252,12,354.0,-304.0,-36.19047619047619,7.08,0.0,1,0,254.33333333333334,250.5,15.449919093639314,0.06167632372710305,4.333333333333333,251.0,0.1996007984031936,3.8461538461538463,0.0,0.0,0.4,2025-11,1,0,2.9212514485590657
CI-0018,2025-12-01,243.0,7265.7,,0.0,0.0,68.0,Refis,500,13,50,5.528255528255529,252,12,243.0,-193.0,-22.97619047619048,4.86,0.0,1,0,286.3333333333333,271.3333333333333,42.046006548383026,0.15496071209477774,32.0,354.0,0.1842751842751843,3.8461538461538463,0.0,0.0,0.4,2025-12,1,0,2.0472441068142166
CI-0018,2026-01-01,254.0,7594.6,,0.0,0.0,42.0,Refis,500,13,50,5.632040050062579,252,12,254.0,-204.0,-24.285714285714285,5.08,0.0,1,0,282.6666666666667,266.3333333333333,43.56451155087898,0.16357138254397616,-3.6666666666666665,243.0,0.1877346683354193,3.8461538461538463,0.0,0.0,0.4,2026-01,1,0,2.1365357073815967
CI-0018,2026-02-01,256.0,7654.400000000001,,0.0,0.0,63.0,Refis,500,13,50,5.5762081784386615,252,12,256.0,-206.0,-24.52380952380952,5.12,0.0,1,0,283.6666666666667,269.0,41.942818217187096,0.1559212573129632,1.0,254.0,0.18587360594795538,3.8461538461538463,0.0,0.0,0.4,2026-02,1,0,2.1513881885969446
CI-0018,2026-03-01,270.0,8073.0,,0.0,0.0,54.0,Refis,500,13,50,5.583126550868486,252,12,270.0,-220.0,-26.19047619047619,5.4,0.0,1,0,251.0,268.6666666666667,42.05551886098504,0.1565341893088773,-32.666666666666664,256.0,0.18610421836228286,3.8461538461538463,0.0,0.0,0.4,2026-03,1,0,2.2634801283963317
CI-0018,2026-04-01,278.0,8312.199999999999,,0.0,0.0,62.0,Refis,500,13,50,5.528255528255529,252,12,278.0,-228.0,-27.142857142857142,5.56,0.0,1,0,260.0,271.3333333333333,41.442329406859706,0.15273585776483922,9.0,270.0,0.1842751842751843,3.8461538461538463,0.0,0.0,0.4,2026-04,1,0,2.3269103786647256
CI-0018,2026-05-01,254.0,7594.6,,0.0,0.0,68.0,Refis,500,13,50,5.4380664652567985,252,12,254.0,-204.0,-24.285714285714285,5.08,0.0,1,0,268.0,275.8333333333333,40.241355179301166,0.14589010941136377,8.0,278.0,0.1812688821752266,3.8461538461538463,0.0,0.0,0.4,2026-05,1,0,2.1338835164117045
CI-0018,2026-06-01,287.0,8581.3,,0.0,0.0,61.0,Refis,500,13,50,5.787781350482315,252,12,287.0,-237.0,-28.214285714285715,5.74,0.0,1,0,267.3333333333333,259.1666666666667,12.624051119457189,0.04871016509115313,-0.6666666666666666,254.0,0.19292604501607716,3.8461538461538463,0.0,0.0,0.4,2026-06,1,0,2.383306524763673
CI-0018,2026-07-01,279.0,8342.1,,0.0,0.0,70.0,Refis,500,13,50,5.628517823639775,252,12,279.0,-229.0,-27.261904761904763,5.58,0.0,1,0,273.0,266.5,14.053469322555264,0.052733468377318064,5.666666666666667,287.0,0.18761726078799248,3.8461538461538463,0.0,0.0,0.4,2026-07,1,0,2.319910020256598
CI-0018,2026-08-01,292.0,8730.8,,0.0,0.0,53.0,Refis,500,13,50,5.541871921182266,252,12,292.0,-242.0,-28.80952380952381,5.84,0.0,1,0,273.3333333333333,270.6666666666667,13.291601358251329,0.04910690156989407,0.3333333333333333,279.0,0.18472906403940886,3.8461538461538463,0.0,0.0,0.4,2026-08,1,0,2.423366035235484
CI-0018,2026-10-01,,,260.0,420.0,0.0,,Refis,500,13,50,5.421686746987952,252,12,260.0,-210.0,-25.0,5.2,1.6153846153846154,1,0,286.0,276.6666666666667,13.470956412470063,0.0486902039004942,12.666666666666666,292.0,0.18072289156626506,3.8461538461538463,1.5180722891566265,0.0,0.4,2026-10,1,0,2.5468216028742305
CI-0018,2026-11-01,,,307.0,0.0,0.0,,Refis,500,13,50,5.39568345323741,252,12,307.0,-257.0,-30.59523809523809,6.14,0.0,1,0,285.5,278.0,14.611639196202526,0.0525598532237501,2.5,0.0,0.17985611510791366,3.8461538461538463,0.0,0.0,0.4,2026-11,1,0,2.5438839779835627
CI-0018,2026-12-01,,,297.0,0.0,0.0,,Refis,500,13,50,5.39568345323741,252,12,297.0,-247.0,-29.404761904761905,5.94,0.0,1,0,292.0,278.0,16.87206764645843,0.060690890814598664,13.0,0.0,0.17985611510791366,3.8461538461538463,0.0,0.0,0.4,2026-12,1,0,2.4651036336221903
CI-0019,2024-09-01,316.0,9448.4,,0.0,0.0,,Acessórios,300,16,181,0.0,303,12,316.0,-135.0,-13.366336633663366,1.7458563535911602,0.0,1,0,,,0.0,0.0,,0.0,0.0,11.3125,0.0,0.0,0.4,2024-09,1,1,0.7783425414364642
CI-0019,2024-10-01,270.0,8073.0,,0.0,0.0,,Acessórios,300,16,181,17.18354430379747,303,12,270.0,-89.0,-8.811881188118813,1.4917127071823204,0.0,1,0,316.0,316.0,0.0,0.0,,316.0,0.5727848101265823,11.3125,0.0,0.0,0.4,2024-10,1,0,0.6766850828729283
CI-0019,2024-11-01,414.0,12378.6,,0.0,0.0,,Acessórios,300,16,181,18.532423208191126,303,12,414.0,-233.0,-23.06930693069307,2.287292817679558,0.0,1,0,293.0,293.0,32.526911934581186,0.11101335131256378,-46.0,270.0,0.6177474402730375,11.3125,0.0,0.0,0.4,2024-11,1,0,1.011569129768708
CI-0019,2024-12-01,282.0,8431.8,,0.0,0.0,,Acessórios,300,16,181,16.290000000000003,303,12,282.0,-101.0,-10.0,1.558011049723757,0.0,1,0,333.3333333333333,333.3333333333333,73.5481701562543,0.2206445104687629,49.0,414.0,0.543,11.3125,0.0,0.0,0.4,2024-12,1,0,0.7363010964598173
CI-0019,2025-01-01,292.0,8730.8,,0.0,0.0,,Acessórios,300,16,181,16.942277691107645,303,12,292.0,-111.0,-10.99009900990099,1.6132596685082874,0.0,1,0,322.0,320.5,65.3069674690228,0.20376588913891666,-11.333333333333334,282.0,0.5647425897035881,11.3125,0.0,0.0,0.4,2025-01,1,0,0.7558687507741525
CI-0019,2025-02-01,301.0,8999.9,,0.0,0.0,,Acessórios,300,16,181,17.249047013977126,303,12,301.0,-120.0,-11.88118811881188,1.6629834254143647,0.0,1,0,329.3333333333333,314.8,57.97585704411795,0.18416727142350048,7.333333333333333,292.0,0.5749682337992376,11.3125,0.0,0.0,0.4,2025-02,1,0,0.7728184608792711
CI-0019,2025-03-01,338.0,10106.2,,0.0,0.0,,Acessórios,300,16,181,17.376,303,12,338.0,-157.0,-15.544554455445546,1.867403314917127,0.0,1,0,291.6666666666667,312.5,52.16032975355889,0.16691305521138844,-37.666666666666664,301.0,0.5792,11.3125,0.0,0.0,0.4,2025-03,1,0,0.8519982842485592
CI-0019,2025-04-01,273.0,8162.7,,0.0,0.0,,Acessórios,300,16,181,17.17448603057459,303,12,273.0,-92.0,-9.10891089108911,1.5082872928176796,0.0,1,0,310.3333333333333,316.1666666666667,53.21810468878676,0.16832294577370613,18.666666666666668,338.0,0.5724828676858197,11.3125,0.0,0.0,0.4,2025-04,1,0,0.7085633589931277
CI-0019,2025-05-01,291.0,8700.9,,0.0,0.0,,Acessórios,300,16,181,17.14736842105263,303,12,291.0,-110.0,-10.891089108910892,1.6077348066298345,0.0,1,0,304.0,316.6666666666667,52.70926547265355,0.16645031201890592,-6.333333333333333,273.0,0.571578947368421,11.3125,0.0,0.0,0.4,2025-05,1,0,0.7480614694547698
CI-0019,2025-06-01,316.0,9448.4,,0.0,0.0,,Acessórios,300,16,181,18.334271243669104,303,12,316.0,-135.0,-13.366336633663366,1.7458563535911602,0.0,1,0,300.6666666666667,296.1666666666667,22.604571808965293,0.076323821527176,-3.3333333333333335,291.0,0.6111423747889702,11.3125,0.0,0.0,0.4,2025-06,1,0,0.7897911146655406
CI-0019,2025-07-01,316.0,9448.4,,0.0,0.0,,Acessórios,300,16,181,17.990060739922697,303,12,316.0,-135.0,-13.366336633663366,1.7458563535911602,0.0,1,0,293.3333333333333,301.8333333333333,22.604571808965293,0.07489090604847695,-7.333333333333333,316.0,0.5996686913307565,11.3125,0.0,0.0,0.4,2025-07,1,0,0.7895761773437358
CI-0019,2025-08-01,333.0,9956.7,,0.0,0.0,,Acessórios,300,16,181,17.754768392370575,303,12,333.0,-152.0,-15.049504950495049,1.839779005524862,0.0,1,0,307.6666666666667,305.8333333333333,22.639935217810777,0.07402703613453115,14.333333333333334,316.0,0.5918256130790192,11.3125,0.0,0.0,0.4,2025-08,1,0,0.8270156576301245
CI-0019,2025-09-01,326.0,9747.4,,0.0,0.0,243.0,Acessórios,300,16,181,17.4504552758436,303,12,326.0,-145.0,-14.356435643564357,1.801104972375691,0.0,1,0,321.6666666666667,311.1666666666667,24.927227416354775,0.08010892581581609,14.0,333.0,0.5816818425281199,11.3125,0.0,0.0,0.4,2025-09,1,0,0.8124583278226489
CI-0019,2025-10-01,279.0,8342.1,,0.0,0.0,140.0,Acessórios,300,16,181,17.5633423180593,303,12,279.0,-98.0,-9.702970297029704,1.5414364640883975,0.0,1,0,325.0,309.1666666666667,22.728103015136767,0.07351407983332647,3.3333333333333335,326.0,0.58544474393531,11.3125,0.0,0.0,0.4,2025-10,1,0,0.7076016976103581
CI-0019,2025-11-01,429.0,12827.1,,0.0,0.0,123.0,Acessórios,300,16,181,17.50671681891456,303,12,429.0,-248.0,-24.554455445544555,2.3701657458563536,0.0,1,0,312.6666666666667,310.1666666666667,20.875024950084946,0.06730260596480907,-12.333333333333334,279.0,0.583557227297152,11.3125,0.0,0.0,0.4,2025-11,1,0,1.038161689237263
CI-0019,2025-12-01,328.0,9807.2,,0.0,0.0,245.0,Acessórios,300,16,181,16.298149074537267,303,12,328.0,-147.0,-14.554455445544557,1.8121546961325967,0.0,1,0,344.6666666666667,333.1666666666667,50.5150142696869,0.15162085323567853,32.0,429.0,0.5432716358179089,11.3125,0.0,0.0,0.4,2025-12,1,0,0.8276050064383906
CI-0019,2026-01-01,349.0,10435.1,,0.0,0.0,199.0,Acessórios,300,16,181,16.200895077076083,303,12,349.0,-168.0,-16.633663366336634,1.9281767955801103,0.0,1,0,345.3333333333333,335.1666666666667,49.93362260708381,0.1489814697376941,0.6666666666666666,328.0,0.5400298359025361,11.3125,0.0,0.0,0.4,2026-01,1,0,0.8736179386926983
CI-0019,2026-02-01,352.0,10524.8,,0.0,0.0,127.0,Acessórios,300,16,181,15.939334637964775,303,12,352.0,-171.0,-16.93069306930693,1.9447513812154693,0.0,1,0,368.6666666666667,340.6666666666667,49.212464545749704,0.14445928927323787,23.333333333333332,349.0,0.5313111545988258,11.3125,0.0,0.0,0.4,2026-02,1,0,0.8795694458771735
CI-0019,2026-03-01,341.0,10195.9,,0.0,0.0,241.0,Acessórios,300,16,181,15.79253514299564,303,12,341.0,-160.0,-15.84158415841584,1.8839779005524864,0.0,1,0,343.0,343.8333333333333,49.23176481365128,0.1431849679505127,-25.666666666666668,352.0,0.5264178380998547,11.3125,0.0,0.0,0.4,2026-03,1,0,0.8550689054135716
CI-0019,2026-04-01,341.0,10195.9,,0.0,0.0,103.0,Acessórios,300,16,181,15.678537054860445,303,12,341.0,-160.0,-15.84158415841584,1.8839779005524864,0.0,1,0,347.3333333333333,346.3333333333333,48.5207859238355,0.14009851566073772,4.333333333333333,341.0,0.5226179018286815,11.3125,0.0,0.0,0.4,2026-04,1,0,0.8546059375701053
CI-0019,2026-05-01,291.0,8700.9,,0.0,0.0,232.0,Acessórios,300,16,181,15.22429906542056,303,12,291.0,-110.0,-10.891089108910892,1.6077348066298345,0.0,1,0,344.6666666666667,356.6666666666667,36.40146517197728,0.10206018272516994,-2.6666666666666665,341.0,0.5074766355140187,11.3125,0.0,0.0,0.4,2026-05,1,0,0.7384029500607094
CI-0019,2026-06-01,349.0,10435.1,,0.0,0.0,215.0,Acessórios,300,16,181,16.273726273726272,303,12,349.0,-168.0,-16.633663366336634,1.9281767955801103,0.0,1,0,324.3333333333333,333.6666666666667,22.500370367322166,0.06743367742454195,-20.333333333333332,291.0,0.5424575424575424,11.3125,0.0,0.0,0.4,2026-06,1,0,0.8613857698457256
CI-0019,2026-07-01,354.0,10584.6,,0.0,0.0,214.0,Acessórios,300,16,181,16.10479485912012,303,12,354.0,-173.0,-17.128712871287128,1.955801104972376,0.0,1,0,327.0,337.1666666666667,23.068737864622552,0.06841939060194528,2.6666666666666665,349.0,0.536826495304004,11.3125,0.0,0.0,0.4,2026-07,1,0,0.8725833505792423
CI-0019,2026-08-01,343.0,10255.7,,0.0,0.0,237.0,Acessórios,300,16,181,16.06508875739645,303,12,343.0,-162.0,-16.03960396039604,1.895027624309392,0.0,1,0,331.3333333333333,338.0,23.664319132398546,0.07001277849822055,4.333333333333333,354.0,0.5355029585798816,11.3125,0.0,0.0,0.4,2026-08,1,0,0.8485129664984901
CI-0019,2026-10-01,,,312.0,0.0,0.0,,Acessórios,300,16,181,16.13670133729569,303,12,312.0,-131.0,-12.970297029702971,1.723756906077348,0.0,1,0,348.6666666666667,336.5,22.87137949490593,0.06796843832067141,17.333333333333332,343.0,0.537890044576523,11.3125,0.0,0.0,0.4,2026-10,1,0,0.7796980281790401
CI-0019,2026-11-01,,,370.0,0.0,0.0,,Acessórios,300,16,181,16.179976162097734,303,12,370.0,-189.0,-18.712871287128717,2.044198895027624,0.0,1,0,348.5,335.6,25.451915448547364,0.07584003411366914,-3.0,0.0,0.5393325387365911,11.3125,0.0,0.0,0.4,2026-11,1,0,0.9090555631281001
CI-0019,2026-12-01,,,358.0,0.0,0.0,,Acessórios,300,16,181,16.245325355273,303,12,358.0,-177.0,-17.524752475247524,1.977900552486188,0.0,1,0,343.0,334.25,29.181900783419472,0.08730561191748533,-11.0,0.0,0.5415108451757666,11.3125,0.0,0.0,0.4,2026-12,1,0,0.8842560627820981
CI-0020,2024-09-01,363.0,12668.7,,0.0,0.0,,Acessórios,300,19,354,0.0,354,13,363.0,-9.0,-0.7627118644067797,1.0254237288135593,0.0,1,0,,,0.0,0.0,,0.0,0.0,18.63157894736842,0.0,0.0,0.43333333333333335,2024-09,1,1,0.49683615819209037
CI-0020,2024-10-01,380.0,13262.0,,0.0,0.0,,Acessórios,300,19,354,29.256198347107436,354,13,380.0,-26.0,-2.2033898305084745,1.073446327683616,0.0,1,0,363.0,363.0,0.0,0.0,,363.0,0.9752066115702479,18.63157894736842,0.0,0.0,0.43333333333333335,2024-10,1,0,0.516045197740113
CI-0020,2024-11-01,504.0,17589.6,,0.0,0.0,,Acessórios,300,19,354,28.586810228802154,354,13,504.0,-150.0,-12.71186440677966,1.423728813559322,0.0,1,0,371.5,371.5,12.020815280171307,0.03235751084837499,17.0,380.0,0.9528936742934051,18.63157894736842,0.0,0.0,0.43333333333333335,2024-11,1,0,0.6610118187176518
CI-0020,2024-12-01,352.0,12284.8,,0.0,0.0,,Acessórios,300,19,354,25.549318364073777,354,13,352.0,2.0,0.1694915254237288,0.9943502824858758,0.0,0,0,415.6666666666667,415.6666666666667,76.96969100453329,0.1851716704198876,70.5,504.0,0.8516439454691259,18.63157894736842,0.0,0.0,0.43333333333333335,2024-12,0,0,0.5121825302240001
CI-0020,2025-01-01,327.0,11412.3,,0.0,0.0,,Acessórios,300,19,354,26.566604127579737,354,13,327.0,27.0,2.288135593220339,0.923728813559322,0.0,0,0,412.0,399.75,70.44797134528905,0.17623007215832157,-3.6666666666666665,352.0,0.8855534709193246,18.63157894736842,0.0,0.0,0.43333333333333335,2025-01,0,0,0.48259270291414375
CI-0020,2025-02-01,366.0,12773.4,,0.0,0.0,,Acessórios,300,19,354,27.570093457943926,354,13,366.0,-12.0,-1.0169491525423728,1.0338983050847457,0.0,1,0,394.3333333333333,385.2,69.1426062569238,0.17949793940011372,-17.666666666666668,327.0,0.9190031152647975,18.63157894736842,0.0,0.0,0.43333333333333335,2025-02,1,0,0.5271506796105819
CI-0020,2025-03-01,366.0,12773.4,,0.0,0.0,,Acessórios,300,19,354,27.80104712041885,354,13,366.0,-12.0,-1.0169491525423728,1.0338983050847457,0.0,1,0,348.3333333333333,382.0,62.337789502034795,0.16318793063359893,-46.0,366.0,0.9267015706806283,18.63157894736842,0.0,0.0,0.43333333333333335,2025-03,1,0,0.5247041782956048
CI-0020,2025-04-01,373.0,13017.7,,0.0,0.0,,Acessórios,300,19,354,27.764705882352942,354,13,373.0,-19.0,-1.6101694915254237,1.0536723163841808,0.0,1,0,353.0,382.5,62.16671134940306,0.16252734993307988,4.666666666666667,366.0,0.9254901960784314,18.63157894736842,0.0,0.0,0.43333333333333335,2025-04,1,0,0.5325146957103011
CI-0020,2025-05-01,319.0,11133.1,,0.0,0.0,,Acessórios,300,19,354,27.84965034965035,354,13,319.0,35.0,2.9661016949152543,0.9011299435028248,0.0,0,0,368.3333333333333,381.3333333333333,62.28857573156306,0.1633441671282248,15.333333333333334,373.0,0.9283216783216783,18.63157894736842,0.0,0.0,0.43333333333333335,2025-05,0,0,0.4716202691370303
CI-0020,2025-06-01,388.0,13541.2,,0.0,0.0,,Acessórios,300,19,354,30.29957203994294,354,13,388.0,-34.0,-2.88135593220339,1.0960451977401129,0.0,1,0,352.6666666666667,350.5,22.509997778764816,0.064222532892339,-15.666666666666666,319.0,1.0099857346647647,18.63157894736842,0.0,0.0,0.43333333333333335,2025-06,1,0,0.5347181256965627
CI-0020,2025-07-01,391.0,13645.9,,0.0,0.0,,Acessórios,300,19,354,29.789621318373072,354,13,391.0,-37.0,-3.1355932203389827,1.1045197740112995,0.0,1,0,360.0,356.5,27.281862106535133,0.07652696243067358,7.333333333333333,388.0,0.9929873772791024,18.63157894736842,0.0,0.0,0.43333333333333335,2025-07,1,0,0.5399536206357874
CI-0020,2025-08-01,327.0,11412.3,,0.0,0.0,,Acessórios,300,19,354,28.924194280526553,354,13,327.0,27.0,2.288135593220339,0.923728813559322,0.0,0,0,366.0,367.1666666666667,25.918461888520042,0.07059045453069462,6.0,391.0,0.9641398093508851,18.63157894736842,0.0,0.0,0.43333333333333335,2025-08,0,0,0.46674676026999967
CI-0020,2025-09-01,370.0,12913.0,,0.0,0.0,235.0,Acessórios,300,19,354,29.44547134935305,354,13,370.0,-16.0,-1.3559322033898304,1.0451977401129944,0.0,1,0,368.6666666666667,360.6666666666667,30.715902504511654,0.08516423984615061,2.6666666666666665,327.0,0.9815157116451017,18.63157894736842,0.0,0.0,0.43333333333333335,2025-09,1,0,0.5175203986887871
CI-0020,2025-10-01,354.0,12354.6,,0.0,0.0,250.0,Acessórios,300,19,354,29.391143911439116,354,13,354.0,0.0,0.0,1.0,0.0,0,0,362.6666666666667,361.3333333333333,30.897680603350558,0.08551018617163439,-6.0,370.0,0.9797047970479705,18.63157894736842,0.0,0.0,0.43333333333333335,2025-10,0,0,0.49949319459241187
CI-0020,2025-11-01,489.0,17066.1,,0.0,0.0,275.0,Acessórios,300,19,354,29.65100046533271,354,13,489.0,-135.0,-11.440677966101694,1.38135593220339,0.0,1,0,350.3333333333333,358.1666666666667,30.43298648944374,0.0849687849868136,-12.333333333333334,354.0,0.988366682177757,18.63157894736842,0.0,0.0,0.43333333333333335,2025-11,1,0,0.6519543572960447
CI-0020,2025-12-01,349.0,12180.1,,0.0,0.0,431.0,Acessórios,300,19,354,27.477360931435964,354,13,349.0,5.0,0.423728813559322,0.9858757062146892,0.0,0,0,404.3333333333333,386.5,55.493242831898,0.14357889477852007,54.0,489.0,0.9159120310478654,18.63157894736842,0.0,0.0,0.43333333333333335,2025-12,0,0,0.5025537833693204
CI-0020,2026-01-01,383.0,13366.7,,0.0,0.0,195.0,Acessórios,300,19,354,27.94736842105263,354,13,383.0,-29.0,-2.4576271186440675,1.0819209039548023,0.0,1,0,397.3333333333333,380.0,57.52912305954262,0.15139242910405953,-7.0,349.0,0.9315789473684211,18.63157894736842,0.0,0.0,0.43333333333333335,2026-01,1,0,0.5421438926141965
CI-0020,2026-02-01,331.0,11551.9,,0.0,0.0,355.0,Acessórios,300,19,354,28.04577464788732,354,13,331.0,23.0,1.9491525423728813,0.9350282485875706,0.0,0,0,407.0,378.6666666666667,57.31550110281393,0.15136135854616356,9.666666666666666,383.0,0.9348591549295774,18.63157894736842,0.0,0.0,0.43333333333333335,2026-02,0,0,0.4833821698836195
CI-0020,2026-03-01,392.0,13680.8,,0.0,0.0,509.0,Acessórios,300,19,354,27.996485061511425,354,13,392.0,-38.0,-3.2203389830508478,1.1073446327683616,0.0,1,0,354.3333333333333,379.3333333333333,56.61330821164459,0.1492442219990631,-52.666666666666664,331.0,0.9332161687170475,18.63157894736842,0.0,0.0,0.43333333333333335,2026-03,1,0,0.5519911530738708
CI-0020,2026-04-01,380.0,13262.0,,0.0,0.0,364.0,Acessórios,300,19,354,27.728459530026107,354,13,380.0,-26.0,-2.2033898305084745,1.073446327683616,0.0,1,0,368.6666666666667,383.0,56.60035335578743,0.14778160145114214,14.333333333333334,392.0,0.9242819843342036,18.63157894736842,0.0,0.0,0.43333333333333335,2026-04,1,0,0.5382124379577844
CI-0020,2026-05-01,364.0,12703.6,,0.0,0.0,229.0,Acessórios,300,19,354,27.418244406196216,354,13,364.0,-10.0,-0.847457627118644,1.0282485875706215,0.0,1,0,367.6666666666667,387.3333333333333,54.90598024502126,0.14175382163086384,-1.0,380.0,0.9139414802065405,18.63157894736842,0.0,0.0,0.43333333333333335,2026-05,1,0,0.5192291749395449
CI-0020,2026-06-01,400.0,13960.0,,0.0,0.0,246.0,Acessórios,300,19,354,28.976807639836288,354,13,400.0,-46.0,-3.8983050847457625,1.1299435028248588,0.0,1,0,378.6666666666667,366.5,23.14087293081227,0.0631401717075369,11.0,364.0,0.965893587994543,18.63157894736842,0.0,0.0,0.43333333333333335,2026-06,1,0,0.5481150935527408
CI-0020,2026-07-01,349.0,12180.1,,0.0,0.0,461.0,Acessórios,300,19,354,28.32,354,13,349.0,5.0,0.423728813559322,0.9858757062146892,0.0,0,0,381.3333333333333,375.0,24.738633753705944,0.06596969000988252,2.6666666666666665,400.0,0.944,18.63157894736842,0.0,0.0,0.43333333333333335,2026-07,0,0,0.49091240265402475
CI-0020,2026-08-01,392.0,13680.8,,0.0,0.0,265.0,Acessórios,300,19,354,28.754512635379065,354,13,392.0,-38.0,-3.2203389830508478,1.1073446327683616,0.0,1,0,371.0,369.3333333333333,26.379284802031055,0.07142405632318878,-10.333333333333334,349.0,0.9584837545126355,18.63157894736842,0.0,0.0,0.43333333333333335,2026-08,1,0,0.5403181282224897
CI-0020,2026-10-01,,,365.0,0.0,0.0,,Acessórios,300,19,354,27.98418972332016,354,13,365.0,-11.0,-0.9322033898305084,1.0310734463276836,0.0,1,0,380.3333333333333,379.5,19.51153504981086,0.051413794597657075,9.333333333333334,392.0,0.932806324110672,18.63157894736842,0.0,0.0,0.43333333333333335,2026-10,1,0,0.5068081143873887
CI-0020,2026-11-01,,,432.0,0.0,0.0,,Acessórios,300,19,354,28.16976127320955,354,13,432.0,-78.0,-6.610169491525424,1.2203389830508475,0.0,1,0,370.5,377.0,20.712315177207927,0.05493982805625445,-4.0,0.0,0.9389920424403183,18.63157894736842,0.0,0.0,0.43333333333333335,2026-11,1,0,0.5830432340954439
CI-0020,2026-12-01,,,418.0,0.0,0.0,,Acessórios,300,19,354,28.22591362126246,354,13,418.0,-64.0,-5.423728813559322,1.1807909604519775,0.0,1,0,392.0,376.25,23.83799488212038,0.06335679702889138,43.0,0.0,0.9408637873754153,18.63157894736842,0.0,0.0,0.43333333333333335,2026-12,1,0,0.5684865704017914
CI-0021,2024-09-01,449.0,35875.1,,0.0,0.0,,Clássico,300,7,1485,0.0,405,16,449.0,1036.0,76.74074074074073,0.3023569023569024,0.0,0,0,,,0.0,0.0,,0.0,0.0,212.14285714285714,0.0,0.0,0.5333333333333333,2024-09,1,1,0.22760942760942765
CI-0021,2024-10-01,368.0,29403.2,,0.0,0.0,,Clássico,300,7,1485,99.22048997772828,405,16,368.0,1117.0,82.74074074074075,0.2478114478114478,0.0,0,0,449.0,449.0,0.0,0.0,,449.0,3.307349665924276,212.14285714285714,0.0,0.0,0.5333333333333333,2024-10,0,1,0.2057912457912458
CI-0021,2024-11-01,592.0,47300.8,,0.0,0.0,,Clássico,300,7,1485,109.05752753977968,405,16,592.0,893.0,66.14814814814815,0.3986531986531986,0.0,0,0,408.5,408.5,57.27564927611035,0.14020966775057614,-81.0,368.0,3.635250917992656,212.14285714285714,0.0,0.0,0.5333333333333333,2024-11,0,1,0.2871593962905325
CI-0021,2024-12-01,422.0,33717.8,,0.0,0.0,,Clássico,300,7,1485,94.85450674237048,405,16,422.0,1063.0,78.74074074074075,0.2841750841750842,0.0,0,0,469.6666666666667,469.6666666666667,113.42104449057649,0.24149264263430054,71.5,592.0,3.1618168914123492,212.14285714285714,0.0,0.0,0.5333333333333333,2024-12,0,1,0.25656059673184545
CI-0021,2025-01-01,364.0,29083.6,,0.0,0.0,,Clássico,300,7,1485,97.32386673948662,405,16,364.0,1121.0,83.03703703703704,0.2451178451178451,0.0,0,0,460.6666666666667,457.75,95.6255718937147,0.20890348857174157,-9.0,422.0,3.2441288913162207,212.14285714285714,0.0,0.0,0.5333333333333333,2025-01,0,1,0.23604932799956596
CI-0021,2025-02-01,433.0,34596.7,,0.0,0.0,,Clássico,300,7,1485,101.48063781321184,405,16,433.0,1052.0,77.92592592592592,0.2915824915824916,0.0,0,0,459.3333333333333,439.0,92.82241108697835,0.2114405719521147,-1.3333333333333333,364.0,3.3826879271070616,212.14285714285714,0.0,0.0,0.5333333333333333,2025-02,0,1,0.25501574909248054
CI-0021,2025-03-01,438.0,34996.200000000004,,0.0,0.0,,Clássico,300,7,1485,101.71232876712328,405,16,438.0,1047.0,77.55555555555556,0.2949494949494949,0.0,0,0,406.3333333333333,438.0,83.05901516391825,0.18963245471214213,-53.0,433.0,3.3904109589041096,212.14285714285714,0.0,0.0,0.5333333333333333,2025-03,0,1,0.25309133285328594
CI-0021,2025-04-01,385.0,30761.5,,0.0,0.0,,Clássico,300,7,1485,102.13985479556743,405,16,385.0,1100.0,81.48148148148148,0.2592592592592592,0.0,0,0,411.6666666666667,436.1666666666667,82.88888144176315,0.19003946834183372,5.333333333333333,438.0,3.4046618265189146,212.14285714285714,0.0,0.0,0.5333333333333333,2025-04,0,1,0.23887629062164542
CI-0021,2025-05-01,401.0,32039.9,,0.0,0.0,,Clássico,300,7,1485,101.48063781321184,405,16,401.0,1084.0,80.2962962962963,0.27003367003367,0.0,0,0,418.6666666666667,439.0,80.3442592846558,0.18301653595593578,7.0,385.0,3.3826879271070616,212.14285714285714,0.0,0.0,0.5333333333333333,2025-05,0,1,0.24213261507352507
CI-0021,2025-06-01,414.0,33078.6,,0.0,0.0,,Clássico,300,7,1485,109.41465411379451,405,16,414.0,1071.0,79.33333333333333,0.2787878787878788,0.0,0,0,408.0,407.1666666666667,29.088944062421138,0.07144235136083783,-10.666666666666666,401.0,3.6471551371264836,212.14285714285714,0.0,0.0,0.5333333333333333,2025-06,0,1,0.22889817088594389
CI-0021,2025-07-01,463.0,36993.7,,0.0,0.0,,Clássico,300,7,1485,109.7741273100616,405,16,463.0,1022.0,75.70370370370371,0.3117845117845118,0.0,0,0,400.0,405.8333333333333,28.44937023321722,0.0701011176177837,-8.0,414.0,3.6591375770020536,212.14285714285714,0.0,0.0,0.5333333333333333,2025-07,0,1,0.24189563902313896
CI-0021,2025-08-01,443.0,35395.7,,0.0,0.0,,Clássico,300,7,1485,105.48539857932124,405,16,443.0,1042.0,77.18518518518518,0.2983164983164983,0.0,0,0,426.0,422.3333333333333,28.040446976941517,0.0663941128104377,26.0,463.0,3.516179952644041,212.14285714285714,0.0,0.0,0.5333333333333333,2025-08,0,1,0.23595238291483167
CI-0021,2025-09-01,422.0,33717.8,,0.0,0.0,1260.0,Clássico,300,7,1485,105.07075471698113,405,16,422.0,1063.0,78.74074074074075,0.2841750841750842,0.0,0,0,440.0,424.0,29.079202189881382,0.06858302403273911,14.0,443.0,3.5023584905660377,212.14285714285714,0.0,0.0,0.5333333333333333,2025-09,0,1,0.23062415394161123
CI-0021,2025-10-01,416.0,33238.4,,0.0,0.0,2147.0,Clássico,300,7,1485,105.7357594936709,405,16,416.0,1069.0,79.18518518518519,0.2801346801346801,0.0,0,0,442.6666666666667,421.3333333333333,28.26069119230222,0.06707442529818565,2.6666666666666665,422.0,3.5245253164556964,212.14285714285714,0.0,0.0,0.5333333333333333,2025-10,0,1,0.22878170251526658
CI-0021,2025-11-01,564.0,45063.6,,0.0,0.0,1966.0,Clássico,300,7,1485,104.4548651817116,405,16,564.0,921.0,68.22222222222223,0.3797979797979798,0.0,0,0,427.0,426.5,22.5455095307248,0.05286168705914373,-15.666666666666666,416.0,3.4818288393903867,212.14285714285714,0.0,0.0,0.5333333333333333,2025-11,0,1,0.26651511164473013
CI-0021,2025-12-01,389.0,31081.1,,0.0,0.0,1153.0,Clássico,300,7,1485,98.19985304922851,405,16,389.0,1096.0,81.18518518518519,0.2619528619528619,0.0,0,0,467.3333333333333,453.6666666666667,57.217712875181185,0.1261228057498483,40.333333333333336,564.0,3.2733284349742835,212.14285714285714,0.0,0.0,0.5333333333333333,2025-12,0,1,0.2303662323102887
CI-0021,2026-01-01,478.0,38192.2,,0.0,0.0,1694.0,Clássico,300,7,1485,99.11012235817574,405,16,478.0,1007.0,74.59259259259258,0.3218855218855219,0.0,0,0,456.3333333333333,449.5,61.438587223340406,0.136682062788299,-11.0,389.0,3.303670745272525,212.14285714285714,0.0,0.0,0.5333333333333333,2026-01,0,1,0.25592318483912024
CI-0021,2026-02-01,438.0,34996.200000000004,,0.0,0.0,1945.0,Clássico,300,7,1485,98.56194690265487,405,16,438.0,1047.0,77.55555555555556,0.2949494949494949,0.0,0,0,477.0,452.0,62.39551265916491,0.13804316959992236,20.666666666666668,478.0,3.2853982300884956,212.14285714285714,0.0,0.0,0.5333333333333333,2026-02,0,1,0.245352940086453
CI-0021,2026-03-01,415.0,33158.5,,0.0,0.0,1874.0,Clássico,300,7,1485,98.74399704469893,405,16,415.0,1070.0,79.25925925925927,0.2794612794612794,0.0,0,0,435.0,451.1666666666667,62.57289082875007,0.1386912984752495,-42.0,438.0,3.291466568156631,212.14285714285714,0.0,0.0,0.5333333333333333,2026-03,0,1,0.23925487322246589
CI-0021,2026-04-01,416.0,33238.4,,0.0,0.0,1191.0,Clássico,300,7,1485,99.0,405,16,416.0,1069.0,79.18518518518519,0.2801346801346801,0.0,0,0,443.6666666666667,450.0,63.28664946100408,0.1406369988022313,8.666666666666666,415.0,3.3,212.14285714285714,0.0,0.0,0.5333333333333333,2026-04,0,1,0.23981608854087344
CI-0021,2026-05-01,442.0,35315.8,,0.0,0.0,869.0,Clássico,300,7,1485,99.0,405,16,442.0,1043.0,77.25925925925925,0.2976430976430976,0.0,0,0,423.0,450.0,63.28664946100408,0.1406369988022313,-20.666666666666668,416.0,3.3,212.14285714285714,0.0,0.0,0.5333333333333333,2026-05,0,1,0.2468194555442404
CI-0021,2026-06-01,422.0,33717.8,,0.0,0.0,1260.0,Clássico,300,7,1485,103.68502715283164,405,16,422.0,1063.0,78.74074074074075,0.2841750841750842,0.0,0,0,424.3333333333333,429.6666666666667,30.375428666385464,0.07069533436707245,1.3333333333333333,442.0,3.4561675717610547,212.14285714285714,0.0,0.0,0.5333333333333333,2026-06,0,1,0.23094100049176122
CI-0021,2026-07-01,392.0,31320.8,,0.0,0.0,1352.0,Clássico,300,7,1485,102.3745691306013,405,16,392.0,1093.0,80.96296296296296,0.2639730639730639,0.0,0,0,426.6666666666667,435.1666666666667,23.81945983154682,0.05473640711960203,2.3333333333333335,422.0,3.41248563768671,212.14285714285714,0.0,0.0,0.5333333333333333,2026-07,0,1,0.22046635332383255
CI-0021,2026-08-01,419.0,33478.1,,0.0,0.0,1984.0,Clássico,300,7,1485,105.86138613861387,405,16,419.0,1066.0,78.96296296296296,0.2821548821548821,0.0,0,0,418.6666666666667,420.8333333333333,18.07115565387757,0.04294135996961007,-8.0,392.0,3.5287128712871287,212.14285714285714,0.0,0.0,0.5333333333333333,2026-08,0,1,0.22596982352406103
CI-0021,2026-10-01,,,417.0,0.0,0.0,,Clássico,300,7,1485,106.66400638467678,405,16,417.0,1068.0,79.1111111111111,0.2808080808080808,0.0,0,0,411.0,417.6666666666667,16.008331164324133,0.03832800757619505,-7.666666666666667,419.0,3.555466879489226,212.14285714285714,0.0,0.0,0.5333333333333333,2026-10,0,1,0.22473910012632828
CI-0021,2026-11-01,,,494.0,0.0,0.0,,Clássico,300,7,1485,106.52797704447633,405,16,494.0,991.0,73.4074074074074,0.3326599326599326,0.0,0,0,405.5,418.2,17.838161340228027,0.04265461822149218,-1.5,0.0,3.550932568149211,212.14285714285714,0.0,0.0,0.5333333333333333,2026-11,0,1,0.24612883246386358
CI-0021,2026-12-01,,,478.0,0.0,0.0,,Clássico,300,7,1485,106.38805970149254,405,16,478.0,1007.0,74.59259259259258,0.3218855218855219,0.0,0,0,419.0,418.75,20.548722588034707,0.04907157632963512,27.0,0.0,3.546268656716418,212.14285714285714,0.0,0.0,0.5333333333333333,2026-12,0,1,0.24278161187032068
CI-0022,2024-09-01,438.0,50326.2,,0.0,0.0,,Executivo,200,10,1672,0.0,456,25,438.0,1234.0,81.1842105263158,0.2619617224880383,0.0,0,0,,,0.0,0.0,,0.0,0.0,167.2,0.0,0.0,0.8333333333333334,2024-09,1,1,0.271451355661882
CI-0022,2024-10-01,450.0,51705.0,,0.0,0.0,,Executivo,200,10,1672,114.52054794520548,456,25,450.0,1222.0,80.39473684210526,0.2691387559808612,0.0,0,0,438.0,438.0,0.0,0.0,,438.0,3.817351598173516,167.2,0.0,0.0,0.8333333333333334,2024-10,0,1,0.2743221690590112
CI-0022,2024-11-01,543.0,62390.7,,0.0,0.0,,Executivo,200,10,1672,112.97297297297298,456,25,543.0,1129.0,74.27631578947368,0.3247607655502392,0.0,0,0,444.0,444.0,8.48528137423857,0.019110994086122903,12.0,450.0,3.765765765765766,167.2,0.0,0.0,0.8333333333333334,2024-11,0,1,0.2994376219996808
CI-0022,2024-12-01,492.0,56530.8,,0.0,0.0,,Executivo,200,10,1672,105.1572327044025,456,25,492.0,1180.0,77.63157894736841,0.2942583732057416,0.0,0,0,477.0,477.0,57.47173218200405,0.12048581170231457,52.5,543.0,3.5052410901467503,167.2,0.0,0.0,0.8333333333333334,2024-12,0,1,0.3024428877043105
CI-0022,2025-01-01,415.0,47683.5,,0.0,0.0,,Executivo,200,10,1672,104.33697347893916,456,25,415.0,1257.0,82.69736842105263,0.2482057416267942,0.0,0,0,495.0,480.75,47.52104796824245,0.09884773368329162,18.0,492.0,3.4778991159646386,167.2,0.0,0.0,0.8333333333333334,2025-01,0,1,0.2807761233698781
CI-0022,2025-02-01,473.0,54347.7,,0.0,0.0,,Executivo,200,10,1672,107.27117194183063,456,25,473.0,1199.0,78.88157894736842,0.2828947368421052,0.0,0,0,483.3333333333333,467.6,50.5796401727019,0.10816860601518798,-11.666666666666666,415.0,3.575705731394354,167.2,0.0,0.0,0.8333333333333334,2025-02,0,1,0.29604985230578695
CI-0022,2025-03-01,449.0,51590.1,,0.0,0.0,,Executivo,200,10,1672,107.06510138740663,456,25,449.0,1223.0,80.46052631578947,0.2685406698564593,0.0,0,0,460.0,468.5,45.29348739057305,0.09667766785607908,-23.333333333333332,473.0,3.568836712913554,167.2,0.0,0.0,0.8333333333333334,2025-03,0,1,0.2885845847876623
CI-0022,2025-04-01,516.0,59288.4,,0.0,0.0,,Executivo,200,10,1672,106.64776754075125,456,25,516.0,1156.0,76.05263157894737,0.3086124401913875,0.0,0,0,445.6666666666667,470.3333333333333,44.016663511296116,0.09358610243365581,-14.333333333333334,449.0,3.5549255846917083,167.2,0.0,0.0,0.8333333333333334,2025-04,0,1,0.3041495581082701
CI-0022,2025-05-01,466.0,53543.4,,0.0,0.0,,Executivo,200,10,1672,104.21052631578948,456,25,466.0,1206.0,79.3421052631579,0.2787081339712918,0.0,0,0,479.3333333333333,481.3333333333333,46.11579628139002,0.0958084410278186,33.666666666666664,516.0,3.473684210526316,167.2,0.0,0.0,0.8333333333333334,2025-05,0,1,0.2925211864093562
CI-0022,2025-06-01,514.0,59058.6,,0.0,0.0,,Executivo,200,10,1672,107.06510138740663,456,25,514.0,1158.0,76.18421052631578,0.3074162679425837,0.0,0,0,477.0,468.5,34.86402156952064,0.07441626802459048,-2.3333333333333335,466.0,3.568836712913554,167.2,0.0,0.0,0.8333333333333334,2025-06,0,1,0.30079561404738875
CI-0022,2025-07-01,516.0,59288.4,,0.0,0.0,,Executivo,200,10,1672,106.23367454994705,456,25,516.0,1156.0,76.05263157894737,0.3086124401913875,0.0,0,0,498.6666666666667,472.1666666666667,38.7681140457808,0.08210684231369035,21.666666666666668,514.0,3.541122484998235,167.2,0.0,0.0,0.8333333333333334,2025-07,0,1,0.30242766909027524
CI-0022,2025-08-01,454.0,52164.6,,0.0,0.0,,Executivo,200,10,1672,102.57668711656441,456,25,454.0,1218.0,80.13157894736842,0.2715311004784689,0.0,0,0,498.6666666666667,489.0,29.89314302645335,0.061131171833237935,0.0,516.0,3.4192229038854807,167.2,0.0,0.0,0.8333333333333334,2025-08,0,1,0.2844487826330399
CI-0022,2025-09-01,489.0,56186.100000000006,,0.0,0.0,1994.0,Executivo,200,10,1672,103.24528301886792,456,25,489.0,1183.0,77.82894736842105,0.2924641148325358,0.0,0,0,494.6666666666667,485.8333333333333,32.79278375903247,0.06749801116781984,-4.0,454.0,3.4415094339622643,167.2,0.0,0.0,0.8333333333333334,2025-09,0,1,0.29377701427485403
CI-0022,2025-10-01,440.0,50556.0,,0.0,0.0,1590.0,Executivo,200,10,1672,101.8477157360406,456,25,440.0,1232.0,81.05263157894737,0.2631578947368421,0.0,0,0,486.3333333333333,492.5,27.43537861958527,0.05570635252707669,-8.333333333333334,489.0,3.39492385786802,167.2,0.0,0.0,0.8333333333333334,2025-10,0,1,0.280285777440465
CI-0022,2025-11-01,664.0,76293.6,,0.0,0.0,1972.0,Executivo,200,10,1672,104.53629732546024,456,25,664.0,1008.0,66.31578947368422,0.3971291866028708,0.0,0,0,461.0,479.8333333333333,31.63805725177614,0.06593551355007185,-25.333333333333332,440.0,3.484543244182008,167.2,0.0,0.0,0.8333333333333334,2025-11,0,1,0.3354086683403258
CI-0022,2025-12-01,424.0,48717.6,,0.0,0.0,943.0,Executivo,200,10,1672,97.80955476113097,456,25,424.0,1248.0,82.10526315789474,0.2535885167464115,0.0,0,0,531.0,512.8333333333334,80.24566447270945,0.15647513384343734,70.0,664.0,3.260318492037699,167.2,0.0,0.0,0.8333333333333334,2025-12,0,1,0.2915733434417469
CI-0022,2026-01-01,491.0,56415.9,,0.0,0.0,1085.0,Executivo,200,10,1672,100.7566119852695,456,25,491.0,1181.0,77.69736842105263,0.2936602870813397,0.0,0,0,509.3333333333333,497.8333333333333,88.01912670929349,0.1768044058439106,-21.666666666666668,424.0,3.3585537328423167,167.2,0.0,0.0,0.8333333333333334,2026-01,0,1,0.3106514423757892
CI-0022,2026-02-01,479.0,55037.1,,0.0,0.0,1809.0,Executivo,200,10,1672,101.60702228224173,456,25,479.0,1193.0,78.48684210526316,0.2864832535885167,0.0,0,0,526.3333333333334,493.6666666666667,87.57777495841432,0.17740265015208842,17.0,491.0,3.386900742741391,167.2,0.0,0.0,0.8333333333333334,2026-02,0,1,0.3078703656248866
CI-0022,2026-03-01,538.0,61816.2,,0.0,0.0,1851.0,Executivo,200,10,1672,100.7566119852695,456,25,538.0,1134.0,74.60526315789474,0.3217703349282296,0.0,0,0,464.6666666666667,497.8333333333333,85.89159834737426,0.17253083029268348,-61.666666666666664,479.0,3.3585537328423167,167.2,0.0,0.0,0.8333333333333334,2026-03,0,1,0.32125442518186104
CI-0022,2026-04-01,500.0,57450.0,,0.0,0.0,1416.0,Executivo,200,10,1672,99.1304347826087,456,25,500.0,1172.0,77.10526315789474,0.2990430622009569,0.0,0,0,502.6666666666667,506.0,87.20321095005617,0.17233836156137583,38.0,538.0,3.3043478260869565,167.2,0.0,0.0,0.8333333333333334,2026-04,0,1,0.3121346457812558
CI-0022,2026-05-01,519.0,59633.1,,0.0,0.0,2229.0,Executivo,200,10,1672,97.20930232558139,456,25,519.0,1153.0,75.85526315789474,0.3104066985645933,0.0,0,0,505.6666666666667,516.0,81.36584049833196,0.15768573739986813,3.0,500.0,3.24031007751938,167.2,0.0,0.0,0.8333333333333334,2026-05,0,1,0.3144822067024842
CI-0022,2026-06-01,485.0,55726.5,,0.0,0.0,1196.0,Executivo,200,10,1672,101.98576753642833,456,25,485.0,1187.0,78.09210526315789,0.2900717703349282,0.0,0,0,519.0,491.8333333333333,39.25005307852033,0.07980356437516842,13.333333333333334,519.0,3.399525584547611,167.2,0.0,0.0,0.8333333333333334,2026-06,0,1,0.2946659094569133
CI-0022,2026-07-01,527.0,60552.3,,0.0,0.0,2416.0,Executivo,200,10,1672,99.9203187250996,456,25,527.0,1145.0,75.32894736842105,0.3151913875598086,0.0,0,0,501.3333333333333,502.0,22.485550916088254,0.04479193409579334,-17.666666666666668,485.0,3.3306772908366535,167.2,0.0,0.0,0.8333333333333334,2026-07,0,1,0.29946201180495907
CI-0022,2026-08-01,476.0,54692.4,,0.0,0.0,1034.0,Executivo,200,10,1672,98.74015748031496,456,25,476.0,1196.0,78.68421052631578,0.284688995215311,0.0,0,0,510.3333333333333,508.0,23.73183515870607,0.04671621094233478,9.0,527.0,3.2913385826771653,167.2,0.0,0.0,0.8333333333333334,2026-08,0,1,0.2875496963941413
CI-0022,2026-10-01,,,470.0,0.0,0.0,,Executivo,200,10,1672,98.83743842364531,456,25,470.0,1202.0,79.07894736842105,0.2811004784688995,0.0,0,0,496.0,507.5,24.48468909339053,0.048245692794858186,-14.333333333333334,476.0,3.294581280788177,167.2,0.0,0.0,0.8333333333333334,2026-10,0,1,0.28634371197345526
CI-0022,2026-11-01,,,556.0,0.0,0.0,,Executivo,200,10,1672,100.03988831272437,456,25,556.0,1116.0,73.42105263157895,0.3325358851674641,0.0,0,0,501.5,501.4,21.686401268997933,0.043251697784200106,-4.5,0.0,3.334662943757479,167.2,0.0,0.0,0.8333333333333334,2026-11,0,1,0.30616877540128234
CI-0022,2026-12-01,,,538.0,0.0,0.0,,Executivo,200,10,1672,99.97010463378177,456,25,538.0,1134.0,74.60526315789474,0.3217703349282296,0.0,0,0,476.0,501.75,25.02498751248427,0.04987541108616696,-51.0,0.0,3.332336821126059,167.2,0.0,0.0,0.8333333333333334,2026-12,0,1,0.30285611230088355
CI-0023,2024-09-01,522.0,15607.8,,0.0,0.0,,Refis,500,13,101,0.0,507,11,522.0,-421.0,-24.911242603550296,5.1683168316831685,0.0,1,0,,,0.0,0.0,,0.0,0.0,7.769230769230769,0.0,0.0,0.36666666666666664,2024-09,1,1,2.1406600660066006
CI-0023,2024-10-01,460.0,13754.0,,0.0,0.0,,Refis,500,13,101,5.804597701149425,507,11,460.0,-359.0,-21.242603550295858,4.554455445544554,0.0,1,0,522.0,522.0,0.0,0.0,,522.0,0.19348659003831417,7.769230769230769,0.0,0.0,0.36666666666666664,2024-10,1,0,1.8951155115511549
CI-0023,2024-11-01,627.0,18747.3,,0.0,0.0,,Refis,500,13,101,6.171079429735234,507,11,627.0,-526.0,-31.124260355029584,6.207920792079208,0.0,1,0,491.0,491.0,43.840620433565945,0.08928843265492045,-62.0,460.0,0.20570264765784113,7.769230769230769,0.0,0.0,0.36666666666666664,2024-11,1,0,2.569894915063255
CI-0023,2024-12-01,563.0,16833.7,,0.0,0.0,,Refis,500,13,101,5.649471721566189,507,11,563.0,-462.0,-27.33727810650888,5.574257425742574,0.0,1,0,536.3333333333334,536.3333333333334,84.41761269624563,0.15739766195695268,52.5,627.0,0.1883157240522063,7.769230769230769,0.0,0.0,0.36666666666666664,2024-12,1,0,2.3266459529239056
CI-0023,2025-01-01,503.0,15039.7,,0.0,0.0,,Refis,500,13,101,5.580110497237569,507,11,503.0,-402.0,-23.78698224852071,4.98019801980198,0.0,1,0,550.0,543.0,70.20446329590922,0.12928998765360813,13.666666666666666,563.0,0.1860036832412523,7.769230769230769,0.0,0.0,0.36666666666666664,2025-01,1,0,2.0848060394021664
CI-0023,2025-02-01,554.0,16564.6,,0.0,0.0,,Refis,500,13,101,5.663551401869158,507,11,554.0,-453.0,-26.80473372781065,5.485148514851486,0.0,1,0,564.3333333333334,535.0,63.37586291325743,0.11845955684721014,14.333333333333334,503.0,0.18878504672897195,7.769230769230769,0.0,0.0,0.36666666666666664,2025-02,1,0,2.285161672801009
CI-0023,2025-03-01,563.0,16833.7,,0.0,0.0,,Refis,500,13,101,5.630226076184577,507,11,563.0,-462.0,-27.33727810650888,5.574257425742574,0.0,1,0,540.0,538.1666666666666,57.213343431988534,0.10631157032887309,-24.333333333333332,554.0,0.1876742025394859,7.769230769230769,0.0,0.0,0.36666666666666664,2025-03,1,0,2.3189830391796935
CI-0023,2025-04-01,529.0,15817.1,,0.0,0.0,,Refis,500,13,101,5.559633027522936,507,11,529.0,-428.0,-25.325443786982248,5.237623762376238,0.0,1,0,540.0,545.0,57.34457254178462,0.10521939915923784,0.0,563.0,0.1853211009174312,7.769230769230769,0.0,0.0,0.36666666666666664,2025-04,1,0,2.184165748157714
CI-0023,2025-05-01,500.0,14950.0,,0.0,0.0,,Refis,500,13,101,5.444743935309973,507,11,500.0,-399.0,-23.609467455621303,4.950495049504951,0.0,1,0,548.6666666666666,556.5,41.66413325631531,0.07486816398259714,8.666666666666666,529.0,0.18149146451033243,7.769230769230769,0.0,0.0,0.36666666666666664,2025-05,1,0,2.0647615777327033
CI-0023,2025-06-01,500.0,14950.0,,0.0,0.0,,Refis,500,13,101,5.660024906600248,507,11,500.0,-399.0,-23.609467455621303,4.950495049504951,0.0,1,0,530.6666666666666,535.3333333333334,29.02872140943629,0.054225506991475006,-18.0,500.0,0.18866749688667495,7.769230769230769,0.0,0.0,0.36666666666666664,2025-06,1,0,2.0616651791840352
CI-0023,2025-07-01,465.0,13903.5,,0.0,0.0,,Refis,500,13,101,5.773261352810415,507,11,465.0,-364.0,-21.53846153846154,4.603960396039604,0.0,1,0,509.6666666666667,524.8333333333334,28.407158722171832,0.05412605663163893,-21.0,500.0,0.1924420450936805,7.769230769230769,0.0,0.0,0.36666666666666664,2025-07,1,0,1.9230364002439206
CI-0023,2025-08-01,507.0,15159.3,,0.0,0.0,,Refis,500,13,101,5.843780135004821,507,11,507.0,-406.0,-24.023668639053252,5.01980198019802,0.0,1,0,488.3333333333333,518.5,37.14162085854623,0.07163282711387894,-21.333333333333332,465.0,0.19479267116682739,7.769230769230769,0.0,0.0,0.36666666666666664,2025-08,1,0,2.091999049479623
CI-0023,2025-09-01,543.0,16235.7,,0.0,0.0,85.0,Refis,500,13,101,5.933420365535247,507,11,543.0,-442.0,-26.153846153846157,5.376237623762377,0.0,1,0,490.6666666666667,510.6666666666667,32.8674104040258,0.06436176972067714,2.3333333333333335,507.0,0.19778067885117492,7.769230769230769,0.0,0.0,0.36666666666666664,2025-09,1,0,2.2334826482963854
CI-0023,2025-10-01,582.0,17401.8,,0.0,0.0,116.0,Refis,500,13,101,5.972404730617608,507,11,582.0,-481.0,-28.46153846153846,5.762376237623762,0.0,1,0,505.0,507.3333333333333,26.98641633612479,0.05319267346148119,14.333333333333334,543.0,0.19908015768725362,7.769230769230769,0.0,0.0,0.36666666666666664,2025-10,1,0,2.3862627294020604
CI-0023,2025-11-01,643.0,19225.7,,0.0,0.0,61.0,Refis,500,13,101,5.87019696480465,507,11,643.0,-542.0,-32.07100591715976,6.366336633663367,0.0,1,0,544.0,516.1666666666666,40.69111287083048,0.07883328292702063,39.0,582.0,0.195673232160155,7.769230769230769,0.0,0.0,0.36666666666666664,2025-11,1,0,2.6316929792377333
CI-0023,2025-12-01,527.0,15757.3,,0.0,0.0,66.0,Refis,500,13,101,5.611111111111111,507,11,527.0,-426.0,-25.20710059171597,5.217821782178218,0.0,1,0,589.3333333333334,540.0,64.33661476950746,0.1191418792027916,45.333333333333336,643.0,0.18703703703703703,7.769230769230769,0.0,0.0,0.36666666666666664,2025-12,1,0,2.178333328085039
CI-0023,2026-01-01,566.0,16923.4,,0.0,0.0,66.0,Refis,500,13,101,5.564738292011019,507,11,566.0,-465.0,-27.514792899408285,5.603960396039604,0.0,1,0,584.0,544.5,61.87648988105262,0.11363909987337488,-5.333333333333333,527.0,0.1854912764003673,7.769230769230769,0.0,0.0,0.36666666666666664,2026-01,1,0,2.331963356730181
CI-0023,2026-02-01,577.0,17252.3,,0.0,0.0,126.0,Refis,500,13,101,5.397862232779097,507,11,577.0,-476.0,-28.16568047337278,5.712871287128713,0.0,1,0,578.6666666666666,561.3333333333334,48.13591867479709,0.08575282424251263,-5.333333333333333,566.0,0.17992874109263657,7.769230769230769,0.0,0.0,0.36666666666666664,2026-02,1,0,2.371344771821195
CI-0023,2026-03-01,549.0,16415.1,,0.0,0.0,91.0,Refis,500,13,101,5.287958115183247,507,11,549.0,-448.0,-26.50887573964497,5.435643564356436,0.0,1,0,556.6666666666666,573.0,40.154700845604786,0.07007801194695425,-22.0,577.0,0.1762652705061082,7.769230769230769,0.0,0.0,0.36666666666666664,2026-03,1,0,2.258102460867951
CI-0023,2026-04-01,529.0,15817.1,,0.0,0.0,108.0,Refis,500,13,101,5.278745644599303,507,11,529.0,-428.0,-25.325443786982248,5.237623762376238,0.0,1,0,564.0,574.0,39.324292746342095,0.06850922081244268,7.333333333333333,549.0,0.1759581881533101,7.769230769230769,0.0,0.0,0.36666666666666664,2026-04,1,0,2.178659221405695
CI-0023,2026-05-01,478.0,14292.2,,0.0,0.0,76.0,Refis,500,13,101,5.361250368622826,507,11,478.0,-377.0,-22.307692307692307,4.732673267326732,0.0,1,0,551.6666666666666,565.1666666666666,42.95307517124565,0.07600072280373751,-12.333333333333334,529.0,0.17870834562076085,7.769230769230769,0.0,0.0,0.36666666666666664,2026-05,1,0,1.9778027486845868
CI-0023,2026-06-01,603.0,18029.7,,0.0,0.0,88.0,Refis,500,13,101,5.635461872287663,507,11,603.0,-502.0,-29.70414201183432,5.97029702970297,0.0,1,0,518.6666666666666,537.6666666666666,35.291169811536086,0.06563763759120166,-33.0,478.0,0.18784872907625544,7.769230769230769,0.0,0.0,0.36666666666666664,2026-06,1,0,2.4712977908532014
CI-0023,2026-07-01,489.0,14621.1,,0.0,0.0,142.0,Refis,500,13,101,5.505754088431253,507,11,489.0,-388.0,-22.958579881656807,4.841584158415841,0.0,1,0,536.6666666666666,550.3333333333334,43.40353288232051,0.07886771571590644,18.0,603.0,0.18352513628104178,7.769230769230769,0.0,0.0,0.36666666666666664,2026-07,1,0,2.021797154057056
CI-0023,2026-08-01,570.0,17043.0,,0.0,0.0,109.0,Refis,500,13,101,5.637209302325582,507,11,570.0,-469.0,-27.75147928994083,5.643564356435643,0.0,1,0,523.3333333333334,537.5,48.882512210401075,0.09094420876353689,-13.333333333333334,489.0,0.18790697674418605,7.769230769230769,0.0,0.0,0.36666666666666664,2026-08,1,0,2.344400707222121
CI-0023,2026-10-01,,,522.0,378.0,0.0,,Refis,500,13,101,5.649471721566189,507,11,522.0,-421.0,-24.911242603550296,5.1683168316831685,0.7241379310344828,1,0,554.0,536.3333333333334,47.82328582047323,0.08916709599839633,30.666666666666668,570.0,0.1883157240522063,7.769230769230769,0.7047855811062771,0.0,0.36666666666666664,2026-10,1,0,2.3302315256829296
CI-0023,2026-11-01,,,619.0,0.0,0.0,,Refis,500,13,101,5.676283252154366,507,11,619.0,-518.0,-30.6508875739645,6.128712871287129,0.0,1,0,529.5,533.8,53.016035310083424,0.09931816281394423,-16.5,0.0,0.18920944173847884,7.769230769230769,0.0,0.0,0.36666666666666664,2026-11,1,0,2.5397162062702767
CI-0023,2026-12-01,,,598.0,0.0,0.0,,Refis,500,13,101,5.663551401869158,507,11,598.0,-497.0,-29.40828402366864,5.920792079207921,0.0,1,0,570.0,535.0,61.139185470531224,0.11427885134678734,81.0,0.0,0.18878504672897195,7.769230769230769,0.0,0.0,0.36666666666666664,2026-12,1,0,2.4587919927185196
CI-0024,2024-09-01,573.0,17132.7,,0.0,0.0,,Acessórios,300,16,558,0.0,558,14,573.0,-15.0,-0.8064516129032259,1.0268817204301075,0.0,1,0,,,0.0,0.0,,0.0,0.0,34.875,0.0,0.0,0.4666666666666667,2024-09,1,1,0.5040860215053764
CI-0024,2024-10-01,589.0,17611.1,,0.0,0.0,,Acessórios,300,16,558,29.214659685863875,558,14,589.0,-31.0,-1.6666666666666663,1.0555555555555556,0.0,1,0,573.0,573.0,0.0,0.0,,573.0,0.9738219895287958,34.875,0.0,0.0,0.4666666666666667,2024-10,1,0,0.5155555555555557
CI-0024,2024-11-01,722.0,21587.8,,0.0,0.0,,Acessórios,300,16,558,28.81239242685026,558,14,722.0,-164.0,-8.817204301075268,1.2939068100358424,0.0,1,0,581.0,581.0,11.313708498984761,0.019472820135946232,16.0,589.0,0.9604130808950087,34.875,0.0,0.0,0.4666666666666667,2024-11,1,0,0.6138169803680623
CI-0024,2024-12-01,549.0,16415.1,,0.0,0.0,,Acessórios,300,16,558,26.656050955414013,558,14,549.0,9.0,0.4838709677419355,0.9838709677419356,0.0,0,0,628.0,628.0,81.79853299418028,0.13025244107353548,74.5,722.0,0.8885350318471338,34.875,0.0,0.0,0.4666666666666667,2024-12,0,0,0.506419586591138
CI-0024,2025-01-01,500.0,14950.0,,0.0,0.0,,Acessórios,300,16,558,27.52157829839704,558,14,500.0,58.0,3.118279569892473,0.8960573476702509,0.0,0,0,620.0,608.25,77.59456596093999,0.1275701865366872,-8.0,549.0,0.9173859432799013,34.875,0.0,0.0,0.4666666666666667,2025-01,0,0,0.4708918003819368
CI-0024,2025-02-01,600.0,17940.0,,0.0,0.0,,Acessórios,300,16,558,28.537333787930447,558,14,600.0,-42.0,-2.2580645161290325,1.075268817204301,0.0,1,0,590.3333333333334,586.6,82.8208910843152,0.14118801753207502,-29.666666666666668,500.0,0.9512444595976816,34.875,0.0,0.0,0.4666666666666667,2025-02,1,0,0.544619062844865
CI-0024,2025-03-01,529.0,15817.1,,0.0,0.0,,Acessórios,300,16,558,28.429097084630623,558,14,529.0,29.0,1.5591397849462365,0.9480286738351256,0.0,0,0,549.6666666666666,588.8333333333334,74.27897863236049,0.12614601522619953,-40.666666666666664,600.0,0.9476365694876875,34.875,0.0,0.0,0.4666666666666667,2025-03,0,0,0.4914667051513135
CI-0024,2025-04-01,631.0,18866.9,,0.0,0.0,,Acessórios,300,16,558,28.78761822871883,558,14,631.0,-73.0,-3.924731182795699,1.1308243727598566,0.0,1,0,543.0,581.5,78.22211963377111,0.13451783256022548,-6.666666666666667,529.0,0.9595872742906277,34.875,0.0,0.0,0.4666666666666667,2025-04,1,0,0.5658407573213098
CI-0024,2025-05-01,528.0,15787.2,,0.0,0.0,,Acessórios,300,16,558,28.445199660152934,558,14,528.0,30.0,1.6129032258064515,0.946236559139785,0.0,0,0,586.6666666666666,588.5,80.86222851245196,0.13740395669065755,43.666666666666664,631.0,0.9481733220050977,34.875,0.0,0.0,0.4666666666666667,2025-05,0,0,0.49243855049284596
CI-0024,2025-06-01,514.0,15368.6,,0.0,0.0,,Acessórios,300,16,558,30.098891219658373,558,14,514.0,44.0,2.365591397849462,0.921146953405018,0.0,0,0,562.6666666666666,556.1666666666666,49.51531749536365,0.0890296388888768,-24.0,528.0,1.0032963739886125,34.875,0.0,0.0,0.4666666666666667,2025-06,0,0,0.47514656052867205
CI-0024,2025-07-01,512.0,15308.8,,0.0,0.0,,Acessórios,300,16,558,30.417928528164744,558,14,512.0,46.0,2.4731182795698925,0.9175627240143368,0.0,0,0,557.6666666666666,550.3333333333334,52.500158729918745,0.09539701768004617,-5.0,514.0,1.0139309509388248,34.875,0.0,0.0,0.4666666666666667,2025-07,0,0,0.47466797559107504
CI-0024,2025-08-01,619.0,18508.1,,0.0,0.0,,Acessórios,300,16,558,30.307785153892574,558,14,619.0,-61.0,-3.2795698924731185,1.1093189964157706,0.0,1,0,518.0,552.3333333333334,50.385183007176465,0.09122241944570271,-39.666666666666664,512.0,1.0102595051297525,34.875,0.0,0.0,0.4666666666666667,2025-08,1,0,0.5507442948164971
CI-0024,2025-09-01,624.0,18657.6,,0.0,0.0,770.0,Acessórios,300,16,558,30.135013501350137,558,14,624.0,-66.0,-3.548387096774194,1.118279569892473,0.0,1,0,548.3333333333334,555.5,54.415990296970584,0.0979585783923863,30.333333333333332,619.0,1.0045004500450045,34.875,0.0,0.0,0.4666666666666667,2025-09,1,0,0.5553389480491805
CI-0024,2025-10-01,588.0,17581.2,,0.0,0.0,531.0,Acessórios,300,16,558,29.299883313885648,558,14,588.0,-30.0,-1.6129032258064515,1.053763440860215,0.0,1,0,585.0,571.3333333333334,58.807029058324865,0.10292945576136207,36.666666666666664,624.0,0.9766627771295215,34.875,0.0,0.0,0.4666666666666667,2025-10,1,0,0.5302781280416237
CI-0024,2025-11-01,717.0,21438.3,,0.0,0.0,583.0,Acessórios,300,16,558,29.67208271787297,558,14,717.0,-159.0,-8.548387096774194,1.2849462365591398,0.0,1,0,610.3333333333334,564.1666666666666,52.346601290500836,0.09278570391226146,25.333333333333332,588.0,0.989069423929099,34.875,0.0,0.0,0.4666666666666667,2025-11,1,0,0.6212296835438286
CI-0024,2025-12-01,579.0,17312.1,,0.0,0.0,599.0,Acessórios,300,16,558,28.102965864577506,558,14,579.0,-21.0,-1.1290322580645162,1.0376344086021505,0.0,1,0,643.0,595.6666666666666,77.19758200012922,0.12959862674895783,32.666666666666664,717.0,0.9367655288192502,34.875,0.0,0.0,0.4666666666666667,2025-12,1,0,0.5278268907865372
CI-0024,2026-01-01,538.0,16086.2,,0.0,0.0,634.0,Acessórios,300,16,558,27.60098928276999,558,14,538.0,20.0,1.075268817204301,0.96415770609319,0.0,0,0,628.0,606.5,67.38174827058148,0.1110993376266801,-15.0,579.0,0.920032976092333,34.875,0.0,0.0,0.4666666666666667,2026-01,0,0,0.4956613164146113
CI-0024,2026-02-01,638.0,19076.2,,0.0,0.0,750.0,Acessórios,300,16,558,27.40518417462483,558,14,638.0,-80.0,-4.301075268817204,1.1433691756272402,0.0,1,0,611.3333333333334,610.8333333333334,60.581900487411914,0.09917910038866888,-16.666666666666668,538.0,0.9135061391541609,34.875,0.0,0.0,0.4666666666666667,2026-02,1,0,0.5655578686425298
CI-0024,2026-03-01,658.0,19674.2,,0.0,0.0,404.0,Acessórios,300,16,558,27.263843648208468,558,14,658.0,-100.0,-5.376344086021505,1.17921146953405,0.0,1,0,585.0,614.0,61.58246503672953,0.10029717432692106,-26.333333333333332,638.0,0.9087947882736156,34.875,0.0,0.0,0.4666666666666667,2026-03,1,0,0.5800624972959916
CI-0024,2026-04-01,577.0,17252.3,,0.0,0.0,783.0,Acessórios,300,16,558,27.014523937600863,558,14,577.0,-19.0,-1.021505376344086,1.0340501792114696,0.0,1,0,611.3333333333334,619.6666666666666,64.19553463183153,0.10359688213851244,26.333333333333332,658.0,0.9004841312533621,34.875,0.0,0.0,0.4666666666666667,2026-04,1,0,0.5224929373386981
CI-0024,2026-05-01,619.0,18508.1,,0.0,0.0,642.0,Acessórios,300,16,558,27.094685729700565,558,14,619.0,-61.0,-3.2795698924731185,1.1093189964157706,0.0,1,0,624.3333333333334,617.8333333333334,65.42603966821376,0.10589593687868426,13.0,577.0,0.9031561909900189,34.875,0.0,0.0,0.4666666666666667,2026-05,1,0,0.5529453224314443
CI-0024,2026-06-01,561.0,16773.9,,0.0,0.0,439.0,Acessórios,300,16,558,27.830423940149625,558,14,561.0,-3.0,-0.1612903225806451,1.0053763440860215,0.0,1,0,618.0,601.5,44.65310739467084,0.07423625502023415,-6.333333333333333,619.0,0.9276807980049875,34.875,0.0,0.0,0.4666666666666667,2026-06,1,0,0.506619309220777
CI-0024,2026-07-01,650.0,19435.0,,0.0,0.0,336.0,Acessórios,300,16,558,27.969924812030072,558,14,650.0,-92.0,-4.946236559139785,1.1648745519713262,0.0,1,0,585.6666666666666,598.5,47.00957349306635,0.07854565328833141,-32.333333333333336,561.0,0.9323308270676691,34.875,0.0,0.0,0.4666666666666667,2026-07,1,0,0.5710650021151135
CI-0024,2026-08-01,607.0,18149.3,,0.0,0.0,600.0,Acessórios,300,16,558,27.123953551174726,558,14,607.0,-49.0,-2.634408602150537,1.0878136200716846,0.0,1,0,610.0,617.1666666666666,39.87689389441815,0.0646128445494218,24.333333333333332,650.0,0.9041317850391575,34.875,0.0,0.0,0.4666666666666667,2026-08,1,0,0.5381507080444204
CI-0024,2026-10-01,,,575.0,0.0,0.0,,Acessórios,300,16,558,27.352941176470587,558,14,575.0,-17.0,-0.913978494623656,1.0304659498207884,0.0,1,0,606.0,612.0,38.62641583165611,0.0631150585484577,-4.0,607.0,0.9117647058823529,34.875,0.0,0.0,0.4666666666666667,2026-10,1,0,0.5149869720439174
CI-0024,2026-11-01,,,681.0,0.0,0.0,,Acessórios,300,16,558,27.77040477770405,558,14,681.0,-123.0,-6.612903225806452,1.2204301075268815,0.0,1,0,628.5,602.8,35.07420704734479,0.05818547950787126,23.0,0.0,0.9256801592568017,34.875,0.0,0.0,0.4666666666666667,2026-11,1,0,0.5902331982702667
CI-0024,2026-12-01,,,658.0,0.0,0.0,,Acessórios,300,16,558,27.476405416495695,558,14,658.0,-100.0,-5.376344086021505,1.17921146953405,0.0,1,0,607.0,609.25,36.91770126466012,0.060595324193122885,-43.0,0.0,0.9158801805498564,34.875,0.0,0.0,0.4666666666666667,2026-12,1,0,0.5741072197759218
CI-0025,2024-09-01,576.0,51782.4,,0.0,0.0,,Escolar,400,19,365,0.0,609,20,576.0,-211.0,-10.39408866995074,1.578082191780822,0.0,1,0,,,0.0,0.0,,0.0,0.0,19.210526315789473,0.0,0.0,0.6666666666666666,2024-09,1,1,0.7645662100456622
CI-0025,2024-10-01,600.0,53940.0,,0.0,0.0,,Escolar,400,19,365,19.010416666666668,609,20,600.0,-235.0,-11.576354679802956,1.643835616438356,0.0,1,0,576.0,576.0,0.0,0.0,,576.0,0.6336805555555556,19.210526315789473,0.0,0.0,0.6666666666666666,2024-10,1,0,0.7908675799086757
CI-0025,2024-11-01,822.0,73897.8,,0.0,0.0,,Escolar,400,19,365,18.622448979591837,609,20,822.0,-457.0,-22.51231527093596,2.252054794520548,0.0,1,0,588.0,588.0,16.97056274847714,0.028861501272920306,24.0,600.0,0.6207482993197279,19.210526315789473,0.0,0.0,0.6666666666666666,2024-11,1,0,1.0384844763324907
CI-0025,2024-12-01,582.0,52321.8,,0.0,0.0,,Escolar,400,19,365,16.44144144144144,609,20,582.0,-217.0,-10.689655172413794,1.5945205479452054,0.0,1,0,666.0,666.0,135.6318546654878,0.20365143343166336,123.0,822.0,0.5480480480480481,19.210526315789473,0.0,0.0,0.6666666666666666,2024-12,1,0,0.801689267526165
CI-0025,2025-01-01,1326.0,119207.4,,0.0,0.0,,Escolar,400,19,365,16.976744186046513,609,20,1326.0,-961.0,-47.33990147783251,3.632876712328767,0.0,1,0,668.0,645.0,118.43985815594343,0.18362768706347818,2.0,582.0,0.5658914728682171,19.210526315789473,0.0,0.0,0.6666666666666666,2025-01,1,0,1.614028171324362
CI-0025,2025-02-01,1619.0,145548.1,,0.0,0.0,,Escolar,400,19,365,14.01689708141321,609,20,1619.0,-1254.0,-61.77339901477832,4.435616438356164,0.0,1,0,910.0,781.2,321.3614787120572,0.4113690203687368,242.0,1326.0,0.4672299027137737,19.210526315789473,0.0,0.0,0.6666666666666666,2025-02,1,0,1.9692852617311096
CI-0025,2025-03-01,564.0,50703.6,,0.0,0.0,,Escolar,400,19,365,11.891402714932125,609,20,564.0,-199.0,-9.80295566502463,1.5452054794520549,0.0,1,0,1175.6666666666667,920.8333333333334,446.769925875351,0.4851800100003812,265.6666666666667,1619.0,0.39638009049773754,19.210526315789473,0.0,0.0,0.6666666666666666,2025-03,1,0,0.8241925266142125
CI-0025,2025-04-01,587.0,52771.3,,0.0,0.0,,Escolar,400,19,365,11.917286413930709,609,20,587.0,-222.0,-10.935960591133004,1.6082191780821915,0.0,1,0,1169.6666666666667,918.8333333333334,448.6452570424284,0.4882770800389208,-6.0,564.0,0.39724288046435696,19.210526315789473,0.0,0.0,0.6666666666666666,2025-04,1,0,0.8498625665720481
CI-0025,2025-05-01,589.0,52951.1,,0.0,0.0,,Escolar,400,19,365,11.945454545454545,609,20,589.0,-224.0,-11.03448275862069,1.6136986301369862,0.0,1,0,923.3333333333334,916.6666666666666,450.5204397878821,0.4914768434049623,-246.33333333333334,587.0,0.3981818181818182,19.210526315789473,0.0,0.0,0.6666666666666666,2025-05,1,0,0.8525343118988722
CI-0025,2025-06-01,626.0,56277.4,,0.0,0.0,,Escolar,400,19,365,12.473894057338143,609,20,626.0,-261.0,-12.857142857142856,1.715068493150685,0.0,1,0,580.0,877.8333333333334,469.9359176171435,0.5353361506935372,-343.3333333333333,589.0,0.41579646857793806,19.210526315789473,0.0,0.0,0.6666666666666666,2025-06,1,0,0.899661153197638
CI-0025,2025-07-01,602.0,54119.8,,0.0,0.0,,Escolar,400,19,365,12.370551685181699,609,20,602.0,-237.0,-11.67487684729064,1.6493150684931508,0.0,1,0,600.6666666666666,885.1666666666666,464.7104116185333,0.5249976406912445,20.666666666666668,626.0,0.41235172283939,19.210526315789473,0.0,0.0,0.6666666666666666,2025-07,1,0,0.8718090068342803
CI-0025,2025-08-01,643.0,57805.7,,0.0,0.0,,Escolar,400,19,365,14.323086984957488,609,20,643.0,-278.0,-13.694581280788178,1.7616438356164383,0.0,1,0,605.6666666666666,764.5,419.1098901242967,0.5482143755713496,5.0,602.0,0.4774362328319163,19.210526315789473,0.0,0.0,0.6666666666666666,2025-08,1,0,0.9202230239156112
CI-0025,2025-09-01,702.0,63109.8,,0.0,0.0,223.0,Escolar,400,19,365,18.194405981722515,609,20,702.0,-337.0,-16.600985221674875,1.9232876712328768,0.0,1,0,623.6666666666666,601.8333333333334,28.617593656121112,0.04755069563465153,18.0,643.0,0.6064801993907505,19.210526315789473,0.0,0.0,0.6666666666666666,2025-09,1,0,0.9097810061716818
CI-0025,2025-10-01,583.0,52411.7,,0.0,0.0,466.0,Escolar,400,19,365,17.524673246198986,609,20,583.0,-218.0,-10.738916256157635,1.5972602739726027,0.0,1,0,649.0,624.8333333333334,43.64134125650648,0.06984477128275243,25.333333333333332,702.0,0.5841557748732995,19.210526315789473,0.0,0.0,0.6666666666666666,2025-10,1,0,0.7827141586147872
CI-0025,2025-11-01,813.0,73088.7,,0.0,0.0,397.0,Escolar,400,19,365,17.543391188251,609,20,813.0,-448.0,-22.06896551724138,2.2273972602739724,0.0,1,0,642.6666666666666,624.1666666666666,44.35951607791563,0.07106998570560581,-6.333333333333333,583.0,0.5847797062750334,19.210526315789473,0.0,0.0,0.6666666666666666,2025-11,1,0,1.0349527352987633
CI-0025,2025-12-01,692.0,62210.8,,0.0,0.0,347.0,Escolar,400,19,365,16.553287981859413,609,20,692.0,-327.0,-16.108374384236452,1.895890410958904,0.0,1,0,699.3333333333334,661.5,84.73193022704115,0.1280905974709617,56.666666666666664,813.0,0.5517762660619804,19.210526315789473,0.0,0.0,0.6666666666666666,2025-12,1,0,0.9109030873375392
CI-0025,2026-01-01,1412.0,126938.8,,0.0,0.0,473.0,Escolar,400,19,365,16.28252788104089,609,20,1412.0,-1047.0,-51.57635467980296,3.868493150684932,0.0,1,0,696.0,672.5,83.47634395444115,0.12412839249731025,-3.3333333333333335,692.0,0.5427509293680297,19.210526315789473,0.0,0.0,0.6666666666666666,2026-01,1,0,1.6993498524819028
CI-0025,2026-02-01,1516.0,136288.4,,0.0,0.0,437.0,Escolar,400,19,365,13.560371517027864,609,20,1516.0,-1151.0,-56.69950738916256,4.153424657534247,0.0,1,0,972.3333333333334,807.5,305.738940928368,0.3786240754530873,276.3333333333333,1412.0,0.4520123839009288,19.210526315789473,0.0,0.0,0.6666666666666666,2026-02,1,0,1.8514968076649951
CI-0025,2026-03-01,575.0,51692.5,,0.0,0.0,204.0,Escolar,400,19,365,11.490031479538299,609,20,575.0,-210.0,-10.344827586206897,1.5753424657534247,0.0,1,0,1206.6666666666667,953.0,403.79995047052694,0.4237145335472476,234.33333333333334,1516.0,0.3830010493179433,19.210526315789473,0.0,0.0,0.6666666666666666,2026-03,1,0,0.8270274996667903
CI-0025,2026-04-01,638.0,57356.2,,0.0,0.0,314.0,Escolar,400,19,365,11.751028438561974,609,20,638.0,-273.0,-13.448275862068966,1.747945205479452,0.0,1,0,1167.6666666666667,931.8333333333334,422.48475317656926,0.45339089949193623,-39.0,575.0,0.3917009479520658,19.210526315789473,0.0,0.0,0.6666666666666666,2026-04,1,0,0.9005200504489045
CI-0025,2026-05-01,616.0,55378.4,,0.0,0.0,334.0,Escolar,400,19,365,11.636556854410202,609,20,616.0,-251.0,-12.364532019704434,1.6876712328767125,0.0,1,0,909.6666666666666,941.0,413.91206795646826,0.4398640467125061,-258.0,638.0,0.38788522848034007,19.210526315789473,0.0,0.0,0.6666666666666666,2026-05,1,0,0.8743814334908943
CI-0025,2026-06-01,654.0,58794.6,,0.0,0.0,246.0,Escolar,400,19,365,12.057258212516059,609,20,654.0,-289.0,-14.236453201970445,1.7917808219178082,0.0,1,0,609.6666666666666,908.1666666666666,433.44868977384937,0.4772787921899608,-300.0,616.0,0.4019086070838686,19.210526315789473,0.0,0.0,0.6666666666666666,2026-06,1,0,0.9216374809289507
CI-0025,2026-07-01,690.0,62031.0,,0.0,0.0,501.0,Escolar,400,19,365,12.141933099242284,609,20,690.0,-325.0,-16.00985221674877,1.8904109589041096,0.0,1,0,636.0,901.8333333333334,437.4976190411403,0.4851202576689783,26.333333333333332,654.0,0.4047311033080761,19.210526315789473,0.0,0.0,0.6666666666666666,2026-07,1,0,0.9622657555453239
CI-0025,2026-08-01,612.0,55018.8,,0.0,0.0,367.0,Escolar,400,19,365,14.01151631477927,609,20,612.0,-247.0,-12.167487684729064,1.6767123287671233,0.0,1,0,653.3333333333334,781.5,361.8683462255301,0.46304330930969945,17.333333333333332,690.0,0.46705054382597566,19.210526315789473,0.0,0.0,0.6666666666666666,2026-08,1,0,0.8734747612366376
CI-0025,2026-10-01,,,627.0,0.0,0.0,,Escolar,400,19,365,17.35799207397622,609,20,627.0,-262.0,-12.9064039408867,1.717808219178082,0.0,1,0,652.0,630.8333333333334,39.4482783739274,0.06253359847914515,-1.3333333333333333,612.0,0.5785997357992073,19.210526315789473,0.0,0.0,0.6666666666666666,2026-10,1,0,0.8298366607764378
CI-0025,2026-11-01,,,743.0,0.0,0.0,,Escolar,400,19,365,17.05607476635514,609,20,743.0,-378.0,-18.620689655172413,2.0356164383561643,0.0,1,0,651.0,642.0,31.780497164145288,0.04950233203137895,-21.0,0.0,0.5685358255451713,19.210526315789473,0.0,0.0,0.6666666666666666,2026-11,1,0,0.955005258480506
CI-0025,2026-12-01,,,719.0,0.0,0.0,,Escolar,400,19,365,17.02954898911353,609,20,719.0,-354.0,-17.438423645320196,1.96986301369863,0.0,1,0,612.0,643.0,36.606010435450735,0.05693003178141638,-78.0,0.0,0.567651632970451,19.210526315789473,0.0,0.0,0.6666666666666666,2026-12,1,0,0.9298180435799978
CI-0026,2024-09-01,640.0,51136.0,,0.0,0.0,,Clássico,300,7,1210,0.0,660,15,640.0,570.0,25.90909090909091,0.5289256198347108,0.0,0,0,,,0.0,0.0,,0.0,0.0,172.85714285714286,0.0,0.0,0.5,2024-09,1,1,0.3115702479338843
CI-0026,2024-10-01,640.0,51136.0,,0.0,0.0,,Clássico,300,7,1210,56.71875,660,15,640.0,570.0,25.90909090909091,0.5289256198347108,0.0,0,0,640.0,640.0,0.0,0.0,,640.0,1.890625,172.85714285714286,0.0,0.0,0.5,2024-10,0,0,0.3115702479338843
CI-0026,2024-11-01,1000.0,79900.0,,0.0,0.0,,Clássico,300,7,1210,56.71875,660,15,1000.0,210.0,9.545454545454543,0.8264462809917356,0.0,0,0,640.0,640.0,0.0,0.0,0.0,640.0,1.890625,172.85714285714286,0.0,0.0,0.5,2024-11,0,0,0.4305785123966942
CI-0026,2024-12-01,663.0,52973.7,,0.0,0.0,,Clássico,300,7,1210,47.76315789473684,660,15,663.0,547.0,24.863636363636363,0.5479338842975207,0.0,0,0,760.0,760.0,207.84609690826528,0.27348170645824377,180.0,1000.0,1.5921052631578947,172.85714285714286,0.0,0.0,0.5,2024-12,0,0,0.3601958096877448
CI-0026,2025-01-01,679.0,54252.1,,0.0,0.0,,Clássico,300,7,1210,49.33741080530071,660,15,679.0,531.0,24.13636363636364,0.5611570247933885,0.0,0,0,767.6666666666666,735.75,176.5,0.2398912674142032,7.666666666666667,663.0,1.6445803601766904,172.85714285714286,0.0,0.0,0.5,2025-01,0,0,0.3604465000294859
CI-0026,2025-02-01,822.0,65677.8,,0.0,0.0,,Clássico,300,7,1210,50.11043622308117,660,15,822.0,388.0,17.636363636363637,0.6793388429752066,0.0,0,0,780.6666666666666,724.4,154.94611966745086,0.21389580296445454,13.0,679.0,1.6703478741027058,172.85714285714286,0.0,0.0,0.5,2025-02,0,0,0.40381990763475084
CI-0026,2025-03-01,819.0,65438.1,,0.0,0.0,,Clássico,300,7,1210,49.00990099009901,660,15,819.0,391.0,17.772727272727273,0.6768595041322314,0.0,0,0,721.3333333333334,740.6666666666666,144.20217289162696,0.1946924026439608,-59.333333333333336,822.0,1.6336633663366338,172.85714285714286,0.0,0.0,0.5,2025-03,0,0,0.3999476620494867
CI-0026,2025-04-01,680.0,54332.0,,0.0,0.0,,Clássico,300,7,1210,47.11226476314082,660,15,680.0,530.0,24.09090909090909,0.5619834710743802,0.0,0,0,773.3333333333334,770.5,137.57434353832113,0.17855203574084508,52.0,819.0,1.5704088254380273,172.85714285714286,0.0,0.0,0.5,2025-04,0,0,0.35157619379087884
CI-0026,2025-05-01,778.0,62162.2,,0.0,0.0,,Clássico,300,7,1210,46.70812781471156,660,15,778.0,432.0,19.63636363636364,0.6429752066115703,0.0,0,0,773.6666666666666,777.1666666666666,130.7874866593386,0.16828756593524163,0.3333333333333333,680.0,1.5569375938237187,172.85714285714286,0.0,0.0,0.5,2025-05,0,0,0.3824332175349144
CI-0026,2025-06-01,900.0,71910.0,,0.0,0.0,,Clássico,300,7,1210,49.04300833145688,660,15,900.0,310.0,14.090909090909092,0.743801652892562,0.0,0,0,759.0,740.1666666666666,74.37584733410894,0.10048526998528567,-14.666666666666666,778.0,1.634766944381896,172.85714285714286,0.0,0.0,0.5,2025-06,0,0,0.41259345165481764
CI-0026,2025-07-01,824.0,65837.6,,0.0,0.0,,Clássico,300,7,1210,46.55835827276614,660,15,824.0,386.0,17.545454545454547,0.6809917355371901,0.0,0,0,786.0,779.6666666666666,87.05094293956081,0.11165148731025329,27.0,900.0,1.5519452757588714,172.85714285714286,0.0,0.0,0.5,2025-07,0,0,0.3891444173114141
CI-0026,2025-08-01,815.0,65118.5,,0.0,0.0,,Clássico,300,7,1210,45.158614969935726,660,15,815.0,395.0,17.954545454545457,0.6735537190082644,0.0,0,0,834.0,803.8333333333334,72.41109491415435,0.09008222464958035,48.0,824.0,1.5052871656645241,172.85714285714286,0.0,0.0,0.5,2025-08,0,0,0.3829338213007429
CI-0026,2025-09-01,885.0,70711.5,,0.0,0.0,715.0,Clássico,300,7,1210,45.22425249169436,660,15,885.0,325.0,14.772727272727272,0.731404958677686,0.0,0,0,846.3333333333334,802.6666666666666,72.1156478627674,0.0898450762409893,12.333333333333334,815.0,1.5074750830564785,172.85714285714286,0.0,0.0,0.5,2025-09,0,0,0.4060387449072228
CI-0026,2025-10-01,785.0,62721.5,,0.0,0.0,1082.0,Clássico,300,7,1210,44.6128635804998,660,15,785.0,425.0,19.318181818181817,0.6487603305785123,0.0,0,0,841.3333333333334,813.6666666666666,79.7362318313743,0.0979961882401159,-5.0,885.0,1.4870954526833267,172.85714285714286,0.0,0.0,0.5,2025-10,0,0,0.37420356046742237
CI-0026,2025-11-01,1149.0,91805.1,,0.0,0.0,1472.0,Clássico,300,7,1210,43.67355123320634,660,15,1149.0,61.0,2.7727272727272725,0.949586776859504,0.0,0,0,828.3333333333334,831.1666666666666,50.80715172755371,0.06112751360844641,-13.0,785.0,1.455785041106878,172.85714285714286,0.0,0.0,0.5,2025-11,0,0,0.4890038377850685
CI-0026,2025-12-01,949.0,75825.1,,0.0,0.0,1541.0,Clássico,300,7,1210,40.649496080627095,660,15,949.0,261.0,11.863636363636363,0.784297520661157,0.0,0,0,939.6666666666666,893.0,132.78403518495736,0.1486943283146219,111.33333333333333,1149.0,1.3549832026875699,172.85714285714286,0.0,0.0,0.5,2025-12,0,0,0.4360231575116561
CI-0026,2026-01-01,929.0,74227.1,,0.0,0.0,806.0,Clássico,300,7,1210,40.28111707046422,660,15,929.0,281.0,12.772727272727272,0.7677685950413223,0.0,0,0,961.0,901.1666666666666,134.79230937507768,0.1495753386814252,21.333333333333332,949.0,1.3427039023488072,172.85714285714286,0.0,0.0,0.5,2026-01,0,0,0.4295437388187427
CI-0026,2026-02-01,856.0,68394.4,,0.0,0.0,1538.0,Clássico,300,7,1210,39.513788098693766,660,15,856.0,354.0,16.09090909090909,0.7074380165289256,0.0,0,0,1009.0,918.6666666666666,129.48153021441573,0.14094506191699827,48.0,929.0,1.3171262699564588,172.85714285714286,0.0,0.0,0.5,2026-02,0,0,0.40411696589912
CI-0026,2026-03-01,937.0,74866.3,,0.0,0.0,863.0,Clássico,300,7,1210,39.22204213938412,660,15,937.0,273.0,12.409090909090908,0.7743801652892562,0.0,0,0,911.3333333333334,925.5,123.87695508043451,0.1338486818805343,-97.66666666666667,856.0,1.3074014046461373,172.85714285714286,0.0,0.0,0.5,2026-03,0,0,0.42982936839778263
CI-0026,2026-04-01,1073.0,85732.7,,0.0,0.0,818.0,Clássico,300,7,1210,38.85816235504014,660,15,1073.0,137.0,6.227272727272728,0.8867768595041322,0.0,0,0,907.3333333333334,934.1666666666666,122.2855946817394,0.1309034019786684,-4.0,937.0,1.295272078501338,172.85714285714286,0.0,0.0,0.5,2026-04,0,0,0.47434625409845316
CI-0026,2026-05-01,990.0,79101.0,,0.0,0.0,792.0,Clássico,300,7,1210,36.95910402172069,660,15,990.0,220.0,10.0,0.8181818181818182,0.0,0,0,955.3333333333334,982.1666666666666,107.67435473067225,0.10962941258850051,48.0,1073.0,1.2319701340573563,172.85714285714286,0.0,0.0,0.5,2026-05,0,0,0.4437171391610024
CI-0026,2026-06-01,1014.0,81018.6,,0.0,0.0,1183.0,Clássico,300,7,1210,37.9839553540286,660,15,1014.0,196.0,8.90909090909091,0.8380165289256198,0.0,0,0,1000.0,955.6666666666666,72.08790929598837,0.0754320641395065,44.666666666666664,990.0,1.2661318451342867,172.85714285714286,0.0,0.0,0.5,2026-06,0,0,0.44652142119117394
CI-0026,2026-07-01,961.0,76783.9,,0.0,0.0,1640.0,Clássico,300,7,1210,37.55819968960166,660,15,961.0,249.0,11.318181818181818,0.7942148760330578,0.0,0,0,1025.6666666666667,966.5,75.68024841396847,0.07830341274078476,25.666666666666668,1014.0,1.2519399896533885,172.85714285714286,0.0,0.0,0.5,2026-07,0,0,0.42943146232434093
CI-0026,2026-08-01,1117.0,89248.3,,0.0,0.0,1412.0,Clássico,300,7,1210,37.352083690619104,660,15,1117.0,93.0,4.227272727272727,0.9231404958677686,0.0,0,0,988.3333333333334,971.8333333333334,73.60819700730784,0.07574158498436752,-37.333333333333336,961.0,1.2450694563539701,172.85714285714286,0.0,0.0,0.5,2026-08,0,0,0.48061743609476254
CI-0026,2026-10-01,,,680.0,0.0,0.0,,Clássico,300,7,1210,35.75180564674983,660,15,680.0,530.0,24.09090909090909,0.5619834710743802,0.0,0,0,1030.6666666666667,1015.3333333333334,68.400779722651,0.06736780668678692,42.333333333333336,1117.0,1.191726854891661,172.85714285714286,0.0,0.0,0.5,2026-10,0,0,0.33489855943277014
CI-0026,2026-11-01,,,805.0,0.0,0.0,,Clássico,300,7,1210,35.208535402521825,660,15,805.0,405.0,18.40909090909091,0.6652892561983471,0.0,0,0,1039.0,1031.0,63.30481814206513,0.06140137550151807,51.5,0.0,1.1736178467507274,172.85714285714286,0.0,0.0,0.5,2026-11,0,0,0.3753259088045666
CI-0026,2026-12-01,,,779.0,0.0,0.0,,Clássico,300,7,1210,35.57079862812346,660,15,779.0,431.0,19.590909090909093,0.643801652892562,0.0,0,0,1117.0,1020.5,67.88470618138712,0.06652102516549448,156.0,0.0,1.1856932876041155,172.85714285714286,0.0,0.0,0.5,2026-12,0,0,0.36749881493184905
CI-0027,2024-09-01,666.0,56543.4,,0.0,0.0,,Clássico,300,10,711,0.0,711,16,666.0,45.0,1.89873417721519,0.9367088607594936,0.0,0,0,,,0.0,0.0,,0.0,0.0,71.1,0.0,0.0,0.5333333333333333,2024-09,1,1,0.48135021097046415
CI-0027,2024-10-01,664.0,56373.6,,0.0,0.0,,Clássico,300,10,711,32.027027027027025,711,16,664.0,47.0,1.9831223628691983,0.9338959212376934,0.0,0,0,666.0,666.0,0.0,0.0,,666.0,1.0675675675675675,71.1,0.0,0.0,0.5333333333333333,2024-10,0,0,0.4802250351617441
CI-0027,2024-11-01,933.0,79211.7,,0.0,0.0,,Clássico,300,10,711,32.07518796992481,711,16,933.0,-222.0,-9.367088607594935,1.3122362869198312,0.0,1,0,665.0,665.0,1.4142135623730951,0.0021266369358993913,-2.0,664.0,1.069172932330827,71.1,0.0,0.0,0.5333333333333333,2024-11,1,0,0.6318801769749841
CI-0027,2024-12-01,631.0,53571.9,,0.0,0.0,,Clássico,300,10,711,28.276623950508174,711,16,631.0,80.0,3.375527426160337,0.8874824191279888,0.0,0,0,754.3333333333334,754.3333333333334,154.73310354715093,0.20512563439746034,133.5,933.0,0.9425541316836058,71.1,0.0,0.0,0.5333333333333333,2024-12,0,0,0.49242847947748125
CI-0027,2025-01-01,803.0,68174.7,,0.0,0.0,,Clássico,300,10,711,29.48168624740843,711,16,803.0,-92.0,-3.8818565400843887,1.1293952180028128,0.0,1,0,742.6666666666666,723.5,140.58567968798718,0.1943133098659118,-11.666666666666666,631.0,0.9827228749136143,71.1,0.0,0.0,0.5333333333333333,2025-01,1,0,0.5875717503476785
CI-0027,2025-02-01,679.0,57647.1,,0.0,0.0,,Clássico,300,10,711,28.847714362997028,711,16,679.0,32.0,1.350210970464135,0.9549929676511956,0.0,0,0,789.0,739.4,126.83572052067981,0.17153870776397054,46.333333333333336,803.0,0.9615904787665676,71.1,0.0,0.0,0.5333333333333333,2025-02,0,0,0.5143946598917405
CI-0027,2025-03-01,777.0,65967.3,,0.0,0.0,,Clássico,300,10,711,29.245886654478973,711,16,777.0,-66.0,-2.7848101265822787,1.0928270042194093,0.0,1,0,704.3333333333334,729.3333333333334,116.09421461324705,0.1591785392320572,-84.66666666666667,679.0,0.9748628884826325,71.1,0.0,0.0,0.5333333333333333,2025-03,1,0,0.567674249239239
CI-0027,2025-04-01,752.0,63844.8,,0.0,0.0,,Clássico,300,10,711,28.522398038778693,711,16,752.0,-41.0,-1.729957805907173,1.057665260196906,0.0,1,0,753.0,747.8333333333334,112.78016965170193,0.1508092306463587,48.666666666666664,777.0,0.9507466012926231,71.1,0.0,0.0,0.5333333333333333,2025-04,1,0,0.552354155342383
CI-0027,2025-05-01,785.0,66646.5,,0.0,0.0,,Clássico,300,10,711,27.97377049180328,711,16,785.0,-74.0,-3.1223628691983123,1.1040787623066104,0.0,1,0,736.0,762.5,105.16225558630818,0.1379177122443386,-17.0,752.0,0.9324590163934426,71.1,0.0,0.0,0.5333333333333333,2025-05,1,0,0.5689858284259616
CI-0027,2025-06-01,668.0,56713.2,,0.0,0.0,,Clássico,300,10,711,28.90896769821549,711,16,668.0,43.0,1.8143459915611813,0.939521800281294,0.0,0,0,771.3333333333334,737.8333333333334,67.94237754646701,0.09208363796674995,35.333333333333336,785.0,0.9636322566071831,71.1,0.0,0.0,0.5333333333333333,2025-06,0,0,0.4962879324741968
CI-0027,2025-07-01,732.0,62146.8,,0.0,0.0,,Clássico,300,10,711,28.66935483870968,711,16,732.0,-21.0,-0.8860759493670887,1.029535864978903,0.0,1,0,735.0,744.0,57.1244255988627,0.07678014193395524,-36.333333333333336,668.0,0.9556451612903226,71.1,0.0,0.0,0.5333333333333333,2025-07,1,0,0.5299980339483211
CI-0027,2025-08-01,815.0,69193.5,,0.0,0.0,,Clássico,300,10,711,29.13271113134532,711,16,815.0,-104.0,-4.388185654008439,1.1462728551336143,0.0,1,0,728.3333333333334,732.1666666666666,49.27237224517069,0.06729666138652952,-6.666666666666667,732.0,0.9710903710448441,71.1,0.0,0.0,0.5333333333333333,2025-08,1,0,0.5752703079280919
CI-0027,2025-09-01,719.0,61043.1,,0.0,0.0,724.0,Clássico,300,10,711,28.25789357474056,711,16,719.0,-8.0,-0.3375527426160337,1.0112517580872011,0.0,1,0,738.3333333333334,754.8333333333334,51.168023869079256,0.06778718110277666,10.0,815.0,0.9419297858246853,71.1,0.0,0.0,0.5333333333333333,2025-09,1,0,0.5213354470669636
CI-0027,2025-10-01,715.0,60703.5,,0.0,0.0,1030.0,Clássico,300,10,711,28.624468798926415,711,16,715.0,-4.0,-0.1687763713080168,1.0056258790436006,0.0,1,0,755.3333333333334,745.1666666666666,51.61944078219626,0.06927234280768901,17.0,719.0,0.9541489599642139,71.1,0.0,0.0,0.5333333333333333,2025-10,1,0,0.5193078697052603
CI-0027,2025-11-01,1049.0,89060.1,,0.0,0.0,460.0,Clássico,300,10,711,28.863328822733425,711,16,1049.0,-338.0,-14.261603375527429,1.4753867791842474,0.0,1,0,749.6666666666666,739.0,52.83559406309349,0.07149606774437549,-5.666666666666667,715.0,0.9621109607577808,71.1,0.0,0.0,0.5333333333333333,2025-11,1,0,0.7075457885020221
CI-0027,2025-12-01,727.0,61722.3,,0.0,0.0,920.0,Clássico,300,10,711,27.24137931034483,711,16,727.0,-16.0,-0.6751054852320675,1.0225035161744025,0.0,1,0,827.6666666666666,783.0,138.79913544399332,0.17726581793613452,78.0,1049.0,0.9080459770114943,71.1,0.0,0.0,0.5333333333333333,2025-12,1,0,0.5422579458268478
CI-0027,2026-01-01,709.0,60194.1,,0.0,0.0,944.0,Clássico,300,10,711,26.903510615934408,711,16,709.0,2.0,0.0843881856540084,0.9971870604781996,0.0,0,0,830.3333333333334,792.8333333333334,130.88684680542454,0.1650874670659128,2.6666666666666665,727.0,0.8967836871978137,71.1,0.0,0.0,0.5333333333333333,2026-01,0,0,0.5303046109178334
CI-0027,2026-02-01,800.0,67920.0,,0.0,0.0,901.0,Clássico,300,10,711,27.03422053231939,711,16,800.0,-89.0,-3.755274261603376,1.1251758087201125,0.0,1,0,828.3333333333334,789.0,133.33866656000427,0.16899704253485967,-2.0,709.0,0.9011406844106464,71.1,0.0,0.0,0.5333333333333333,2026-02,1,0,0.5820865465349406
CI-0027,2026-03-01,763.0,64778.7,,0.0,0.0,862.0,Clássico,300,10,711,27.12015257469803,711,16,763.0,-52.0,-2.1940928270042197,1.0731364275668074,0.0,1,0,745.3333333333334,786.5,132.89356643570073,0.1689682980746354,-83.0,800.0,0.9040050858232677,71.1,0.0,0.0,0.5333333333333333,2026-03,1,0,0.5612664824045849
CI-0027,2026-04-01,831.0,70551.9,,0.0,0.0,826.0,Clássico,300,10,711,26.869619987402896,711,16,831.0,-120.0,-5.063291139240506,1.1687763713080168,0.0,1,0,757.3333333333334,793.8333333333334,129.59693926426917,0.16325459491614844,12.0,763.0,0.8956539995800965,71.1,0.0,0.0,0.5333333333333333,2026-04,1,0,0.5986654044272957
CI-0027,2026-05-01,714.0,60618.6,,0.0,0.0,870.0,Clássico,300,10,711,26.2307849969256,711,16,714.0,-3.0,-0.1265822784810126,1.0042194092827004,0.0,1,0,798.0,813.1666666666666,124.01679993721281,0.1525109242925347,40.666666666666664,831.0,0.87435949989752,71.1,0.0,0.0,0.5333333333333333,2026-05,1,0,0.531231069023627
CI-0027,2026-06-01,838.0,71146.2,,0.0,0.0,402.0,Clássico,300,10,711,28.164612676056336,711,16,838.0,-127.0,-5.358649789029536,1.1786216596343178,0.0,1,0,769.3333333333334,757.3333333333334,49.82636517614626,0.06579185542624946,-28.666666666666668,714.0,0.9388204225352113,71.1,0.0,0.0,0.5333333333333333,2026-06,1,0,0.5879841088343312
CI-0027,2026-07-01,691.0,58665.9,,0.0,0.0,1029.0,Clássico,300,10,711,27.493018259935553,711,16,691.0,20.0,0.8438818565400843,0.9718706047819972,0.0,0,0,794.3333333333334,775.8333333333334,56.47447801145818,0.07279202321562815,25.0,838.0,0.9164339419978518,71.1,0.0,0.0,0.5333333333333333,2026-07,0,0,0.5063337120618098
CI-0027,2026-08-01,849.0,72080.1,,0.0,0.0,929.0,Clássico,300,10,711,27.59974121199051,711,16,849.0,-138.0,-5.822784810126582,1.1940928270042197,0.0,1,0,747.6666666666666,772.8333333333334,61.029227970429666,0.07896816213555703,-46.666666666666664,691.0,0.919991373733017,71.1,0.0,0.0,0.5333333333333333,2026-08,1,0,0.5961490217886881
CI-0027,2026-10-01,,,732.0,0.0,0.0,,Clássico,300,10,711,27.311139564660692,711,16,732.0,-21.0,-0.8860759493670887,1.029535864978903,0.0,1,0,792.6666666666666,781.0,68.24368102615804,0.08737987327292963,45.0,849.0,0.910371318822023,71.1,0.0,0.0,0.5333333333333333,2026-10,1,0,0.5315879936491673
CI-0027,2026-11-01,,,867.0,0.0,0.0,,Clássico,300,10,711,27.185827173081822,711,16,867.0,-156.0,-6.582278481012659,1.219409282700422,0.0,1,0,770.0,784.6,75.6591038804981,0.0964301604390748,5.5,0.0,0.9061942391027275,71.1,0.0,0.0,0.5333333333333333,2026-11,1,0,0.6088949038126966
CI-0027,2026-12-01,,,839.0,0.0,0.0,,Clássico,300,10,711,27.59379042690815,711,16,839.0,-128.0,-5.40084388185654,1.180028129395218,0.0,1,0,849.0,773.0,82.0690765960806,0.10616956868833197,158.0,0.0,0.9197930142302717,71.1,0.0,0.0,0.5333333333333333,2026-12,1,0,0.5946033537280037
CI-0028,2024-09-01,803.0,72189.7,,0.0,0.0,,Clássico,300,13,762,0.0,762,14,803.0,-41.0,-1.6141732283464567,1.0538057742782152,0.0,1,0,,,0.0,0.0,,0.0,0.0,58.61538461538461,0.0,0.0,0.4666666666666667,2024-09,1,1,0.5148556430446195
CI-0028,2024-10-01,707.0,63559.3,,0.0,0.0,,Clássico,300,13,762,28.468244084682443,762,14,707.0,55.0,2.1653543307086616,0.9278215223097112,0.0,0,0,803.0,803.0,0.0,0.0,,803.0,0.9489414694894147,58.61538461538461,0.0,0.0,0.4666666666666667,2024-10,0,0,0.4644619422572178
CI-0028,2024-11-01,1112.0,99968.8,,0.0,0.0,,Clássico,300,13,762,30.278145695364238,762,14,1112.0,-350.0,-13.779527559055117,1.4593175853018372,0.0,1,0,755.0,755.0,67.88225099390856,0.08991026621709743,-96.0,707.0,1.0092715231788079,58.61538461538461,0.0,0.0,0.4666666666666667,2024-11,1,0,0.6905469073866329
CI-0028,2024-12-01,729.0,65537.1,,0.0,0.0,,Clássico,300,13,762,26.155606407322654,762,14,729.0,33.0,1.2992125984251968,0.9566929133858268,0.0,0,0,874.0,874.0,211.629393043594,0.24213889364255609,154.5,1112.0,0.8718535469107551,58.61538461538461,0.0,0.0,0.4666666666666667,2024-12,0,0,0.5123313327340475
CI-0028,2025-01-01,850.0,76415.0,,0.0,0.0,,Clássico,300,13,762,27.28737690241719,762,14,850.0,-88.0,-3.4645669291338583,1.115485564304462,0.0,1,0,849.3333333333334,837.75,187.3879665293372,0.2236800555408382,-24.666666666666668,729.0,0.909579230080573,58.61538461538461,0.0,0.0,0.4666666666666667,2025-01,1,0,0.5730795673862439
CI-0028,2025-02-01,785.0,70571.5,,0.0,0.0,,Clássico,300,13,762,27.207807664841706,762,14,785.0,-23.0,-0.905511811023622,1.0301837270341208,0.0,1,0,897.0,840.2,162.3751828328455,0.1932577753306897,47.666666666666664,850.0,0.9069269221613901,58.61538461538461,0.0,0.0,0.4666666666666667,2025-02,1,0,0.5343954904465852
CI-0028,2025-03-01,743.0,66795.7,,0.0,0.0,,Clássico,300,13,762,27.509025270758123,762,14,743.0,19.0,0.7480314960629921,0.9750656167979004,0.0,0,0,788.0,831.0,146.9707453883255,0.17686010275370095,-109.0,785.0,0.9169675090252708,58.61538461538461,0.0,0.0,0.4666666666666667,2025-03,0,0,0.5098885954655487
CI-0028,2025-04-01,700.0,62930.0,,0.0,0.0,,Clássico,300,13,762,27.84409257003654,762,14,700.0,62.0,2.440944881889764,0.9186351706036744,0.0,0,0,792.6666666666666,821.0,151.23623904342503,0.18420979177031063,4.666666666666667,743.0,0.928136419001218,58.61538461538461,0.0,0.0,0.4666666666666667,2025-04,0,0,0.4884188703403497
CI-0028,2025-05-01,838.0,75336.2,,0.0,0.0,,Clássico,300,13,762,27.88371620248018,762,14,838.0,-76.0,-2.9921259842519685,1.099737532808399,0.0,1,0,742.6666666666666,819.8333333333334,152.31469616116058,0.18578739112969372,-50.0,700.0,0.9294572067493393,58.61538461538461,0.0,0.0,0.4666666666666667,2025-05,1,0,0.561096455126147
CI-0028,2025-06-01,861.0,77403.9,,0.0,0.0,,Clássico,300,13,762,29.52852529601722,762,14,861.0,-99.0,-3.8976377952755903,1.1299212598425197,0.0,1,0,760.3333333333334,774.1666666666666,60.75332638355412,0.07847577143193213,17.666666666666668,838.0,0.9842841765339074,58.61538461538461,0.0,0.0,0.4666666666666667,2025-06,1,0,0.5570732029851311
CI-0028,2025-07-01,822.0,73897.8,,0.0,0.0,,Clássico,300,13,762,28.7125811178564,762,14,822.0,-60.0,-2.3622047244094486,1.078740157480315,0.0,1,0,799.6666666666666,796.1666666666666,64.88579711051302,0.08149775647123261,39.333333333333336,861.0,0.9570860372618799,58.61538461538461,0.0,0.0,0.4666666666666667,2025-07,1,0,0.5370540597961443
CI-0028,2025-08-01,749.0,67335.1,,0.0,0.0,,Clássico,300,13,762,28.88186986734049,762,14,749.0,13.0,0.5118110236220472,0.9829396325459318,0.0,0,0,840.3333333333334,791.5,61.13836765894223,0.07724367360573876,40.666666666666664,822.0,0.9627289955780164,58.61538461538461,0.0,0.0,0.4666666666666667,2025-08,0,0,0.49809573739256685
CI-0028,2025-09-01,785.0,70571.5,,0.0,0.0,679.0,Clássico,300,13,762,29.10248249522597,762,14,785.0,-23.0,-0.905511811023622,1.0301837270341208,0.0,1,0,810.6666666666666,785.5,63.61996541966988,0.08099295406705269,-29.666666666666668,749.0,0.9700827498408657,58.61538461538461,0.0,0.0,0.4666666666666667,2025-09,1,0,0.5175557672570396
CI-0028,2025-10-01,852.0,76594.8,,0.0,0.0,787.0,Clássico,300,13,762,28.845425867507885,762,14,852.0,-90.0,-3.543307086614173,1.1181102362204725,0.0,1,0,785.3333333333334,792.5,60.2287306856121,0.07599839834146638,-25.333333333333332,785.0,0.9615141955835962,58.61538461538461,0.0,0.0,0.4666666666666667,2025-10,1,0,0.5519771875727424
CI-0028,2025-11-01,1180.0,106082.0,,0.0,0.0,655.0,Clássico,300,13,762,27.95190544120644,762,14,1180.0,-418.0,-16.456692913385826,1.5485564304461945,0.0,1,0,795.3333333333334,817.8333333333334,43.0600356092127,0.052651357989662965,10.0,852.0,0.9317301813735479,58.61538461538461,0.0,0.0,0.4666666666666667,2025-11,1,0,0.7206536092102607
CI-0028,2025-12-01,852.0,76594.8,,0.0,0.0,468.0,Clássico,300,13,762,26.130691560297198,762,14,852.0,-90.0,-3.543307086614173,1.1181102362204725,0.0,1,0,939.0,874.8333333333334,155.26418346375533,0.17747858654649112,143.66666666666666,1180.0,0.8710230520099066,58.61538461538461,0.0,0.0,0.4666666666666667,2025-12,1,0,0.5671992158034961
CI-0028,2026-01-01,754.0,67784.59999999999,,0.0,0.0,674.0,Clássico,300,13,762,26.17557251908397,762,14,754.0,8.0,0.3149606299212598,0.989501312335958,0.0,0,0,961.3333333333334,873.3333333333334,155.46789593567757,0.17801667473550867,22.333333333333332,852.0,0.8725190839694656,58.61538461538461,0.0,0.0,0.4666666666666667,2026-01,0,0,0.5158363594780428
CI-0028,2026-02-01,838.0,75336.2,,0.0,0.0,964.0,Clássico,300,13,762,26.519721577726216,762,14,838.0,-76.0,-2.9921259842519685,1.099737532808399,0.0,1,0,928.6666666666666,862.0,162.28739938762962,0.18826844476523158,-32.666666666666664,754.0,0.8839907192575406,58.61538461538461,0.0,0.0,0.4666666666666667,2026-02,1,0,0.5614686131714777
CI-0028,2026-03-01,783.0,70391.7,,0.0,0.0,459.0,Clássico,300,13,762,26.071089146550086,762,14,783.0,-21.0,-0.8267716535433071,1.0275590551181102,0.0,1,0,814.6666666666666,876.8333333333334,153.7353787085675,0.17533021711678484,-114.0,838.0,0.8690363048850028,58.61538461538461,0.0,0.0,0.4666666666666667,2026-03,1,0,0.5306564879480952
CI-0028,2026-04-01,803.0,72189.7,,0.0,0.0,644.0,Clássico,300,13,762,26.081003993154592,762,14,803.0,-41.0,-1.6141732283464567,1.0538057742782152,0.0,1,0,791.6666666666666,876.5,153.97629687714928,0.17567175912966262,-23.0,783.0,0.8693667997718197,58.61538461538461,0.0,0.0,0.4666666666666667,2026-04,1,0,0.5412064069140688
CI-0028,2026-05-01,838.0,75336.2,,0.0,0.0,749.0,Clássico,300,13,762,26.32629558541267,762,14,838.0,-76.0,-2.9921259842519685,1.099737532808399,0.0,1,0,808.0,868.3333333333334,156.80901334638477,0.1805861957923817,16.333333333333332,803.0,0.8775431861804223,58.61538461538461,0.0,0.0,0.4666666666666667,2026-05,1,0,0.5603162758255502
CI-0028,2026-06-01,841.0,75605.9,,0.0,0.0,679.0,Clássico,300,13,762,28.175842235004108,762,14,841.0,-79.0,-3.110236220472441,1.1036745406824149,0.0,1,0,808.0,811.3333333333334,38.04032947631589,0.04688619080893495,0.0,838.0,0.9391947411668036,58.61538461538461,0.0,0.0,0.4666666666666667,2026-06,1,0,0.5418360782276396
CI-0028,2026-07-01,832.0,74796.8,,0.0,0.0,959.0,Clássico,300,13,762,28.23965410747375,762,14,832.0,-70.0,-2.755905511811024,1.0918635170603674,0.0,1,0,827.3333333333334,809.5,35.892896233098824,0.044339587687583476,19.333333333333332,841.0,0.9413218035824583,58.61538461538461,0.0,0.0,0.4666666666666667,2026-07,1,0,0.5367296783106179
CI-0028,2026-08-01,761.0,68413.9,,0.0,0.0,479.0,Clássico,300,13,762,27.793313069908812,762,14,761.0,1.0,0.0393700787401574,0.9986876640419948,0.0,0,0,837.0,822.5,23.889328161335968,0.02904477588004373,9.666666666666666,832.0,0.9264437689969605,58.61538461538461,0.0,0.0,0.4666666666666667,2026-08,0,0,0.49716511533213786
CI-0028,2026-10-01,,,785.0,0.0,0.0,,Clássico,300,13,762,28.233841086867024,762,14,785.0,-23.0,-0.905511811023622,1.0301837270341208,0.0,1,0,811.3333333333334,809.6666666666666,32.885660502210776,0.04061629539177947,-25.666666666666668,761.0,0.9411280362289008,58.61538461538461,0.0,0.0,0.4666666666666667,2026-10,1,0,0.5114992684557486
CI-0028,2026-11-01,,,930.0,0.0,0.0,,Clássico,300,13,762,28.049079754601227,762,14,930.0,-168.0,-6.6141732283464565,1.220472440944882,0.0,1,0,796.5,815.0,33.74166563760596,0.04140081673325885,-40.0,0.0,0.9349693251533743,58.61538461538461,0.0,0.0,0.4666666666666667,2026-11,1,0,0.587732432221275
CI-0028,2026-12-01,,,899.0,0.0,0.0,,Clássico,300,13,762,27.946210268948654,762,14,899.0,-137.0,-5.393700787401575,1.1797900262467191,0.0,1,0,761.0,818.0,38.183766184073555,0.046679420762926103,-71.0,0.0,0.9315403422982885,58.61538461538461,0.0,0.0,0.4666666666666667,2026-12,1,0,0.57225125694646
CI-0029,2024-09-01,727.0,76262.3,,0.0,0.0,,Planner,200,16,1490,0.0,813,22,727.0,763.0,28.154981549815496,0.4879194630872483,0.0,0,0,,,0.0,0.0,,0.0,0.0,93.125,0.0,0.0,0.7333333333333333,2024-09,1,1,0.341834451901566
CI-0029,2024-10-01,787.0,82556.3,,0.0,0.0,,Planner,200,16,1490,61.485557083906464,813,22,787.0,703.0,25.940959409594093,0.5281879194630873,0.0,0,0,727.0,727.0,0.0,0.0,,727.0,2.0495185694635487,93.125,0.0,0.0,0.7333333333333333,2024-10,0,0,0.3579418344519016
CI-0029,2024-11-01,1378.0,144552.2,,0.0,0.0,,Planner,200,16,1490,59.04887714663144,813,22,1378.0,112.0,4.132841328413284,0.9248322147651008,0.0,0,0,757.0,757.0,42.42640687119285,0.0560454516132006,60.0,787.0,1.9682959048877147,93.125,0.0,0.0,0.7333333333333333,2024-11,0,0,0.525006370314687
CI-0029,2024-12-01,1308.0,137209.2,,0.0,0.0,,Planner,200,16,1490,46.36929460580913,813,22,1308.0,182.0,6.715867158671586,0.8778523489932886,0.0,0,0,964.0,964.0,359.7874372459383,0.37322348262026794,325.5,1378.0,1.545643153526971,93.125,0.0,0.0,0.7333333333333333,2024-12,0,0,0.5537911286570223
CI-0029,2025-01-01,1416.0,148538.4,,0.0,0.0,,Planner,200,16,1490,42.57142857142858,813,22,1416.0,74.0,2.7306273062730626,0.9503355704697988,0.0,0,0,1157.6666666666667,1050.0,340.414453277178,0.32420424121636,193.66666666666666,1308.0,1.4190476190476191,93.125,0.0,0.0,0.7333333333333333,2025-01,0,0,0.5754315310370401
CI-0029,2025-02-01,768.0,80563.2,,0.0,0.0,,Planner,200,16,1490,39.797008547008545,813,22,768.0,722.0,26.642066420664207,0.5154362416107383,0.0,0,0,1367.3333333333333,1123.2,337.1983096043039,0.30021217023175206,209.66666666666666,1416.0,1.3265669515669516,93.125,0.0,0.0,0.7333333333333333,2025-02,0,0,0.3978729888457248
CI-0029,2025-03-01,887.0,93046.3,,0.0,0.0,,Planner,200,16,1490,42.01127819548872,813,22,887.0,603.0,22.25092250922509,0.5953020134228187,0.0,0,0,1164.0,1064.0,334.64906992250855,0.3145198025587486,-203.33333333333334,768.0,1.400375939849624,93.125,0.0,0.0,0.7333333333333333,2025-03,0,0,0.43196544241960644
CI-0029,2025-04-01,741.0,77730.90000000001,,0.0,0.0,,Planner,200,16,1490,40.984107579462105,813,22,741.0,749.0,27.63837638376384,0.4973154362416107,0.0,0,0,1023.6666666666666,1090.6666666666667,307.7152363251886,0.2821349966306741,-140.33333333333334,887.0,1.3661369193154034,93.125,0.0,0.0,0.7333333333333333,2025-04,0,0,0.3879130906579121
CI-0029,2025-05-01,806.0,84549.40000000001,,0.0,0.0,,Planner,200,16,1490,41.27423822714681,813,22,806.0,684.0,25.239852398523983,0.5409395973154363,0.0,0,0,798.6666666666666,1083.0,317.22042809377837,0.2929089825427316,-225.0,741.0,1.3758079409048938,93.125,0.0,0.0,0.7333333333333333,2025-05,0,0,0.4069788529742509
CI-0029,2025-06-01,817.0,85703.3,,0.0,0.0,,Planner,200,16,1490,45.258184272696596,813,22,817.0,673.0,24.8339483394834,0.5483221476510067,0.0,0,0,811.3333333333334,987.6666666666666,296.0801693235578,0.2997774242222995,12.666666666666666,806.0,1.5086061424232198,93.125,0.0,0.0,0.7333333333333333,2025-06,0,0,0.4109621393604143
CI-0029,2025-07-01,773.0,81087.7,,0.0,0.0,,Planner,200,16,1490,49.346826126954916,813,22,773.0,717.0,26.45756457564576,0.5187919463087248,0.0,0,0,788.0,905.8333333333334,254.8139844409381,0.2813033866873282,-23.333333333333332,817.0,1.6448942042318306,93.125,0.0,0.0,0.7333333333333333,2025-07,0,0,0.39637895319325583
CI-0029,2025-08-01,849.0,89060.1,,0.0,0.0,,Planner,200,16,1490,55.968280467445744,813,22,849.0,641.0,23.653136531365316,0.5697986577181208,0.0,0,0,798.6666666666666,798.6666666666666,51.21978784285074,0.06413162083829392,10.666666666666666,773.0,1.8656093489148582,93.125,0.0,0.0,0.7333333333333333,2025-08,0,0,0.38420587287965907
CI-0029,2025-09-01,758.0,79514.2,,0.0,0.0,1653.0,Planner,200,16,1490,55.0379642930433,813,22,758.0,732.0,27.01107011070111,0.508724832214765,0.0,0,0,813.0,812.1666666666666,52.185885703575465,0.06425514348890884,14.333333333333334,849.0,1.83459880976811,93.125,0.0,0.0,0.7333333333333333,2025-09,0,0,0.3597948710759091
CI-0029,2025-10-01,880.0,92312.0,,0.0,0.0,1169.0,Planner,200,16,1490,56.5345699831366,813,22,880.0,610.0,22.50922509225092,0.5906040268456376,0.0,0,0,793.3333333333334,790.6666666666666,40.440903385886905,0.05114785419800199,-19.666666666666668,758.0,1.8844856661045533,93.125,0.0,0.0,0.7333333333333333,2025-10,0,0,0.390580455534622
CI-0029,2025-11-01,1350.0,141615.0,,0.0,0.0,2148.0,Planner,200,16,1490,54.925250870366575,813,22,1350.0,140.0,5.166051660516605,0.906040268456376,0.0,0,0,829.0,813.8333333333334,45.76206580418593,0.0562302672179225,35.666666666666664,880.0,1.8308416956788858,93.125,0.0,0.0,0.7333333333333333,2025-11,0,0,0.5175173141319055
CI-0029,2025-12-01,1477.0,154937.3,,0.0,0.0,2015.0,Planner,200,16,1490,49.4195688225539,813,22,1477.0,13.0,0.4797047970479704,0.991275167785235,0.0,0,0,996.0,904.5,222.96255290967585,0.24650365164143268,167.0,1350.0,1.6473189607517966,93.125,0.0,0.0,0.7333333333333333,2025-12,0,0,0.5801522815269756
CI-0029,2026-01-01,1261.0,132278.9,,0.0,0.0,1243.0,Planner,200,16,1490,44.06111384918679,813,22,1261.0,229.0,8.450184501845019,0.8463087248322148,0.0,0,0,1235.6666666666667,1014.5,314.9798406247613,0.3104779109164725,239.66666666666666,1477.0,1.468703794972893,93.125,0.0,0.0,0.7333333333333333,2026-01,0,0,0.5317618432370235
CI-0029,2026-02-01,843.0,88430.7,,0.0,0.0,1062.0,Planner,200,16,1490,40.79087452471483,813,22,843.0,647.0,23.87453874538745,0.565771812080537,0.0,0,0,1362.6666666666667,1095.8333333333333,302.92270741340394,0.2764313679818135,127.0,1261.0,1.3596958174904943,93.125,0.0,0.0,0.7333333333333333,2026-02,0,0,0.4144400966961535
CI-0029,2026-03-01,852.0,89374.8,,0.0,0.0,1351.0,Planner,200,16,1490,40.82813213578932,813,22,852.0,638.0,23.542435424354245,0.5718120805369128,0.0,0,0,1193.6666666666667,1094.8333333333333,303.90881307830927,0.2775845453600024,-169.0,843.0,1.360937737859644,93.125,0.0,0.0,0.7333333333333333,2026-03,0,0,0.41702918068543215
CI-0029,2026-04-01,807.0,84654.3,,0.0,0.0,2142.0,Planner,200,16,1490,40.25213867627195,813,22,807.0,683.0,25.202952029520294,0.5416107382550336,0.0,0,0,985.3333333333334,1110.5,284.9005089500545,0.2565515614138266,-208.33333333333334,852.0,1.3417379558757316,93.125,0.0,0.0,0.7333333333333333,2026-04,0,0,0.4017936961807541
CI-0029,2026-05-01,816.0,85598.4,,0.0,0.0,1406.0,Planner,200,16,1490,40.698027314112295,813,22,816.0,674.0,24.870848708487085,0.5476510067114094,0.0,0,0,834.0,1098.3333333333333,297.97158701236384,0.2712943129095877,-151.33333333333334,807.0,1.3566009104704098,93.125,0.0,0.0,0.7333333333333333,2026-05,0,0,0.4064212162876686
CI-0029,2026-06-01,889.0,93256.1,,0.0,0.0,1454.0,Planner,200,16,1490,44.28665785997357,813,22,889.0,601.0,22.177121771217717,0.5966442953020135,0.0,0,0,825.0,1009.3333333333334,287.3274554696551,0.28467053051815233,-9.0,816.0,1.4762219286657858,93.125,0.0,0.0,0.7333333333333333,2026-06,0,0,0.4280249643651949
CI-0029,2026-07-01,906.0,95039.4,,0.0,0.0,1653.0,Planner,200,16,1490,49.049012435991216,813,22,906.0,584.0,21.549815498154985,0.6080536912751678,0.0,0,0,837.3333333333334,911.3333333333334,173.74080311391026,0.19064462667949186,12.333333333333334,889.0,1.6349670811997072,93.125,0.0,0.0,0.7333333333333333,2026-07,0,0,0.4184848371786576
CI-0029,2026-08-01,864.0,90633.6,,0.0,0.0,1070.0,Planner,200,16,1490,52.45452767455505,813,22,864.0,626.0,23.09963099630996,0.5798657718120805,0.0,0,0,870.3333333333334,852.1666666666666,39.2092676119623,0.046011266511201604,33.0,906.0,1.7484842558185019,93.125,0.0,0.0,0.7333333333333333,2026-08,0,0,0.38551466536817913
CI-0029,2026-10-01,,,837.0,0.0,0.0,,Planner,200,16,1490,52.23996883521621,813,22,837.0,653.0,24.0959409594096,0.561744966442953,0.0,0,0,886.3333333333334,855.6666666666666,39.16460987507062,0.04577087246794385,16.0,864.0,1.741332294507207,93.125,0.0,0.0,0.7333333333333333,2026-10,0,0,0.37823028411403947
CI-0029,2026-11-01,,,1488.0,0.0,0.0,,Planner,200,16,1490,52.19523587108827,813,22,1488.0,2.0,0.07380073800738,0.9986577181208054,0.0,0,0,885.0,856.4,43.74128484623841,0.051075764649974785,-12.5,0.0,1.7398411957029425,93.125,0.0,0.0,0.7333333333333333,2026-11,0,0,0.5537911186124851
CI-0029,2026-12-01,,,1439.0,0.0,0.0,,Planner,200,16,1490,51.45323741007194,813,22,1439.0,51.0,1.881918819188192,0.9657718120805368,0.0,0,0,864.0,868.75,39.169503443364036,0.045087198208188815,-42.0,0.0,1.7151079136690648,93.125,0.0,0.0,0.7333333333333333,2026-12,0,0,0.5397384712301098
CI-0030,2024-09-01,900.0,35910.0,,0.0,0.0,,Refis,500,19,864,0.0,864,12,900.0,-36.0,-1.25,1.0416666666666667,0.0,1,0,,,0.0,0.0,,0.0,0.0,45.473684210526315,0.0,0.0,0.4,2024-09,1,1,0.49666666666666676
CI-0030,2024-10-01,864.0,34473.6,,0.0,0.0,,Refis,500,19,864,28.799999999999997,864,12,864.0,0.0,0.0,1.0,0.0,0,0,900.0,900.0,0.0,0.0,,900.0,0.96,45.473684210526315,0.0,0.0,0.4,2024-10,0,0,0.48000000000000004
CI-0030,2024-11-01,1110.0,44289.0,,0.0,0.0,,Refis,500,19,864,29.387755102040817,864,12,1110.0,-246.0,-8.541666666666666,1.2847222222222223,0.0,1,0,882.0,882.0,25.45584412271571,0.028861501272920306,-36.0,864.0,0.9795918367346939,45.473684210526315,0.0,0.0,0.4,2024-11,1,0,0.598218114079827
CI-0030,2024-12-01,870.0,34713.0,,0.0,0.0,,Refis,500,19,864,27.056367432150314,864,12,870.0,-6.0,-0.2083333333333333,1.0069444444444444,0.0,1,0,958.0,958.0,132.860829441939,0.13868562572227452,105.0,1110.0,0.9018789144050104,45.473684210526315,0.0,0.0,0.4,2024-12,1,0,0.5035806216361189
CI-0030,2025-01-01,900.0,35910.0,,0.0,0.0,,Refis,500,19,864,27.692307692307693,864,12,900.0,-36.0,-1.25,1.0416666666666667,0.0,1,0,948.0,936.0,117.06408501329517,0.12506846689454612,-10.0,870.0,0.9230769230769231,45.473684210526315,0.0,0.0,0.4,2025-01,1,0,0.5154269367008487
CI-0030,2025-02-01,977.0,38982.3,,0.0,0.0,,Refis,500,19,864,27.90697674418605,864,12,977.0,-113.0,-3.923611111111111,1.130787037037037,0.0,1,0,960.0,928.8,102.65086458476615,0.11051988004389121,12.0,900.0,0.930232558139535,45.473684210526315,0.0,0.0,0.4,2025-02,1,0,0.5488927968213986
CI-0030,2025-03-01,959.0,38264.1,,0.0,0.0,,Refis,500,19,864,27.66767479096246,864,12,959.0,-95.0,-3.298611111111111,1.1099537037037035,0.0,1,0,915.6666666666666,936.8333333333334,93.89870428640998,0.10022989249572316,-44.333333333333336,977.0,0.9222558263654154,45.473684210526315,0.0,0.0,0.4,2025-03,1,0,0.5390159653558398
CI-0030,2025-04-01,889.0,35471.1,,0.0,0.0,,Refis,500,19,864,27.380281690140844,864,12,889.0,-25.0,-0.8680555555555556,1.0289351851851851,0.0,1,0,945.3333333333334,946.6666666666666,92.34644912863011,0.0975490659809473,29.666666666666668,959.0,0.9126760563380282,45.473684210526315,0.0,0.0,0.4,2025-04,1,0,0.5062064339712162
CI-0030,2025-05-01,951.0,37944.9,,0.0,0.0,,Refis,500,19,864,27.260297984224366,864,12,951.0,-87.0,-3.020833333333333,1.1006944444444444,0.0,1,0,941.6666666666666,950.8333333333334,88.34798620606283,0.0929163746251318,-3.6666666666666665,889.0,0.9086765994741455,45.473684210526315,0.0,0.0,0.4,2025-05,1,0,0.5342152339715476
CI-0030,2025-06-01,961.0,38343.9,,0.0,0.0,,Refis,500,19,864,28.041831950955643,864,12,961.0,-97.0,-3.368055555555556,1.1122685185185186,0.0,1,0,933.0,924.3333333333334,43.54155103652904,0.047105897262743286,-8.666666666666666,951.0,0.9347277316985214,45.473684210526315,0.0,0.0,0.4,2025-06,1,0,0.531973291996819
CI-0030,2025-07-01,982.0,39181.8,,0.0,0.0,,Refis,500,19,864,27.589143161255986,864,12,982.0,-118.0,-4.097222222222222,1.1365740740740742,0.0,1,0,933.6666666666666,939.5,36.03193028412437,0.03835224085590673,0.6666666666666666,961.0,0.9196381053751995,45.473684210526315,0.0,0.0,0.4,2025-07,1,0,0.5403824657580159
CI-0030,2025-08-01,831.0,33156.9,,0.0,0.0,,Refis,500,19,864,27.19356530862039,864,12,831.0,33.0,1.1458333333333337,0.9618055555555556,0.0,0,0,964.6666666666666,953.1666666666666,33.51666252279105,0.03516348577316774,31.0,982.0,0.9064521769540129,45.473684210526315,0.0,0.0,0.4,2025-08,0,0,0.46999674508819744
CI-0030,2025-09-01,928.0,37027.2,,0.0,0.0,819.0,Refis,500,19,864,27.905975237753456,864,12,928.0,-64.0,-2.2222222222222223,1.0740740740740742,0.0,1,0,924.6666666666666,928.8333333333334,57.30764928582103,0.061698527851233836,-40.0,831.0,0.9301991745917818,45.473684210526315,0.0,0.0,0.4,2025-09,1,0,0.5188844088073147
CI-0030,2025-10-01,1000.0,39900.0,,0.0,0.0,765.0,Refis,500,19,864,28.06207145434861,864,12,1000.0,-136.0,-4.722222222222222,1.1574074074074074,0.0,1,0,913.6666666666666,923.6666666666666,55.409987066111675,0.05998915958077771,-11.0,928.0,0.9354023818116204,45.473684210526315,0.0,0.0,0.4,2025-10,1,0,0.5519613369000798
CI-0030,2025-11-01,1104.0,44049.6,,0.0,0.0,730.0,Refis,500,19,864,27.511056076419603,864,12,1104.0,-240.0,-8.333333333333334,1.2777777777777777,0.0,1,0,919.6666666666666,942.1666666666666,59.871250752482744,0.06354634787102362,6.0,1000.0,0.9170352025473201,45.473684210526315,0.0,0.0,0.4,2025-11,1,0,0.6006430632917646
CI-0030,2025-12-01,906.0,36149.4,,0.0,0.0,782.0,Refis,500,19,864,26.78608336203927,864,12,906.0,-42.0,-1.4583333333333333,1.0486111111111112,0.0,1,0,1010.6666666666666,967.6666666666666,89.59166627910582,0.09258525623056062,91.0,1104.0,0.8928694454013091,45.473684210526315,0.0,0.0,0.4,2025-12,1,0,0.5133322328790286
CI-0030,2026-01-01,988.0,39421.2,,0.0,0.0,819.0,Refis,500,19,864,27.04225352112676,864,12,988.0,-124.0,-4.305555555555555,1.1435185185185186,0.0,1,0,1003.3333333333334,958.5,93.15309978739302,0.09718633258987273,-7.333333333333333,906.0,0.9014084507042254,45.473684210526315,0.0,0.0,0.4,2026-01,1,0,0.5519853572958885
CI-0030,2026-02-01,916.0,36548.4,,0.0,0.0,818.0,Refis,500,19,864,27.014069828035435,864,12,916.0,-52.0,-1.8055555555555556,1.0601851851851851,0.0,1,0,999.3333333333334,959.5,93.4874323104448,0.09743348859869182,-4.0,988.0,0.9004689942678479,45.473684210526315,0.0,0.0,0.4,2026-02,1,0,0.5186890973638779
CI-0030,2026-03-01,843.0,33635.7,,0.0,0.0,1127.0,Refis,500,19,864,26.62102019856214,864,12,843.0,21.0,0.7291666666666666,0.9756944444444444,0.0,0,0,936.6666666666666,973.6666666666666,74.6663690470259,0.0766857607466887,-62.666666666666664,916.0,0.8873673399520713,45.473684210526315,0.0,0.0,0.4,2026-03,0,0,0.4817806418897811
CI-0030,2026-04-01,951.0,37944.9,,0.0,0.0,1012.0,Refis,500,19,864,27.014069828035435,864,12,951.0,-87.0,-3.020833333333333,1.1006944444444444,0.0,1,0,915.6666666666666,959.5,91.27924188992807,0.0951320915997166,-21.0,843.0,0.9004689942678479,45.473684210526315,0.0,0.0,0.4,2026-04,1,0,0.5345475915177353
CI-0030,2026-05-01,912.0,36388.8,,0.0,0.0,1069.0,Refis,500,19,864,27.245970567624386,864,12,912.0,-48.0,-1.6666666666666663,1.0555555555555556,0.0,1,0,903.3333333333334,951.3333333333334,89.096950939225,0.09365481878685178,-12.333333333333334,951.0,0.9081990189208129,45.473684210526315,0.0,0.0,0.4,2026-05,1,0,0.5162704450402501
CI-0030,2026-06-01,860.0,34314.0,,0.0,0.0,913.0,Refis,500,19,864,28.19434372733865,864,12,860.0,4.0,0.1388888888888889,0.9953703703703703,0.0,0,0,902.0,919.3333333333334,48.55375028426395,0.052814086603622856,-1.3333333333333333,912.0,0.939811457577955,45.473684210526315,0.0,0.0,0.4,2026-06,0,0,0.48607026113869156
CI-0030,2026-07-01,1016.0,40538.4,,0.0,0.0,1035.0,Refis,500,19,864,28.43144424131627,864,12,1016.0,-152.0,-5.277777777777778,1.1759259259259258,0.0,1,0,907.6666666666666,911.6666666666666,54.3642039090674,0.05963166790756936,5.666666666666667,860.0,0.9477148080438758,45.473684210526315,0.0,0.0,0.4,2026-07,1,0,0.5593151205565058
CI-0030,2026-08-01,849.0,33875.1,,0.0,0.0,948.0,Refis,500,19,864,28.286649690796654,864,12,849.0,15.0,0.5208333333333334,0.9826388888888888,0.0,0,0,929.3333333333334,916.3333333333334,62.777915437410456,0.06850991135403105,21.666666666666668,1016.0,0.9428883230265551,45.473684210526315,0.0,0.0,0.4,2026-08,0,0,0.4833320422586602
CI-0030,2026-10-01,,,890.0,0.0,0.0,,Refis,500,19,864,28.635610384827842,864,12,890.0,-26.0,-0.9027777777777776,1.0300925925925926,0.0,1,0,908.3333333333334,905.1666666666666,68.54317374229657,0.07572436797160366,-21.0,849.0,0.9545203461609281,45.473684210526315,0.0,0.0,0.4,2026-10,1,0,0.5033956922327776
CI-0030,2026-11-01,,,1054.0,0.0,0.0,,Refis,500,19,864,28.24760244115083,864,12,1054.0,-190.0,-6.597222222222222,1.2199074074074074,0.0,1,0,932.5,917.6,68.65347769778302,0.07481852408215237,-5.5,0.0,0.941586748038361,45.473684210526315,0.0,0.0,0.4,2026-11,1,0,0.5791857415752859
CI-0030,2026-12-01,,,1020.0,0.0,0.0,,Refis,500,19,864,28.50701127302722,864,12,1020.0,-156.0,-5.416666666666667,1.1805555555555556,0.0,1,0,849.0,909.25,76.28619359578322,0.08390013043253584,-167.0,0.0,0.9502337091009073,45.473684210526315,0.0,0.0,0.4,2026-12,1,0,0.5648072417871026
CI-0031,2024-09-01,143.0,2845.7,,0.0,0.0,,Refis,500,7,50,0.0,150,10,143.0,-93.0,-18.6,2.86,0.0,1,0,,,0.0,0.0,,0.0,0.0,7.142857142857143,0.0,0.0,0.3333333333333333,2024-09,1,1,1.2106666666666666
CI-0031,2024-10-01,154.0,3064.6,,0.0,0.0,,Refis,500,7,50,10.489510489510488,150,10,154.0,-104.0,-20.8,3.08,0.0,1,0,143.0,143.0,0.0,0.0,,143.0,0.34965034965034963,7.142857142857143,0.0,0.0,0.3333333333333333,2024-10,1,0,1.2986666666666669
CI-0031,2024-11-01,201.0,3999.9,,0.0,0.0,,Refis,500,7,50,10.101010101010102,150,10,201.0,-151.0,-30.2,4.02,0.0,1,0,148.5,148.5,7.7781745930520225,0.05237828008789241,11.0,154.0,0.3367003367003367,7.142857142857143,0.0,0.0,0.3333333333333333,2024-11,1,0,1.6825234086798504
CI-0031,2024-12-01,149.0,2965.1,,0.0,0.0,,Refis,500,7,50,9.036144578313253,150,10,149.0,-99.0,-19.8,2.98,0.0,1,0,166.0,166.0,30.805843601498726,0.1855773710933658,29.0,201.0,0.30120481927710846,7.142857142857143,0.0,0.0,0.3333333333333333,2024-12,1,0,1.2865032723306715
CI-0031,2025-01-01,143.0,2845.7,,0.0,0.0,,Refis,500,7,50,9.273570324574962,150,10,143.0,-93.0,-18.6,2.86,0.0,1,0,168.0,161.75,26.550266790875504,0.16414384414760744,2.0,149.0,0.3091190108191654,7.142857142857143,0.0,0.0,0.3333333333333333,2025-01,1,0,1.2352882432888077
CI-0031,2025-02-01,126.0,2507.4,,0.0,0.0,,Refis,500,7,50,9.49367088607595,150,10,126.0,-76.0,-15.2,2.52,0.0,1,0,164.33333333333334,158.0,24.474476501040833,0.15490175000658754,-3.6666666666666665,143.0,0.31645569620253167,7.142857142857143,0.0,0.0,0.3333333333333333,2025-02,1,0,1.0979019291676548
CI-0031,2025-03-01,112.0,2228.8,,0.0,0.0,,Refis,500,7,50,9.825327510917031,150,10,112.0,-62.0,-12.4,2.24,0.0,1,0,139.33333333333334,152.66666666666666,25.492482552051822,0.16698132676016478,-25.0,126.0,0.3275109170305677,7.142857142857143,0.0,0.0,0.3333333333333333,2025-03,1,0,0.9877138656806915
CI-0031,2025-04-01,126.0,2507.4,,0.0,0.0,,Refis,500,7,50,10.169491525423728,150,10,126.0,-76.0,-15.2,2.52,0.0,1,0,127.0,147.5,30.494261755287667,0.20674075766296723,-12.333333333333334,112.0,0.3389830508474576,7.142857142857143,0.0,0.0,0.3333333333333333,2025-04,1,0,1.1056777803161117
CI-0031,2025-05-01,107.0,2129.3,,0.0,0.0,,Refis,500,7,50,10.501750291715284,150,10,107.0,-57.0,-11.4,2.14,0.0,1,0,121.33333333333333,142.83333333333334,31.428755410716896,0.22003796086849634,-5.666666666666667,126.0,0.35005834305717615,7.142857142857143,0.0,0.0,0.3333333333333333,2025-05,1,0,0.9556723607969412
CI-0031,2025-06-01,129.0,2567.1,,0.0,0.0,,Refis,500,7,50,11.795543905635649,150,10,129.0,-79.0,-15.8,2.58,0.0,1,0,115.0,127.16666666666667,16.53380375674836,0.1300168054265926,-6.333333333333333,107.0,0.3931847968545216,7.142857142857143,0.0,0.0,0.3333333333333333,2025-06,1,0,1.1181691874806556
CI-0031,2025-07-01,114.0,2268.6,,0.0,0.0,,Refis,500,7,50,12.113055181695827,150,10,114.0,-64.0,-12.8,2.28,0.0,1,0,120.66666666666667,123.83333333333333,12.85949713895011,0.10384519896864153,5.666666666666667,129.0,0.4037685060565276,7.142857142857143,0.0,0.0,0.3333333333333333,2025-07,1,0,0.9942434465119628
CI-0031,2025-08-01,101.0,2009.9,,0.0,0.0,,Refis,500,7,50,12.605042016806722,150,10,101.0,-51.0,-10.2,2.02,0.0,1,0,116.66666666666667,119.0,9.121403400793056,0.07665044874616014,-4.0,114.0,0.42016806722689076,7.142857142857143,0.0,0.0,0.3333333333333333,2025-08,1,0,0.8861642339785907
CI-0031,2025-09-01,114.0,2268.6,,0.0,0.0,58.0,Refis,500,7,50,13.062409288824384,150,10,114.0,-64.0,-12.8,2.28,0.0,1,0,114.66666666666667,114.83333333333333,10.833589740555322,0.09434185550556158,-2.0,101.0,0.4354136429608128,7.142857142857143,0.0,0.0,0.3333333333333333,2025-09,1,0,0.9928179449925008
CI-0031,2025-10-01,109.0,2169.1,,0.0,0.0,51.0,Refis,500,7,50,13.024602026049203,150,10,109.0,-59.0,-11.8,2.18,0.0,1,0,109.66666666666667,115.16666666666667,10.759491933482062,0.09342540029072702,-5.0,114.0,0.4341534008683068,7.142857142857143,0.0,0.0,0.3333333333333333,2025-10,1,0,0.9526804767102758
CI-0031,2025-11-01,122.0,2427.8,,0.0,0.0,33.0,Refis,500,7,50,13.353115727002967,150,10,122.0,-72.0,-14.4,2.44,0.0,1,0,108.0,112.33333333333333,9.500877152487831,0.08457754141680562,-1.6666666666666667,109.0,0.44510385756676557,7.142857142857143,0.0,0.0,0.3333333333333333,2025-11,1,0,1.0553532978791875
CI-0031,2025-12-01,88.0,1751.2,,0.0,0.0,48.0,Refis,500,7,50,13.062409288824384,150,10,88.0,-38.0,-7.6,1.76,0.0,1,0,115.0,114.83333333333333,9.786044485217992,0.08521954558970676,7.0,122.0,0.4354136429608128,7.142857142857143,0.0,0.0,0.3333333333333333,2025-12,1,0,0.7834495985051227
CI-0031,2026-01-01,102.0,2029.8,,0.0,0.0,39.0,Refis,500,7,50,13.88888888888889,150,10,102.0,-52.0,-10.4,2.04,0.0,1,0,106.33333333333333,108.0,11.983321743156122,0.11095668280700112,-8.666666666666666,88.0,0.46296296296296297,7.142857142857143,0.0,0.0,0.3333333333333333,2026-01,1,0,0.8993101690877169
CI-0031,2026-02-01,91.0,1810.9,,0.0,0.0,46.0,Refis,500,7,50,14.150943396226415,150,10,91.0,-41.0,-8.2,1.82,0.0,1,0,104.0,106.0,11.781341180018433,0.11114472811338144,-2.3333333333333335,102.0,0.4716981132075472,7.142857142857143,0.0,0.0,0.3333333333333333,2026-02,1,0,0.811338375883674
CI-0031,2026-03-01,88.0,1751.2,,0.0,0.0,54.0,Refis,500,7,50,14.37699680511182,150,10,88.0,-38.0,-7.6,1.76,0.0,1,0,93.66666666666667,104.33333333333333,13.246383154154373,0.12696213885770966,-10.333333333333334,91.0,0.4792332268370607,7.142857142857143,0.0,0.0,0.3333333333333333,2026-03,1,0,0.7897109874953232
CI-0031,2026-04-01,80.0,1592.0,,0.0,0.0,34.0,Refis,500,7,50,15.0,150,10,80.0,-30.0,-6.0,1.6,0.0,1,0,93.66666666666667,100.0,13.69671493461107,0.1369671493461107,0.0,88.0,0.5,7.142857142857143,0.0,0.0,0.3333333333333333,2026-04,1,0,0.7272117390685834
CI-0031,2026-05-01,73.0,1452.7,,0.0,0.0,34.0,Refis,500,7,50,15.761821366024517,150,10,73.0,-23.0,-4.6,1.46,0.0,1,0,86.33333333333333,95.16666666666667,14.945456388704375,0.15704507588831218,-7.333333333333333,80.0,0.5253940455341506,7.142857142857143,0.0,0.0,0.3333333333333333,2026-05,1,0,0.6742234280499134
CI-0031,2026-06-01,68.0,1353.2,,0.0,0.0,27.0,Refis,500,7,50,17.241379310344826,150,10,68.0,-18.0,-3.6,1.36,0.0,1,0,80.33333333333333,87.0,9.879271228182649,0.11355484170324884,-6.0,73.0,0.5747126436781609,7.142857142857143,0.0,0.0,0.3333333333333333,2026-06,1,0,0.627699892922154
CI-0031,2026-07-01,65.0,1293.5,,0.0,0.0,52.0,Refis,500,7,50,17.92828685258964,150,10,65.0,-15.0,-3.0,1.3,0.0,1,0,73.66666666666667,83.66666666666667,12.500666648889734,0.14941035835326374,-6.666666666666667,68.0,0.597609561752988,7.142857142857143,0.0,0.0,0.3333333333333333,2026-07,1,0,0.6090782204196562
CI-0031,2026-08-01,63.0,1253.7,,0.0,0.0,54.0,Refis,500,7,50,19.35483870967742,150,10,63.0,-13.0,-2.6,1.26,0.0,1,0,68.66666666666667,77.5,10.634848376916205,0.13722385002472523,-5.0,65.0,0.6451612903225806,7.142857142857143,0.0,0.0,0.3333333333333333,2026-08,1,0,0.5912502441703754
CI-0031,2026-10-01,,,154.0,0.0,0.0,,Refis,500,7,50,20.59496567505721,150,10,154.0,-104.0,-20.8,3.08,0.0,1,0,65.33333333333333,72.83333333333333,9.621157241551753,0.13209826876272432,-3.3333333333333335,63.0,0.6864988558352403,7.142857142857143,0.0,0.0,0.3333333333333333,2026-10,1,0,1.3184814069810755
CI-0031,2026-11-01,,,183.0,0.0,0.0,,Refis,500,7,50,21.48997134670487,150,10,183.0,-133.0,-26.6,3.66,0.0,1,0,64.0,69.8,6.833739825307674,0.09790458202446525,-2.5,0.0,0.7163323782234957,7.142857142857143,0.0,0.0,0.3333333333333333,2026-11,1,0,1.5453523539703367
CI-0031,2026-12-01,,,177.0,0.0,0.0,,Refis,500,7,50,22.304832713754646,150,10,177.0,-127.0,-25.4,3.54,0.0,1,0,63.0,67.25,4.349329450232689,0.06467404386963106,-2.0,0.0,0.7434944237918215,7.142857142857143,0.0,0.0,0.3333333333333333,2026-12,1,0,1.4923677732471115
CI-0032,2024-09-01,200.0,3980.0,,0.0,0.0,,Acessórios,300,10,737,0.0,201,13,200.0,537.0,80.14925373134328,0.2713704206241519,0.0,0,0,,,0.0,0.0,,0.0,0.0,73.7,0.0,0.0,0.43333333333333335,2024-09,1,1,0.19521483491632743
CI-0032,2024-10-01,214.0,4258.6,,0.0,0.0,,Acessórios,300,10,737,110.55,201,13,214.0,523.0,78.05970149253731,0.2903663500678426,0.0,0,0,200.0,200.0,0.0,0.0,,200.0,3.685,73.7,0.0,0.0,0.43333333333333335,2024-10,0,1,0.2028132066938037
CI-0032,2024-11-01,301.0,5989.9,,0.0,0.0,,Acessórios,300,10,737,106.81159420289855,201,13,301.0,436.0,65.07462686567163,0.4084124830393487,0.0,0,0,207.0,207.0,9.899494936611665,0.04782364703677133,14.0,214.0,3.5603864734299515,73.7,0.0,0.0,0.43333333333333335,2024-11,0,1,0.25720520693792187
CI-0032,2024-12-01,219.0,4358.1,,0.0,0.0,,Acessórios,300,10,737,92.76923076923076,201,13,219.0,518.0,77.31343283582089,0.2971506105834464,0.0,0,0,238.33333333333334,238.33333333333334,54.720501947015556,0.22959651166579953,50.5,301.0,3.092307692307692,73.7,0.0,0.0,0.43333333333333335,2024-12,0,1,0.23996638764991512
CI-0032,2025-01-01,187.0,3721.3,,0.0,0.0,,Acessórios,300,10,737,94.68950749464668,201,13,187.0,550.0,82.08955223880598,0.2537313432835821,0.0,0,0,244.66666666666666,233.5,45.712872001950025,0.19577247110042836,6.333333333333333,219.0,3.1563169164882225,73.7,0.0,0.0,0.43333333333333335,2025-01,0,1,0.21752507464516374
CI-0032,2025-02-01,192.0,3820.8,,0.0,0.0,,Acessórios,300,10,737,98.61730597680643,201,13,192.0,545.0,81.34328358208955,0.2605156037991858,0.0,0,0,235.66666666666666,224.2,44.71800532224128,0.1994558667361342,-9.0,187.0,3.2872435325602143,73.7,0.0,0.0,0.43333333333333335,2025-02,0,1,0.22079128819676114
CI-0032,2025-03-01,222.0,4417.8,,0.0,0.0,,Acessórios,300,10,737,101.03579588728103,201,13,222.0,515.0,76.86567164179105,0.3012211668928087,0.0,0,0,199.33333333333334,218.83333333333334,42.10186060813306,0.19239235616816325,-36.333333333333336,192.0,3.3678598629093677,73.7,0.0,0.0,0.43333333333333335,2025-03,0,1,0.23601398684901465
CI-0032,2025-04-01,187.0,3721.3,,0.0,0.0,,Acessórios,300,10,737,99.37078651685394,201,13,187.0,550.0,82.08955223880598,0.2537313432835821,0.0,0,0,200.33333333333334,222.5,41.07919181288746,0.18462558118151667,1.0,222.0,3.3123595505617978,73.7,0.0,0.0,0.43333333333333335,2025-04,0,1,0.215853041157327
CI-0032,2025-05-01,178.0,3542.2,,0.0,0.0,,Acessórios,300,10,737,101.42201834862385,201,13,178.0,559.0,83.43283582089552,0.2415196743554952,0.0,0,0,200.33333333333334,218.0,43.59816509900388,0.19999158302295358,0.0,187.0,3.3807339449541285,73.7,0.0,0.0,0.43333333333333335,2025-05,0,1,0.2132732738623078
CI-0032,2025-06-01,222.0,4417.8,,0.0,0.0,,Acessórios,300,10,737,111.94936708860759,201,13,222.0,515.0,76.86567164179105,0.3012211668928087,0.0,0,0,195.66666666666666,197.5,18.4038039546176,0.09318381749173468,-4.666666666666667,178.0,3.731645569620253,73.7,0.0,0.0,0.43333333333333335,2025-06,0,1,0.22113270604755036
CI-0032,2025-07-01,189.0,3761.1,,0.0,0.0,,Acessórios,300,10,737,111.66666666666667,201,13,189.0,548.0,81.7910447761194,0.2564450474898236,0.0,0,0,195.66666666666666,198.0,19.13112646970895,0.0966218508571159,0.0,222.0,3.7222222222222223,73.7,0.0,0.0,0.43333333333333335,2025-07,0,1,0.2037379632911635
CI-0032,2025-08-01,219.0,4358.1,,0.0,0.0,,Acessórios,300,10,737,111.47899159663865,201,13,219.0,518.0,77.31343283582089,0.2971506105834464,0.0,0,0,196.33333333333334,198.33333333333334,18.917364157478843,0.09538166802090173,0.6666666666666666,189.0,3.7159663865546215,73.7,0.0,0.0,0.43333333333333335,2025-08,0,1,0.21983416110318046
CI-0032,2025-09-01,203.0,4039.7,,0.0,0.0,985.0,Acessórios,300,10,737,109.00575184880853,201,13,203.0,534.0,79.70149253731344,0.2754409769335142,0.0,0,0,210.0,202.83333333333334,20.272312810004326,0.09994566709944613,13.666666666666666,219.0,3.633525061626951,73.7,0.0,0.0,0.43333333333333335,2025-09,0,1,0.2118349075049893
CI-0032,2025-10-01,203.0,4039.7,,0.0,0.0,435.0,Acessórios,300,10,737,110.73455759599334,201,13,203.0,534.0,79.70149253731344,0.2754409769335142,0.0,0,0,203.66666666666666,199.66666666666666,18.04069473902447,0.09035406380145812,-6.333333333333333,203.0,3.6911519198664444,73.7,0.0,0.0,0.43333333333333335,2025-10,0,1,0.21039616701029107
CI-0032,2025-11-01,273.0,5432.7,,0.0,0.0,526.0,Acessórios,300,10,737,109.27512355848434,201,13,273.0,464.0,69.25373134328359,0.3704206241519674,0.0,0,0,208.33333333333334,202.33333333333334,16.943041836301575,0.0837382627823801,4.666666666666667,203.0,3.6425041186161446,73.7,0.0,0.0,0.43333333333333335,2025-11,0,1,0.24739565574481068
CI-0032,2025-12-01,227.0,4517.3,,0.0,0.0,501.0,Acessórios,300,10,737,101.34453781512605,201,13,227.0,510.0,76.11940298507463,0.3080054274084124,0.0,0,0,226.33333333333334,218.16666666666666,29.437504423212676,0.13493126549982892,18.0,273.0,3.3781512605042017,73.7,0.0,0.0,0.43333333333333335,2025-12,0,1,0.23010852745500598
CI-0032,2026-01-01,192.0,3820.8,,0.0,0.0,992.0,Acessórios,300,10,737,100.95890410958904,201,13,192.0,545.0,81.34328358208955,0.2605156037991858,0.0,0,0,234.33333333333334,219.0,29.637813684548313,0.13533248257784616,8.0,227.0,3.365296803652968,73.7,0.0,0.0,0.43333333333333335,2026-01,0,1,0.21117278057301792
CI-0032,2026-02-01,188.0,3741.2,,0.0,0.0,693.0,Acessórios,300,10,737,100.72892938496582,201,13,188.0,549.0,81.94029850746269,0.2550881953867028,0.0,0,0,230.66666666666666,219.5,29.049956970708223,0.13234604542463882,-3.6666666666666665,192.0,3.357630979498861,73.7,0.0,0.0,0.43333333333333335,2026-02,0,1,0.20855385163504359
CI-0032,2026-03-01,216.0,4298.400000000001,,0.0,0.0,597.0,Acessórios,300,10,737,103.15707620528771,201,13,216.0,521.0,77.76119402985074,0.2930800542740841,0.0,0,0,202.33333333333334,214.33333333333334,31.784692332421056,0.14829560963804536,-28.333333333333332,188.0,3.4385692068429234,73.7,0.0,0.0,0.43333333333333335,2026-03,0,1,0.22614302982200712
CI-0032,2026-04-01,219.0,4358.1,,0.0,0.0,874.0,Acessórios,300,10,737,102.12471131639724,201,13,219.0,518.0,77.31343283582089,0.2971506105834464,0.0,0,0,198.66666666666666,216.5,31.29696470905764,0.1445587284483032,-3.6666666666666665,216.0,3.404157043879908,73.7,0.0,0.0,0.43333333333333335,2026-04,0,1,0.2272107201672907
CI-0032,2026-05-01,214.0,4258.6,,0.0,0.0,484.0,Acessórios,300,10,737,100.88212927756655,201,13,214.0,523.0,78.05970149253731,0.2903663500678426,0.0,0,0,207.66666666666666,219.16666666666666,30.59030347457616,0.13957552916156424,9.0,219.0,3.3627376425855515,73.7,0.0,0.0,0.43333333333333335,2026-05,0,1,0.22374953606803835
CI-0032,2026-06-01,235.0,4676.5,,0.0,0.0,431.0,Acessórios,300,10,737,105.62101910828025,201,13,235.0,502.0,74.92537313432835,0.3188602442333785,0.0,0,0,216.33333333333334,209.33333333333334,15.667375870472544,0.0748441522474803,8.666666666666666,214.0,3.520700636942675,73.7,0.0,0.0,0.43333333333333335,2026-06,0,1,0.22543738719714013
CI-0032,2026-07-01,228.0,4537.2,,0.0,0.0,499.0,Acessórios,300,10,737,104.95253164556962,201,13,228.0,509.0,75.97014925373135,0.3093622795115332,0.0,0,0,222.66666666666666,210.66666666666666,17.682382946499757,0.08393536208781531,6.333333333333333,235.0,3.4984177215189876,73.7,0.0,0.0,0.43333333333333335,2026-07,0,1,0.22300188278445224
CI-0032,2026-08-01,238.0,4736.2,,0.0,0.0,786.0,Acessórios,300,10,737,102.04615384615384,201,13,238.0,499.0,74.47761194029852,0.3229308005427408,0.0,0,0,225.66666666666666,216.66666666666666,16.120380475245177,0.07440175603959313,3.0,228.0,3.4015384615384616,73.7,0.0,0.0,0.43333333333333335,2026-08,0,1,0.22699925028970197
CI-0032,2026-10-01,,,207.0,638.0,0.0,,Acessórios,300,10,737,98.26666666666667,201,13,207.0,530.0,79.10447761194031,0.2808683853459973,3.082125603864734,0,0,233.66666666666666,225.0,10.158740079360241,0.04514995590826774,8.0,238.0,3.2755555555555556,73.7,2.8355555555555556,0.0,0.43333333333333335,2026-10,0,1,0.9146754030801947
CI-0032,2026-11-01,,,245.0,0.0,0.0,,Acessórios,300,10,737,97.48677248677248,201,13,245.0,492.0,73.43283582089552,0.3324287652645861,0.0,0,0,233.0,226.8,10.23230179382921,0.045115969108594396,1.5,0.0,3.249559082892416,73.7,0.0,0.0,0.43333333333333335,2026-11,0,1,0.22640556813879026
CI-0032,2026-12-01,,,237.0,0.0,0.0,,Acessórios,300,10,737,96.65573770491804,201,13,237.0,500.0,74.62686567164178,0.32157394843962,0.0,0,0,238.0,228.75,10.688779163216024,0.04672690344575311,10.0,0.0,3.221857923497268,73.7,0.0,0.0,0.43333333333333335,2026-12,0,1,0.22230528155937765
CI-0033,2024-09-01,242.0,6025.8,,0.0,0.0,,Acessórios,300,13,50,0.0,252,14,242.0,-192.0,-22.85714285714285,4.84,0.0,1,0,,,0.0,0.0,,0.0,0.0,3.8461538461538463,0.0,0.0,0.4666666666666667,2024-09,1,1,2.029333333333333
CI-0033,2024-10-01,224.0,5577.6,,0.0,0.0,,Acessórios,300,13,50,6.198347107438017,252,14,224.0,-174.0,-20.714285714285715,4.48,0.0,1,0,242.0,242.0,0.0,0.0,,242.0,0.2066115702479339,3.8461538461538463,0.0,0.0,0.4666666666666667,2024-10,1,0,1.8853333333333335
CI-0033,2024-11-01,343.0,8540.7,,0.0,0.0,,Acessórios,300,13,50,6.437768240343348,252,14,343.0,-293.0,-34.88095238095239,6.86,0.0,1,0,233.0,233.0,12.727922061357855,0.054626274941450025,-18.0,224.0,0.2145922746781116,3.8461538461538463,0.0,0.0,0.4666666666666667,2024-11,1,0,2.845527274574551
CI-0033,2024-12-01,249.0,6200.1,,0.0,0.0,,Acessórios,300,13,50,5.562422744128553,252,14,249.0,-199.0,-23.69047619047619,4.98,0.0,1,0,269.6666666666667,269.6666666666667,64.1430692540771,0.23786057819806095,50.5,343.0,0.18541409147095178,3.8461538461538463,0.0,0.0,0.4666666666666667,2024-12,1,0,2.121012420063043
CI-0033,2025-01-01,273.0,6797.7,,0.0,0.0,,Acessórios,300,13,50,5.671077504725898,252,14,273.0,-223.0,-26.547619047619047,5.46,0.0,1,0,272.0,264.5,53.38226921616077,0.20182332406866077,2.3333333333333335,249.0,0.1890359168241966,3.8461538461538463,0.0,0.0,0.4666666666666667,2025-01,1,0,2.3076068319436325
CI-0033,2025-02-01,258.0,6424.2,,0.0,0.0,,Acessórios,300,13,50,5.634861006761833,252,14,258.0,-208.0,-24.76190476190476,5.16,0.0,1,0,288.3333333333333,266.2,46.38642042667228,0.17425402113701083,16.333333333333332,273.0,0.18782870022539444,3.8461538461538463,0.0,0.0,0.4666666666666667,2025-02,1,0,2.183471436503885
CI-0033,2025-03-01,237.0,5901.3,,0.0,0.0,,Acessórios,300,13,50,5.663939584644431,252,14,237.0,-187.0,-22.261904761904763,4.74,0.0,1,0,260.0,264.8333333333333,41.624111602131116,0.15717096891931195,-28.333333333333332,258.0,0.18879798615481436,3.8461538461538463,0.0,0.0,0.4666666666666667,2025-03,1,0,2.01290897867123
CI-0033,2025-04-01,237.0,5901.3,,0.0,0.0,,Acessórios,300,13,50,5.681818181818182,252,14,237.0,-187.0,-22.261904761904763,4.74,0.0,1,0,256.0,264.0,42.218479366268035,0.15991848244798498,-4.0,237.0,0.1893939393939394,3.8461538461538463,0.0,0.0,0.4666666666666667,2025-04,1,0,2.0133211057005314
CI-0033,2025-05-01,284.0,7071.6,,0.0,0.0,,Acessórios,300,13,50,5.635566687539136,252,14,284.0,-234.0,-27.857142857142858,5.68,0.0,1,0,244.0,266.1666666666667,40.03207047688973,0.15040226854185246,-12.0,237.0,0.18785222291797118,3.8461538461538463,0.0,0.0,0.4666666666666667,2025-05,1,0,2.387893673614611
CI-0033,2025-06-01,280.0,6972.0,,0.0,0.0,,Acessórios,300,13,50,5.851755526657998,252,14,280.0,-230.0,-27.38095238095238,5.6,0.0,1,0,252.66666666666666,256.3333333333333,19.221515722405105,0.07498640723955179,8.666666666666666,284.0,0.1950585175552666,3.8461538461538463,0.0,0.0,0.4666666666666667,2025-06,1,0,2.3445812944192657
CI-0033,2025-07-01,266.0,6623.4,,0.0,0.0,,Acessórios,300,13,50,5.736137667304015,252,14,266.0,-216.0,-25.71428571428571,5.32,0.0,1,0,267.0,261.5,20.945166506857834,0.08009623903196113,14.333333333333334,280.0,0.19120458891013384,3.8461538461538463,0.0,0.0,0.4666666666666667,2025-07,1,0,2.2333477691881276
CI-0033,2025-08-01,229.0,5702.1,,0.0,0.0,,Acessórios,300,13,50,5.761843790012804,252,14,229.0,-179.0,-21.30952380952381,4.58,0.0,1,0,276.6666666666667,260.3333333333333,20.363365799068333,0.07822035518208068,9.666666666666666,266.0,0.19206145966709348,3.8461538461538463,0.0,0.0,0.4666666666666667,2025-08,1,0,1.9370663866106455
CI-0033,2025-09-01,277.0,6897.3,,0.0,0.0,50.0,Acessórios,300,13,50,5.870841487279844,252,14,277.0,-227.0,-27.02380952380953,5.54,0.0,1,0,258.3333333333333,255.5,24.12260350791348,0.09441332097030716,-18.333333333333332,229.0,0.19569471624266144,3.8461538461538463,0.0,0.0,0.4666666666666667,2025-09,1,0,2.3234953314788793
CI-0033,2025-10-01,261.0,6498.9,,0.0,0.0,56.0,Acessórios,300,13,50,5.72155117609663,252,14,261.0,-211.0,-25.11904761904762,5.22,0.0,1,0,257.3333333333333,262.1666666666667,23.506736623076073,0.08966333104796975,-1.0,277.0,0.19071837253655435,3.8461538461538463,0.0,0.0,0.4666666666666667,2025-10,1,0,2.194782832990529
CI-0033,2025-11-01,400.0,9960.0,,0.0,0.0,62.0,Acessórios,300,13,50,5.635566687539136,252,14,400.0,-350.0,-41.66666666666666,8.0,0.0,1,0,255.66666666666666,266.1666666666667,20.173414848920984,0.07579241646432429,-1.6666666666666667,261.0,0.18785222291797118,3.8461538461538463,0.0,0.0,0.4666666666666667,2025-11,1,0,3.304702195802982
CI-0033,2025-12-01,249.0,6200.1,,0.0,0.0,46.0,Acessórios,300,13,50,5.253940455341506,252,14,249.0,-199.0,-23.69047619047619,4.98,0.0,1,0,312.6666666666667,285.5,58.96693989007738,0.20653919401077891,57.0,400.0,0.17513134851138354,3.8461538461538463,0.0,0.0,0.4666666666666667,2025-12,1,0,2.1163142124349505
CI-0033,2026-01-01,278.0,6922.2,,0.0,0.0,71.0,Acessórios,300,13,50,5.350772889417361,252,14,278.0,-228.0,-27.142857142857142,5.56,0.0,1,0,303.3333333333333,280.3333333333333,60.87254444054943,0.2171434403348969,-9.333333333333334,249.0,0.17835909631391203,3.8461538461538463,0.0,0.0,0.4666666666666667,2026-01,1,0,2.3499048493835675
CI-0033,2026-02-01,277.0,6897.3,,0.0,0.0,28.0,Acessórios,300,13,50,5.312868949232586,252,14,277.0,-227.0,-27.02380952380953,5.54,0.0,1,0,309.0,282.3333333333333,60.50344342817742,0.2142979106074761,5.666666666666667,278.0,0.1770956316410862,3.8461538461538463,0.0,0.0,0.4666666666666667,2026-02,1,0,2.341478019924455
CI-0033,2026-03-01,254.0,6324.6,,0.0,0.0,59.0,Acessórios,300,13,50,5.1664753157290475,252,14,254.0,-204.0,-24.285714285714285,5.08,0.0,1,0,268.0,290.3333333333333,54.9605919424697,0.18930169440575098,-41.0,277.0,0.17221584385763491,3.8461538461538463,0.0,0.0,0.4666666666666667,2026-03,1,0,2.153728587494196
CI-0033,2026-04-01,300.0,7470.0,,0.0,0.0,34.0,Acessórios,300,13,50,5.2356020942408374,252,14,300.0,-250.0,-29.761904761904763,6.0,0.0,1,0,269.6666666666667,286.5,56.84628395946386,0.19841634889865223,1.6666666666666667,254.0,0.17452006980802792,3.8461538461538463,0.0,0.0,0.4666666666666667,2026-04,1,0,2.5230957856681315
CI-0033,2026-05-01,250.0,6225.0,,0.0,0.0,46.0,Acessórios,300,13,50,5.119453924914676,252,14,250.0,-200.0,-23.809523809523807,5.0,0.0,1,0,277.0,293.0,55.562577334029406,0.1896333697407147,7.333333333333333,300.0,0.17064846416382254,3.8461538461538463,0.0,0.0,0.4666666666666667,2026-05,1,0,2.1217783387944404
CI-0033,2026-06-01,288.0,7171.2,,0.0,0.0,28.0,Acessórios,300,13,50,5.597014925373134,252,14,288.0,-238.0,-28.33333333333333,5.76,0.0,1,0,268.0,268.0,20.425474290698894,0.07621445630857797,-9.0,250.0,0.1865671641791045,3.8461538461538463,0.0,0.0,0.4666666666666667,2026-06,1,0,2.40876550177962
CI-0033,2026-07-01,265.0,6598.5,,0.0,0.0,58.0,Acessórios,300,13,50,5.46448087431694,252,14,265.0,-215.0,-25.59523809523809,5.3,0.0,1,0,279.3333333333333,274.5,19.34683436637634,0.0704802709157608,11.333333333333334,288.0,0.18214936247723132,3.8461538461538463,0.0,0.0,0.4666666666666667,2026-07,1,0,2.2239053739706973
CI-0033,2026-08-01,256.0,6374.4,,0.0,0.0,33.0,Acessórios,300,13,50,5.507955936352509,252,14,256.0,-206.0,-24.52380952380952,5.12,0.0,1,0,267.6666666666667,272.3333333333333,19.602720899575843,0.07198061529832012,-11.666666666666666,265.0,0.18359853121175032,3.8461538461538463,0.0,0.0,0.4666666666666667,2026-08,1,0,2.1521304256280813
CI-0033,2026-10-01,,,260.0,142.0,0.0,,Acessórios,300,13,50,5.579665220086795,252,14,260.0,-210.0,-25.0,5.2,0.5461538461538461,1,0,269.6666666666667,268.8333333333333,20.45890189298213,0.07610254888896019,2.0,256.0,0.18598884066955984,3.8461538461538463,0.5282083075015499,0.0,0.4666666666666667,2026-10,1,0,2.316800792542065
CI-0033,2026-11-01,,,307.0,0.0,0.0,,Acessórios,300,13,50,5.518763796909492,252,14,307.0,-257.0,-30.59523809523809,6.14,0.0,1,0,260.5,271.8,21.382235617446575,0.07866900521503523,-16.0,0.0,0.18395879323031641,3.8461538461538463,0.0,0.0,0.4666666666666667,2026-11,1,0,2.5611336841155885
CI-0033,2026-12-01,,,297.0,0.0,0.0,,Acessórios,300,13,50,5.6657223796034,252,14,297.0,-247.0,-29.404761904761905,5.94,0.0,1,0,256.0,264.75,16.680827317612373,0.06300595776246411,-9.0,0.0,0.18885741265344666,3.8461538461538463,0.0,0.0,0.4666666666666667,2026-12,1,0,2.4787842269977034
CI-0034,2024-09-01,291.0,8700.9,,0.0,0.0,,Acessórios,300,16,181,0.0,303,12,291.0,-110.0,-10.891089108910892,1.6077348066298345,0.0,1,0,,,0.0,0.0,,0.0,0.0,11.3125,0.0,0.0,0.4,2024-09,1,1,0.723093922651934
CI-0034,2024-10-01,276.0,8252.4,,0.0,0.0,,Acessórios,300,16,181,18.65979381443299,303,12,276.0,-95.0,-9.405940594059407,1.5248618784530388,0.0,1,0,291.0,291.0,0.0,0.0,,291.0,0.6219931271477663,11.3125,0.0,0.0,0.4,2024-10,1,0,0.6899447513812156
CI-0034,2024-11-01,382.0,11421.8,,0.0,0.0,,Acessórios,300,16,181,19.15343915343915,303,12,382.0,-201.0,-19.900990099009903,2.110497237569061,0.0,1,0,283.5,283.5,10.606601717798213,0.03741305720563744,-15.0,276.0,0.6384479717813051,11.3125,0.0,0.0,0.4,2024-11,1,0,0.9298108536084702
CI-0034,2024-12-01,319.0,9538.1,,0.0,0.0,,Acessórios,300,16,181,17.165437302423605,303,12,319.0,-138.0,-13.663366336633665,1.7624309392265194,0.0,1,0,316.3333333333333,316.3333333333333,57.3614272253867,0.18133222515928357,45.5,382.0,0.5721812434141201,11.3125,0.0,0.0,0.4,2024-12,1,0,0.8121722094645003
CI-0034,2025-01-01,322.0,9627.8,,0.0,0.0,,Acessórios,300,16,181,17.12933753943218,303,12,322.0,-141.0,-13.96039603960396,1.7790055248618784,0.0,1,0,325.6666666666667,317.0,46.854384355504386,0.1478056288817173,9.333333333333334,319.0,0.5709779179810726,11.3125,0.0,0.0,0.4,2025-01,1,0,0.8137730542770091
CI-0034,2025-02-01,280.0,8372.0,,0.0,0.0,,Acessórios,300,16,181,17.07547169811321,303,12,280.0,-99.0,-9.801980198019802,1.5469613259668509,0.0,1,0,341.0,318.0,40.63865155243221,0.1277945017372082,15.333333333333334,322.0,0.5691823899371069,11.3125,0.0,0.0,0.4,2025-02,1,0,0.7179537056473216
CI-0034,2025-03-01,329.0,9837.1,,0.0,0.0,,Acessórios,300,16,181,17.422459893048128,303,12,329.0,-148.0,-14.653465346534654,1.8176795580110496,0.0,1,0,307.0,311.6666666666667,39.52045883674261,0.12680361124088538,-34.0,280.0,0.5807486631016042,11.3125,0.0,0.0,0.4,2025-03,1,0,0.8260923648905526
CI-0034,2025-04-01,324.0,9687.6,,0.0,0.0,,Acessórios,300,16,181,17.07547169811321,303,12,324.0,-143.0,-14.15841584158416,1.7900552486187846,0.0,1,0,310.3333333333333,318.0,38.579787454054234,0.12132008633350388,3.3333333333333335,329.0,0.5691823899371069,11.3125,0.0,0.0,0.4,2025-04,1,0,0.8142201123975396
CI-0034,2025-05-01,335.0,10016.5,,0.0,0.0,,Acessórios,300,16,181,16.656441717791413,303,12,335.0,-154.0,-15.247524752475249,1.850828729281768,0.0,1,0,311.0,326.0,32.649655434629025,0.10015231728413812,0.6666666666666666,324.0,0.5552147239263804,11.3125,0.0,0.0,0.4,2025-05,1,0,0.8353543393053281
CI-0034,2025-06-01,278.0,8312.199999999999,,0.0,0.0,,Acessórios,300,16,181,17.066526977475117,303,12,278.0,-97.0,-9.603960396039604,1.5359116022099448,0.0,1,0,329.3333333333333,318.1666666666667,19.528611488446057,0.06137855889506356,18.333333333333332,335.0,0.5688842325825039,11.3125,0.0,0.0,0.4,2025-06,1,0,0.7035714247182376
CI-0034,2025-07-01,304.0,9089.6,,0.0,0.0,,Acessórios,300,16,181,17.441113490364028,303,12,304.0,-123.0,-12.178217821782178,1.6795580110497237,0.0,1,0,312.3333333333333,311.3333333333333,25.453225073979667,0.0817555409228469,-17.0,278.0,0.5813704496788009,11.3125,0.0,0.0,0.4,2025-07,1,0,0.7640865355583166
CI-0034,2025-08-01,331.0,9896.9,,0.0,0.0,,Acessórios,300,16,181,17.61081081081081,303,12,331.0,-150.0,-14.85148514851485,1.828729281767956,0.0,1,0,305.6666666666667,308.3333333333333,25.00133329777968,0.08108540529009627,-6.666666666666667,304.0,0.587027027027027,11.3125,0.0,0.0,0.4,2025-08,1,0,0.8236545235006968
CI-0034,2025-09-01,326.0,9747.4,,0.0,0.0,191.0,Acessórios,300,16,181,17.138348237769595,303,12,326.0,-145.0,-14.356435643564357,1.801104972375691,0.0,1,0,304.3333333333333,316.8333333333333,21.92183082378539,0.06919041817081133,-1.3333333333333333,331.0,0.5712782745923198,11.3125,0.0,0.0,0.4,2025-09,1,0,0.8108205516758982
CI-0034,2025-10-01,335.0,10016.5,,0.0,0.0,211.0,Acessórios,300,16,181,17.165437302423605,303,12,335.0,-154.0,-15.247524752475249,1.850828729281768,0.0,1,0,320.3333333333333,316.3333333333333,21.620977467882142,0.06834871696906894,16.0,326.0,0.5721812434141201,11.3125,0.0,0.0,0.4,2025-10,1,0,0.8305837992580677
CI-0034,2025-11-01,440.0,13156.0,,0.0,0.0,146.0,Acessórios,300,16,181,17.066526977475117,303,12,440.0,-259.0,-25.643564356435643,2.430939226519337,0.0,1,0,330.6666666666667,318.1666666666667,22.833454987510486,0.07176570451810524,10.333333333333334,335.0,0.5688842325825039,11.3125,0.0,0.0,0.4,2025-11,1,0,1.0631405462854506
CI-0034,2025-12-01,350.0,10465.0,,0.0,0.0,194.0,Acessórios,300,16,181,16.176762661370407,303,12,350.0,-169.0,-16.73267326732673,1.9337016574585637,0.0,1,0,367.0,335.6666666666667,55.37026879713218,0.16495611359622295,36.333333333333336,440.0,0.5392254220456802,11.3125,0.0,0.0,0.4,2025-12,1,0,0.8782240800228589
CI-0034,2026-01-01,326.0,9747.4,,0.0,0.0,115.0,Acessórios,300,16,181,15.618408437200383,303,12,326.0,-145.0,-14.356435643564357,1.801104972375691,0.0,1,0,375.0,347.6666666666667,47.63472123007198,0.137012620987743,8.0,350.0,0.5206136145733461,11.3125,0.0,0.0,0.4,2026-01,1,0,0.8209938820984379
CI-0034,2026-02-01,285.0,8521.5,,0.0,0.0,252.0,Acessórios,300,16,181,15.45540796963947,303,12,285.0,-104.0,-10.297029702970296,1.574585635359116,0.0,1,0,372.0,351.3333333333333,44.333583959191365,0.12618667161060163,-3.0,326.0,0.515180265654649,11.3125,0.0,0.0,0.4,2026-02,1,0,0.7287622548852367
CI-0034,2026-03-01,358.0,10704.2,,0.0,0.0,195.0,Acessórios,300,16,181,15.800193986420949,303,12,358.0,-177.0,-17.524752475247524,1.977900552486188,0.0,1,0,320.3333333333333,343.6666666666667,51.88705683180218,0.15098076672687344,-51.666666666666664,285.0,0.5266731328806983,11.3125,0.0,0.0,0.4,2026-03,1,0,0.8938073360035064
CI-0034,2026-04-01,322.0,9627.8,,0.0,0.0,117.0,Acessórios,300,16,181,15.558739255014325,303,12,322.0,-141.0,-13.96039603960396,1.7790055248618784,0.0,1,0,323.0,349.0,51.34978091481991,0.14713404273587366,2.6666666666666665,358.0,0.5186246418338109,11.3125,0.0,0.0,0.4,2026-04,1,0,0.8136723163551326
CI-0034,2026-05-01,331.0,9896.9,,0.0,0.0,221.0,Acessórios,300,16,181,15.655934646804422,303,12,331.0,-150.0,-14.85148514851485,1.828729281767956,0.0,1,0,321.6666666666667,346.8333333333333,52.32367214432364,0.15086114025273514,-1.3333333333333333,322.0,0.5218644882268141,11.3125,0.0,0.0,0.4,2026-05,1,0,0.8341208837450926
CI-0034,2026-06-01,285.0,8521.5,,0.0,0.0,191.0,Acessórios,300,16,181,16.52129817444219,303,12,285.0,-104.0,-10.297029702970296,1.574585635359116,0.0,1,0,337.0,328.6666666666667,25.609893921425545,0.07792056974064566,15.333333333333334,331.0,0.550709939148073,11.3125,0.0,0.0,0.4,2026-06,1,0,0.7215223396047433
CI-0034,2026-07-01,349.0,10435.1,,0.0,0.0,177.0,Acessórios,300,16,181,17.08442579968537,303,12,349.0,-168.0,-16.633663366336634,1.9281767955801103,0.0,1,0,312.6666666666667,317.8333333333333,28.37898283354547,0.0892888814899176,-24.333333333333332,285.0,0.5694808599895124,11.3125,0.0,0.0,0.4,2026-07,1,0,0.8646640504555319
CI-0034,2026-08-01,349.0,10435.1,,0.0,0.0,251.0,Acessórios,300,16,181,16.880829015544037,303,12,349.0,-168.0,-16.633663366336634,1.9281767955801103,0.0,1,0,321.6666666666667,321.6666666666667,31.1234102672999,0.09675671585689087,9.0,349.0,0.5626943005181346,11.3125,0.0,0.0,0.4,2026-08,1,0,0.8657842256105779
CI-0034,2026-10-01,,,312.0,650.0,0.0,,Acessórios,300,16,181,16.339017051153462,303,12,312.0,-131.0,-12.970297029702971,1.723756906077348,2.083333333333333,1,0,327.6666666666667,332.3333333333333,26.69581740023463,0.08032843751324363,6.0,349.0,0.5446339017051154,11.3125,1.9558676028084254,0.0,0.4,2026-10,1,0,1.2705189287600323
CI-0034,2026-11-01,,,370.0,0.0,0.0,,Acessórios,300,16,181,16.595354523227385,303,12,370.0,-189.0,-18.712871287128717,2.044198895027624,0.0,1,0,349.0,327.2,26.328691574022496,0.0804666612897998,32.0,0.0,0.5531784841075795,11.3125,0.0,0.0,0.4,2026-11,1,0,0.9097495572045197
CI-0034,2026-12-01,,,358.0,0.0,0.0,,Acessórios,300,16,181,16.5296803652968,303,12,358.0,-177.0,-17.524752475247524,1.977900552486188,0.0,1,0,349.0,328.5,30.21588985947633,0.09198139987664028,0.0,0.0,0.5509893455098934,11.3125,0.0,0.0,0.4,2026-12,1,0,0.8849574309759713
CI-0035,2024-09-01,340.0,11866.0,,0.0,0.0,,Acessórios,300,19,649,0.0,354,13,340.0,309.0,26.1864406779661,0.5238828967642527,0.0,0,0,,,0.0,0.0,,0.0,0.0,34.1578947368421,0.0,0.0,0.43333333333333335,2024-09,1,1,0.2962198253723678
CI-0035,2024-10-01,375.0,13087.5,,0.0,0.0,,Acessórios,300,19,649,57.26470588235294,354,13,375.0,274.0,23.220338983050848,0.5778120184899846,0.0,0,0,340.0,340.0,0.0,0.0,,340.0,1.9088235294117648,34.1578947368421,0.0,0.0,0.43333333333333335,2024-10,0,0,0.3177914740626605
CI-0035,2024-11-01,438.0,15286.2,,0.0,0.0,,Acessórios,300,19,649,54.46153846153846,354,13,438.0,211.0,17.88135593220339,0.674884437596302,0.0,0,0,357.5,357.5,24.748737341529164,0.0692272373189627,35.0,375.0,1.8153846153846154,34.1578947368421,0.0,0.0,0.43333333333333335,2024-11,0,0,0.3670045273030319
CI-0035,2024-12-01,373.0,13017.7,,0.0,0.0,,Acessórios,300,19,649,50.65915004336514,354,13,373.0,276.0,23.389830508474574,0.5747303543913713,0.0,0,0,384.3333333333333,384.3333333333333,49.66219219218312,0.1292164584358624,49.0,438.0,1.6886383347788378,34.1578947368421,0.0,0.0,0.43333333333333335,2024-12,0,0,0.33594127718859457
CI-0035,2025-01-01,389.0,13576.1,,0.0,0.0,,Acessórios,300,19,649,51.03538663171691,354,13,389.0,260.0,22.033898305084747,0.5993836671802774,0.0,0,0,395.3333333333333,381.5,40.94304987825569,0.10732123165991007,11.0,373.0,1.7011795543905637,34.1578947368421,0.0,0.0,0.43333333333333335,2025-01,0,0,0.34251831828776413
CI-0035,2025-02-01,363.0,12668.7,,0.0,0.0,,Acessórios,300,19,649,50.8355091383812,354,13,363.0,286.0,24.23728813559322,0.559322033898305,0.0,0,0,400.0,383.0,35.61600763701625,0.09299218704181789,4.666666666666667,389.0,1.6945169712793733,34.1578947368421,0.0,0.0,0.43333333333333335,2025-02,0,0,0.3243443082822614
CI-0035,2025-03-01,343.0,11970.7,,0.0,0.0,,Acessórios,300,19,649,51.28182616330114,354,13,343.0,306.0,25.93220338983051,0.5285053929121726,0.0,0,0,375.0,379.6666666666667,32.88566050221079,0.0866171918407659,-25.0,363.0,1.7093942054433713,34.1578947368421,0.0,0.0,0.43333333333333335,2025-03,0,0,0.3110614026076506
CI-0035,2025-04-01,357.0,12459.3,,0.0,0.0,,Acessórios,300,19,649,51.21437965804472,354,13,357.0,292.0,24.745762711864405,0.5500770416024653,0.0,0,0,365.0,380.1666666666667,32.1771140201645,0.08463949325777598,-10.0,343.0,1.7071459886014906,34.1578947368421,0.0,0.0,0.43333333333333335,2025-04,0,0,0.31939340729631915
CI-0035,2025-05-01,376.0,13122.4,,0.0,0.0,,Acessórios,300,19,649,51.62174105170128,354,13,376.0,273.0,23.135593220338983,0.5793528505392912,0.0,0,0,354.3333333333333,377.1666666666667,33.564366025096724,0.08899080696004434,-10.666666666666666,357.0,1.720724701723376,34.1578947368421,0.0,0.0,0.43333333333333335,2025-05,0,0,0.33175642792638976
CI-0035,2025-06-01,352.0,12284.8,,0.0,0.0,,Acessórios,300,19,649,53.07587460245343,354,13,352.0,297.0,25.16949152542373,0.5423728813559322,0.0,0,0,358.6666666666667,366.8333333333333,16.08000829187185,0.04383464323090917,4.333333333333333,376.0,1.769195820081781,34.1578947368421,0.0,0.0,0.43333333333333335,2025-06,0,0,0.31019101569367596
CI-0035,2025-07-01,333.0,11621.7,,0.0,0.0,,Acessórios,300,19,649,53.587155963302756,354,13,333.0,316.0,26.779661016949152,0.5130970724191063,0.0,0,0,361.6666666666667,363.3333333333333,16.741166825125042,0.04607660594071113,3.0,352.0,1.7862385321100918,34.1578947368421,0.0,0.0,0.43333333333333335,2025-07,0,0,0.2988169865254159
CI-0035,2025-08-01,377.0,13157.3,,0.0,0.0,,Acessórios,300,19,649,55.0,354,13,377.0,272.0,23.05084745762712,0.5808936825885979,0.0,0,0,353.6666666666667,354.0,15.099668870541512,0.042654431837687884,-8.0,333.0,1.8333333333333333,34.1578947368421,0.0,0.0,0.43333333333333335,2025-08,0,0,0.32542230447775905
CI-0035,2025-09-01,373.0,13017.7,,0.0,0.0,456.0,Acessórios,300,19,649,54.639850327408794,354,13,373.0,276.0,23.389830508474574,0.5747303543913713,0.0,0,0,354.0,356.3333333333333,17.63708214718827,0.049496020993044725,0.3333333333333333,377.0,1.8213283442469599,34.1578947368421,0.0,0.0,0.43333333333333335,2025-09,0,0,0.3239832115721719
CI-0035,2025-10-01,412.0,14378.8,,0.0,0.0,727.0,Acessórios,300,19,649,53.883763837638384,354,13,412.0,237.0,20.084745762711865,0.6348228043143297,0.0,0,0,361.0,361.3333333333333,17.351272767917266,0.048020127586486896,7.0,373.0,1.7961254612546127,34.1578947368421,0.0,0.0,0.43333333333333335,2025-10,0,0,0.3477988075303716
CI-0035,2025-11-01,477.0,16647.3,,0.0,0.0,481.0,Acessórios,300,19,649,52.550607287449395,354,13,477.0,172.0,14.576271186440678,0.7349768875192604,0.0,0,0,387.3333333333333,370.5,26.64394865630845,0.07191349164995534,26.333333333333332,412.0,1.7516869095816465,34.1578947368421,0.0,0.0,0.43333333333333335,2025-11,0,0,0.39144444542186413
CI-0035,2025-12-01,415.0,14483.5,,0.0,0.0,365.0,Acessórios,300,19,649,50.26678141135972,354,13,415.0,234.0,19.83050847457627,0.6394453004622496,0.0,0,0,420.6666666666667,387.3333333333333,51.305620224948726,0.13245857200933406,33.333333333333336,477.0,1.6755593803786575,34.1578947368421,0.0,0.0,0.43333333333333335,2025-12,0,0,0.3623135726529666
CI-0035,2026-01-01,380.0,13262.0,,0.0,0.0,738.0,Acessórios,300,19,649,48.94009216589862,354,13,380.0,269.0,22.79661016949153,0.5855161787365177,0.0,0,0,434.6666666666667,397.8333333333333,49.02414371171279,0.12322784343120098,14.0,415.0,1.631336405529954,34.1578947368421,0.0,0.0,0.43333333333333335,2026-01,0,0,0.3393573146759539
CI-0035,2026-02-01,373.0,13017.7,,0.0,0.0,889.0,Acessórios,300,19,649,47.99506984387838,354,13,373.0,276.0,23.389830508474574,0.5747303543913713,0.0,0,0,424.0,405.6666666666667,39.40389151678637,0.09713366848838054,-10.666666666666666,380.0,1.5998356614626128,34.1578947368421,0.0,0.0,0.43333333333333335,2026-02,0,0,0.3311288586964723
CI-0035,2026-03-01,373.0,13017.7,,0.0,0.0,537.0,Acessórios,300,19,649,48.074074074074076,354,13,373.0,276.0,23.389830508474574,0.5747303543913713,0.0,0,0,389.3333333333333,405.0,40.014997188554226,0.09880246219396105,-34.666666666666664,373.0,1.6024691358024692,34.1578947368421,0.0,0.0,0.43333333333333335,2026-03,0,0,0.33137917775230935
CI-0035,2026-04-01,343.0,11970.7,,0.0,0.0,814.0,Acessórios,300,19,649,48.074074074074076,354,13,343.0,306.0,25.93220338983051,0.5285053929121726,0.0,0,0,375.3333333333333,405.0,40.014997188554226,0.09880246219396105,-14.0,373.0,1.6024691358024692,34.1578947368421,0.0,0.0,0.43333333333333335,2026-04,0,0,0.31288919316062985
CI-0035,2026-05-01,368.0,12843.2,,0.0,0.0,912.0,Acessórios,300,19,649,49.479034307496825,354,13,368.0,281.0,23.813559322033896,0.5670261941448382,0.0,0,0,363.0,393.5,46.920144927312435,0.1192379794849109,-12.333333333333334,343.0,1.6493011435832274,34.1578947368421,0.0,0.0,0.43333333333333335,2026-05,0,0,0.33136284124733856
CI-0035,2026-06-01,375.0,13087.5,,0.0,0.0,892.0,Acessórios,300,19,649,51.87388987566608,354,13,375.0,274.0,23.220338983050848,0.5778120184899846,0.0,0,0,361.3333333333333,375.3333333333333,23.260839767013355,0.06197381820696276,-1.6666666666666667,368.0,1.7291296625222026,34.1578947368421,0.0,0.0,0.43333333333333335,2026-06,0,0,0.32708754679370494
CI-0035,2026-07-01,417.0,14553.3,,0.0,0.0,557.0,Acessórios,300,19,649,52.8119349005425,354,13,417.0,232.0,19.66101694915254,0.6425269645608629,0.0,0,0,362.0,368.6666666666667,13.155480480266405,0.03568394343652732,0.6666666666666666,375.0,1.7603978300180831,34.1578947368421,0.0,0.0,0.43333333333333335,2026-07,0,0,0.34903004400649096
CI-0035,2026-08-01,338.0,11796.2,,0.0,0.0,886.0,Acessórios,300,19,649,51.94308581591819,354,13,338.0,311.0,26.35593220338983,0.5208012326656395,0.0,0,0,386.6666666666667,374.8333333333333,23.8530221705064,0.0636363419399904,24.666666666666668,417.0,1.7314361938639395,34.1578947368421,0.0,0.0,0.43333333333333335,2026-08,0,0,0.304532611023921
CI-0035,2026-10-01,,,365.0,0.0,0.0,,Acessórios,300,19,649,52.76422764227642,354,13,365.0,284.0,24.06779661016949,0.5624036979969184,0.0,0,0,376.6666666666667,369.0,28.263050083103273,0.07659363166152648,-10.0,338.0,1.7588075880758807,34.1578947368421,0.0,0.0,0.43333333333333335,2026-10,0,0,0.323117190614663
CI-0035,2026-11-01,,,432.0,0.0,0.0,,Acessórios,300,19,649,52.878870179250406,354,13,432.0,217.0,18.38983050847457,0.6656394453004623,0.0,0,0,377.5,368.2,31.523007470734846,0.0856138171394211,-18.5,0.0,1.7626290059750136,34.1578947368421,0.0,0.0,0.43333333333333335,2026-11,0,0,0.3657645173577648
CI-0035,2026-12-01,,,418.0,0.0,0.0,,Acessórios,300,19,649,51.98931909212283,354,13,418.0,231.0,19.57627118644068,0.6440677966101694,0.0,0,0,338.0,374.5,32.56275991578937,0.08694995972173397,-79.0,0.0,1.732977303070761,34.1578947368421,0.0,0.0,0.43333333333333335,2026-12,0,0,0.35733627926899453
CI-0036,2024-09-01,380.0,30362.0,,0.0,0.0,,Clássico,300,7,742,0.0,405,16,380.0,362.0,26.814814814814813,0.5121293800539084,0.0,0,0,,,0.0,0.0,,0.0,0.0,106.0,0.0,0.0,0.5333333333333333,2024-09,1,1,0.31151841868823005
CI-0036,2024-10-01,385.0,30761.5,,0.0,0.0,,Clássico,300,7,742,58.578947368421055,405,16,385.0,357.0,26.444444444444446,0.5188679245283019,0.0,0,0,380.0,380.0,0.0,0.0,,380.0,1.9526315789473685,106.0,0.0,0.0,0.5333333333333333,2024-10,0,0,0.31421383647798745
CI-0036,2024-11-01,604.0,48259.6,,0.0,0.0,,Clássico,300,7,742,58.19607843137255,405,16,604.0,138.0,10.22222222222222,0.8140161725067385,0.0,0,0,382.5,382.5,3.5355339059327378,0.009243225897863366,5.0,385.0,1.9398692810457516,106.0,0.0,0.0,0.5333333333333333,2024-11,0,0,0.4336596195540416
CI-0036,2024-12-01,452.0,36114.8,,0.0,0.0,,Clássico,300,7,742,48.78013148283419,405,16,452.0,290.0,21.48148148148148,0.6091644204851752,0.0,0,0,456.3333333333333,456.3333333333333,127.90751867397529,0.2802940511482293,112.0,604.0,1.6260043827611397,106.0,0.0,0.0,0.5333333333333333,2024-12,0,0,0.3923765425329711
CI-0036,2025-01-01,422.0,33717.8,,0.0,0.0,,Clássico,300,7,742,48.89621087314662,405,16,422.0,320.0,23.703703703703702,0.568733153638814,0.0,0,0,480.3333333333333,455.25,104.45852446465695,0.2294531015148972,24.0,452.0,1.629873695771554,106.0,0.0,0.0,0.5333333333333333,2025-01,0,0,0.36857789334942687
CI-0036,2025-02-01,383.0,30601.7,,0.0,0.0,,Clássico,300,7,742,49.62104324565314,405,16,383.0,359.0,26.59259259259259,0.5161725067385444,0.0,0,0,492.6666666666667,448.6,91.67769630613545,0.2043640131657054,12.333333333333334,422.0,1.6540347748551048,106.0,0.0,0.0,0.5333333333333333,2025-02,0,0,0.3437902713369403
CI-0036,2025-03-01,361.0,28843.9,,0.0,0.0,,Clássico,300,7,742,50.86062452399086,405,16,361.0,381.0,28.22222222222222,0.4865229110512129,0.0,0,0,419.0,437.6666666666667,86.26161757506445,0.19709432804660573,-73.66666666666667,383.0,1.6953541507996952,106.0,0.0,0.0,0.5333333333333333,2025-03,0,0,0.3308399802941427
CI-0036,2025-04-01,415.0,33158.5,,0.0,0.0,,Clássico,300,7,742,51.2313003452244,405,16,415.0,327.0,24.222222222222225,0.5592991913746631,0.0,0,0,388.6666666666667,434.5,89.10387196974104,0.2050722024620047,-30.333333333333332,361.0,1.70771001150748,106.0,0.0,0.0,0.5333333333333333,2025-04,0,0,0.36114717358583265
CI-0036,2025-05-01,435.0,34756.5,,0.0,0.0,,Clássico,300,7,742,50.64846416382253,405,16,435.0,307.0,22.74074074074074,0.5862533692722371,0.0,0,0,386.3333333333333,439.5,86.57655571804645,0.19698875021170978,-2.3333333333333335,415.0,1.6882821387940843,106.0,0.0,0.0,0.5333333333333333,2025-05,0,0,0.37071632690731804
CI-0036,2025-06-01,377.0,30122.3,,0.0,0.0,,Clássico,300,7,742,54.116693679092386,405,16,377.0,365.0,27.03703703703704,0.5080862533692723,0.0,0,0,403.6666666666667,411.3333333333333,33.696686286142025,0.08192063116566133,17.333333333333332,435.0,1.8038897893030794,106.0,0.0,0.0,0.5333333333333333,2025-06,0,0,0.3221892626892248
CI-0036,2025-07-01,373.0,29802.7,,0.0,0.0,,Clássico,300,7,742,55.812787296280824,405,16,373.0,369.0,27.33333333333333,0.5026954177897575,0.0,0,0,409.0,398.8333333333333,29.205593071647648,0.07322756307141073,5.333333333333333,377.0,1.8604262432093608,106.0,0.0,0.0,0.5333333333333333,2025-07,0,0,0.3187289682432813
CI-0036,2025-08-01,417.0,33318.3,,0.0,0.0,,Clássico,300,7,742,56.979522184300336,405,16,417.0,325.0,24.07407407407408,0.5619946091644205,0.0,0,0,395.0,390.6666666666667,28.267767274170662,0.07235776606016381,-14.0,373.0,1.8993174061433447,106.0,0.0,0.0,0.5333333333333333,2025-08,0,0,0.3423181752414594
CI-0036,2025-09-01,412.0,32918.8,,0.0,0.0,817.0,Clássico,300,7,742,56.16484440706476,405,16,412.0,330.0,24.444444444444443,0.555256064690027,0.0,0,0,389.0,396.3333333333333,29.790378760040518,0.07516495902449248,-6.0,417.0,1.872161480235492,106.0,0.0,0.0,0.5333333333333333,2025-09,0,0,0.3400438363963514
CI-0036,2025-10-01,404.0,32279.6,,0.0,0.0,726.0,Clássico,300,7,742,54.985590778097986,405,16,404.0,338.0,25.03703703703704,0.5444743935309974,0.0,0,0,400.6666666666667,404.8333333333333,24.498299260697113,0.060514530903327576,11.666666666666666,412.0,1.8328530259365996,106.0,0.0,0.0,0.5333333333333333,2025-10,0,0,0.33353360371456475
CI-0036,2025-11-01,526.0,42027.4,,0.0,0.0,429.0,Clássico,300,7,742,55.23573200992556,405,16,526.0,216.0,16.0,0.7088948787061995,0.0,0,0,411.0,403.0,23.99166521940497,0.05953266803822574,10.333333333333334,404.0,1.8411910669975187,106.0,0.0,0.0,0.5333333333333333,2025-11,0,0,0.39915451835488036
CI-0036,2025-12-01,416.0,33238.4,,0.0,0.0,592.0,Clássico,300,7,742,53.232363491430846,405,16,416.0,326.0,24.14814814814815,0.5606469002695418,0.0,0,0,447.3333333333333,418.1666666666667,55.862032425133535,0.13358796116014396,36.333333333333336,526.0,1.7744121163810282,106.0,0.0,0.0,0.5333333333333333,2025-12,0,0,0.350963620948505
CI-0036,2026-01-01,433.0,34596.7,,0.0,0.0,928.0,Clássico,300,7,742,52.417582417582416,405,16,433.0,309.0,22.88888888888889,0.5835579514824798,0.0,0,0,448.6666666666667,424.6666666666667,52.267261901372535,0.12307832472850674,1.3333333333333333,416.0,1.7472527472527473,106.0,0.0,0.0,0.5333333333333333,2026-01,0,0,0.35855159596893466
CI-0036,2026-02-01,388.0,31001.2,,0.0,0.0,706.0,Clássico,300,7,742,51.21165644171779,405,16,388.0,354.0,26.222222222222225,0.522911051212938,0.0,0,0,458.3333333333333,434.6666666666667,45.736928915993765,0.10522299597237829,9.666666666666666,433.0,1.7070552147239264,106.0,0.0,0.0,0.5333333333333333,2026-02,0,0,0.3316145365476986
CI-0036,2026-03-01,478.0,38192.2,,0.0,0.0,644.0,Clássico,300,7,742,51.78751454051958,405,16,478.0,264.0,19.55555555555556,0.6442048517520216,0.0,0,0,412.3333333333333,429.8333333333333,49.36564257321754,0.11484833479616334,-46.0,388.0,1.7262504846839861,106.0,0.0,0.0,0.5333333333333333,2026-03,0,0,0.3815758575868998
CI-0036,2026-04-01,457.0,36514.3,,0.0,0.0,583.0,Clássico,300,7,742,50.49527410207939,405,16,457.0,285.0,21.11111111111111,0.6159029649595688,0.0,0,0,433.0,440.8333333333333,51.88609319140019,0.11770002236234449,20.666666666666668,478.0,1.6831758034026465,106.0,0.0,0.0,0.5333333333333333,2026-04,0,0,0.37068285600484585
CI-0036,2026-05-01,406.0,32439.4,,0.0,0.0,589.0,Clássico,300,7,742,49.503335804299475,405,16,406.0,336.0,24.88888888888889,0.5471698113207547,0.0,0,0,441.0,449.6666666666667,48.77977723059694,0.10847986040903693,8.0,457.0,1.6501111934766493,106.0,0.0,0.0,0.5333333333333333,2026-05,0,0,0.3418065702563241
CI-0036,2026-06-01,404.0,32279.6,,0.0,0.0,608.0,Clássico,300,7,742,51.80760279286268,405,16,404.0,338.0,25.03703703703704,0.5444743935309974,0.0,0,0,447.0,429.6666666666667,33.39860276518566,0.07773142614085102,6.0,406.0,1.7269200930954227,106.0,0.0,0.0,0.5333333333333333,2026-06,0,0,0.33611613800019324
CI-0036,2026-07-01,484.0,38671.6,,0.0,0.0,867.0,Clássico,300,7,742,52.049883086515976,405,16,484.0,258.0,19.11111111111111,0.6522911051212938,0.0,0,0,422.3333333333333,427.6666666666667,34.714070154141645,0.08117085772597422,-24.666666666666668,404.0,1.7349961028838659,106.0,0.0,0.0,0.5333333333333333,2026-07,0,0,0.3797587373740804
CI-0036,2026-08-01,404.0,32279.6,,0.0,0.0,671.0,Clássico,300,7,742,51.03553687428353,405,16,404.0,338.0,25.03703703703704,0.5444743935309974,0.0,0,0,431.3333333333333,436.1666666666667,41.801515124055804,0.09583839921449554,9.0,484.0,1.7011845624761177,106.0,0.0,0.0,0.5333333333333333,2026-08,0,0,0.33883218396123993
CI-0036,2026-10-01,,,417.0,651.0,0.0,,Clássico,300,7,742,50.725408279529056,405,16,417.0,325.0,24.07407407407408,0.5619946091644205,1.5611510791366907,0,0,430.6666666666667,438.8333333333333,38.493722431932525,0.08771831925240986,-0.6666666666666666,404.0,1.6908469426509685,106.0,1.4834789213824535,0.0,0.5333333333333333,2026-10,0,0,0.7154919885659098
CI-0036,2026-11-01,,,494.0,0.0,0.0,,Clássico,300,7,742,51.64733178654292,405,16,494.0,248.0,18.37037037037037,0.6657681940700808,0.0,0,0,444.0,431.0,37.30951621235525,0.0865650028128892,0.0,0.0,1.7215777262180973,106.0,0.0,0.0,0.5333333333333333,2026-11,0,0,0.3859586947166324
CI-0036,2026-12-01,,,478.0,0.0,0.0,,Clássico,300,7,742,52.438162544169614,405,16,478.0,264.0,19.55555555555556,0.6442048517520216,0.0,0,0,404.0,424.5,39.67786956646405,0.09346965740038644,-80.0,0.0,1.7479387514723204,106.0,0.0,0.0,0.5333333333333333,2026-12,0,0,0.3783690559775333
CI-0037,2024-09-01,440.0,37356.0,,0.0,0.0,,Clássico,300,10,152,0.0,456,14,440.0,-288.0,-18.94736842105263,2.8947368421052637,0.0,1,0,,,0.0,0.0,,0.0,0.0,15.2,0.0,0.0,0.4666666666666667,2024-09,1,1,1.2512280701754388
CI-0037,2024-10-01,408.0,34639.2,,0.0,0.0,,Clássico,300,10,152,10.363636363636363,456,14,408.0,-256.0,-16.842105263157894,2.6842105263157894,0.0,1,0,440.0,440.0,0.0,0.0,,440.0,0.34545454545454546,15.2,0.0,0.0,0.4666666666666667,2024-10,1,0,1.167017543859649
CI-0037,2024-11-01,602.0,51109.8,,0.0,0.0,,Clássico,300,10,152,10.754716981132075,456,14,602.0,-450.0,-29.605263157894736,3.960526315789474,0.0,1,0,424.0,424.0,22.627416997969522,0.053366549523513024,-32.0,408.0,0.3584905660377358,15.2,0.0,0.0,0.4666666666666667,2024-11,1,0,1.6855488420776499
CI-0037,2024-12-01,491.0,41685.9,,0.0,0.0,,Clássico,300,10,152,9.43448275862069,456,14,491.0,-339.0,-22.30263157894737,3.2302631578947367,0.0,1,0,483.3333333333333,483.3333333333333,104.0064100588677,0.2151856759838642,81.0,602.0,0.3144827586206897,15.2,0.0,0.0,0.4666666666666667,2024-12,1,0,1.4177164478888078
CI-0037,2025-01-01,404.0,34299.6,,0.0,0.0,,Clássico,300,10,152,9.397217928902627,456,14,404.0,-252.0,-16.578947368421055,2.6578947368421053,0.0,1,0,500.3333333333333,485.25,85.00735262317019,0.1751825917015357,17.0,491.0,0.3132405976300876,15.2,0.0,0.0,0.4666666666666667,2025-01,1,0,1.1827686168254057
CI-0037,2025-02-01,473.0,40157.7,,0.0,0.0,,Clássico,300,10,152,9.722814498933902,456,14,473.0,-321.0,-21.11842105263158,3.111842105263158,0.0,1,0,499.0,469.0,82.09750300709517,0.17504798082536283,-1.3333333333333333,404.0,0.32409381663113007,15.2,0.0,0.0,0.4666666666666667,2025-02,1,0,1.364327372562401
CI-0037,2025-03-01,412.0,34978.8,,0.0,0.0,,Clássico,300,10,152,9.70901348474095,456,14,412.0,-260.0,-17.105263157894736,2.710526315789474,0.0,1,0,456.0,469.6666666666667,73.44839458195575,0.15638409066420672,-43.0,473.0,0.32363378282469835,15.2,0.0,0.0,0.4666666666666667,2025-03,1,0,1.2010014732487537
CI-0037,2025-04-01,500.0,42450.0,,0.0,0.0,,Clássico,300,10,152,9.806451612903226,456,14,500.0,-348.0,-22.894736842105264,3.289473684210526,0.0,1,0,429.6666666666667,465.0,76.53495933232081,0.16459131039208777,-26.333333333333332,412.0,0.32688172043010755,15.2,0.0,0.0,0.4666666666666667,2025-04,1,0,1.433811503576357
CI-0037,2025-05-01,513.0,43553.7,,0.0,0.0,,Clássico,300,10,152,9.493407356002777,456,14,513.0,-361.0,-23.75,3.375,0.0,1,0,461.6666666666667,480.3333333333333,71.90734779330042,0.14970301414288775,32.0,500.0,0.3164469118667592,15.2,0.0,0.0,0.4666666666666667,2025-05,1,0,1.4657887854547664
CI-0037,2025-06-01,503.0,42704.7,,0.0,0.0,,Clássico,300,10,152,9.795918367346937,456,14,503.0,-351.0,-23.09210526315789,3.3092105263157894,0.0,1,0,475.0,465.5,46.47042069962354,0.09982904554161877,13.333333333333334,513.0,0.32653061224489793,15.2,0.0,0.0,0.4666666666666667,2025-06,1,0,1.4319919006908919
CI-0037,2025-07-01,500.0,42450.0,,0.0,0.0,,Clássico,300,10,152,9.754010695187166,456,14,500.0,-348.0,-22.894736842105264,3.289473684210526,0.0,1,0,505.3333333333333,467.5,48.019787588035,0.10271612318296257,30.333333333333332,503.0,0.3251336898395722,15.2,0.0,0.0,0.4666666666666667,2025-07,1,0,1.4245302254949883
CI-0037,2025-08-01,490.0,41601.0,,0.0,0.0,,Clássico,300,10,152,9.431230610134435,456,14,490.0,-338.0,-22.23684210526316,3.223684210526316,0.0,1,0,505.3333333333333,483.5,37.46331538985839,0.07748358922411248,0.0,500.0,0.31437435367114785,15.2,0.0,0.0,0.4666666666666667,2025-08,1,0,1.3944295559274766
CI-0037,2025-09-01,500.0,42450.0,,0.0,0.0,137.0,Clássico,300,10,152,9.376285126799178,456,14,500.0,-348.0,-22.894736842105264,3.289473684210526,0.0,1,0,497.6666666666667,486.3333333333333,37.151940281318645,0.07639192655514458,-7.666666666666667,490.0,0.3125428375599726,15.2,0.0,0.0,0.4666666666666667,2025-09,1,0,1.4205815960008157
CI-0037,2025-10-01,491.0,41685.9,,0.0,0.0,150.0,Clássico,300,10,152,9.10179640718563,456,14,491.0,-339.0,-22.30263157894737,3.2302631578947367,0.0,1,0,496.6666666666667,501.0,7.375635565834227,0.014721827476715025,-1.0,500.0,0.3033932135728543,15.2,0.0,0.0,0.4666666666666667,2025-10,1,0,1.3876468706127354
CI-0037,2025-11-01,592.0,50260.8,,0.0,0.0,163.0,Clássico,300,10,152,9.12912912912913,456,14,592.0,-440.0,-28.94736842105263,3.8947368421052633,0.0,1,0,493.6666666666667,499.5,8.45576726264382,0.016928462988275914,-3.0,491.0,0.30430430430430433,15.2,0.0,0.0,0.4666666666666667,2025-11,1,0,1.65376733962368
CI-0037,2025-12-01,516.0,43808.4,,0.0,0.0,91.0,Clássico,300,10,152,8.894668400520157,456,14,516.0,-364.0,-23.947368421052637,3.3947368421052637,0.0,1,0,527.6666666666666,512.6666666666666,39.22074281125567,0.0765033995017991,34.0,592.0,0.2964889466840052,15.2,0.0,0.0,0.4666666666666667,2025-12,1,0,1.4627035801007087
CI-0037,2026-01-01,488.0,41431.2,,0.0,0.0,174.0,Clássico,300,10,152,8.857235351246358,456,14,488.0,-336.0,-22.105263157894736,3.210526315789474,0.0,1,0,533.0,514.8333333333334,38.9379848819461,0.07563221407953273,5.333333333333333,516.0,0.29524117837487857,15.2,0.0,0.0,0.4666666666666667,2026-01,1,0,1.3888886917610528
CI-0037,2026-02-01,512.0,43468.8,,0.0,0.0,118.0,Clássico,300,10,152,8.89177770555736,456,14,512.0,-360.0,-23.68421052631579,3.3684210526315788,0.0,1,0,532.0,512.8333333333334,40.14183187980668,0.07827461530024052,-1.0,488.0,0.29639259018524533,15.2,0.0,0.0,0.4666666666666667,2026-02,1,0,1.452442946681001
CI-0037,2026-03-01,522.0,44317.8,,0.0,0.0,129.0,Clássico,300,10,152,8.82865440464666,456,14,522.0,-370.0,-24.34210526315789,3.4342105263157894,0.0,1,0,505.3333333333333,516.5,38.61476401585274,0.07476236982740124,-26.666666666666668,512.0,0.2942884801548887,15.2,0.0,0.0,0.4666666666666667,2026-03,1,0,1.4782318993337593
CI-0037,2026-04-01,534.0,45336.6,,0.0,0.0,151.0,Clássico,300,10,152,8.766421018904198,456,14,534.0,-382.0,-25.13157894736842,3.513157894736842,0.0,1,0,507.3333333333333,520.1666666666666,37.76991748292099,0.072611183882578,2.0,522.0,0.2922140339634733,15.2,0.0,0.0,0.4666666666666667,2026-04,1,0,1.5094881688104569
CI-0037,2026-05-01,527.0,44742.3,,0.0,0.0,89.0,Clássico,300,10,152,8.647281921618204,456,14,527.0,-375.0,-24.671052631578945,3.4671052631578947,0.0,1,0,522.6666666666666,527.3333333333334,35.115049005613756,0.06658985272872393,15.333333333333334,534.0,0.2882427307206068,15.2,0.0,0.0,0.4666666666666667,2026-05,1,0,1.4901639165057998
CI-0037,2026-06-01,464.0,39393.6,,0.0,0.0,198.0,Clássico,300,10,152,8.82865440464666,456,14,464.0,-312.0,-20.526315789473685,3.0526315789473686,0.0,1,0,527.6666666666666,516.5,15.99687469476447,0.03097168382335812,5.0,527.0,0.2942884801548887,15.2,0.0,0.0,0.4666666666666667,2026-06,1,0,1.3190317174857846
CI-0037,2026-07-01,549.0,46610.1,,0.0,0.0,190.0,Clássico,300,10,152,8.9793239251723,456,14,549.0,-397.0,-26.11842105263158,3.611842105263158,0.0,1,0,508.3333333333333,507.8333333333333,26.776233242684953,0.05272641925044625,-19.333333333333332,464.0,0.29931079750574335,15.2,0.0,0.0,0.4666666666666667,2026-07,1,0,1.5459791383261636
CI-0037,2026-08-01,537.0,45591.3,,0.0,0.0,113.0,Clássico,300,10,152,8.803088803088803,456,14,537.0,-385.0,-25.32894736842105,3.5328947368421053,0.0,1,0,513.3333333333334,518.0,29.209587467131318,0.056389164994462004,5.0,549.0,0.29343629343629346,15.2,0.0,0.0,0.4666666666666667,2026-08,1,0,1.5149496028193448
CI-0037,2026-10-01,,,470.0,0.0,0.0,,Clássico,300,10,152,8.732843919565912,456,14,470.0,-318.0,-20.921052631578945,3.0921052631578947,0.0,1,0,516.6666666666666,522.1666666666666,29.95607896014863,0.057368807456397,3.3333333333333335,537.0,0.29109479731886373,15.2,0.0,0.0,0.4666666666666667,2026-10,1,0,1.3387807597149508
CI-0037,2026-11-01,,,556.0,0.0,0.0,,Clássico,300,10,152,8.732286480275755,456,14,556.0,-404.0,-26.57894736842105,3.657894736842105,0.0,1,0,543.0,522.2,33.49179003875414,0.06413594415694013,36.5,0.0,0.29107621600919187,15.2,0.0,0.0,0.4666666666666667,2026-11,1,0,1.5661116196937164
CI-0037,2026-12-01,,,538.0,0.0,0.0,,Clássico,300,10,152,8.781896966779009,456,14,538.0,-386.0,-25.394736842105264,3.539473684210526,0.0,1,0,537.0,519.25,37.915476171786686,0.0730196941199551,-12.0,0.0,0.2927298988926336,15.2,0.0,0.0,0.4666666666666667,2026-12,1,0,1.520075761135537
CI-0038,2024-09-01,531.0,15876.9,,0.0,0.0,,Refis,500,13,1858,0.0,507,11,531.0,1327.0,78.52071005917159,0.2857911733046286,0.0,0,0,,,0.0,0.0,,0.0,0.0,142.92307692307693,0.0,0.0,0.36666666666666664,2024-09,1,1,0.18764980265518477
CI-0038,2024-10-01,565.0,16893.5,,0.0,0.0,,Refis,500,13,1858,104.97175141242938,507,11,565.0,1293.0,76.50887573964496,0.3040904198062433,0.0,0,0,531.0,531.0,0.0,0.0,,531.0,3.4990583804143127,142.92307692307693,0.0,0.0,0.36666666666666664,2024-10,0,1,0.19496950125583065
CI-0038,2024-11-01,688.0,20571.2,,0.0,0.0,,Refis,500,13,1858,101.71532846715328,507,11,688.0,1170.0,69.23076923076923,0.3702906350914962,0.0,0,0,548.0,548.0,24.041630560342615,0.0438715886137639,34.0,565.0,3.3905109489051095,142.92307692307693,0.0,0.0,0.36666666666666664,2024-11,0,1,0.2280303256619964
CI-0038,2024-12-01,517.0,15458.3,,0.0,0.0,,Refis,500,13,1858,93.73318385650225,507,11,517.0,1341.0,79.3491124260355,0.2782561894510226,0.0,0,0,594.6666666666666,594.6666666666666,82.59741723161406,0.1388970020710999,78.5,688.0,3.124439461883408,142.92307692307693,0.0,0.0,0.36666666666666664,2024-12,0,1,0.20547035942440736
CI-0038,2025-01-01,491.0,14680.9,,0.0,0.0,,Refis,500,13,1858,96.89700130378097,507,11,491.0,1367.0,80.88757396449704,0.2642626480086114,0.0,0,0,590.0,575.25,77.8219120813669,0.13528363682115063,-4.666666666666667,517.0,3.2299000434593657,142.92307692307693,0.0,0.0,0.36666666666666664,2025-01,0,1,0.19933093805995047
CI-0038,2025-02-01,484.0,14471.6,,0.0,0.0,,Refis,500,13,1858,99.82091690544412,507,11,484.0,1374.0,81.30177514792899,0.2604951560818084,0.0,0,0,565.3333333333334,558.4,77.21269325700277,0.13827488047457517,-24.666666666666668,491.0,3.3273638968481376,142.92307692307693,0.0,0.0,0.36666666666666664,2025-02,0,1,0.19827262783724298
CI-0038,2025-03-01,561.0,16773.9,,0.0,0.0,,Refis,500,13,1858,102.08791208791209,507,11,561.0,1297.0,76.74556213017752,0.3019375672766415,0.0,0,0,497.3333333333333,546.0,75.44534445544006,0.13817828654842504,-68.0,484.0,3.402930402930403,142.92307692307693,0.0,0.0,0.36666666666666664,2025-03,0,1,0.2148351032262537
CI-0038,2025-04-01,489.0,14621.1,,0.0,0.0,,Refis,500,13,1858,101.16152450090745,507,11,489.0,1369.0,81.00591715976331,0.2631862217438105,0.0,0,0,512.0,551.0,75.24626236564843,0.13656308959282837,14.666666666666666,561.0,3.3720508166969148,142.92307692307693,0.0,0.0,0.36666666666666664,2025-04,0,1,0.1990922854697818
CI-0038,2025-05-01,561.0,16773.9,,0.0,0.0,,Refis,500,13,1858,103.54179566563467,507,11,561.0,1297.0,76.74556213017752,0.3019375672766415,0.0,0,0,511.3333333333333,538.3333333333334,78.73415184446117,0.14625539042314767,-0.6666666666666666,489.0,3.451393188854489,142.92307692307693,0.0,0.0,0.36666666666666664,2025-05,0,1,0.2160466688074621
CI-0038,2025-06-01,558.0,16684.2,,0.0,0.0,,Refis,500,13,1858,107.77956815984533,507,11,558.0,1300.0,76.92307692307693,0.3003229278794402,0.0,0,0,537.0,517.1666666666666,35.83527126542603,0.0692915332235115,25.666666666666668,561.0,3.592652271994844,142.92307692307693,0.0,0.0,0.36666666666666664,2025-06,0,1,0.20385623446863615
CI-0038,2025-07-01,522.0,15607.8,,0.0,0.0,,Refis,500,13,1858,106.37404580152672,507,11,522.0,1336.0,79.05325443786982,0.2809472551130247,0.0,0,0,536.0,524.0,39.51708491273112,0.07541428418460137,-1.0,558.0,3.545801526717557,142.92307692307693,0.0,0.0,0.36666666666666664,2025-07,0,1,0.19702437800623343
CI-0038,2025-08-01,584.0,17461.600000000002,,0.0,0.0,,Refis,500,13,1858,105.33543307086615,507,11,584.0,1274.0,75.38461538461539,0.3143164693218515,0.0,0,0,547.0,529.1666666666666,36.22936194120272,0.06846493595187916,11.0,522.0,3.511181102362205,142.92307692307693,0.0,0.0,0.36666666666666664,2025-08,0,1,0.2093296614548558
CI-0038,2025-09-01,561.0,16773.9,,0.0,0.0,2685.0,Refis,500,13,1858,102.11908396946563,507,11,561.0,1297.0,76.74556213017752,0.3019375672766415,0.0,0,0,554.6666666666666,545.8333333333334,34.242760792124606,0.06273482893213668,7.666666666666667,584.0,3.4039694656488546,142.92307692307693,0.0,0.0,0.36666666666666664,2025-09,0,1,0.20351858458381045
CI-0038,2025-10-01,473.0,14142.7,,0.0,0.0,1108.0,Refis,500,13,1858,102.11908396946563,507,11,473.0,1385.0,81.95266272189349,0.2545748116254037,0.0,0,0,555.6666666666666,545.8333333333334,34.242760792124606,0.06273482893213668,1.0,561.0,3.4039694656488546,142.92307692307693,0.0,0.0,0.36666666666666664,2025-10,0,1,0.1845734823233153
CI-0038,2025-11-01,656.0,19614.4,,0.0,0.0,1515.0,Refis,500,13,1858,102.62043571647746,507,11,656.0,1202.0,71.12426035502959,0.3530678148546824,0.0,0,0,539.3333333333334,543.1666666666666,39.73621354214147,0.07315657602112575,-16.333333333333332,473.0,3.4206811905492485,142.92307692307693,0.0,0.0,0.36666666666666664,2025-11,0,1,0.22553394567837518
CI-0038,2025-12-01,480.0,14352.0,,0.0,0.0,1771.0,Refis,500,13,1858,99.71377459749552,507,11,480.0,1378.0,81.53846153846155,0.2583423035522066,0.0,0,0,563.3333333333334,559.0,61.325361800807954,0.10970547728230404,24.0,656.0,3.323792486583184,142.92307692307693,0.0,0.0,0.36666666666666664,2025-12,0,1,0.1931260763465616
CI-0038,2026-01-01,531.0,15876.9,,0.0,0.0,2032.0,Refis,500,13,1858,102.08791208791209,507,11,531.0,1327.0,78.52071005917159,0.2857911733046286,0.0,0,0,536.3333333333334,546.0,69.32532004974806,0.1269694506405642,-27.0,480.0,3.402930402930403,142.92307692307693,0.0,0.0,0.36666666666666664,2026-01,0,1,0.2066952202512694
CI-0038,2026-02-01,502.0,15009.8,,0.0,0.0,1255.0,Refis,500,13,1858,101.8082191780822,507,11,502.0,1356.0,80.23668639053254,0.2701829924650161,0.0,0,0,555.6666666666666,547.5,68.7975290253945,0.12565758726099452,19.333333333333332,531.0,3.393607305936073,142.92307692307693,0.0,0.0,0.36666666666666664,2026-02,0,1,0.20025516840848898
CI-0038,2026-03-01,526.0,15727.4,,0.0,0.0,2673.0,Refis,500,13,1858,104.41461130190446,507,11,526.0,1332.0,78.81656804733728,0.2831001076426265,0.0,0,0,504.3333333333333,533.8333333333334,68.23904063413164,0.1278283620995285,-51.333333333333336,502.0,3.480487043396815,142.92307692307693,0.0,0.0,0.36666666666666664,2026-03,0,1,0.2057476307053132
CI-0038,2026-04-01,600.0,17940.0,,0.0,0.0,1714.0,Refis,500,13,1858,105.56818181818183,507,11,600.0,1258.0,74.4378698224852,0.3229278794402583,0.0,0,0,519.6666666666666,528.0,66.93579012755437,0.1267723297870348,15.333333333333334,526.0,3.518939393939394,142.92307692307693,0.0,0.0,0.36666666666666664,2026-04,0,1,0.22152033457749187
CI-0038,2026-05-01,478.0,14292.2,,0.0,0.0,1737.0,Refis,500,13,1858,101.49924127465857,507,11,478.0,1380.0,81.65680473372781,0.2572658772874058,0.0,0,0,542.6666666666666,549.1666666666666,66.14050700339891,0.12043794901984628,23.0,600.0,3.3833080424886193,142.92307692307693,0.0,0.0,0.36666666666666664,2026-05,0,1,0.19430537660127262
CI-0038,2026-06-01,588.0,17581.2,,0.0,0.0,2173.0,Refis,500,13,1858,107.29547641963427,507,11,588.0,1270.0,75.14792899408283,0.3164693218514531,0.0,0,0,534.6666666666666,519.5,45.262567315608656,0.08712717481349115,-8.0,478.0,3.5765158806544757,142.92307692307693,0.0,0.0,0.36666666666666664,2026-06,0,1,0.21299013829593824
CI-0038,2026-07-01,519.0,15518.1,,0.0,0.0,1169.0,Refis,500,13,1858,103.70232558139534,507,11,519.0,1339.0,79.23076923076923,0.2793326157158234,0.0,0,0,555.3333333333334,537.5,47.81526952763104,0.08895864098163914,20.666666666666668,588.0,3.4567441860465116,142.92307692307693,0.0,0.0,0.36666666666666664,2026-07,0,1,0.1984101757669086
CI-0038,2026-08-01,549.0,16415.1,,0.0,0.0,2179.0,Refis,500,13,1858,104.08963585434174,507,11,549.0,1309.0,77.45562130177515,0.2954790096878363,0.0,0,0,528.3333333333334,535.5,48.38904834774086,0.09036236852986156,-27.0,519.0,3.469654528478058,142.92307692307693,0.0,0.0,0.36666666666666664,2026-08,0,1,0.2050792924879471
CI-0038,2026-10-01,,,522.0,0.0,0.0,,Refis,500,13,1858,102.58895705521472,507,11,522.0,1336.0,79.05325443786982,0.2809472551130247,0.0,0,0,552.0,543.3333333333334,45.60555521717356,0.08393660469418446,23.666666666666668,549.0,3.4196319018404906,142.92307692307693,0.0,0.0,0.36666666666666664,2026-10,0,1,0.1983027260826709
CI-0038,2026-11-01,,,619.0,0.0,0.0,,Refis,500,13,1858,101.93855157278713,507,11,619.0,1239.0,73.31360946745562,0.3331539289558665,0.0,0,0,534.0,546.8,50.096906092093135,0.09161833594018497,-19.5,0.0,3.3979517190929043,142.92307692307693,0.0,0.0,0.36666666666666664,2026-11,0,1,0.22033765530670768
CI-0038,2026-12-01,,,598.0,0.0,0.0,,Refis,500,13,1858,104.47985004686035,507,11,598.0,1260.0,74.55621301775147,0.3218514531754575,0.0,0,0,549.0,533.5,46.55104724922958,0.08725594610914636,30.0,0.0,3.4826616682286784,142.92307692307693,0.0,0.0,0.36666666666666664,2026-12,0,1,0.2151623065198883
CI-0039,2024-09-01,565.0,47968.5,,0.0,0.0,,Escolar,400,16,1581,0.0,558,22,565.0,1016.0,54.623655913978496,0.3573687539531942,0.0,0,0,,,0.0,0.0,,0.0,0.0,98.8125,0.0,0.0,0.7333333333333333,2024-09,1,1,0.28961416824794434
CI-0039,2024-10-01,554.0,47034.6,,0.0,0.0,,Escolar,400,16,1581,83.94690265486726,558,22,554.0,1027.0,55.215053763440864,0.3504111321948134,0.0,0,0,565.0,565.0,0.0,0.0,,565.0,2.798230088495575,98.8125,0.0,0.0,0.7333333333333333,2024-10,0,0,0.28683111954459206
CI-0039,2024-11-01,716.0,60788.4,,0.0,0.0,,Escolar,400,16,1581,84.7721179624665,558,22,716.0,865.0,46.50537634408602,0.4528779253636938,0.0,0,0,559.5,559.5,7.7781745930520225,0.01390200999651836,-11.0,554.0,2.8257372654155497,98.8125,0.0,0.0,0.7333333333333333,2024-11,0,0,0.329903138311622
CI-0039,2024-12-01,622.0,52807.8,,0.0,0.0,,Escolar,400,16,1581,77.54223433242508,558,22,622.0,959.0,51.55913978494623,0.3934218848829854,0.0,0,0,611.6666666666666,611.6666666666666,90.52255704150947,0.147993281266773,75.5,716.0,2.5847411444141692,98.8125,0.0,0.0,0.7333333333333333,2024-12,0,0,0.32623441280987675
CI-0039,2025-01-01,1306.0,110879.4,,0.0,0.0,,Escolar,400,16,1581,77.21611721611723,558,22,1306.0,275.0,14.78494623655914,0.8260594560404807,0.0,0,0,630.6666666666666,614.25,74.09172243465079,0.12062144474505623,19.0,622.0,2.573870573870574,98.8125,0.0,0.0,0.7333333333333333,2025-01,0,0,0.4951836657946174
CI-0039,2025-02-01,1342.0,113935.8,,0.0,0.0,,Escolar,400,16,1581,63.021525378687215,558,22,1342.0,239.0,12.849462365591398,0.8488298545224542,0.0,0,0,881.3333333333334,752.6,315.94429888826926,0.41980374553317734,250.66666666666666,1306.0,2.100717512622907,98.8125,0.0,0.0,0.7333333333333333,2025-02,0,0,0.549169170305625
CI-0039,2025-03-01,554.0,47034.6,,0.0,0.0,,Escolar,400,16,1581,55.74534769833497,558,22,554.0,1027.0,55.215053763440864,0.3504111321948134,0.0,0,0,1090.0,850.8333333333334,371.1541009697544,0.43622421269706685,208.66666666666666,1342.0,1.8581782566111655,98.8125,0.0,0.0,0.7333333333333333,2025-03,0,0,0.3522647514491521
CI-0039,2025-04-01,588.0,49921.2,,0.0,0.0,,Escolar,400,16,1581,55.86572438162544,558,22,588.0,993.0,53.38709677419354,0.3719165085388994,0.0,0,0,1067.3333333333333,849.0,372.87155965560044,0.43918911620212064,-22.666666666666668,554.0,1.862190812720848,98.8125,0.0,0.0,0.7333333333333333,2025-04,0,0,0.3613116375125445
CI-0039,2025-05-01,627.0,53232.3,,0.0,0.0,,Escolar,400,16,1581,55.49531981279251,558,22,627.0,954.0,51.29032258064516,0.396584440227704,0.0,0,0,828.0,854.6666666666666,367.7143819143693,0.43024303656127455,-239.33333333333334,588.0,1.8498439937597504,98.8125,0.0,0.0,0.7333333333333333,2025-05,0,0,0.36983689824193944
CI-0039,2025-06-01,513.0,43553.7,,0.0,0.0,,Escolar,400,16,1581,56.47549116888271,558,22,513.0,1068.0,57.41935483870968,0.3244781783681214,0.0,0,0,589.6666666666666,839.8333333333334,376.1257325239349,0.447857589828063,-238.33333333333334,627.0,1.8825163722960905,98.8125,0.0,0.0,0.7333333333333333,2025-06,0,0,0.3436365764881247
CI-0039,2025-07-01,573.0,48647.7,,0.0,0.0,,Escolar,400,16,1581,57.724137931034484,558,22,573.0,1008.0,54.193548387096776,0.3624288425047438,0.0,0,0,576.0,821.6666666666666,391.086009295483,0.47596674559287994,-13.666666666666666,513.0,1.9241379310344828,98.8125,0.0,0.0,0.7333333333333333,2025-07,0,0,0.3630332155074962
CI-0039,2025-08-01,590.0,50091.0,,0.0,0.0,,Escolar,400,16,1581,67.80557541100787,558,22,590.0,991.0,53.27956989247312,0.3731815306767868,0.0,0,0,571.0,699.5,317.00141955518103,0.453182872845148,-5.0,573.0,2.2601858470335956,98.8125,0.0,0.0,0.7333333333333333,2025-08,0,0,0.3639167098641536
CI-0039,2025-09-01,580.0,49242.0,,0.0,0.0,1049.0,Escolar,400,16,1581,82.6066763425254,558,22,580.0,1001.0,53.81720430107527,0.3668564199873498,0.0,0,0,558.6666666666666,574.1666666666666,38.42611958897946,0.06692502686034159,-12.333333333333334,590.0,2.75355587808418,98.8125,0.0,0.0,0.7333333333333333,2025-09,0,0,0.30344798869065787
CI-0039,2025-10-01,570.0,48393.0,,0.0,0.0,1620.0,Escolar,400,16,1581,81.98789974070874,558,22,570.0,1011.0,54.354838709677416,0.3605313092979127,0.0,0,0,581.0,578.5,37.14162085854475,0.06420332041235047,22.333333333333332,580.0,2.732929991356958,98.8125,0.0,0.0,0.7333333333333333,2025-10,0,0,0.30050968844768433
CI-0039,2025-11-01,831.0,70551.9,,0.0,0.0,1443.0,Escolar,400,16,1581,82.41529105125977,558,22,831.0,750.0,40.32258064516129,0.5256166982922201,0.0,0,0,580.0,575.5,36.94725970894033,0.06420027751336287,-1.0,570.0,2.747176368375326,98.8125,0.0,0.0,0.7333333333333333,2025-11,0,0,0.36654338761055916
CI-0039,2025-12-01,634.0,53826.6,,0.0,0.0,1280.0,Escolar,400,16,1581,77.81788351107465,558,22,634.0,947.0,50.913978494623656,0.4010120177103099,0.0,0,0,660.3333333333334,609.5,111.81905025531158,0.18346029574292302,80.33333333333333,831.0,2.593929450369155,98.8125,0.0,0.0,0.7333333333333333,2025-12,0,0,0.33459051811222906
CI-0039,2026-01-01,1275.0,108247.5,,0.0,0.0,882.0,Escolar,400,16,1581,75.32556908417152,558,22,1275.0,306.0,16.451612903225804,0.8064516129032258,0.0,0,0,678.3333333333334,629.6666666666666,101.356137784875,0.16096792660382478,18.0,634.0,2.5108523028057173,98.8125,0.0,0.0,0.7333333333333333,2026-01,0,0,0.4933925008185307
CI-0039,2026-02-01,1273.0,108077.7,,0.0,0.0,2149.0,Escolar,400,16,1581,63.52232142857144,558,22,1273.0,308.0,16.559139784946236,0.8051865907653384,0.0,0,0,913.3333333333334,746.6666666666666,276.57741532284706,0.3704161812359559,235.0,1275.0,2.1174107142857146,98.8125,0.0,0.0,0.7333333333333333,2026-02,0,0,0.5243037301581954
CI-0039,2026-03-01,600.0,50940.0,,0.0,0.0,1059.0,Escolar,400,16,1581,55.119116792562465,558,22,600.0,981.0,52.74193548387097,0.3795066413662239,0.0,0,0,1060.6666666666667,860.5,333.8291479185123,0.3879478767211067,147.33333333333334,1273.0,1.8373038930854155,98.8125,0.0,0.0,0.7333333333333333,2026-03,0,0,0.35666150472132224
CI-0039,2026-04-01,643.0,54590.7,,0.0,0.0,935.0,Escolar,400,16,1581,54.906424850472696,558,22,643.0,938.0,50.43010752688172,0.4067046173308032,0.0,0,0,1049.3333333333333,863.8333333333334,330.55191221148107,0.38265704674298406,-11.333333333333334,600.0,1.8302141616824232,98.8125,0.0,0.0,0.7333333333333333,2026-04,0,0,0.36674707061043554
CI-0039,2026-05-01,612.0,51958.8,,0.0,0.0,1323.0,Escolar,400,16,1581,54.14383561643836,558,22,612.0,969.0,52.096774193548384,0.3870967741935484,0.0,0,0,838.6666666666666,876.0,318.7048791593879,0.3638183552047807,-210.66666666666666,643.0,1.8047945205479452,98.8125,0.0,0.0,0.7333333333333333,2026-05,0,0,0.3560781296248031
CI-0039,2026-06-01,640.0,54336.0,,0.0,0.0,1283.0,Escolar,400,16,1581,56.49791542584872,558,22,640.0,941.0,50.59139784946237,0.4048070841239721,0.0,0,0,618.3333333333334,839.5,336.9099286159433,0.4013221305728925,-220.33333333333334,612.0,1.8832638475282906,98.8125,0.0,0.0,0.7333333333333333,2026-06,0,0,0.3687878199021894
CI-0039,2026-07-01,665.0,56458.5,,0.0,0.0,910.0,Escolar,400,16,1581,56.43069601427721,558,22,665.0,916.0,49.247311827956985,0.4206198608475648,0.0,0,0,631.6666666666666,840.5,336.1861091716908,0.39998347313705035,13.333333333333334,640.0,1.881023200475907,98.8125,0.0,0.0,0.7333333333333333,2026-07,0,0,0.3749121319762502
CI-0039,2026-08-01,600.0,50940.0,,0.0,0.0,2158.0,Escolar,400,16,1581,64.19580419580419,558,22,600.0,981.0,52.74193548387097,0.3795066413662239,0.0,0,0,639.0,738.8333333333334,262.7161332439761,0.35558240457113843,7.333333333333333,665.0,2.1398601398601396,98.8125,0.0,0.0,0.7333333333333333,2026-08,0,0,0.35180668389882697
CI-0039,2026-10-01,,,575.0,0.0,0.0,,Escolar,400,16,1581,75.68617021276597,558,22,575.0,1006.0,54.08602150537634,0.3636938646426312,0.0,0,0,635.0,626.6666666666666,26.650828630016804,0.04252791802662256,-4.0,600.0,2.522872340425532,98.8125,0.0,0.0,0.7333333333333333,2026-10,0,0,0.2985234002277125
CI-0039,2026-11-01,,,681.0,0.0,0.0,,Escolar,400,16,1581,75.04746835443038,558,22,681.0,900.0,48.38709677419354,0.4307400379506641,0.0,0,0,632.5,632.0,25.971137826437744,0.041093572510186305,-20.0,0.0,2.5015822784810124,98.8125,0.0,0.0,0.7333333333333333,2026-11,0,0,0.32512671772346025
CI-0039,2026-12-01,,,658.0,0.0,0.0,,Escolar,400,16,1581,75.37544696066746,558,22,658.0,923.0,49.623655913978496,0.4161922833649589,0.0,0,0,600.0,629.25,29.136174537272915,0.04630301873225731,-65.0,0.0,2.512514898688915,98.8125,0.0,0.0,0.7333333333333333,2026-12,0,0,0.32008903282248885
CI-0040,2024-09-01,654.0,84954.59999999999,,0.0,0.0,,Executivo,200,19,2233,0.0,609,25,654.0,1579.0,77.78325123152709,0.2928795342588446,0.0,0,0,,,0.0,0.0,,0.0,0.0,117.52631578947368,0.0,0.0,0.8333333333333334,2024-09,1,1,0.2838184803702045
CI-0040,2024-10-01,534.0,69366.6,,0.0,0.0,,Executivo,200,19,2233,102.43119266055045,609,25,534.0,1699.0,83.69458128078817,0.2391401701746529,0.0,0,0,654.0,654.0,0.0,0.0,,654.0,3.414373088685015,117.52631578947368,0.0,0.0,0.8333333333333334,2024-10,0,1,0.26232273473652784
CI-0040,2024-11-01,766.0,99503.4,,0.0,0.0,,Executivo,200,19,2233,112.77777777777777,609,25,766.0,1467.0,72.26600985221674,0.3430362740707568,0.0,0,0,594.0,594.0,84.8528137423857,0.14284985478516113,-120.0,534.0,3.759259259259259,117.52631578947368,0.0,0.0,0.8333333333333334,2024-11,0,1,0.3253086545127436
CI-0040,2024-12-01,570.0,74043.0,,0.0,0.0,,Executivo,200,19,2233,102.85056294779938,609,25,570.0,1663.0,81.92118226600985,0.2552619793999104,0.0,0,0,651.3333333333334,651.3333333333334,116.02298622830448,0.17813150393291372,56.0,766.0,3.428352098259979,117.52631578947368,0.0,0.0,0.8333333333333334,2024-12,0,1,0.29549118401656793
CI-0040,2025-01-01,552.0,71704.8,,0.0,0.0,,Executivo,200,19,2233,106.1648177496038,609,25,552.0,1681.0,82.80788177339902,0.2472010747872816,0.0,0,0,623.3333333333334,631.0,103.09219175087897,0.16337906775099678,-28.0,570.0,3.5388272583201266,117.52631578947368,0.0,0.0,0.8333333333333334,2025-01,0,1,0.29005395674422885
CI-0040,2025-02-01,559.0,72614.1,,0.0,0.0,,Executivo,200,19,2233,108.89141742522756,609,25,559.0,1674.0,82.46305418719211,0.2503358710255262,0.0,0,0,629.3333333333334,615.2,96.01666522015853,0.1560739031537037,6.0,552.0,3.629713914174252,117.52631578947368,0.0,0.0,0.8333333333333334,2025-02,0,1,0.2902121005499327
CI-0040,2025-03-01,527.0,68457.3,,0.0,0.0,,Executivo,200,19,2233,110.57496561210453,609,25,527.0,1706.0,84.03940886699507,0.2360053739364084,0.0,0,0,560.3333333333334,605.8333333333334,88.89188189405526,0.1467266276105451,-69.0,559.0,3.685832187070151,117.52631578947368,0.0,0.0,0.8333333333333334,2025-03,0,1,0.2830778103828118
CI-0040,2025-04-01,538.0,69886.2,,0.0,0.0,,Executivo,200,19,2233,114.5781071835804,609,25,538.0,1695.0,83.4975369458128,0.2409314823107926,0.0,0,0,546.0,584.6666666666666,90.23894207417699,0.1543425463070302,-14.333333333333334,527.0,3.81927023945268,117.52631578947368,0.0,0.0,0.8333333333333334,2025-04,0,1,0.28619064153703827
CI-0040,2025-05-01,519.0,67418.1,,0.0,0.0,,Executivo,200,19,2233,114.44760820045558,609,25,519.0,1714.0,84.43349753694581,0.2324227496641289,0.0,0,0,541.3333333333334,585.3333333333334,89.80348916755223,0.15342281748442863,-4.666666666666667,538.0,3.8149202733485192,117.52631578947368,0.0,0.0,0.8333333333333334,2025-05,0,1,0.28264918915498255
CI-0040,2025-06-01,500.0,64950.0,,0.0,0.0,,Executivo,200,19,2233,123.10566615620216,609,25,500.0,1733.0,85.36945812807882,0.2239140170174653,0.0,0,0,528.0,544.1666666666666,19.569534145366752,0.03596239046621762,-13.333333333333334,519.0,4.103522205206739,117.52631578947368,0.0,0.0,0.8333333333333334,2025-06,0,1,0.26162663204358544
CI-0040,2025-07-01,479.0,62222.1,,0.0,0.0,,Executivo,200,19,2233,125.80281690140845,609,25,479.0,1754.0,86.4039408866995,0.2145096283027317,0.0,0,0,519.0,532.5,21.824298385057222,0.04098459790621074,-9.0,500.0,4.193427230046948,117.52631578947368,0.0,0.0,0.8333333333333334,2025-07,0,1,0.258618207673691
CI-0040,2025-08-01,422.0,54817.8,,0.0,0.0,,Executivo,200,19,2233,128.74439461883406,609,25,422.0,1811.0,89.21182266009852,0.1889834303627407,0.0,0,0,499.3333333333333,520.3333333333334,28.196926546463917,0.05419012148583712,-19.666666666666668,479.0,4.291479820627802,117.52631578947368,0.0,0.0,0.8333333333333334,2025-08,0,1,0.2503885570346385
CI-0040,2025-09-01,454.0,58974.6,,0.0,0.0,2343.0,Executivo,200,19,2233,134.6532663316583,609,25,454.0,1779.0,87.63546798029557,0.2033139274518584,0.0,0,0,467.0,497.5,42.477052628448945,0.08538101030844009,-32.333333333333336,422.0,4.488442211055276,117.52631578947368,0.0,0.0,0.8333333333333334,2025-09,0,1,0.26079938919367607
CI-0040,2025-10-01,435.0,56506.5,,0.0,0.0,2433.0,Executivo,200,19,2233,138.02884615384616,609,25,435.0,1798.0,88.57142857142858,0.1948051948051948,0.0,0,0,451.6666666666667,485.3333333333333,42.79096477840493,0.08816819665880136,-15.333333333333334,454.0,4.600961538461538,117.52631578947368,0.0,0.0,0.8333333333333334,2025-10,0,1,0.2578139740875648
CI-0040,2025-11-01,612.0,79498.8,,0.0,0.0,1842.0,Executivo,200,19,2233,143.09006763972945,609,25,612.0,1621.0,79.85221674876848,0.2740707568293775,0.0,0,0,437.0,468.1666666666667,37.80696584846098,0.08075535603088853,-14.666666666666666,435.0,4.769668921324315,117.52631578947368,0.0,0.0,0.8333333333333334,2025-11,0,1,0.288408272803051
CI-0040,2025-12-01,419.0,54428.1,,0.0,0.0,2375.0,Executivo,200,19,2233,138.50447966919367,609,25,419.0,1814.0,89.35960591133005,0.1876399462606359,0.0,0,0,500.3333333333333,483.6666666666667,69.00627990745981,0.14267321827869017,63.333333333333336,612.0,4.616815988973122,117.52631578947368,0.0,0.0,0.8333333333333334,2025-12,0,1,0.2631236279127246
CI-0040,2026-01-01,433.0,56246.7,,0.0,0.0,1529.0,Executivo,200,19,2233,142.48138957816377,609,25,433.0,1800.0,88.66995073891626,0.1939095387371249,0.0,0,0,488.6666666666667,470.1666666666667,72.98059102711278,0.15522280969963725,-11.666666666666666,419.0,4.749379652605459,117.52631578947368,0.0,0.0,0.8333333333333334,2026-01,0,1,0.26751390361646227
CI-0040,2026-02-01,365.0,47413.5,,0.0,0.0,2043.0,Executivo,200,19,2233,144.84324324324325,609,25,365.0,1868.0,92.01970443349754,0.1634572324227496,0.0,0,1,488.0,462.5,74.27179814707618,0.16058767166935392,-0.6666666666666666,433.0,4.8281081081081085,117.52631578947368,0.0,0.0,0.8333333333333334,2026-02,0,1,0.2561377103861696
CI-0040,2026-03-01,350.0,45465.0,,0.0,0.0,1862.0,Executivo,200,19,2233,147.88079470198676,609,25,350.0,1883.0,92.75862068965516,0.1567398119122257,0.0,0,1,405.6666666666667,453.0,83.55357562666023,0.18444497930830073,-82.33333333333333,365.0,4.929359823399558,117.52631578947368,0.0,0.0,0.8333333333333334,2026-03,0,1,0.25702933832780206
CI-0040,2026-04-01,370.0,48063.0,,0.0,0.0,1342.0,Executivo,200,19,2233,153.76434583014537,609,25,370.0,1863.0,91.77339901477832,0.1656963725929243,0.0,0,1,382.6666666666667,435.6666666666667,93.50008912651742,0.21461382354977218,-23.0,350.0,5.125478194338179,117.52631578947368,0.0,0.0,0.8333333333333334,2026-04,0,1,0.26513728923630225
CI-0040,2026-05-01,352.0,45724.8,,0.0,0.0,2435.0,Executivo,200,19,2233,157.68536681051393,609,25,352.0,1881.0,92.66009852216747,0.1576354679802955,0.0,0,1,361.6666666666667,424.8333333333333,97.28189279956833,0.2289883706541428,-21.0,370.0,5.256178893683797,117.52631578947368,0.0,0.0,0.8333333333333334,2026-05,0,1,0.2640691094569063
CI-0040,2026-06-01,354.0,45984.6,,0.0,0.0,2816.0,Executivo,200,19,2233,175.59633027522935,609,25,354.0,1879.0,92.5615763546798,0.1585311240483654,0.0,0,1,357.3333333333333,381.5,35.56824426366923,0.09323261930188527,-4.333333333333333,352.0,5.853211009174312,117.52631578947368,0.0,0.0,0.8333333333333334,2026-06,0,1,0.24406400918129564
CI-0040,2026-07-01,309.0,40139.1,,0.0,0.0,2292.0,Executivo,200,19,2233,180.72841726618705,609,25,309.0,1924.0,94.77832512315273,0.1383788625167935,0.0,0,1,358.6666666666667,370.6666666666667,31.53199433379858,0.08506833003722637,1.3333333333333333,354.0,6.024280575539568,117.52631578947368,0.0,0.0,0.8333333333333334,2026-07,0,1,0.23477846117896806
CI-0040,2026-08-01,285.0,37021.5,,0.0,0.0,1732.0,Executivo,200,19,2233,191.4,609,25,285.0,1948.0,95.96059113300493,0.1276309896999552,0.0,0,1,338.3333333333333,350.0,21.568495543269602,0.06162427298077029,-20.333333333333332,309.0,6.38,117.52631578947368,0.0,0.0,0.8333333333333334,2026-08,0,1,0.22696270349376432
CI-0040,2026-10-01,,,627.0,0.0,0.0,,Executivo,200,19,2233,198.98019801980195,609,25,627.0,1606.0,79.11330049261085,0.2807881773399014,0.0,0,0,316.0,336.6666666666667,32.43249399393623,0.0963341405760482,-22.333333333333332,285.0,6.632673267326732,117.52631578947368,0.0,0.0,0.8333333333333334,2026-10,0,1,0.2934320586890345
CI-0040,2026-11-01,,,743.0,0.0,0.0,,Executivo,200,19,2233,200.5688622754491,609,25,743.0,1490.0,73.39901477832512,0.3327362292879534,0.0,0,0,297.0,334.0,35.51760127035684,0.10634012356394264,-34.5,0.0,6.68562874251497,117.52631578947368,0.0,0.0,0.8333333333333334,2026-11,0,1,0.31571217691643944
CI-0040,2026-12-01,,,719.0,0.0,0.0,,Executivo,200,19,2233,206.12307692307692,609,25,719.0,1514.0,74.58128078817734,0.321988356471115,0.0,0,0,285.0,325.0,33.793490497432714,0.10397997076133143,-24.0,0.0,6.8707692307692305,117.52631578947368,0.0,0.0,0.8333333333333334,2026-12,0,1,0.31105900486931237
CI-0041,2024-09-01,603.0,42149.7,,0.0,0.0,,Escolar,400,7,132,0.0,660,21,603.0,-471.0,-21.40909090909091,4.568181818181818,0.0,1,0,,,0.0,0.0,,0.0,0.0,18.857142857142858,0.0,0.0,0.7,2024-09,1,1,1.9672727272727273
CI-0041,2024-10-01,651.0,45504.9,,0.0,0.0,,Escolar,400,7,132,6.567164179104478,660,21,651.0,-519.0,-23.59090909090909,4.931818181818182,0.0,1,0,603.0,603.0,0.0,0.0,,603.0,0.21890547263681592,18.857142857142858,0.0,0.0,0.7,2024-10,1,0,2.112727272727273
CI-0041,2024-11-01,912.0,63748.8,,0.0,0.0,,Escolar,400,7,132,6.315789473684211,660,21,912.0,-780.0,-35.45454545454545,6.909090909090909,0.0,1,0,627.0,627.0,33.94112549695428,0.05413257655016631,48.0,651.0,0.21052631578947367,18.857142857142858,0.0,0.0,0.7,2024-11,1,0,2.9117562501188887
CI-0041,2024-12-01,654.0,45714.6,,0.0,0.0,,Escolar,400,7,132,5.484764542936288,660,21,654.0,-522.0,-23.727272727272727,4.954545454545454,0.0,1,0,722.0,722.0,166.28589837986863,0.23031287864247732,154.5,912.0,0.18282548476454294,18.857142857142858,0.0,0.0,0.7,2024-12,1,0,2.1563651136145534
CI-0041,2025-01-01,1670.0,116733.0,,0.0,0.0,,Escolar,400,7,132,5.617021276595745,660,21,1670.0,-1538.0,-69.9090909090909,12.651515151515152,0.0,1,0,739.0,705.0,139.96428115772966,0.19853089525919101,17.0,654.0,0.18723404255319148,18.857142857142858,0.0,0.0,0.7,2025-01,1,0,5.23038569489494
CI-0041,2025-02-01,1658.0,115894.2,,0.0,0.0,,Escolar,400,7,132,4.409799554565701,660,21,1658.0,-1526.0,-69.36363636363636,12.56060606060606,0.0,1,0,1078.6666666666667,898.0,448.2605269260277,0.4991765333251979,339.6666666666667,1670.0,0.14699331848552338,18.857142857142858,0.0,0.0,0.7,2025-02,1,0,5.239118904241204
CI-0041,2025-03-01,738.0,51586.2,,0.0,0.0,,Escolar,400,7,132,3.8646714378659723,660,21,738.0,-606.0,-27.545454545454547,5.590909090909091,0.0,1,0,1327.3333333333333,1024.6666666666667,506.9681120806975,0.4947639350169461,248.66666666666666,1658.0,0.12882238126219908,18.857142857142858,0.0,0.0,0.7,2025-03,1,0,2.4505782266161784
CI-0041,2025-04-01,600.0,41940.0,,0.0,0.0,,Escolar,400,7,132,3.78163297787681,660,21,600.0,-468.0,-21.272727272727277,4.545454545454546,0.0,1,0,1355.3333333333333,1047.1666666666667,487.11822658022834,0.46517736105067164,28.0,738.0,0.12605443259589366,18.857142857142858,0.0,0.0,0.7,2025-04,1,0,2.027958422339419
CI-0041,2025-05-01,688.0,48091.2,,0.0,0.0,,Escolar,400,7,132,3.8125802310654686,660,21,688.0,-556.0,-25.272727272727277,5.212121212121212,0.0,1,0,998.6666666666666,1038.6666666666667,495.7816723787464,0.47732510177671345,-356.6666666666667,600.0,0.12708600770218229,18.857142857142858,0.0,0.0,0.7,2025-05,1,0,2.296447250114992
CI-0041,2025-06-01,600.0,41940.0,,0.0,0.0,,Escolar,400,7,132,3.954727030625832,660,21,600.0,-468.0,-21.272727272727277,4.545454545454546,0.0,1,0,675.3333333333334,1001.3333333333334,515.2780479184677,0.5145919253513326,-323.3333333333333,688.0,0.1318242343541944,18.857142857142858,0.0,0.0,0.7,2025-06,1,0,2.035370606984518
CI-0041,2025-07-01,677.0,47322.3,,0.0,0.0,,Escolar,400,7,132,3.9905945582801476,660,21,677.0,-545.0,-24.772727272727277,5.128787878787879,0.0,1,0,629.3333333333334,992.3333333333334,522.9721471232159,0.5270125768792905,-46.0,600.0,0.13301981860933826,18.857142857142858,0.0,0.0,0.7,2025-07,1,0,2.2705670380470453
CI-0041,2025-08-01,761.0,53193.9,,0.0,0.0,,Escolar,400,7,132,4.789356984478935,660,21,761.0,-629.0,-28.59090909090909,5.765151515151516,0.0,1,0,655.0,826.8333333333334,410.69717148608,0.49671095120267683,25.666666666666668,677.0,0.15964523281596452,18.857142857142858,0.0,0.0,0.7,2025-08,1,0,2.520567248741008
CI-0041,2025-09-01,692.0,48370.8,,0.0,0.0,171.0,Escolar,400,7,132,5.846456692913385,660,21,692.0,-560.0,-25.454545454545457,5.242424242424242,0.0,1,0,679.3333333333334,677.3333333333334,67.46159401219737,0.099598810057378,24.333333333333332,761.0,0.19488188976377951,18.857142857142858,0.0,0.0,0.7,2025-09,1,0,2.251909518478304
CI-0041,2025-10-01,631.0,44106.9,,0.0,0.0,137.0,Escolar,400,7,132,5.91338974614236,660,21,631.0,-499.0,-22.681818181818183,4.78030303030303,0.0,1,0,710.0,669.6666666666666,61.54239731003776,0.09190004575914051,30.666666666666668,692.0,0.19711299153807865,18.857142857142858,0.0,0.0,0.7,2025-10,1,0,2.0659062189850834
CI-0041,2025-11-01,1041.0,72765.9,,0.0,0.0,86.0,Escolar,400,7,132,5.868115584094838,660,21,1041.0,-909.0,-41.31818181818181,7.886363636363637,0.0,1,0,694.6666666666666,674.8333333333334,55.53167264423558,0.08228946304406358,-15.333333333333334,631.0,0.19560385280316125,18.857142857142858,0.0,0.0,0.7,2025-11,1,0,3.3068888740020643
CI-0041,2025-12-01,700.0,48930.0,,0.0,0.0,176.0,Escolar,400,7,132,5.397546569741027,660,21,700.0,-568.0,-25.818181818181817,5.303030303030303,0.0,1,0,788.0,733.6666666666666,160.34670768889066,0.21855525809480783,93.33333333333333,1041.0,0.17991821899136756,18.857142857142858,0.0,0.0,0.7,2025-12,1,0,2.2939954099263424
CI-0041,2026-01-01,1877.0,131202.30000000002,,0.0,0.0,187.0,Escolar,400,7,132,5.277654375832963,660,21,1877.0,-1745.0,-79.31818181818183,14.219696969696969,0.0,1,0,790.6666666666666,750.3333333333334,148.42865850861332,0.19781695936287869,2.6666666666666665,700.0,0.17592181252776543,18.857142857142858,0.0,0.0,0.7,2026-01,1,0,5.857551331783219
CI-0041,2026-02-01,1887.0,131901.3,,0.0,0.0,128.0,Escolar,400,7,132,4.166958961767801,660,21,1887.0,-1755.0,-79.77272727272728,14.295454545454543,0.0,1,0,1206.0,950.3333333333334,476.2678518089023,0.5011587356810617,415.3333333333333,1877.0,0.1388986320589267,18.857142857142858,0.0,0.0,0.7,2026-02,1,0,5.933355628533977
CI-0041,2026-03-01,722.0,50467.8,,0.0,0.0,169.0,Escolar,400,7,132,3.479789103690685,660,21,722.0,-590.0,-26.818181818181817,5.46969696969697,0.0,1,0,1488.0,1138.0,594.0269354162317,0.5219920346364075,282.0,1887.0,0.11599297012302284,18.857142857142858,0.0,0.0,0.7,2026-03,1,0,2.4061775930742493
CI-0041,2026-04-01,701.0,48999.9,,0.0,0.0,119.0,Escolar,400,7,132,3.4645669291338583,660,21,701.0,-569.0,-25.863636363636363,5.3106060606060606,0.0,1,0,1495.3333333333333,1143.0,589.6320886790337,0.5158635946448239,7.333333333333333,722.0,0.11548556430446194,18.857142857142858,0.0,0.0,0.7,2026-04,1,0,2.341621963439148
CI-0041,2026-05-01,715.0,49978.5,,0.0,0.0,119.0,Escolar,400,7,132,3.4295612009237875,660,21,715.0,-583.0,-26.5,5.416666666666667,0.0,1,0,1103.3333333333333,1154.6666666666667,578.0542073773589,0.500624313548521,-392.0,701.0,0.11431870669745958,18.857142857142858,0.0,0.0,0.7,2026-05,1,0,2.3817603136989454
CI-0041,2026-06-01,800.0,55920.0,,0.0,0.0,135.0,Escolar,400,7,132,3.5989094213874586,660,21,800.0,-668.0,-30.363636363636367,6.0606060606060606,0.0,1,0,712.6666666666666,1100.3333333333333,605.5422913939758,0.5503262266531135,-390.6666666666667,715.0,0.11996364737958196,18.857142857142858,0.0,0.0,0.7,2026-06,1,0,2.6467913582403915
CI-0041,2026-07-01,706.0,49349.4,,0.0,0.0,106.0,Escolar,400,7,132,3.5452103849597134,660,21,706.0,-574.0,-26.090909090909093,5.348484848484849,0.0,1,0,738.6666666666666,1117.0,593.5779645505719,0.5314037283353374,26.0,800.0,0.11817367949865712,18.857142857142858,0.0,0.0,0.7,2026-07,1,0,2.3591044986442404
CI-0041,2026-08-01,758.0,52984.2,,0.0,0.0,155.0,Escolar,400,7,132,4.295787380220575,660,21,758.0,-626.0,-28.454545454545453,5.742424242424242,0.0,1,0,740.3333333333334,921.8333333333334,474.22670387343925,0.5144386590563435,1.6666666666666667,706.0,0.14319291267401915,18.857142857142858,0.0,0.0,0.7,2026-08,1,0,2.5141354958281483
CI-0041,2026-10-01,,,680.0,0.0,0.0,,Escolar,400,7,132,5.397546569741027,660,21,680.0,-548.0,-24.90909090909091,5.151515151515151,0.0,1,0,754.6666666666666,733.6666666666666,38.23436499625211,0.05211408223023914,14.333333333333334,758.0,0.17991821899136756,18.857142857142858,0.0,0.0,0.7,2026-10,1,0,2.2084231729405968
CI-0041,2026-11-01,,,805.0,0.0,0.0,,Escolar,400,7,132,5.380434782608695,660,21,805.0,-673.0,-30.590909090909093,6.098484848484849,0.0,1,0,732.0,736.0,42.26700841081554,0.05742800055817329,-21.0,0.0,0.1793478260869565,18.857142857142858,0.0,0.0,0.7,2026-11,1,0,2.5880081394776657
CI-0041,2026-12-01,,,779.0,0.0,0.0,,Escolar,400,7,132,5.317220543806647,660,21,779.0,-647.0,-29.40909090909091,5.901515151515151,0.0,1,0,758.0,744.75,43.26179993173268,0.0580890230704702,52.0,0.0,0.1772406847935549,18.857142857142858,0.0,0.0,0.7,2026-12,1,0,2.5093194140666313
CI-0042,2024-09-01,707.0,67094.3,,0.0,0.0,,Planner,200,10,711,0.0,711,23,707.0,4.0,0.1687763713080168,0.9943741209563994,0.0,0,0,,,0.0,0.0,,0.0,0.0,71.1,0.0,0.0,0.7666666666666667,2024-09,1,1,0.5510829817158931
CI-0042,2024-10-01,682.0,64721.8,,0.0,0.0,,Planner,200,10,711,30.16973125884017,711,23,682.0,29.0,1.2236286919831223,0.959212376933896,0.0,0,0,707.0,707.0,0.0,0.0,,707.0,1.0056577086280056,71.1,0.0,0.0,0.7666666666666667,2024-10,0,0,0.5370182841068918
CI-0042,2024-11-01,1292.0,122610.8,,0.0,0.0,,Planner,200,10,711,30.712742980561558,711,23,1292.0,-581.0,-24.51476793248945,1.8171589310829817,0.0,1,0,694.5,694.5,17.67766952966369,0.025453807818090264,-25.0,682.0,1.0237580993520519,71.1,0.0,0.0,0.7666666666666667,2024-11,1,0,0.8840149769392395
CI-0042,2024-12-01,1284.0,121851.6,,0.0,0.0,,Planner,200,10,711,23.86795971652369,711,23,1284.0,-573.0,-24.17721518987342,1.8059071729957803,0.0,1,0,893.6666666666666,893.6666666666666,345.19318262870337,0.3862661499015704,292.5,1292.0,0.7955986572174563,71.1,0.0,0.0,0.7666666666666667,2024-12,1,0,0.933636125016881
CI-0042,2025-01-01,1058.0,100404.2,,0.0,0.0,,Planner,200,10,711,21.518284993694827,711,23,1058.0,-347.0,-14.641350210970463,1.4880450070323488,0.0,1,0,1086.0,991.25,342.82490671867276,0.34585110387760176,192.33333333333334,1284.0,0.7172761664564943,71.1,0.0,0.0,0.7666666666666667,2025-01,1,0,0.8004290017279132
CI-0042,2025-02-01,659.0,62539.1,,0.0,0.0,,Planner,200,10,711,21.232331276129802,711,23,659.0,52.0,2.1940928270042197,0.9268635724331928,0.0,0,0,1211.3333333333333,1004.6,298.39202402209077,0.29702570577552334,125.33333333333333,1058.0,0.7077443758709934,71.1,0.0,0.0,0.7666666666666667,2025-02,0,0,0.5686326181729391
CI-0042,2025-03-01,710.0,67379.0,,0.0,0.0,,Planner,200,10,711,22.52375923970433,711,23,710.0,1.0,0.0421940928270042,0.9985935302391,0.0,0,0,1000.3333333333334,947.0,301.8887212202536,0.31878428851135543,-211.0,659.0,0.750791974656811,71.1,0.0,0.0,0.7666666666666667,2025-03,0,0,0.6005883887056768
CI-0042,2025-04-01,719.0,68233.1,,0.0,0.0,,Planner,200,10,711,22.511873350923484,711,23,719.0,-8.0,-0.3375527426160337,1.0112517580872011,0.0,1,0,809.0,947.5,301.41383511710274,0.31811486555894747,-191.33333333333334,710.0,0.7503957783641161,71.1,0.0,0.0,0.7666666666666667,2025-04,1,0,0.6055512664020559
CI-0042,2025-05-01,729.0,69182.1,,0.0,0.0,,Planner,200,10,711,22.366305487591752,711,23,729.0,-18.0,-0.7594936708860759,1.0253164556962024,0.0,1,0,696.0,953.6666666666666,295.2102075922624,0.309552821662631,-113.0,719.0,0.7455435162530584,71.1,0.0,0.0,0.7666666666666667,2025-05,1,0,0.6098928388612089
CI-0042,2025-06-01,643.0,61020.7,,0.0,0.0,,Planner,200,10,711,24.80713316534212,711,23,643.0,68.0,2.8691983122362865,0.9043600562587903,0.0,0,0,719.3333333333334,859.8333333333334,252.5560663826286,0.29372676842329354,23.333333333333332,729.0,0.8269044388447373,71.1,0.0,0.0,0.7666666666666667,2025-06,0,0,0.5591363711003435
CI-0042,2025-07-01,780.0,74022.0,,0.0,0.0,,Planner,200,10,711,28.326693227091635,711,23,780.0,-69.0,-2.911392405063291,1.0970464135021096,0.0,1,0,697.0,753.0,153.3244924987527,0.20361818392928646,-22.333333333333332,643.0,0.9442231075697212,71.1,0.0,0.0,0.7666666666666667,2025-07,1,0,0.6226946263235701
CI-0042,2025-08-01,752.0,71364.8,,0.0,0.0,,Planner,200,10,711,30.18396226415095,711,23,752.0,-41.0,-1.729957805907173,1.057665260196906,0.0,1,0,717.3333333333334,706.6666666666666,49.729937328200656,0.07037255282292545,20.333333333333332,780.0,1.0061320754716983,71.1,0.0,0.0,0.7666666666666667,2025-08,1,0,0.5869553203355345
CI-0042,2025-09-01,803.0,76204.7,,0.0,0.0,950.0,Planner,200,10,711,29.53611816293561,711,23,803.0,-92.0,-3.8818565400843887,1.1293952180028128,0.0,1,0,725.0,722.1666666666666,46.27490320537426,0.06407787196682335,7.666666666666667,752.0,0.9845372720978537,71.1,0.0,0.0,0.7666666666666667,2025-09,1,0,0.614703101329482
CI-0042,2025-10-01,831.0,78861.9,,0.0,0.0,957.0,Planner,200,10,711,28.915499322187078,711,23,831.0,-120.0,-5.063291139240506,1.1687763713080168,0.0,1,0,778.3333333333334,737.6666666666666,55.94878610539061,0.075845620567633,53.333333333333336,803.0,0.9638499774062359,71.1,0.0,0.0,0.7666666666666667,2025-10,1,0,0.632220724941685
CI-0042,2025-11-01,1287.0,122136.3,,0.0,0.0,707.0,Planner,200,10,711,28.201851035698546,711,23,1287.0,-576.0,-24.30379746835443,1.810126582278481,0.0,1,0,795.3333333333334,756.3333333333334,66.2168155883892,0.08754977821294296,17.0,831.0,0.9400617011899515,71.1,0.0,0.0,0.7666666666666667,2025-11,1,0,0.8905164329766672
CI-0042,2025-12-01,1358.0,128874.2,,0.0,0.0,537.0,Planner,200,10,711,25.1138147566719,711,23,1358.0,-647.0,-27.29957805907173,1.909985935302391,0.0,1,0,973.6666666666666,849.3333333333334,224.004166627915,0.26374116949911497,178.33333333333334,1287.0,0.8371271585557299,71.1,0.0,0.0,0.7666666666666667,2025-12,1,0,0.956888882879157
CI-0042,2026-01-01,1122.0,106477.8,,0.0,0.0,575.0,Planner,200,10,711,22.02374806401652,711,23,1122.0,-411.0,-17.341772151898734,1.578059071729958,0.0,1,0,1158.6666666666667,968.5,276.3524922992373,0.28534072514118464,185.0,1358.0,0.7341249354672174,71.1,0.0,0.0,0.7666666666666667,2026-01,1,0,0.8273580707964943
CI-0042,2026-02-01,749.0,71080.1,,0.0,0.0,933.0,Planner,200,10,711,20.799609946367625,711,23,749.0,-38.0,-1.6033755274261603,1.0534458509142053,0.0,1,0,1255.6666666666667,1025.5,264.7223073335528,0.25813974386499544,97.0,1122.0,0.6933203315455875,71.1,0.0,0.0,0.7666666666666667,2026-02,1,0,0.6134326352787648
CI-0042,2026-03-01,785.0,74496.5,,0.0,0.0,765.0,Planner,200,10,711,20.809756097560975,711,23,785.0,-74.0,-3.1223628691983123,1.1040787623066104,0.0,1,0,1076.3333333333333,1025.0,265.34430463079474,0.2588724923227266,-179.33333333333334,749.0,0.6936585365853658,71.1,0.0,0.0,0.7666666666666667,2026-03,1,0,0.6337957121043866
CI-0042,2026-04-01,777.0,73737.3,,0.0,0.0,884.0,Planner,200,10,711,20.870841487279844,711,23,777.0,-66.0,-2.7848101265822787,1.0928270042194093,0.0,1,0,885.3333333333334,1022.0,268.4399374161751,0.2626613869042809,-191.0,785.0,0.6956947162426614,71.1,0.0,0.0,0.7666666666666667,2026-04,1,0,0.6298633430567392
CI-0042,2026-05-01,787.0,74686.3,,0.0,0.0,672.0,Planner,200,10,711,21.056268509378086,711,23,787.0,-76.0,-3.2067510548523206,1.1068917018284108,0.0,1,0,770.3333333333334,1013.0,276.89637050709064,0.2733429126427351,-115.0,777.0,0.7018756169792695,71.1,0.0,0.0,0.7666666666666667,2026-05,1,0,0.6370914509611079
CI-0042,2026-06-01,743.0,70510.7,,0.0,0.0,950.0,Planner,200,10,711,22.943707422015063,711,23,743.0,-32.0,-1.350210970464135,1.0450070323488043,0.0,1,0,783.0,929.6666666666666,252.06798024871526,0.27113802106351587,12.666666666666666,787.0,0.764790247400502,71.1,0.0,0.0,0.7666666666666667,2026-06,1,0,0.6120068494323825
CI-0042,2026-07-01,849.0,80570.1,,0.0,0.0,751.0,Planner,200,10,711,25.786822486399355,711,23,849.0,-138.0,-5.822784810126582,1.1940928270042197,0.0,1,0,769.0,827.1666666666666,145.62199925377607,0.17604916291006578,-14.0,743.0,0.8595607495466452,71.1,0.0,0.0,0.7666666666666667,2026-07,1,0,0.6573778385715311
CI-0042,2026-08-01,843.0,80000.7,,0.0,0.0,518.0,Planner,200,10,711,27.287846481876336,711,23,843.0,-132.0,-5.569620253164557,1.1856540084388183,0.0,1,0,793.0,781.6666666666666,37.83472831495926,0.048402637503146176,24.0,849.0,0.9095948827292112,71.1,0.0,0.0,0.7666666666666667,2026-08,1,0,0.6348553323343326
CI-0042,2026-10-01,,,732.0,0.0,0.0,,Planner,200,10,711,26.751672240802677,711,23,732.0,-21.0,-0.8860759493670887,1.029535864978903,0.0,1,0,811.6666666666666,797.3333333333334,40.93735050863418,0.05134283090547765,18.666666666666668,843.0,0.8917224080267558,71.1,0.0,0.0,0.7666666666666667,2026-10,1,0,0.5728491039607163
CI-0042,2026-11-01,,,1301.0,0.0,0.0,,Planner,200,10,711,26.66916729182296,711,23,1301.0,-590.0,-24.89451476793249,1.829817158931083,0.0,1,0,846.0,799.8,45.26809030652971,0.05659926269883685,50.0,0.0,0.8889722430607653,71.1,0.0,0.0,0.7666666666666667,2026-11,1,0,0.893750086310592
CI-0042,2026-12-01,,,1258.0,0.0,0.0,,Planner,200,10,711,26.4804469273743,711,23,1258.0,-547.0,-23.08016877637131,1.769338959212377,0.0,1,0,843.0,805.5,50.156421988284144,0.06226743884330744,-6.0,0.0,0.88268156424581,71.1,0.0,0.0,0.7666666666666667,2026-12,1,0,0.8704090328447802
CI-0043,2024-09-01,800.0,23920.0,,0.0,0.0,,Refis,500,13,2159,0.0,762,10,800.0,1359.0,53.503937007874015,0.3705419175544233,0.0,0,0,,,0.0,0.0,,0.0,0.0,166.07692307692307,0.0,0.0,0.3333333333333333,2024-09,1,1,0.214883433688436
CI-0043,2024-10-01,770.0,23023.0,,0.0,0.0,,Refis,500,13,2159,80.9625,762,10,770.0,1389.0,54.68503937007874,0.3566465956461325,0.0,0,0,800.0,800.0,0.0,0.0,,800.0,2.69875,166.07692307692307,0.0,0.0,0.3333333333333333,2024-10,0,0,0.2093253049251197
CI-0043,2024-11-01,1057.0,31604.3,,0.0,0.0,,Refis,500,13,2159,82.50955414012739,762,10,1057.0,1102.0,43.38582677165354,0.4895785085687818,0.0,0,0,785.0,785.0,21.213203435596427,0.027023189089931753,-30.0,770.0,2.7503184713375797,166.07692307692307,0.0,0.0,0.3333333333333333,2024-11,0,0,0.26655154845766915
CI-0043,2024-12-01,778.0,23262.2,,0.0,0.0,,Refis,500,13,2159,73.9665017129806,762,10,778.0,1381.0,54.37007874015748,0.3603520148216767,0.0,0,0,875.6666666666666,875.6666666666666,157.7540279464627,0.18015305818020105,128.5,1057.0,2.465550057099353,166.07692307692307,0.0,0.0,0.3333333333333333,2024-12,0,0,0.23783043132236753
CI-0043,2025-01-01,803.0,24009.7,,0.0,0.0,,Refis,500,13,2159,76.08810572687224,762,10,803.0,1356.0,53.38582677165354,0.3719314497452524,0.0,0,0,868.3333333333334,851.25,137.75189048914478,0.1618230725276297,-7.333333333333333,778.0,2.5362701908957415,166.07692307692307,0.0,0.0,0.3333333333333333,2025-01,0,0,0.2397127074439121
CI-0043,2025-02-01,780.0,23322.0,,0.0,0.0,,Refis,500,13,2159,76.96055133079848,762,10,780.0,1379.0,54.29133858267716,0.3612783696155627,0.0,0,0,879.3333333333334,841.6,121.23242140615687,0.1440499303780381,11.0,803.0,2.565351711026616,166.07692307692307,0.0,0.0,0.3333333333333333,2025-02,0,0,0.23278550406959747
CI-0043,2025-03-01,792.0,23680.8,,0.0,0.0,,Refis,500,13,2159,77.91098636728148,762,10,792.0,1367.0,53.81889763779528,0.3668364983788791,0.0,0,0,787.0,831.3333333333334,111.31157472009221,0.13389523823587676,-92.33333333333333,780.0,2.5970328789093826,166.07692307692307,0.0,0.0,0.3333333333333333,2025-03,0,0,0.2334855517535998
CI-0043,2025-04-01,849.0,25385.1,,0.0,0.0,,Refis,500,13,2159,78.03614457831326,762,10,849.0,1310.0,51.574803149606296,0.3932376100046317,0.0,0,0,791.6666666666666,830.0,111.80876530934417,0.13470935579439056,4.666666666666667,792.0,2.6012048192771084,166.07692307692307,0.0,0.0,0.3333333333333333,2025-04,0,0,0.2441681140376779
CI-0043,2025-05-01,775.0,23172.5,,0.0,0.0,,Refis,500,13,2159,76.81755287606248,762,10,775.0,1384.0,54.48818897637796,0.3589624826308476,0.0,0,0,807.0,843.1666666666666,107.91370008792522,0.1279862029111586,15.333333333333334,849.0,2.560585095868749,166.07692307692307,0.0,0.0,0.3333333333333333,2025-05,0,0,0.2294495901556795
CI-0043,2025-06-01,766.0,22903.4,,0.0,0.0,,Refis,500,13,2159,81.35231316725978,762,10,766.0,1393.0,54.84251968503937,0.3547938860583604,0.0,0,0,805.3333333333334,796.1666666666666,27.909974322214403,0.03505544189518242,-1.6666666666666667,775.0,2.711743772241993,166.07692307692307,0.0,0.0,0.3333333333333333,2025-06,0,0,0.2138425373742882
CI-0043,2025-07-01,738.0,22066.2,,0.0,0.0,,Refis,500,13,2159,81.55718782791186,762,10,738.0,1421.0,55.944881889763785,0.3418249189439555,0.0,0,0,796.6666666666666,794.1666666666666,29.835660989270327,0.037568513312827276,-8.666666666666666,766.0,2.7185729275970623,166.07692307692307,0.0,0.0,0.3333333333333333,2025-07,0,0,0.20903191124117296
CI-0043,2025-08-01,868.0,25953.2,,0.0,0.0,,Refis,500,13,2159,82.68510638297872,762,10,868.0,1291.0,50.82677165354331,0.4020379805465493,0.0,0,0,759.6666666666666,783.3333333333334,36.94139502870277,0.047159227696216305,-37.0,738.0,2.7561702127659573,166.07692307692307,0.0,0.0,0.3333333333333333,2025-08,0,0,0.23455574303971882
CI-0043,2025-09-01,882.0,26371.8,,0.0,0.0,3024.0,Refis,500,13,2159,81.16541353383458,762,10,882.0,1277.0,50.275590551181104,0.4085224641037517,0.0,0,0,790.6666666666666,798.0,50.378566871240025,0.06313103617949878,31.0,868.0,2.7055137844611528,166.07692307692307,0.0,0.0,0.3333333333333333,2025-09,0,0,0.23954530773509217
CI-0043,2025-10-01,702.0,20989.8,,0.0,0.0,2509.0,Refis,500,13,2159,79.66789667896678,762,10,702.0,1457.0,57.36220472440945,0.3251505326540065,0.0,0,0,829.3333333333334,813.0,60.59702963017253,0.07453509179603017,38.666666666666664,882.0,2.6555965559655594,166.07692307692307,0.0,0.0,0.3333333333333333,2025-10,0,0,0.20790714349767384
CI-0043,2025-11-01,1100.0,32890.0,,0.0,0.0,2018.0,Refis,500,13,2159,82.14331008243501,762,10,1100.0,1059.0,41.69291338582677,0.5094951366373321,0.0,0,0,817.3333333333334,788.5,71.8101664111705,0.09107186608899238,-12.0,702.0,2.7381103360811667,166.07692307692307,0.0,0.0,0.3333333333333333,2025-11,0,0,0.2841255012349484
CI-0043,2025-12-01,803.0,24009.7,,0.0,0.0,2543.0,Refis,500,13,2159,76.86313291139241,762,10,803.0,1356.0,53.38582677165354,0.3719314497452524,0.0,0,0,894.6666666666666,842.6666666666666,144.93400797144432,0.17199447148510005,77.33333333333333,1100.0,2.562104430379747,166.07692307692307,0.0,0.0,0.3333333333333333,2025-12,0,0,0.24123841728753265
CI-0043,2026-01-01,812.0,24278.8,,0.0,0.0,1761.0,Refis,500,13,2159,76.30473198507755,762,10,812.0,1347.0,53.031496062992126,0.3761000463177397,0.0,0,0,868.3333333333334,848.8333333333334,141.77223517553318,0.16702010819815413,-26.333333333333332,803.0,2.543491066169252,166.07692307692307,0.0,0.0,0.3333333333333333,2026-01,0,0,0.24215970142348564
CI-0043,2026-02-01,887.0,26521.3,,0.0,0.0,2363.0,Refis,500,13,2159,75.21192181149604,762,10,887.0,1272.0,50.07874015748031,0.4108383510884669,0.0,0,0,905.0,861.1666666666666,133.15917792877326,0.1546264887889761,36.666666666666664,812.0,2.5070640603832013,166.07692307692307,0.0,0.0,0.3333333333333333,2026-02,0,0,0.25419598042039987
CI-0043,2026-03-01,773.0,23112.7,,0.0,0.0,1785.0,Refis,500,13,2159,74.93636714230621,762,10,773.0,1386.0,54.566929133858274,0.3580361278369615,0.0,0,0,834.0,864.3333333333334,133.57943953568116,0.15454620848709735,-71.0,887.0,2.49787890474354,166.07692307692307,0.0,0.0,0.3333333333333333,2026-03,0,0,0.23306304907451586
CI-0043,2026-04-01,817.0,24428.3,,0.0,0.0,2124.0,Refis,500,13,2159,76.54520386054757,762,10,817.0,1342.0,52.83464566929133,0.3784159333024548,0.0,0,0,824.0,846.1666666666666,138.03393302614649,0.16312854011362596,-10.0,773.0,2.5515067953515858,166.07692307692307,0.0,0.0,0.3333333333333333,2026-04,0,0,0.24250232100469252
CI-0043,2026-05-01,758.0,22664.2,,0.0,0.0,2648.0,Refis,500,13,2159,74.84976887519261,762,10,758.0,1401.0,55.15748031496063,0.3510884668828161,0.0,0,0,825.6666666666666,865.3333333333334,120.93744939706102,0.13975822349429237,1.6666666666666667,817.0,2.4949922958397535,166.07692307692307,0.0,0.0,0.3333333333333333,2026-05,0,0,0.22806578694393695
CI-0043,2026-06-01,822.0,24577.8,,0.0,0.0,2369.0,Refis,500,13,2159,80.1278350515464,762,10,822.0,1337.0,52.63779527559056,0.38073182028717,0.0,0,0,782.6666666666666,808.3333333333334,44.916218303266575,0.0555664556329071,-43.0,758.0,2.6709278350515464,166.07692307692307,0.0,0.0,0.3333333333333333,2026-06,0,0,0.22729436312647078
CI-0043,2026-07-01,777.0,23232.3,,0.0,0.0,2974.0,Refis,500,13,2159,79.81515711645102,762,10,777.0,1382.0,54.40944881889764,0.3598888374247336,0.0,0,0,799.0,811.5,45.13424420548141,0.05561829230496785,16.333333333333332,822.0,2.660505237215034,166.07692307692307,0.0,0.0,0.3333333333333333,2026-07,0,0,0.21896494548230527
CI-0043,2026-08-01,743.0,22215.7,,0.0,0.0,2395.0,Refis,500,13,2159,80.39304923458833,762,10,743.0,1416.0,55.74803149606299,0.3441408059286707,0.0,0,0,785.6666666666666,805.6666666666666,47.26803006966442,0.05866946222962072,-13.333333333333334,777.0,2.6797683078196113,166.07692307692307,0.0,0.0,0.3333333333333333,2026-08,0,0,0.21312340837257807
CI-0043,2026-10-01,,,785.0,0.0,0.0,,Refis,500,13,2159,82.86140724946695,762,10,785.0,1374.0,54.09448818897638,0.3635942566002779,0.0,0,0,780.6666666666666,781.6666666666666,31.70909438420947,0.040566005608796765,-5.0,743.0,2.762046908315565,166.07692307692307,0.0,0.0,0.3333333333333333,2026-10,0,0,0.21818927014809736
CI-0043,2026-11-01,,,930.0,0.0,0.0,,Refis,500,13,2159,82.6780699514935,762,10,930.0,1229.0,48.38582677165355,0.4307549791570171,0.0,0,0,760.0,783.4,35.132605938074775,0.044846318532135276,-39.5,0.0,2.7559356650497833,166.07692307692307,0.0,0.0,0.3333333333333333,2026-11,0,0,0.2456956061092938
CI-0043,2026-12-01,,,899.0,0.0,0.0,,Refis,500,13,2159,83.57419354838709,762,10,899.0,1260.0,49.60629921259842,0.4163964798517832,0.0,0,0,743.0,775.0,34.283134823603845,0.04423630299819851,-34.0,0.0,2.785806451612903,166.07692307692307,0.0,0.0,0.3333333333333333,2026-12,0,0,0.23986070405710974
CI-0044,2024-09-01,724.0,21647.6,,0.0,0.0,,Acessórios,300,16,2981,0.0,813,13,724.0,2257.0,83.28413284132841,0.2428715196242871,0.0,0,0,,,0.0,0.0,,0.0,0.0,186.3125,0.0,0.0,0.43333333333333335,2024-09,1,1,0.18381527451638152
CI-0044,2024-10-01,715.0,21378.5,,0.0,0.0,,Acessórios,300,16,2981,123.52209944751382,813,13,715.0,2266.0,83.61623616236162,0.2398523985239852,0.0,0,0,724.0,724.0,0.0,0.0,,724.0,4.117403314917127,186.3125,0.0,0.0,0.43333333333333335,2024-10,0,1,0.18260762607626074
CI-0044,2024-11-01,1141.0,34115.9,,0.0,0.0,,Acessórios,300,16,2981,124.2946490618485,813,13,1141.0,1840.0,67.89667896678966,0.3827574639382757,0.0,0,0,719.5,719.5,6.363961030678928,0.008844977110047154,-9.0,715.0,4.143154968728283,186.3125,0.0,0.0,0.43333333333333335,2024-11,0,1,0.24109639880848405
CI-0044,2024-12-01,776.0,23202.4,,0.0,0.0,,Acessórios,300,16,2981,103.98837209302326,813,13,776.0,2205.0,81.36531365313652,0.2603153304260315,0.0,0,0,860.0,860.0,243.39474110999194,0.283017140825572,208.5,1141.0,3.4662790697674417,186.3125,0.0,0.0,0.43333333333333335,2024-12,0,1,0.23324536996091508
CI-0044,2025-01-01,784.0,23441.6,,0.0,0.0,,Acessórios,300,16,2981,106.5911799761621,813,13,784.0,2197.0,81.07011070110701,0.2629989936262999,0.0,0,0,877.3333333333334,839.0,203.1206537996567,0.24209851465990073,17.333333333333332,776.0,3.5530393325387366,186.3125,0.0,0.0,0.43333333333333335,2025-01,0,1,0.22818104131617176
CI-0044,2025-02-01,812.0,24278.8,,0.0,0.0,,Acessórios,300,16,2981,108.0072463768116,813,13,812.0,2169.0,80.03690036900369,0.2723918148272392,0.0,0,0,900.3333333333334,828.0,177.6189742116534,0.21451566933774566,23.0,784.0,3.6002415458937196,186.3125,0.0,0.0,0.43333333333333335,2025-02,0,1,0.22780074299822417
CI-0044,2025-03-01,783.0,23411.7,,0.0,0.0,,Acessórios,300,16,2981,108.35621970920839,813,13,783.0,2198.0,81.1070110701107,0.2626635357262663,0.0,0,0,790.6666666666666,825.3333333333334,159.0014674984689,0.1926512126395019,-109.66666666666667,812.0,3.6118739903069463,186.3125,0.0,0.0,0.43333333333333335,2025-03,0,1,0.2206297628530985
CI-0044,2025-04-01,857.0,25624.3,,0.0,0.0,,Acessórios,300,16,2981,107.08042306924766,813,13,857.0,2124.0,78.37638376383764,0.2874874203287487,0.0,0,0,793.0,835.1666666666666,153.19976066125778,0.18343615325634538,2.3333333333333335,783.0,3.5693474356415886,186.3125,0.0,0.0,0.43333333333333335,2025-04,0,1,0.22917705778661795
CI-0044,2025-05-01,773.0,23112.7,,0.0,0.0,,Acessórios,300,16,2981,104.12963322336502,813,13,773.0,2208.0,81.4760147601476,0.2593089567259309,0.0,0,0,817.3333333333334,858.8333333333334,141.44032899660075,0.16468891402670377,24.333333333333332,857.0,3.4709877741121673,186.3125,0.0,0.0,0.43333333333333335,2025-05,0,1,0.2150935864610446
CI-0044,2025-06-01,790.0,23621.0,,0.0,0.0,,Acessórios,300,16,2981,112.13793103448276,813,13,790.0,2191.0,80.84870848708488,0.2650117410265011,0.0,0,0,804.3333333333334,797.5,32.26608126190732,0.04045903606508754,-13.0,773.0,3.7379310344827585,186.3125,0.0,0.0,0.43333333333333335,2025-06,0,1,0.19874021848703025
CI-0044,2025-07-01,792.0,23680.8,,0.0,0.0,,Acessórios,300,16,2981,111.81079391539903,813,13,792.0,2189.0,80.7749077490775,0.2656826568265683,0.0,0,0,806.6666666666666,799.8333333333334,30.8766362589365,0.038603837789876846,2.3333333333333335,790.0,3.7270264638466344,186.3125,0.0,0.0,0.43333333333333335,2025-07,0,1,0.19873030506577552
CI-0044,2025-08-01,803.0,24009.7,,0.0,0.0,,Acessórios,300,16,2981,111.62471395881008,813,13,803.0,2178.0,80.3690036900369,0.2693726937269373,0.0,0,0,785.0,801.1666666666666,30.221956698180083,0.03772243398982328,-21.666666666666668,792.0,3.7208237986270025,186.3125,0.0,0.0,0.43333333333333335,2025-08,0,1,0.20007410925591507
CI-0044,2025-09-01,938.0,28046.2,,0.0,0.0,3245.0,Acessórios,300,16,2981,111.83409754064195,813,13,938.0,2043.0,75.38745387453875,0.3146595102314659,0.0,0,0,795.0,799.6666666666666,29.797091580667274,0.03726189026344386,10.0,803.0,3.7278032513547315,186.3125,0.0,0.0,0.43333333333333335,2025-09,0,1,0.2181197542987696
CI-0044,2025-10-01,819.0,24488.1,,0.0,0.0,1973.0,Acessórios,300,16,2981,108.3343428225318,813,13,819.0,2162.0,79.77859778597787,0.274740020127474,0.0,0,0,844.3333333333334,825.5,62.11843526683518,0.07524946731294388,49.333333333333336,938.0,3.61114476075106,186.3125,0.0,0.0,0.43333333333333335,2025-10,0,1,0.20785009481459785
CI-0044,2025-11-01,1022.0,30557.8,,0.0,0.0,4224.0,Acessórios,300,16,2981,109.17192268565616,813,13,1022.0,1959.0,72.28782287822878,0.3428379738342837,0.0,0,0,853.3333333333334,819.1666666666666,60.17114480103119,0.07345409334815609,9.0,819.0,3.639064089521872,186.3125,0.0,0.0,0.43333333333333335,2025-11,0,1,0.23481997020260356
CI-0044,2025-12-01,807.0,24129.3,,0.0,0.0,2070.0,Acessórios,300,16,2981,103.90782339271883,813,13,807.0,2174.0,80.22140221402215,0.2707145253270714,0.0,0,0,926.3333333333334,860.6666666666666,96.72572908314852,0.11238465811365049,73.0,1022.0,3.4635941130906276,186.3125,0.0,0.0,0.43333333333333335,2025-12,0,1,0.2118101755145428
CI-0044,2026-01-01,768.0,22963.2,,0.0,0.0,2465.0,Acessórios,300,16,2981,103.56687898089173,813,13,768.0,2213.0,81.66051660516605,0.2576316672257631,0.0,0,0,882.6666666666666,863.5,94.4642789630026,0.1093969646357876,-43.666666666666664,807.0,3.4522292993630574,186.3125,0.0,0.0,0.43333333333333335,2026-01,0,1,0.20612887825234005
CI-0044,2026-02-01,903.0,26999.7,,0.0,0.0,2042.0,Acessórios,300,16,2981,104.04886561954625,813,13,903.0,2078.0,76.6789667896679,0.3029184837302918,0.0,0,0,865.6666666666666,859.5,98.51852617655207,0.11462306710477263,-17.0,768.0,3.468295520651542,186.3125,0.0,0.0,0.43333333333333335,2026-02,0,1,0.2250275202244993
CI-0044,2026-03-01,961.0,28733.9,,0.0,0.0,4104.0,Acessórios,300,16,2981,102.06962145710482,813,13,961.0,2020.0,74.53874538745387,0.3223750419322375,0.0,0,0,826.0,876.1666666666666,95.45976464807903,0.10895160507674989,-39.666666666666664,903.0,3.402320715236827,186.3125,0.0,0.0,0.43333333333333335,2026-03,0,1,0.23195942420107415
CI-0044,2026-04-01,858.0,25654.2,,0.0,0.0,3573.0,Acessórios,300,16,2981,101.625,813,13,858.0,2123.0,78.33948339483395,0.2878228782287823,0.0,0,0,877.3333333333334,880.0,98.84128691999094,0.11231964422726243,51.333333333333336,961.0,3.3875,186.3125,0.0,0.0,0.43333333333333335,2026-04,0,1,0.21864376459226895
CI-0044,2026-05-01,806.0,24099.4,,0.0,0.0,2932.0,Acessórios,300,16,2981,100.87986463620982,813,13,806.0,2175.0,80.25830258302582,0.2703790674270379,0.0,0,0,907.3333333333334,886.5,95.24442240887373,0.10743871676127889,30.0,858.0,3.362662154540327,186.3125,0.0,0.0,0.43333333333333335,2026-05,0,1,0.21093410115167366
CI-0044,2026-06-01,788.0,23561.2,,0.0,0.0,2280.0,Acessórios,300,16,2981,105.14991181657848,813,13,788.0,2193.0,80.92250922509226,0.2643408252264341,0.0,0,0,875.0,850.5,71.69588551653419,0.08429851324695378,-32.333333333333336,806.0,3.504997060552616,186.3125,0.0,0.0,0.43333333333333335,2026-06,0,1,0.20504777374428337
CI-0044,2026-07-01,979.0,29272.1,,0.0,0.0,3712.0,Acessórios,300,16,2981,105.54287962234461,813,13,979.0,2002.0,73.87453874538745,0.3284132841328413,0.0,0,0,817.3333333333334,847.3333333333334,74.3711413564875,0.08777081985423386,-57.666666666666664,788.0,3.518095987411487,186.3125,0.0,0.0,0.43333333333333335,2026-07,0,1,0.2311976032979383
CI-0044,2026-08-01,984.0,29421.6,,0.0,0.0,3491.0,Acessórios,300,16,2981,101.3371104815864,813,13,984.0,1997.0,73.690036900369,0.330090573633009,0.0,0,0,857.6666666666666,882.5,79.09171890912455,0.08962234437294567,40.333333333333336,979.0,3.3779036827195466,186.3125,0.0,0.0,0.43333333333333335,2026-08,0,1,0.2321462477758121
CI-0044,2026-10-01,,,837.0,0.0,0.0,,Acessórios,300,16,2981,99.81026785714285,813,13,837.0,2144.0,79.11439114391143,0.2807782623280778,0.0,0,0,917.0,896.0,89.51647892985942,0.09990678451993239,59.333333333333336,984.0,3.3270089285714284,186.3125,0.0,0.0,0.43333333333333335,2026-10,0,1,0.21396398927588764
CI-0044,2026-11-01,,,992.0,0.0,0.0,,Acessórios,300,16,2981,101.2797281993205,813,13,992.0,1989.0,73.39483394833948,0.3327742368332774,0.0,0,0,981.5,883.0,93.53608929178064,0.10592988594765644,98.0,0.0,3.37599093997735,186.3125,0.0,0.0,0.43333333333333335,2026-11,0,1,0.23566584429212611
CI-0044,2026-12-01,,,959.0,0.0,0.0,,Acessórios,300,16,2981,100.56789429294349,813,13,959.0,2022.0,74.61254612546125,0.3217041261321704,0.0,0,0,984.0,889.25,106.7938044395208,0.12009424170876672,5.0,0.0,3.3522631430981162,186.3125,0.0,0.0,0.43333333333333335,2026-12,0,1,0.23336245337584985
CI-0045,2024-09-01,952.0,33224.8,,0.0,0.0,,Acessórios,300,19,518,0.0,864,14,952.0,-434.0,-15.069444444444445,1.837837837837838,0.0,1,0,,,0.0,0.0,,0.0,0.0,27.263157894736842,0.0,0.0,0.4666666666666667,2024-09,1,1,0.8284684684684686
CI-0045,2024-10-01,926.0,32317.4,,0.0,0.0,,Acessórios,300,19,518,16.323529411764703,864,14,926.0,-408.0,-14.166666666666666,1.7876447876447876,0.0,1,0,952.0,952.0,0.0,0.0,,952.0,0.5441176470588235,27.263157894736842,0.0,0.0,0.4666666666666667,2024-10,1,0,0.8083912483912484
CI-0045,2024-11-01,1249.0,43590.1,,0.0,0.0,,Acessórios,300,19,518,16.549520766773163,864,14,1249.0,-731.0,-25.381944444444443,2.411196911196911,0.0,1,0,939.0,939.0,18.384776310850235,0.019579101502502912,-26.0,926.0,0.5516506922257721,27.263157894736842,0.0,0.0,0.4666666666666667,2024-11,1,0,1.0607489630374731
CI-0045,2024-12-01,822.0,28687.8,,0.0,0.0,,Acessórios,300,19,518,14.908858330668373,864,14,822.0,-304.0,-10.555555555555555,1.5868725868725868,0.0,1,0,1042.3333333333333,1042.3333333333333,179.4500859106324,0.1721618988589374,148.5,1249.0,0.4969619443556124,27.263157894736842,0.0,0.0,0.4666666666666667,2024-12,1,0,0.7539066529112087
CI-0045,2025-01-01,965.0,33678.5,,0.0,0.0,,Acessórios,300,19,518,15.74069384654343,864,14,965.0,-447.0,-15.520833333333336,1.8629343629343629,0.0,1,0,999.0,987.25,183.3164386154899,0.18568390844820448,-43.333333333333336,822.0,0.524689794884781,27.263157894736842,0.0,0.0,0.4666666666666667,2025-01,1,0,0.8663596647743093
CI-0045,2025-02-01,904.0,31549.6,,0.0,0.0,,Acessórios,300,19,518,15.811965811965813,864,14,904.0,-386.0,-13.402777777777777,1.7451737451737452,0.0,1,0,1012.0,982.8,159.0682243567206,0.16185208013504335,13.0,965.0,0.5270655270655271,27.263157894736842,0.0,0.0,0.4666666666666667,2025-02,1,0,0.815680643423088
CI-0045,2025-03-01,787.0,27466.3,,0.0,0.0,,Acessórios,300,19,518,16.02612581643176,864,14,787.0,-269.0,-9.34027777777778,1.5193050193050193,0.0,1,0,897.0,969.6666666666666,145.8666057282018,0.1504296380833982,-115.0,904.0,0.5342041938810588,27.263157894736842,0.0,0.0,0.4666666666666667,2025-03,1,0,0.7236197867678509
CI-0045,2025-04-01,979.0,34167.1,,0.0,0.0,,Acessórios,300,19,518,16.49389704581638,864,14,979.0,-461.0,-16.006944444444443,1.88996138996139,0.0,1,0,885.3333333333334,942.1666666666666,164.25762285710417,0.17434030375776138,-11.666666666666666,787.0,0.5497965681938793,27.263157894736842,0.0,0.0,0.4666666666666667,2025-04,1,0,0.8754689348815536
CI-0045,2025-05-01,933.0,32561.7,,0.0,0.0,,Acessórios,300,19,518,16.34069400630915,864,14,933.0,-415.0,-14.40972222222222,1.8011583011583012,0.0,1,0,890.0,951.0,164.63899902513984,0.17312197584136682,4.666666666666667,979.0,0.544689800210305,27.263157894736842,0.0,0.0,0.4666666666666667,2025-05,1,0,0.8397649501728589
CI-0045,2025-06-01,873.0,30467.7,,0.0,0.0,,Acessórios,300,19,518,17.298701298701296,864,14,873.0,-355.0,-12.32638888888889,1.6853281853281854,0.0,1,0,899.6666666666666,898.3333333333334,77.98375899292536,0.08680937921290392,9.666666666666666,933.0,0.5766233766233766,27.263157894736842,0.0,0.0,0.4666666666666667,2025-06,1,0,0.7804860143465431
CI-0045,2025-07-01,1002.0,34969.8,,0.0,0.0,,Acessórios,300,19,518,17.136555780187464,864,14,1002.0,-484.0,-16.805555555555557,1.9343629343629345,0.0,1,0,928.3333333333334,906.8333333333334,70.41141006020734,0.07764537040272819,28.666666666666668,873.0,0.5712185260062488,27.263157894736842,0.0,0.0,0.4666666666666667,2025-07,1,0,0.8787253126389164
CI-0045,2025-08-01,976.0,34062.4,,0.0,0.0,,Acessórios,300,19,518,17.02081051478642,864,14,976.0,-458.0,-15.902777777777777,1.884169884169884,0.0,1,0,936.0,913.0,77.76117283066145,0.08517105457903773,7.666666666666667,1002.0,0.5673603504928806,27.263157894736842,0.0,0.0,0.4666666666666667,2025-08,1,0,0.8597769451881426
CI-0045,2025-09-01,951.0,33189.9,,0.0,0.0,570.0,Acessórios,300,19,518,16.8,864,14,951.0,-433.0,-15.034722222222223,1.835907335907336,0.0,1,0,950.3333333333334,925.0,81.55734179091421,0.08817009923342077,14.333333333333334,976.0,0.56,27.263157894736842,0.0,0.0,0.4666666666666667,2025-09,1,0,0.8409217825812809
CI-0045,2025-10-01,854.0,29804.6,,0.0,0.0,445.0,Acessórios,300,19,518,16.31781589079454,864,14,854.0,-336.0,-11.666666666666666,1.648648648648649,0.0,1,0,976.3333333333334,952.3333333333334,45.623093567475976,0.04790664357802867,26.0,951.0,0.543927196359818,27.263157894736842,0.0,0.0,0.4666666666666667,2025-10,1,0,0.7599787893294973
CI-0045,2025-11-01,1370.0,47813.0,,0.0,0.0,653.0,Acessórios,300,19,518,16.682769726247987,864,14,1370.0,-852.0,-29.583333333333336,2.6447876447876446,0.0,1,0,927.0,931.5,57.89905007856348,0.062156790207797616,-49.333333333333336,854.0,0.5560923242082663,27.263157894736842,0.0,0.0,0.4666666666666667,2025-11,1,0,1.1605719097795608
CI-0045,2025-12-01,854.0,29804.6,,0.0,0.0,334.0,Acessórios,300,19,518,15.472950547626947,864,14,854.0,-336.0,-11.666666666666666,1.648648648648649,0.0,1,0,1058.3333333333333,1004.3333333333334,188.2622284651562,0.1874499453685591,131.33333333333334,1370.0,0.5157650182542316,27.263157894736842,0.0,0.0,0.4666666666666667,2025-12,1,0,0.7809102845980769
CI-0045,2026-01-01,992.0,34620.8,,0.0,0.0,335.0,Acessórios,300,19,518,15.52189112701848,864,14,992.0,-474.0,-16.458333333333336,1.915057915057915,0.0,1,0,1026.0,1001.1666666666666,191.05226161097036,0.19082962704608328,-32.333333333333336,854.0,0.517396370900616,27.263157894736842,0.0,0.0,0.4666666666666667,2026-01,1,0,0.8879809434134118
CI-0045,2026-02-01,876.0,30572.4,,0.0,0.0,447.0,Acessórios,300,19,518,15.547773886943471,864,14,876.0,-358.0,-12.430555555555555,1.691119691119691,0.0,1,0,1072.0,999.5,191.0871528910303,0.1911827442631619,46.0,992.0,0.5182591295647824,27.263157894736842,0.0,0.0,0.4666666666666667,2026-02,1,0,0.7984586214206841
CI-0045,2026-03-01,838.0,29246.2,,0.0,0.0,469.0,Acessórios,300,19,518,15.811429540444294,864,14,838.0,-320.0,-11.11111111111111,1.617760617760618,0.0,1,0,907.3333333333334,982.8333333333334,197.7902087229463,0.20124491306387615,-164.66666666666666,876.0,0.5270476513481431,27.263157894736842,0.0,0.0,0.4666666666666667,2026-03,1,0,0.7706243173971621
CI-0045,2026-04-01,940.0,32806.0,,0.0,0.0,410.0,Acessórios,300,19,518,16.12033195020747,864,14,940.0,-422.0,-14.65277777777778,1.8146718146718144,0.0,1,0,902.0,964.0,206.61074512231932,0.21432649908954285,-5.333333333333333,838.0,0.5373443983402489,27.263157894736842,0.0,0.0,0.4666666666666667,2026-04,1,0,0.8513510340654905
CI-0045,2026-05-01,892.0,31130.8,,0.0,0.0,559.0,Acessórios,300,19,518,15.884156729131176,864,14,892.0,-374.0,-12.98611111111111,1.722007722007722,0.0,1,0,884.6666666666666,978.3333333333334,200.34137532388726,0.2047782371283345,-17.333333333333332,940.0,0.5294718909710392,27.263157894736842,0.0,0.0,0.4666666666666667,2026-05,1,0,0.8128531577056723
CI-0045,2026-06-01,1003.0,35004.7,,0.0,0.0,711.0,Acessórios,300,19,518,17.292284866468844,864,14,1003.0,-485.0,-16.84027777777778,1.9362934362934363,0.0,1,0,890.0,898.6666666666666,57.711928287544644,0.06421950477100666,5.333333333333333,892.0,0.5764094955489615,27.263157894736842,0.0,0.0,0.4666666666666667,2026-06,1,0,0.877483633566359
CI-0045,2026-07-01,1049.0,36610.1,,0.0,0.0,712.0,Acessórios,300,19,518,16.82728749323227,864,14,1049.0,-531.0,-18.4375,2.025096525096525,0.0,1,0,945.0,923.5,66.0961420961921,0.07157135040194054,55.0,1003.0,0.5609095831077423,27.263157894736842,0.0,0.0,0.4666666666666667,2026-07,1,0,0.9141076459322345
CI-0045,2026-08-01,1032.0,36016.8,,0.0,0.0,296.0,Acessórios,300,19,518,16.655948553054664,864,14,1032.0,-514.0,-17.84722222222222,1.9922779922779923,0.0,1,0,981.3333333333334,933.0,80.44874144447513,0.08622587507446423,36.333333333333336,1049.0,0.5551982851018221,27.263157894736842,0.0,0.0,0.4666666666666667,2026-08,1,0,0.9031784115057
CI-0045,2026-10-01,,,890.0,0.0,0.0,,Acessórios,300,19,518,16.204379562043798,864,14,890.0,-372.0,-12.916666666666668,1.718146718146718,0.0,1,0,1028.0,959.0,83.4937123381156,0.08706330796466695,46.666666666666664,1032.0,0.5401459854014599,27.263157894736842,0.0,0.0,0.4666666666666667,2026-10,1,0,0.7936515167867206
CI-0045,2026-11-01,,,1054.0,0.0,0.0,,Acessórios,300,19,518,15.80553295362083,864,14,1054.0,-536.0,-18.61111111111111,2.034749034749035,0.0,1,0,1040.5,983.2,65.73963796675473,0.06686293527944948,14.5,0.0,0.5268510984540277,27.263157894736842,0.0,0.0,0.4666666666666667,2026-11,1,0,0.9172623875248648
CI-0045,2026-12-01,,,1020.0,0.0,0.0,,Acessórios,300,19,518,15.633802816901408,864,14,1020.0,-502.0,-17.430555555555554,1.9691119691119687,0.0,1,0,1032.0,994.0,70.60217182683994,0.07102834187810858,-17.0,0.0,0.5211267605633803,27.263157894736842,0.0,0.0,0.4666666666666667,2026-12,1,0,0.8916323722598372
CI-0046,2024-09-01,132.0,10546.8,,0.0,0.0,,Clássico,300,7,90,0.0,150,14,132.0,-42.0,-8.4,1.4666666666666666,0.0,1,0,,,0.0,0.0,,0.0,0.0,12.857142857142858,0.0,0.0,0.4666666666666667,2024-09,1,1,0.68
CI-0046,2024-10-01,131.0,10466.9,,0.0,0.0,,Clássico,300,7,90,20.454545454545453,150,14,131.0,-41.0,-8.2,1.4555555555555555,0.0,1,0,132.0,132.0,0.0,0.0,,132.0,0.6818181818181818,12.857142857142858,0.0,0.0,0.4666666666666667,2024-10,1,0,0.6755555555555556
CI-0046,2024-11-01,222.0,17737.8,,0.0,0.0,,Clássico,300,7,90,20.53231939163498,150,14,222.0,-132.0,-26.4,2.466666666666667,0.0,1,0,131.5,131.5,0.7071067811865476,0.005377237879745609,-1.0,131.0,0.6844106463878327,12.857142857142858,0.0,0.0,0.4666666666666667,2024-11,1,0,1.080806585681962
CI-0046,2024-12-01,150.0,11985.0,,0.0,0.0,,Clássico,300,7,90,16.701030927835053,150,14,150.0,-60.0,-12.0,1.6666666666666667,0.0,1,0,161.66666666666666,161.66666666666666,52.2525916422653,0.3232119070655586,45.0,222.0,0.5567010309278351,12.857142857142858,0.0,0.0,0.4666666666666667,2024-12,1,0,0.8084817860598339
CI-0046,2025-01-01,141.0,11265.9,,0.0,0.0,,Clássico,300,7,90,17.00787401574803,150,14,141.0,-51.0,-10.2,1.5666666666666669,0.0,1,0,167.66666666666666,158.75,43.06100323959023,0.271250414107655,6.0,150.0,0.5669291338582677,12.857142857142858,0.0,0.0,0.4666666666666667,2025-01,1,0,0.7606875621161484
CI-0046,2025-02-01,149.0,11905.1,,0.0,0.0,,Clássico,300,7,90,17.396907216494846,150,14,149.0,-59.0,-11.8,1.6555555555555554,0.0,1,0,171.0,155.2,38.12741795611132,0.24566635280999566,3.3333333333333335,141.0,0.5798969072164949,12.857142857142858,0.0,0.0,0.4666666666666667,2025-02,1,0,0.792405508477055
CI-0046,2025-03-01,143.0,11425.7,,0.0,0.0,,Clássico,300,7,90,17.513513513513516,150,14,143.0,-53.0,-10.6,1.5888888888888888,0.0,1,0,146.66666666666666,154.16666666666666,34.196003665145824,0.22181191566581077,-24.333333333333332,149.0,0.5837837837837838,12.857142857142858,0.0,0.0,0.4666666666666667,2025-03,1,0,0.7621606762387605
CI-0046,2025-04-01,137.0,10946.3,,0.0,0.0,,Clássico,300,7,90,17.307692307692307,150,14,137.0,-47.0,-9.4,1.522222222222222,0.0,1,0,144.33333333333334,156.0,33.045423283716616,0.21182963643408087,-2.3333333333333335,143.0,0.5769230769230769,12.857142857142858,0.0,0.0,0.4666666666666667,2025-04,1,0,0.7339966676873343
CI-0046,2025-05-01,149.0,11905.1,,0.0,0.0,,Clássico,300,7,90,17.197452229299362,150,14,149.0,-59.0,-11.8,1.6555555555555554,0.0,1,0,143.0,157.0,32.218007387174026,0.2052102381348664,-1.3333333333333333,137.0,0.5732484076433121,12.857142857142858,0.0,0.0,0.4666666666666667,2025-05,1,0,0.7863370912757857
CI-0046,2025-06-01,142.0,11345.8,,0.0,0.0,,Clássico,300,7,90,18.64211737629459,150,14,142.0,-52.0,-10.4,1.5777777777777775,0.0,1,0,143.0,144.83333333333334,5.307227776030236,0.03664369005314317,0.0,149.0,0.621403912543153,12.857142857142858,0.0,0.0,0.4666666666666667,2025-06,1,0,0.729940997952416
CI-0046,2025-07-01,141.0,11265.9,,0.0,0.0,,Clássico,300,7,90,18.81533101045296,150,14,141.0,-51.0,-10.2,1.5666666666666669,0.0,1,0,142.66666666666666,143.5,4.722287581247059,0.03290792739544989,-0.3333333333333333,142.0,0.627177700348432,12.857142857142858,0.0,0.0,0.4666666666666667,2025-07,1,0,0.7249361891093177
CI-0046,2025-08-01,156.0,12464.4,,0.0,0.0,,Clássico,300,7,90,18.81533101045296,150,14,156.0,-66.0,-13.2,1.7333333333333334,0.0,1,0,144.0,143.5,4.722287581247059,0.03290792739544989,1.3333333333333333,141.0,0.627177700348432,12.857142857142858,0.0,0.0,0.4666666666666667,2025-08,1,0,0.7916028557759842
CI-0046,2025-09-01,152.0,12144.8,,0.0,0.0,73.0,Clássico,300,7,90,18.663594470046085,150,14,152.0,-62.0,-12.4,1.6888888888888889,0.0,1,0,146.33333333333334,144.66666666666666,6.772493386240168,0.0468144704117984,2.3333333333333335,156.0,0.6221198156682028,12.857142857142858,0.0,0.0,0.4666666666666667,2025-09,1,0,0.7759110594506587
CI-0046,2025-10-01,159.0,12704.1,,0.0,0.0,68.0,Clássico,300,7,90,18.472063854047892,150,14,159.0,-69.0,-13.8,1.7666666666666666,0.0,1,0,149.66666666666666,146.16666666666666,7.305249254246342,0.04997890025710155,3.3333333333333335,152.0,0.6157354618015964,12.857142857142858,0.0,0.0,0.4666666666666667,2025-10,1,0,0.8074968350385653
CI-0046,2025-11-01,188.0,15021.2,,0.0,0.0,94.0,Clássico,300,7,90,18.020022246941043,150,14,188.0,-98.0,-19.6,2.088888888888889,0.0,1,0,155.66666666666666,149.83333333333334,7.305249254246326,0.048755834844803066,6.0,159.0,0.6006674082313681,12.857142857142858,0.0,0.0,0.4666666666666667,2025-11,1,0,0.9362022641156095
CI-0046,2025-12-01,143.0,11425.7,,0.0,0.0,123.0,Clássico,300,7,90,17.270788912579956,150,14,143.0,-53.0,-10.6,1.5888888888888888,0.0,1,0,166.33333333333334,156.33333333333334,17.142539679600155,0.10965377193774085,10.666666666666666,188.0,0.5756929637526652,12.857142857142858,0.0,0.0,0.4666666666666667,2025-12,1,0,0.7453369546795501
CI-0046,2026-01-01,154.0,12304.6,,0.0,0.0,83.0,Clássico,300,7,90,17.252396166134186,150,14,154.0,-64.0,-12.8,1.711111111111111,0.0,1,0,163.33333333333334,156.5,16.979399282660122,0.10849456410645446,-3.0,143.0,0.5750798722044729,12.857142857142858,0.0,0.0,0.4666666666666667,2026-01,1,0,0.794051962393746
CI-0046,2026-02-01,150.0,11985.0,,0.0,0.0,82.0,Clássico,300,7,90,17.016806722689076,150,14,150.0,-60.0,-12.0,1.6666666666666667,0.0,1,0,161.66666666666666,158.66666666666666,15.357951252255804,0.09679381041337692,-1.6666666666666667,154.0,0.5672268907563025,12.857142857142858,0.0,0.0,0.4666666666666667,2026-02,1,0,0.7745190715620066
CI-0046,2026-03-01,152.0,12144.8,,0.0,0.0,81.0,Clássico,300,7,90,17.12473572938689,150,14,152.0,-62.0,-12.4,1.6888888888888889,0.0,1,0,149.0,157.66666666666666,15.756480148391823,0.09993539206168175,-12.666666666666666,150.0,0.5708245243128964,12.857142857142858,0.0,0.0,0.4666666666666667,2026-03,1,0,0.7838791976981412
CI-0046,2026-04-01,152.0,12144.8,,0.0,0.0,52.0,Clássico,300,7,90,17.12473572938689,150,14,152.0,-62.0,-12.4,1.6888888888888889,0.0,1,0,152.0,157.66666666666666,15.756480148391823,0.09993539206168175,3.0,152.0,0.5708245243128964,12.857142857142858,0.0,0.0,0.4666666666666667,2026-04,1,0,0.7838791976981412
CI-0046,2026-05-01,165.0,13183.5,,0.0,0.0,62.0,Clássico,300,7,90,17.252396166134186,150,14,165.0,-75.0,-15.0,1.8333333333333333,0.0,1,0,151.33333333333334,156.5,15.896540504147406,0.10157533868464796,-0.6666666666666666,152.0,0.5750798722044729,12.857142857142858,0.0,0.0,0.4666666666666667,2026-05,1,0,0.841902967469364
CI-0046,2026-06-01,163.0,13023.7,,0.0,0.0,89.0,Clássico,300,7,90,17.685589519650655,150,14,163.0,-73.0,-14.6,1.8111111111111111,0.0,1,0,156.33333333333334,152.66666666666666,7.146094504459478,0.04680847928685248,5.0,165.0,0.5895196506550219,12.857142857142858,0.0,0.0,0.4666666666666667,2026-06,1,0,0.8247990496708058
CI-0046,2026-07-01,159.0,12704.1,,0.0,0.0,54.0,Clássico,300,7,90,17.307692307692307,150,14,159.0,-69.0,-13.8,1.7666666666666666,0.0,1,0,160.0,156.0,6.356099432828196,0.040744227133514076,3.6666666666666665,163.0,0.5769230769230769,12.857142857142858,0.0,0.0,0.4666666666666667,2026-07,1,0,0.8061116340700272
CI-0046,2026-08-01,143.0,11425.7,,0.0,0.0,62.0,Clássico,300,7,90,17.215727948990434,150,14,143.0,-53.0,-10.6,1.5888888888888888,0.0,1,0,162.33333333333334,156.83333333333334,6.369196704975085,0.040611243602391614,2.3333333333333335,159.0,0.5738575982996812,12.857142857142858,0.0,0.0,0.4666666666666667,2026-08,1,0,0.7349805754292477
CI-0046,2026-10-01,,,154.0,0.0,0.0,,Clássico,300,7,90,17.34475374732334,150,14,154.0,-64.0,-12.8,1.711111111111111,0.0,1,0,155.0,155.66666666666666,8.23812276351024,0.052921559508631096,-7.333333333333333,143.0,0.5781584582441114,12.857142857142858,0.0,0.0,0.4666666666666667,2026-10,1,0,0.7857160117040725
CI-0046,2026-11-01,,,183.0,0.0,0.0,,Clássico,300,7,90,17.263427109974426,150,14,183.0,-93.0,-18.6,2.033333333333333,0.0,1,0,151.0,156.4,8.988882021697613,0.05747367021545788,-10.0,0.0,0.5754475703324808,12.857142857142858,0.0,0.0,0.4666666666666667,2026-11,1,0,0.9152877171989854
CI-0046,2026-12-01,,,177.0,0.0,0.0,,Clássico,300,7,90,17.142857142857142,150,14,177.0,-87.0,-17.4,1.9666666666666663,0.0,1,0,143.0,157.5,9.98331942124785,0.0633861550555419,-16.0,0.0,0.5714285714285714,12.857142857142858,0.0,0.0,0.4666666666666667,2026-12,1,0,0.8895079232583313
CI-0047,2024-09-01,192.0,22060.8,,0.0,0.0,,Executivo,200,10,67,0.0,201,26,192.0,-125.0,-18.656716417910445,2.8656716417910446,0.0,1,0,,,0.0,0.0,,0.0,0.0,6.7,0.0,0.0,0.8666666666666667,2024-09,1,1,1.3196019900497513
CI-0047,2024-10-01,185.0,21256.5,,0.0,0.0,,Executivo,200,10,67,10.46875,201,26,185.0,-118.0,-17.611940298507463,2.7611940298507465,0.0,1,0,192.0,192.0,0.0,0.0,,192.0,0.3489583333333333,6.7,0.0,0.0,0.8666666666666667,2024-10,1,0,1.277810945273632
CI-0047,2024-11-01,283.0,32516.7,,0.0,0.0,,Executivo,200,10,67,10.6631299734748,201,26,283.0,-216.0,-32.23880597014925,4.223880597014926,0.0,1,0,188.5,188.5,4.949747468305833,0.026258607258916884,-7.0,185.0,0.35543766578249336,6.7,0.0,0.0,0.8666666666666667,2024-11,1,0,1.8668243632281414
CI-0047,2024-12-01,215.0,24703.5,,0.0,0.0,,Executivo,200,10,67,9.136363636363637,201,26,215.0,-148.0,-22.089552238805968,3.208955223880597,0.0,1,0,220.0,220.0,54.67174773134658,0.24850794423339354,45.5,283.0,0.30454545454545456,6.7,0.0,0.0,0.8666666666666667,2024-12,1,0,1.4941916145205814
CI-0047,2025-01-01,185.0,21256.5,,0.0,0.0,,Executivo,200,10,67,9.188571428571429,201,26,185.0,-118.0,-17.611940298507463,2.7611940298507465,0.0,1,0,227.66666666666666,218.75,44.70924587450192,0.20438512399772304,7.666666666666667,215.0,0.3062857142857143,6.7,0.0,0.0,0.8666666666666667,2025-01,1,0,1.3084687138732904
CI-0047,2025-02-01,188.0,21601.2,,0.0,0.0,,Executivo,200,10,67,9.481132075471697,201,26,188.0,-121.0,-18.059701492537314,2.8059701492537314,0.0,1,0,227.66666666666666,212.0,41.557189510360296,0.19602447882245422,0.0,185.0,0.3160377358490566,6.7,0.0,0.0,0.8666666666666667,2025-02,1,0,1.325125064858194
CI-0047,2025-03-01,219.0,25163.1,,0.0,0.0,,Executivo,200,10,67,9.663461538461538,201,26,219.0,-152.0,-22.686567164179102,3.2686567164179103,0.0,1,0,196.0,208.0,38.439562952770416,0.18480559111908854,-31.666666666666668,188.0,0.32211538461538464,6.7,0.0,0.0,0.8666666666666667,2025-03,1,0,1.5085168585683608
CI-0047,2025-04-01,192.0,22060.8,,0.0,0.0,,Executivo,200,10,67,9.458823529411765,201,26,192.0,-125.0,-18.656716417910445,2.8656716417910446,0.0,1,0,197.33333333333334,212.5,37.76638717166364,0.17772417492547593,1.3333333333333333,219.0,0.31529411764705884,6.7,0.0,0.0,0.8666666666666667,2025-04,1,0,1.3462606162885726
CI-0047,2025-05-01,208.0,23899.2,,0.0,0.0,,Executivo,200,10,67,9.407176287051483,201,26,208.0,-141.0,-21.044776119402982,3.1044776119402986,0.0,1,0,199.66666666666666,213.66666666666666,36.843814496692204,0.1724359492824908,2.3333333333333335,192.0,0.3135725429017161,6.7,0.0,0.0,0.8666666666666667,2025-05,1,0,1.4409897705018264
CI-0047,2025-06-01,188.0,21601.2,,0.0,0.0,,Executivo,200,10,67,9.9917149958575,201,26,188.0,-121.0,-18.059701492537314,2.8059701492537314,0.0,1,0,206.33333333333334,201.16666666666666,14.661741597322816,0.07288355392206869,6.666666666666667,208.0,0.3330571665285833,6.7,0.0,0.0,0.8666666666666667,2025-06,1,0,1.3066539261231362
CI-0047,2025-07-01,224.0,25737.6,,0.0,0.0,,Executivo,200,10,67,10.220338983050848,201,26,224.0,-157.0,-23.432835820895523,3.343283582089552,0.0,1,0,196.0,196.66666666666666,13.677231688710478,0.06954524587479904,-10.333333333333334,188.0,0.34067796610169493,6.7,0.0,0.0,0.8666666666666667,2025-07,1,0,1.521078553050374
CI-0047,2025-08-01,180.0,20682.0,,0.0,0.0,,Executivo,200,10,67,9.89335520918786,201,26,180.0,-113.0,-16.865671641791046,2.6865671641791047,0.0,1,0,206.66666666666666,203.16666666666666,16.08000829187181,0.0791468824866537,10.666666666666666,224.0,0.32977850697292865,6.7,0.0,0.0,0.8666666666666667,2025-08,1,0,1.2598322313779735
CI-0047,2025-09-01,228.0,26197.2,,0.0,0.0,67.0,Executivo,200,10,67,9.95871180842279,201,26,228.0,-161.0,-24.029850746268657,3.4029850746268657,0.0,1,0,197.33333333333334,201.83333333333334,17.826010957773647,0.08832045065783804,-9.333333333333334,180.0,0.33195706028075966,6.7,0.0,0.0,0.8666666666666667,2025-09,1,0,1.5477754307827554
CI-0047,2025-10-01,192.0,22060.8,,0.0,0.0,71.0,Executivo,200,10,67,9.885245901639344,201,26,192.0,-125.0,-18.656716417910445,2.8656716417910446,0.0,1,0,210.66666666666666,203.33333333333334,19.82590897453799,0.09750447036658028,13.333333333333334,228.0,0.3295081967213115,6.7,0.0,0.0,0.8666666666666667,2025-10,1,0,1.3342276606047383
CI-0047,2025-11-01,278.0,31942.2,,0.0,0.0,37.0,Executivo,200,10,67,9.885245901639344,201,26,278.0,-211.0,-31.492537313432837,4.149253731343284,0.0,1,0,200.0,203.33333333333334,19.82590897453799,0.09750447036658028,-10.666666666666666,192.0,0.3295081967213115,6.7,0.0,0.0,0.8666666666666667,2025-11,1,0,1.8476604964256338
CI-0047,2025-12-01,228.0,26197.2,,0.0,0.0,96.0,Executivo,200,10,67,9.348837209302326,201,26,228.0,-161.0,-24.029850746268657,3.4029850746268657,0.0,1,0,232.66666666666666,215.0,36.61147361142406,0.1702859237740654,32.666666666666664,278.0,0.3116279069767442,6.7,0.0,0.0,0.8666666666666667,2025-12,1,0,1.5600702517501894
CI-0047,2026-01-01,212.0,24358.8,,0.0,0.0,69.0,Executivo,200,10,67,9.067669172932332,201,26,212.0,-145.0,-21.64179104477612,3.164179104477612,0.0,1,0,232.66666666666666,221.66666666666666,34.27924542148889,0.15464321242776943,0.0,228.0,0.3022556390977444,6.7,0.0,0.0,0.8666666666666667,2026-01,1,0,1.4622014569885438
CI-0047,2026-02-01,206.0,23669.4,,0.0,0.0,46.0,Executivo,200,10,67,9.150227617602427,201,26,206.0,-139.0,-20.746268656716417,3.074626865671642,0.0,1,0,239.33333333333334,219.66666666666666,34.46544162877747,0.15689882380323583,6.666666666666667,212.0,0.30500758725341426,6.7,0.0,0.0,0.8666666666666667,2026-02,1,0,1.4267189031724754
CI-0047,2026-03-01,212.0,24358.8,,0.0,0.0,51.0,Executivo,200,10,67,8.973214285714285,201,26,212.0,-145.0,-21.64179104477612,3.164179104477612,0.0,1,0,215.33333333333334,224.0,29.799328851502686,0.13303271808706557,-24.0,206.0,0.29910714285714285,6.7,0.0,0.0,0.8666666666666667,2026-03,1,0,1.4589598828374382
CI-0047,2026-04-01,208.0,23899.2,,0.0,0.0,79.0,Executivo,200,10,67,9.081325301204819,201,26,208.0,-141.0,-21.044776119402982,3.1044776119402986,0.0,1,0,210.0,221.33333333333334,30.084325930069745,0.13592315932260426,-5.333333333333333,212.0,0.30271084337349397,6.7,0.0,0.0,0.8666666666666667,2026-04,1,0,1.4355128520078435
CI-0047,2026-05-01,203.0,23324.7,,0.0,0.0,37.0,Executivo,200,10,67,8.973214285714285,201,26,203.0,-136.0,-20.29850746268657,3.029850746268657,0.0,1,0,208.66666666666666,224.0,27.56809750418045,0.12307186385794844,-1.3333333333333333,208.0,0.29910714285714285,6.7,0.0,0.0,0.8666666666666667,2026-05,1,0,1.4037344114194883
CI-0047,2026-06-01,206.0,23669.4,,0.0,0.0,50.0,Executivo,200,10,67,9.50354609929078,201,26,206.0,-139.0,-20.746268656716417,3.074626865671642,0.0,1,0,207.66666666666666,211.5,8.803408430829522,0.04162368052401665,-1.0,203.0,0.31678486997635935,6.7,0.0,0.0,0.8666666666666667,2026-06,1,0,1.4094276316805925
CI-0047,2026-07-01,200.0,22980.0,,0.0,0.0,65.0,Executivo,200,10,67,9.671210906174819,201,26,200.0,-133.0,-19.85074626865672,2.985074626865672,0.0,1,0,205.66666666666666,207.83333333333334,3.600925806881741,0.01732602633623933,-2.0,206.0,0.32237369687249395,6.7,0.0,0.0,0.8666666666666667,2026-07,1,0,1.369962088030038
CI-0047,2026-08-01,192.0,22060.8,,0.0,0.0,86.0,Executivo,200,10,67,9.765182186234817,201,26,192.0,-125.0,-18.656716417910445,2.8656716417910446,0.0,1,0,203.0,205.83333333333334,4.119061381755171,0.02001163424334496,-2.6666666666666665,200.0,0.3255060728744939,6.7,0.0,0.0,0.8666666666666667,2026-08,1,0,1.322603735186253
CI-0047,2026-10-01,,,207.0,130.0,0.0,,Executivo,200,10,67,9.877149877149877,201,26,207.0,-140.0,-20.895522388059703,3.08955223880597,0.6280193236714976,1,0,199.33333333333334,203.5,6.978538528947169,0.03429257262381901,-3.6666666666666665,192.0,0.32923832923832924,6.7,0.6388206388206388,0.0,0.8666666666666667,2026-10,1,0,1.574003274454454
CI-0047,2026-11-01,,,245.0,0.0,0.0,,Executivo,200,10,67,9.960356788899901,201,26,245.0,-178.0,-26.56716417910448,3.656716417910448,0.0,1,0,196.0,201.8,6.260990336999424,0.031025720203168603,-7.0,0.0,0.33201189296333,6.7,0.0,0.0,0.8666666666666667,2026-11,1,0,1.640673758527988
CI-0047,2026-12-01,,,237.0,0.0,0.0,,Executivo,200,10,67,10.037453183520599,201,26,237.0,-170.0,-25.37313432835821,3.537313432835821,0.0,1,0,192.0,200.25,6.020797289396168,0.030066403442677494,-8.0,0.0,0.33458177278401996,6.7,0.0,0.0,0.8666666666666667,2026-12,1,0,1.5927686669840635
CI-0048,2024-09-01,237.0,7086.3,,0.0,0.0,,Refis,500,13,84,0.0,252,12,237.0,-153.0,-18.21428571428571,2.821428571428572,0.0,1,0,,,0.0,0.0,,0.0,0.0,6.461538461538462,0.0,0.0,0.4,2024-09,1,1,1.2085714285714289
CI-0048,2024-10-01,222.0,6637.8,,0.0,0.0,,Refis,500,13,84,10.632911392405063,252,12,222.0,-138.0,-16.42857142857143,2.642857142857143,0.0,1,0,237.0,237.0,0.0,0.0,,237.0,0.35443037974683544,6.461538461538462,0.0,0.0,0.4,2024-10,1,0,1.1371428571428572
CI-0048,2024-11-01,343.0,10255.7,,0.0,0.0,,Refis,500,13,84,10.980392156862745,252,12,343.0,-259.0,-30.83333333333333,4.083333333333333,0.0,1,0,229.5,229.5,10.606601717798213,0.04621612948931683,-15.0,222.0,0.3660130718954248,6.461538461538462,0.0,0.0,0.4,2024-11,1,0,1.7202657527567309
CI-0048,2024-12-01,257.0,7684.3,,0.0,0.0,,Refis,500,13,84,9.426433915211971,252,12,257.0,-173.0,-20.59523809523809,3.0595238095238093,0.0,1,0,267.3333333333333,267.3333333333333,65.95705673643522,0.24672215736821157,53.0,343.0,0.314214463840399,6.461538461538462,0.0,0.0,0.4,2024-12,1,0,1.3408178474147556
CI-0048,2025-01-01,273.0,8162.7,,0.0,0.0,,Refis,500,13,84,9.51841359773371,252,12,273.0,-189.0,-22.5,3.25,0.0,1,0,274.0,264.75,54.10098581973038,0.20434744407830172,6.666666666666667,257.0,0.31728045325779036,6.461538461538462,0.0,0.0,0.4,2025-01,1,0,1.4106521166117454
CI-0048,2025-02-01,228.0,6817.2,,0.0,0.0,,Refis,500,13,84,9.459459459459461,252,12,228.0,-144.0,-17.142857142857142,2.7142857142857144,0.0,1,0,291.0,266.4,46.997872292264475,0.17641843953552733,17.0,273.0,0.31531531531531537,6.461538461538462,0.0,0.0,0.4,2025-02,1,0,1.192177051644615
CI-0048,2025-03-01,224.0,6697.6,,0.0,0.0,,Refis,500,13,84,9.692307692307693,252,12,224.0,-140.0,-16.666666666666668,2.6666666666666665,0.0,1,0,252.66666666666666,260.0,44.864239656991856,0.17255476791150715,-38.333333333333336,228.0,0.3230769230769231,6.461538461538462,0.0,0.0,0.4,2025-03,1,0,1.1725498818533928
CI-0048,2025-04-01,263.0,7863.7,,0.0,0.0,,Refis,500,13,84,9.773755656108598,252,12,263.0,-179.0,-21.30952380952381,3.130952380952381,0.0,1,0,241.66666666666666,257.8333333333333,46.48189611737744,0.18027884725550397,-11.0,224.0,0.3257918552036199,6.461538461538462,0.0,0.0,0.4,2025-04,1,0,1.3594227794692781
CI-0048,2025-05-01,232.0,6936.8,,0.0,0.0,,Refis,500,13,84,9.521410579345089,252,12,232.0,-148.0,-17.61904761904762,2.761904761904762,0.0,1,0,238.33333333333334,264.6666666666667,43.04726084975288,0.16264708129629551,-3.3333333333333335,263.0,0.31738035264483627,6.461538461538462,0.0,0.0,0.4,2025-05,1,0,1.2091589669563492
CI-0048,2025-06-01,231.0,6906.900000000001,,0.0,0.0,,Refis,500,13,84,10.23696682464455,252,12,231.0,-147.0,-17.5,2.75,0.0,1,0,239.66666666666666,246.16666666666666,20.701851769024675,0.08409689276516456,1.3333333333333333,232.0,0.3412322274881517,6.461538461538462,0.0,0.0,0.4,2025-06,1,0,1.192614533914775
CI-0048,2025-07-01,240.0,7176.0,,0.0,0.0,,Refis,500,13,84,10.42039972432805,252,12,240.0,-156.0,-18.571428571428573,2.857142857142857,0.0,1,0,242.0,241.83333333333334,20.701851769024692,0.08560379780437502,2.3333333333333335,231.0,0.34734665747760163,6.461538461538462,0.0,0.0,0.4,2025-07,1,0,1.2356977125277993
CI-0048,2025-08-01,243.0,7265.7,,0.0,0.0,,Refis,500,13,84,10.662905500705218,252,12,243.0,-159.0,-18.928571428571427,2.892857142857143,0.0,1,0,234.33333333333334,236.33333333333334,14.09491634124416,0.05963998451866358,-7.666666666666667,240.0,0.3554301833568406,6.461538461538462,0.0,0.0,0.4,2025-08,1,0,1.2460888548206568
CI-0048,2025-09-01,288.0,8611.2,,0.0,0.0,106.0,Refis,500,13,84,10.55129099790649,252,12,288.0,-204.0,-24.285714285714285,3.4285714285714284,0.0,1,0,238.0,238.83333333333334,13.644290625264153,0.057128920971099034,3.6666666666666665,243.0,0.35170969993021634,6.461538461538462,0.0,0.0,0.4,2025-09,1,0,1.4599979095742364
CI-0048,2025-10-01,252.0,7534.8,,0.0,0.0,89.0,Refis,500,13,84,10.100200400801603,252,12,252.0,-168.0,-20.0,3.0,0.0,1,0,257.0,249.5,22.115605350069057,0.08863970080187998,19.0,288.0,0.3366733466933868,6.461538461538462,0.0,0.0,0.4,2025-10,1,0,1.2932959551202823
CI-0048,2025-11-01,314.0,9388.6,,0.0,0.0,114.0,Refis,500,13,84,10.174966352624496,252,12,314.0,-230.0,-27.38095238095238,3.738095238095238,0.0,1,0,261.0,247.66666666666666,21.210060505964382,0.08563954443861796,4.0,252.0,0.3391655450874832,6.461538461538462,0.0,0.0,0.4,2025-11,1,0,1.588084026903888
CI-0048,2025-12-01,233.0,6966.7,,0.0,0.0,68.0,Refis,500,13,84,9.642857142857144,252,12,233.0,-149.0,-17.738095238095237,2.773809523809524,0.0,1,0,284.6666666666667,261.3333333333333,32.506409624359755,0.12438677152178479,23.666666666666668,314.0,0.32142857142857145,6.461538461538462,0.0,0.0,0.4,2025-12,1,0,1.2081818252520775
CI-0048,2026-01-01,240.0,7176.0,,0.0,0.0,108.0,Refis,500,13,84,9.630573248407643,252,12,240.0,-156.0,-18.571428571428573,2.857142857142857,0.0,1,0,266.3333333333333,261.6666666666667,32.141354462229316,0.12283320176648145,-18.333333333333332,233.0,0.32101910828025476,6.461538461538462,0.0,0.0,0.4,2026-01,1,0,1.2412821231221154
CI-0048,2026-02-01,273.0,8162.7,,0.0,0.0,73.0,Refis,500,13,84,9.630573248407643,252,12,273.0,-189.0,-22.5,3.25,0.0,1,0,262.3333333333333,261.6666666666667,32.141354462229316,0.12283320176648145,-4.0,240.0,0.32101910828025476,6.461538461538462,0.0,0.0,0.4,2026-02,1,0,1.3984249802649724
CI-0048,2026-03-01,270.0,8073.0,,0.0,0.0,76.0,Refis,500,13,84,9.45,252,12,270.0,-186.0,-22.142857142857142,3.2142857142857144,0.0,1,0,248.66666666666666,266.6666666666667,30.96880150517078,0.11613300564439041,-13.666666666666666,273.0,0.315,6.461538461538462,0.0,0.0,0.4,2026-03,1,0,1.3831342365609445
CI-0048,2026-04-01,264.0,7893.6,,0.0,0.0,73.0,Refis,500,13,84,9.557522123893806,252,12,264.0,-180.0,-21.42857142857143,3.142857142857143,0.0,1,0,261.0,263.6666666666667,29.31666192912604,0.11118835118505452,12.333333333333334,270.0,0.3185840707964602,6.461538461538462,0.0,0.0,0.4,2026-04,1,0,1.3538211098206154
CI-0048,2026-05-01,289.0,8641.1,,0.0,0.0,97.0,Refis,500,13,84,9.485570890840652,252,12,289.0,-205.0,-24.404761904761905,3.4404761904761907,0.0,1,0,269.0,265.6666666666667,28.76572033978409,0.10827749186869794,8.0,264.0,0.3161856963613551,6.461538461538462,0.0,0.0,0.4,2026-05,1,0,1.4724320999707812
CI-0048,2026-06-01,301.0,8999.9,,0.0,0.0,80.0,Refis,500,13,84,9.636711281070745,252,12,301.0,-217.0,-25.833333333333336,3.583333333333333,0.0,1,0,274.3333333333333,261.5,21.173096136370837,0.08096786285419058,5.333333333333333,289.0,0.32122370936902483,6.461538461538462,0.0,0.0,0.4,2026-06,1,0,1.525478512761462
CI-0048,2026-07-01,266.0,7953.4,,0.0,0.0,92.0,Refis,500,13,84,9.236408063530849,252,12,266.0,-182.0,-21.666666666666668,3.1666666666666665,0.0,1,0,284.6666666666667,272.8333333333333,21.065770023112577,0.07721113020077915,10.333333333333334,301.0,0.30788026878436164,6.461538461538462,0.0,0.0,0.4,2026-07,1,0,1.3582483361967836
CI-0048,2026-08-01,256.0,7654.400000000001,,0.0,0.0,114.0,Refis,500,13,84,9.092002405291641,252,12,256.0,-172.0,-20.47619047619048,3.0476190476190474,0.0,1,0,285.3333333333333,277.1666666666667,14.6617415973229,0.05289864677326361,0.6666666666666666,266.0,0.3030667468430547,6.461538461538462,0.0,0.0,0.4,2026-08,1,0,1.3069824160636088
CI-0048,2026-10-01,,,260.0,0.0,0.0,,Refis,500,13,84,9.185905224787364,252,12,260.0,-176.0,-20.952380952380956,3.095238095238096,0.0,1,0,274.3333333333333,274.3333333333333,17.07239487203445,0.06223230208518026,-11.0,256.0,0.3061968408262455,6.461538461538462,0.0,0.0,0.4,2026-10,1,0,1.3274300834080155
CI-0048,2026-11-01,,,307.0,0.0,0.0,,Refis,500,13,84,9.156976744186046,252,12,307.0,-223.0,-26.547619047619047,3.6547619047619047,0.0,1,0,261.0,275.2,18.939376969689423,0.06882041050032495,-22.5,0.0,0.30523255813953487,6.461538461538462,0.0,0.0,0.4,2026-11,1,0,1.5522278234798108
CI-0048,2026-12-01,,,297.0,0.0,0.0,,Refis,500,13,84,9.06474820143885,252,12,297.0,-213.0,-25.357142857142858,3.5357142857142856,0.0,1,0,256.0,278.0,20.639767440550383,0.07424376777176396,-10.0,0.0,0.302158273381295,6.461538461538462,0.0,0.0,0.4,2026-12,1,0,1.505422279451479
CI-0049,2024-09-01,322.0,9627.8,,0.0,0.0,,Acessórios,300,16,60,0.0,303,12,322.0,-262.0,-25.940594059405942,5.366666666666666,0.0,1,0,,,0.0,0.0,,0.0,0.0,3.75,0.0,0.0,0.4,2024-09,1,1,2.2266666666666666
CI-0049,2024-10-01,334.0,9986.6,,0.0,0.0,,Acessórios,300,16,60,5.590062111801242,303,12,334.0,-274.0,-27.128712871287128,5.566666666666666,0.0,1,0,322.0,322.0,0.0,0.0,,322.0,0.18633540372670807,3.75,0.0,0.0,0.4,2024-10,1,0,2.3066666666666666
CI-0049,2024-11-01,402.0,12019.8,,0.0,0.0,,Acessórios,300,16,60,5.48780487804878,303,12,402.0,-342.0,-33.86138613861386,6.7,0.0,1,0,328.0,328.0,8.48528137423857,0.02586976028731271,12.0,334.0,0.18292682926829268,3.75,0.0,0.0,0.4,2024-11,1,0,2.763880464043097
CI-0049,2024-12-01,307.0,9179.3,,0.0,0.0,,Acessórios,300,16,60,5.103969754253308,303,12,307.0,-247.0,-24.45544554455445,5.116666666666666,0.0,1,0,352.6666666666667,352.6666666666667,43.143172499635824,0.12233413752259685,40.0,402.0,0.17013232514177692,3.75,0.0,0.0,0.4,2024-12,1,0,2.145016787295056
CI-0049,2025-01-01,316.0,9448.4,,0.0,0.0,,Acessórios,300,16,60,5.2747252747252755,303,12,316.0,-256.0,-25.346534653465348,5.266666666666667,0.0,1,0,347.6666666666667,341.25,41.97916149710473,0.12301585786697355,-5.0,307.0,0.17582417582417584,3.75,0.0,0.0,0.4,2025-01,1,0,2.205119045346713
CI-0049,2025-02-01,304.0,9089.6,,0.0,0.0,,Acessórios,300,16,60,5.353955978584176,303,12,304.0,-244.0,-24.15841584158416,5.066666666666666,0.0,1,0,341.6666666666667,336.2,38.068359565392356,0.11323128960556918,-6.0,316.0,0.17846519928613921,3.75,0.0,0.0,0.4,2025-02,1,0,2.123651360107502
CI-0049,2025-03-01,289.0,8641.1,,0.0,0.0,,Acessórios,300,16,60,5.440806045340051,303,12,289.0,-229.0,-22.673267326732677,4.816666666666666,0.0,1,0,309.0,330.8333333333333,36.49885842963676,0.11032400532887687,-32.666666666666664,304.0,0.18136020151133503,3.75,0.0,0.0,0.4,2025-03,1,0,2.0232152674659982
CI-0049,2025-04-01,301.0,8999.9,,0.0,0.0,,Acessórios,300,16,60,5.532786885245902,303,12,301.0,-241.0,-23.86138613861386,5.016666666666667,0.0,1,0,303.0,325.3333333333333,40.3765608573423,0.12410828132379806,-6.0,289.0,0.18442622950819673,3.75,0.0,0.0,0.4,2025-04,1,0,2.1052829088652367
CI-0049,2025-05-01,316.0,9448.4,,0.0,0.0,,Acessórios,300,16,60,5.627931214174049,303,12,316.0,-256.0,-25.346534653465348,5.266666666666667,0.0,1,0,298.0,319.8333333333333,41.19911002275008,0.12881430960734783,-5.0,301.0,0.18759770713913498,3.75,0.0,0.0,0.4,2025-05,1,0,2.205988813107769
CI-0049,2025-06-01,319.0,9538.1,,0.0,0.0,,Acessórios,300,16,60,5.891980360065466,303,12,319.0,-259.0,-25.643564356435643,5.316666666666666,0.0,1,0,302.0,305.5,10.173494974687822,0.033301129213380756,4.0,316.0,0.19639934533551553,3.75,0.0,0.0,0.4,2025-06,1,0,2.2116618360486737
CI-0049,2025-07-01,349.0,10435.1,,0.0,0.0,,Acessórios,300,16,60,5.853658536585366,303,12,349.0,-289.0,-28.613861386138613,5.816666666666666,0.0,1,0,312.0,307.5,11.606032913963254,0.03774319646817319,10.0,319.0,0.1951219512195122,3.75,0.0,0.0,0.4,2025-07,1,0,2.412328146136893
CI-0049,2025-08-01,334.0,9986.6,,0.0,0.0,,Acessórios,300,16,60,5.7507987220447285,303,12,334.0,-274.0,-27.128712871287128,5.566666666666666,0.0,1,0,328.0,313.0,20.69782597279237,0.06612723952968808,16.0,349.0,0.19169329073482427,3.75,0.0,0.0,0.4,2025-08,1,0,2.31658575259612
CI-0049,2025-09-01,308.0,9209.2,,0.0,0.0,76.0,Acessórios,300,16,60,5.660377358490567,303,12,308.0,-248.0,-24.554455445544555,5.133333333333334,0.0,1,0,334.0,318.0,21.688706738761496,0.06820348031057075,6.0,334.0,0.18867924528301888,3.75,0.0,0.0,0.4,2025-09,1,0,2.1435638553799192
CI-0049,2025-10-01,350.0,10465.0,,0.0,0.0,63.0,Acessórios,300,16,60,5.604566683964712,303,12,350.0,-290.0,-28.712871287128717,5.833333333333333,0.0,1,0,330.3333333333333,321.1666666666667,17.611549240957338,0.054836167849374166,-3.6666666666666665,308.0,0.18681888946549038,3.75,0.0,0.0,0.4,2025-10,1,0,2.4215587585107397
CI-0049,2025-11-01,452.0,13514.8,,0.0,0.0,86.0,Acessórios,300,16,60,5.465587044534413,303,12,452.0,-392.0,-38.81188118811881,7.533333333333333,0.0,1,0,330.6666666666667,329.3333333333333,17.750117370503904,0.053897117521772994,0.3333333333333333,350.0,0.18218623481781376,3.75,0.0,0.0,0.4,2025-11,1,0,3.1014179009615996
CI-0049,2025-12-01,284.0,8491.6,,0.0,0.0,54.0,Acessórios,300,16,60,5.113636363636363,303,12,284.0,-224.0,-22.178217821782177,4.733333333333333,0.0,1,0,370.0,352.0,51.69526090465155,0.1468615366609419,39.333333333333336,452.0,0.17045454545454544,3.75,0.0,0.0,0.4,2025-12,1,0,1.9953625638324748
CI-0049,2026-01-01,309.0,9239.1,,0.0,0.0,56.0,Acessórios,300,16,60,5.199807414540202,303,12,309.0,-249.0,-24.65346534653465,5.15,0.0,1,0,362.0,346.1666666666667,57.78033114016103,0.16691477459844303,-8.0,284.0,0.17332691381800674,3.75,0.0,0.0,0.4,2026-01,1,0,2.1650372161897664
CI-0049,2026-02-01,284.0,8491.6,,0.0,0.0,44.0,Acessórios,300,16,60,5.301914580265096,303,12,284.0,-224.0,-22.178217821782177,4.733333333333333,0.0,1,0,348.3333333333333,339.5,59.664897552916294,0.1757434390365723,-13.666666666666666,309.0,0.17673048600883653,3.75,0.0,0.0,0.4,2026-02,1,0,1.9996948491888193
CI-0049,2026-03-01,352.0,10524.8,,0.0,0.0,77.0,Acessórios,300,16,60,5.435329642677403,303,12,352.0,-292.0,-28.91089108910891,5.866666666666666,0.0,1,0,292.3333333333333,331.1666666666667,63.926259601721306,0.19303349653262597,-56.0,284.0,0.18117765475591344,3.75,0.0,0.0,0.4,2026-03,1,0,2.4556216911465607
CI-0049,2026-04-01,316.0,9448.4,,0.0,0.0,35.0,Acessórios,300,16,60,5.317577548005908,303,12,316.0,-256.0,-25.346534653465348,5.266666666666667,0.0,1,0,315.0,338.5,63.257410633063365,0.1868756591818711,22.666666666666668,352.0,0.17725258493353027,3.75,0.0,0.0,0.4,2026-04,1,0,2.2146980155439477
CI-0049,2026-05-01,343.0,10255.7,,0.0,0.0,64.0,Acessórios,300,16,60,5.408112168252378,303,12,343.0,-283.0,-28.019801980198014,5.716666666666667,0.0,1,0,317.3333333333333,332.8333333333333,63.54342347298157,0.19091664538702527,2.3333333333333335,316.0,0.18027040560841262,3.75,0.0,0.0,0.4,2026-05,1,0,2.3953041634747203
CI-0049,2026-06-01,304.0,9089.6,,0.0,0.0,65.0,Acessórios,300,16,60,5.720338983050847,303,12,304.0,-244.0,-24.15841584158416,5.066666666666666,0.0,1,0,337.0,314.6666666666667,28.675192530594583,0.0911287898218048,19.666666666666668,343.0,0.1906779661016949,3.75,0.0,0.0,0.4,2026-06,1,0,2.1203359851399375
CI-0049,2026-07-01,326.0,9747.4,,0.0,0.0,54.0,Acessórios,300,16,60,5.660377358490567,303,12,326.0,-266.0,-26.33663366336633,5.433333333333334,0.0,1,0,321.0,318.0,25.369272752682527,0.07977758727258656,-16.0,304.0,0.18867924528301888,3.75,0.0,0.0,0.4,2026-07,1,0,2.2652999714242212
CI-0049,2026-08-01,307.0,9179.3,,0.0,0.0,80.0,Acessórios,300,16,60,5.6103896103896105,303,12,307.0,-247.0,-24.45544554455445,5.116666666666666,0.0,1,0,324.3333333333333,320.8333333333333,25.111086528994846,0.07826832164881511,3.3333333333333335,326.0,0.18701298701298702,3.75,0.0,0.0,0.4,2026-08,1,0,2.138406914913989
CI-0049,2026-10-01,,,312.0,0.0,0.0,,Acessórios,300,16,60,5.544147843942505,303,12,312.0,-252.0,-24.950495049504948,5.2,0.0,1,0,312.3333333333333,324.6666666666667,19.490168461731315,0.06003131969732438,-12.0,307.0,0.18480492813141683,3.75,0.0,0.0,0.4,2026-10,1,0,2.1690046979545987
CI-0049,2026-11-01,,,370.0,0.0,0.0,,Acessórios,300,16,60,5.639097744360903,303,12,370.0,-310.0,-30.69306930693069,6.166666666666667,0.0,1,0,316.5,319.2,15.833508770957863,0.049603724219792804,1.5,0.0,0.1879699248120301,3.75,0.0,0.0,0.4,2026-11,1,0,2.554107225299636
CI-0049,2026-12-01,,,358.0,0.0,0.0,,Acessórios,300,16,60,5.625,303,12,358.0,-298.0,-29.504950495049503,5.966666666666667,0.0,1,0,307.0,320.0,18.16590212458493,0.05676844413932791,-19.0,0.0,0.1875,3.75,0.0,0.0,0.4,2026-12,1,0,2.475181933287566
CI-0050,2024-09-01,376.0,33802.4,,0.0,0.0,,Escolar,400,19,118,0.0,354,21,376.0,-258.0,-21.864406779661014,3.1864406779661016,0.0,1,0,,,0.0,0.0,,0.0,0.0,6.2105263157894735,0.0,0.0,0.7,2024-09,1,1,1.4145762711864407
CI-0050,2024-10-01,350.0,31465.0,,0.0,0.0,,Escolar,400,19,118,9.414893617021276,354,21,350.0,-232.0,-19.66101694915254,2.9661016949152543,0.0,1,0,376.0,376.0,0.0,0.0,,376.0,0.31382978723404253,6.2105263157894735,0.0,0.0,0.7,2024-10,1,0,1.3264406779661018
CI-0050,2024-11-01,478.0,42972.2,,0.0,0.0,,Escolar,400,19,118,9.75206611570248,354,21,478.0,-360.0,-30.508474576271183,4.050847457627119,0.0,1,0,363.0,363.0,18.384776310850235,0.05064676669655712,-26.0,350.0,0.325068870523416,6.2105263157894735,0.0,0.0,0.7,2024-11,1,0,1.7679359980553313
CI-0050,2024-12-01,389.0,34971.1,,0.0,0.0,,Escolar,400,19,118,8.82059800664452,354,21,389.0,-271.0,-22.966101694915253,3.296610169491525,0.0,1,0,401.3333333333333,401.3333333333333,67.65599258996453,0.16857805462615746,51.0,478.0,0.2940199335548173,6.2105263157894735,0.0,0.0,0.7,2024-12,1,0,1.4839307759905336
CI-0050,2025-01-01,901.0,80999.9,,0.0,0.0,,Escolar,400,19,118,8.88888888888889,354,21,901.0,-783.0,-66.35593220338983,7.635593220338983,0.0,1,0,405.6666666666667,398.25,55.58402048550765,0.1395706729077405,4.333333333333333,389.0,0.2962962962962963,6.2105263157894735,0.0,0.0,0.7,2025-01,1,0,3.2151728890717544
CI-0050,2025-02-01,914.0,82168.6,,0.0,0.0,,Escolar,400,19,118,7.097032878909382,354,21,914.0,-796.0,-67.45762711864407,7.745762711864407,0.0,1,0,589.3333333333334,498.8,229.9319464537279,0.4609702214389092,183.66666666666666,901.0,0.23656776263031273,6.2105263157894735,0.0,0.0,0.7,2025-02,1,0,3.307450617961599
CI-0050,2025-03-01,350.0,31465.0,,0.0,0.0,,Escolar,400,19,118,6.232394366197183,354,21,350.0,-232.0,-19.66101694915254,2.9661016949152543,0.0,1,0,734.6666666666666,568.0,266.50853644864736,0.4692051698039566,145.33333333333334,914.0,0.20774647887323944,6.2105263157894735,0.0,0.0,0.7,2025-03,1,0,1.3968214534366952
CI-0050,2025-04-01,389.0,34971.1,,0.0,0.0,,Escolar,400,19,118,6.280307510348907,354,21,389.0,-271.0,-22.966101694915253,3.296610169491525,0.0,1,0,721.6666666666666,563.6666666666666,270.43717693147636,0.47978209981929576,-13.0,350.0,0.2093435836782969,6.2105263157894735,0.0,0.0,0.7,2025-04,1,0,1.5306113827695043
CI-0050,2025-05-01,370.0,33263.0,,0.0,0.0,,Escolar,400,19,118,6.208710903244666,354,21,370.0,-252.0,-21.35593220338983,3.135593220338983,0.0,1,0,551.0,570.1666666666666,264.68201047042595,0.46421866788148375,-170.66666666666666,389.0,0.20695703010815553,6.2105263157894735,0.0,0.0,0.7,2025-05,1,0,1.463870088317816
CI-0050,2025-06-01,343.0,30835.7,,0.0,0.0,,Escolar,400,19,118,6.411107757319651,354,21,343.0,-225.0,-19.06779661016949,2.906779661016949,0.0,1,0,369.6666666666667,552.1666666666666,275.64862899471615,0.4992127298425285,-181.33333333333334,370.0,0.21370359191065502,6.2105263157894735,0.0,0.0,0.7,2025-06,1,0,1.3775937738831587
CI-0050,2025-07-01,407.0,36589.3,,0.0,0.0,,Escolar,400,19,118,6.5013774104683195,354,21,407.0,-289.0,-24.491525423728813,3.449152542372881,0.0,1,0,367.3333333333333,544.5,281.6684220852597,0.5172973775670517,-2.3333333333333335,343.0,0.21671258034894397,6.2105263157894735,0.0,0.0,0.7,2025-07,1,0,1.5972556235842101
CI-0050,2025-08-01,343.0,30835.7,,0.0,0.0,,Escolar,400,19,118,7.659574468085106,354,21,343.0,-225.0,-19.06779661016949,2.906779661016949,0.0,1,0,373.3333333333333,462.1666666666667,222.63280680678366,0.4817154132133797,6.0,407.0,0.2553191489361702,6.2105263157894735,0.0,0.0,0.7,2025-08,1,0,1.3749691763887864
CI-0050,2025-09-01,342.0,30745.8,,0.0,0.0,111.0,Escolar,400,19,118,9.645776566757492,354,21,342.0,-224.0,-18.98305084745763,2.8983050847457625,0.0,1,0,364.3333333333333,367.0,26.585710447531497,0.07244062792242914,-9.0,343.0,0.3215258855585831,6.2105263157894735,0.0,0.0,0.7,2025-09,1,0,1.3101881280866692
CI-0050,2025-10-01,326.0,29307.4,,0.0,0.0,111.0,Escolar,400,19,118,9.680948040109389,354,21,326.0,-208.0,-17.627118644067796,2.76271186440678,0.0,1,0,364.0,365.6666666666667,27.782488489454146,0.07597763488456011,-0.3333333333333333,342.0,0.3226982680036463,6.2105263157894735,0.0,0.0,0.7,2025-10,1,0,1.2564813909953958
CI-0050,2025-11-01,503.0,45219.7,,0.0,0.0,75.0,Escolar,400,19,118,9.96715157203191,354,21,503.0,-385.0,-32.62711864406779,4.262711864406779,0.0,1,0,337.0,355.1666666666667,29.075189881867512,0.0818635097565486,-27.0,326.0,0.33223838573439696,6.2105263157894735,0.0,0.0,0.7,2025-11,1,0,1.857364272226194
CI-0050,2025-12-01,373.0,33532.7,,0.0,0.0,152.0,Escolar,400,19,118,9.381625441696112,354,21,373.0,-255.0,-21.610169491525426,3.1610169491525424,0.0,1,0,390.3333333333333,377.3333333333333,67.69539619993856,0.179404760247187,53.333333333333336,503.0,0.3127208480565371,6.2105263157894735,0.0,0.0,0.7,2025-12,1,0,1.431317493698095
CI-0050,2026-01-01,970.0,87203.0,,0.0,0.0,131.0,Escolar,400,19,118,9.25893635571055,354,21,970.0,-852.0,-72.20338983050847,8.220338983050848,0.0,1,0,400.6666666666667,382.3333333333333,65.73177821013711,0.17192269802128277,10.333333333333334,373.0,0.3086312118570183,6.2105263157894735,0.0,0.0,0.7,2026-01,1,0,3.4539239979235314
CI-0050,2026-02-01,850.0,76415.0,,0.0,0.0,139.0,Escolar,400,19,118,7.434371718585929,354,21,850.0,-732.0,-62.03389830508474,7.203389830508475,0.0,1,0,615.3333333333334,476.1666666666667,250.4072017068732,0.5258814176553165,214.66666666666666,970.0,0.24781239061953098,6.2105263157894735,0.0,0.0,0.7,2026-02,1,0,3.1002381448516876
CI-0050,2026-03-01,338.0,30386.2,,0.0,0.0,140.0,Escolar,400,19,118,6.313912009512485,354,21,338.0,-220.0,-18.64406779661017,2.864406779661017,0.0,1,0,731.0,560.6666666666666,280.24822330688676,0.4998481985259574,115.66666666666667,850.0,0.21046373365041618,6.2105263157894735,0.0,0.0,0.7,2026-03,1,0,1.3607399416433001
CI-0050,2026-04-01,414.0,37218.6,,0.0,0.0,167.0,Escolar,400,19,118,6.321428571428571,354,21,414.0,-296.0,-25.08474576271186,3.5084745762711864,0.0,1,0,719.3333333333334,560.0,280.87648530982443,0.5015651523389723,-11.666666666666666,338.0,0.21071428571428572,6.2105263157894735,0.0,0.0,0.7,2026-04,1,0,1.6186246033593203
CI-0050,2026-05-01,343.0,30835.7,,0.0,0.0,80.0,Escolar,400,19,118,6.160092807424594,354,21,343.0,-225.0,-19.06779661016949,2.906779661016949,0.0,1,0,534.0,574.6666666666666,268.22652118436514,0.46675148697975377,-185.33333333333334,414.0,0.20533642691415316,6.2105263157894735,0.0,0.0,0.7,2026-05,1,0,1.3727245874537426
CI-0050,2026-06-01,370.0,33263.0,,0.0,0.0,95.0,Escolar,400,19,118,6.45985401459854,354,21,370.0,-252.0,-21.35593220338983,3.135593220338983,0.0,1,0,365.0,548.0,284.25129727056657,0.5187067468440996,-169.0,343.0,0.21532846715328466,6.2105263157894735,0.0,0.0,0.7,2026-06,1,0,1.4720433001622082
CI-0050,2026-07-01,343.0,30835.7,,0.0,0.0,148.0,Escolar,400,19,118,6.465753424657534,354,21,343.0,-225.0,-19.06779661016949,2.906779661016949,0.0,1,0,375.6666666666667,547.5,284.62308409544016,0.5198595143295711,10.666666666666666,370.0,0.21552511415525114,6.2105263157894735,0.0,0.0,0.7,2026-07,1,0,1.3806907915562152
CI-0050,2026-08-01,404.0,36319.6,,0.0,0.0,106.0,Escolar,400,19,118,7.990970654627539,354,21,404.0,-286.0,-24.23728813559322,3.4237288135593222,0.0,1,0,352.0,443.0,201.41698041624994,0.45466587001410824,-23.666666666666668,343.0,0.26636568848758463,6.2105263157894735,0.0,0.0,0.7,2026-08,1,0,1.5776914059258451
CI-0050,2026-10-01,,,365.0,0.0,0.0,,Escolar,400,19,118,9.602169981916816,354,21,365.0,-247.0,-20.93220338983051,3.093220338983051,0.0,1,0,372.3333333333333,368.6666666666667,33.35665850571187,0.09047918220355841,20.333333333333332,404.0,0.32007233273056057,6.2105263157894735,0.0,0.0,0.7,2026-10,1,0,1.3908600129237543
CI-0050,2026-11-01,,,432.0,0.0,0.0,,Escolar,400,19,118,9.445037353255069,354,21,432.0,-314.0,-26.610169491525426,3.6610169491525424,0.0,1,0,373.5,374.8,33.29714702493318,0.0888397732789039,17.0,0.0,0.31483457844183566,6.2105263157894735,0.0,0.0,0.7,2026-11,1,0,1.6177327456528525
CI-0050,2026-12-01,,,418.0,0.0,0.0,,Escolar,400,19,118,9.698630136986301,354,21,418.0,-300.0,-25.42372881355932,3.542372881355932,0.0,1,0,404.0,365.0,28.948229652260643,0.07931021822537163,61.0,0.0,0.3232876712328767,6.2105263157894735,0.0,0.0,0.7,2026-12,1,0,1.5688456852761785
