caderno_inteligente_—_dados_fictícios_|_vendas_faturadas_—_últimos_24_meses,unnamed:_1,unnamed:_2,unnamed:_3,unnamed:_4,unnamed:_5
,,,,,
,SKU,Cliente/Canal,,,
2024-09-01,CI-0001,E-commerce,45.0,799.0,35955.0
2024-09-01,CI-0001,Marketplace,35.0,799.0,27965.0
2024-09-01,CI-0001,Loja própria,29.0,799.0,23171.0
2024-09-01,CI-0001,KA-01,16.0,799.0,12784.0
2024-09-01,CI-0001,KA-02,13.0,799.0,10387.0
2024-09-01,CI-0001,KA-03,11.0,799.0,8789.0
2024-09-01,CI-0001,KA-04,6.0,799.0,4794.0
2024-09-01,CI-0001,KA-05,4.0,799.0,3196.0
2024-10-01,CI-0001,E-commerce,45.0,799.0,35955.0
2024-10-01,CI-0001,Marketplace,36.0,799.0,28764.0
2024-10-01,CI-0001,Loja própria,29.0,799.0,23171.0
2024-10-01,CI-0001,KA-01,16.0,799.0,12784.0
2024-10-01,CI-0001,KA-02,13.0,799.0,10387.0
2024-10-01,CI-0001,KA-03,11.0,799.0,8789.0
2024-10-01,CI-0001,KA-04,6.0,799.0,4794.0
2024-10-01,CI-0001,KA-05,4.0,799.0,3196.0
2024-11-01,CI-0001,E-commerce,65.0,799.0,51935.0
2024-11-01,CI-0001,Marketplace,51.0,799.0,40749.0
2024-11-01,CI-0001,Loja própria,42.0,799.0,33558.0
2024-11-01,CI-0001,KA-01,23.0,799.0,18377.0
2024-11-01,CI-0001,KA-02,18.0,799.0,14382.0
2024-11-01,CI-0001,KA-03,16.0,799.0,12784.0
2024-11-01,CI-0001,KA-04,9.0,799.0,7191.0
2024-11-01,CI-0001,KA-05,7.0,799.0,5593.0
2024-12-01,CI-0001,E-commerce,47.0,799.0,37553.0
2024-12-01,CI-0001,Marketplace,37.0,799.0,29563.0
2024-12-01,CI-0001,Loja própria,30.0,799.0,2397.0
2024-12-01,CI-0001,KA-01,16.0,799.0,12784.0
2024-12-01,CI-0001,KA-02,13.0,799.0,10387.0
2024-12-01,CI-0001,KA-03,11.0,799.0,8789.0
2024-12-01,CI-0001,KA-04,6.0,799.0,4794.0
2024-12-01,CI-0001,KA-05,5.0,799.0,3995.0
2025-01-01,CI-0001,E-commerce,50.0,799.0,3995.0
2025-01-01,CI-0001,Marketplace,39.0,799.0,31161.0
2025-01-01,CI-0001,Loja própria,32.0,799.0,25568.0
2025-01-01,CI-0001,KA-01,18.0,799.0,14382.0
2025-01-01,CI-0001,KA-02,14.0,799.0,11186.0
2025-01-01,CI-0001,KA-03,12.0,799.0,9588.0
2025-01-01,CI-0001,KA-04,7.0,799.0,5593.0
2025-01-01,CI-0001,KA-05,5.0,799.0,3995.0
2025-02-01,CI-0001,E-commerce,51.0,799.0,40749.0
2025-02-01,CI-0001,Marketplace,40.0,799.0,3196.0
2025-02-01,CI-0001,Loja própria,32.0,799.0,25568.0
2025-02-01,CI-0001,KA-01,18.0,799.0,14382.0
2025-02-01,CI-0001,KA-02,14.0,799.0,11186.0
2025-02-01,CI-0001,KA-03,12.0,799.0,9588.0
2025-02-01,CI-0001,KA-04,7.0,799.0,5593.0
2025-02-01,CI-0001,KA-05,5.0,799.0,3995.0
2025-03-01,CI-0001,E-commerce,48.0,799.0,38352.0
2025-03-01,CI-0001,Marketplace,37.0,799.0,29563.0
2025-03-01,CI-0001,Loja própria,30.0,799.0,2397.0
2025-03-01,CI-0001,KA-01,17.0,799.0,13583.0
2025-03-01,CI-0001,KA-02,13.0,799.0,10387.0
2025-03-01,CI-0001,KA-03,12.0,799.0,9588.0
2025-03-01,CI-0001,KA-04,6.0,799.0,4794.0
2025-03-01,CI-0001,KA-05,5.0,799.0,3995.0
2025-04-01,CI-0001,E-commerce,54.0,799.0,43146.0
2025-04-01,CI-0001,Marketplace,42.0,799.0,33558.0
2025-04-01,CI-0001,Loja própria,34.0,799.0,27166.0
2025-04-01,CI-0001,KA-01,19.0,799.0,15181.0
2025-04-01,CI-0001,KA-02,15.0,799.0,11985.0
2025-04-01,CI-0001,KA-03,13.0,799.0,10387.0
2025-04-01,CI-0001,KA-04,7.0,799.0,5593.0
2025-04-01,CI-0001,KA-05,5.0,799.0,3995.0
2025-05-01,CI-0001,E-commerce,49.0,799.0,39151.0
2025-05-01,CI-0001,Marketplace,38.0,799.0,30362.0
2025-05-01,CI-0001,Loja própria,31.0,799.0,24769.0
2025-05-01,CI-0001,KA-01,17.0,799.0,13583.0
2025-05-01,CI-0001,KA-02,14.0,799.0,11186.0
2025-05-01,CI-0001,KA-03,12.0,799.0,9588.0
2025-05-01,CI-0001,KA-04,7.0,799.0,5593.0
2025-05-01,CI-0001,KA-05,5.0,799.0,3995.0
2025-06-01,CI-0001,E-commerce,46.0,799.0,36754.0
2025-06-01,CI-0001,Marketplace,36.0,799.0,28764.0
2025-06-01,CI-0001,Loja própria,29.0,799.0,23171.0
2025-06-01,CI-0001,KA-01,16.0,799.0,12784.0
2025-06-01,CI-0001,KA-02,13.0,799.0,10387.0
2025-06-01,CI-0001,KA-03,11.0,799.0,8789.0
2025-06-01,CI-0001,KA-04,6.0,799.0,4794.0
2025-06-01,CI-0001,KA-05,4.0,799.0,3196.0
2025-07-01,CI-0001,E-commerce,54.0,799.0,43146.0
2025-07-01,CI-0001,Marketplace,42.0,799.0,33558.0
2025-07-01,CI-0001,Loja própria,35.0,799.0,27965.0
2025-07-01,CI-0001,KA-01,19.0,799.0,15181.0
2025-07-01,CI-0001,KA-02,15.0,799.0,11985.0
2025-07-01,CI-0001,KA-03,13.0,799.0,10387.0
2025-07-01,CI-0001,KA-04,7.0,799.0,5593.0
2025-07-01,CI-0001,KA-05,5.0,799.0,3995.0
2025-08-01,CI-0001,E-commerce,55.0,799.0,43945.0
2025-08-01,CI-0001,Marketplace,43.0,799.0,34357.0
2025-08-01,CI-0001,Loja própria,35.0,799.0,27965.0
2025-08-01,CI-0001,KA-01,19.0,799.0,15181.0
2025-08-01,CI-0001,KA-02,15.0,799.0,11985.0
2025-08-01,CI-0001,KA-03,13.0,799.0,10387.0
2025-08-01,CI-0001,KA-04,7.0,799.0,5593.0
2025-08-01,CI-0001,KA-05,5.0,799.0,3995.0
2025-09-01,CI-0001,E-commerce,50.0,799.0,3995.0
2025-09-01,CI-0001,Marketplace,39.0,799.0,31161.0
2025-09-01,CI-0001,Loja própria,32.0,799.0,25568.0
2025-09-01,CI-0001,KA-01,18.0,799.0,14382.0
2025-09-01,CI-0001,KA-02,14.0,799.0,11186.0
2025-09-01,CI-0001,KA-03,12.0,799.0,9588.0
2025-09-01,CI-0001,KA-04,7.0,799.0,5593.0
2025-09-01,CI-0001,KA-05,5.0,799.0,3995.0
2025-10-01,CI-0001,E-commerce,56.0,799.0,44744.0
2025-10-01,CI-0001,Marketplace,44.0,799.0,35156.0
2025-10-01,CI-0001,Loja própria,36.0,799.0,28764.0
2025-10-01,CI-0001,KA-01,20.0,799.0,1598.0
2025-10-01,CI-0001,KA-02,16.0,799.0,12784.0
2025-10-01,CI-0001,KA-03,14.0,799.0,11186.0
2025-10-01,CI-0001,KA-04,8.0,799.0,6392.0
2025-10-01,CI-0001,KA-05,6.0,799.0,4794.0
2025-11-01,CI-0001,E-commerce,75.0,799.0,59925.0
2025-11-01,CI-0001,Marketplace,59.0,799.0,47141.0
2025-11-01,CI-0001,Loja própria,48.0,799.0,38352.0
2025-11-01,CI-0001,KA-01,26.0,799.0,20774.0
2025-11-01,CI-0001,KA-02,21.0,799.0,16779.0
2025-11-01,CI-0001,KA-03,18.0,799.0,14382.0
2025-11-01,CI-0001,KA-04,10.0,799.0,799.0
2025-11-01,CI-0001,KA-05,8.0,799.0,6392.0
2025-12-01,CI-0001,E-commerce,61.0,799.0,48739.0
2025-12-01,CI-0001,Marketplace,48.0,799.0,38352.0
2025-12-01,CI-0001,Loja própria,39.0,799.0,31161.0
2025-12-01,CI-0001,KA-01,21.0,799.0,16779.0
2025-12-01,CI-0001,KA-02,17.0,799.0,13583.0
2025-12-01,CI-0001,KA-03,15.0,799.0,11985.0
2025-12-01,CI-0001,KA-04,8.0,799.0,6392.0
2025-12-01,CI-0001,KA-05,6.0,799.0,4794.0
2026-01-01,CI-0001,E-commerce,64.0,799.0,51136.0
2026-01-01,CI-0001,Marketplace,50.0,799.0,3995.0
2026-01-01,CI-0001,Loja própria,41.0,799.0,32759.0
2026-01-01,CI-0001,KA-01,22.0,799.0,17578.0
2026-01-01,CI-0001,KA-02,18.0,799.0,14382.0
2026-01-01,CI-0001,KA-03,16.0,799.0,12784.0
2026-01-01,CI-0001,KA-04,9.0,799.0,7191.0
2026-01-01,CI-0001,KA-05,6.0,799.0,4794.0
2026-02-01,CI-0001,E-commerce,64.0,799.0,51136.0
2026-02-01,CI-0001,Marketplace,50.0,799.0,3995.0
2026-02-01,CI-0001,Loja própria,41.0,799.0,32759.0
2026-02-01,CI-0001,KA-01,22.0,799.0,17578.0
2026-02-01,CI-0001,KA-02,18.0,799.0,14382.0
2026-02-01,CI-0001,KA-03,16.0,799.0,12784.0
2026-02-01,CI-0001,KA-04,9.0,799.0,7191.0
2026-02-01,CI-0001,KA-05,6.0,799.0,4794.0
2026-03-01,CI-0001,E-commerce,61.0,799.0,48739.0
2026-03-01,CI-0001,Marketplace,48.0,799.0,38352.0
2026-03-01,CI-0001,Loja própria,39.0,799.0,31161.0
2026-03-01,CI-0001,KA-01,22.0,799.0,17578.0
2026-03-01,CI-0001,KA-02,17.0,799.0,13583.0
2026-03-01,CI-0001,KA-03,15.0,799.0,11985.0
2026-03-01,CI-0001,KA-04,8.0,799.0,6392.0
2026-03-01,CI-0001,KA-05,6.0,799.0,4794.0
2026-04-01,CI-0001,E-commerce,59.0,799.0,47141.0
2026-04-01,CI-0001,Marketplace,46.0,799.0,36754.0
2026-04-01,CI-0001,Loja própria,38.0,799.0,30362.0
2026-04-01,CI-0001,KA-01,21.0,799.0,16779.0
2026-04-01,CI-0001,KA-02,17.0,799.0,13583.0
2026-04-01,CI-0001,KA-03,14.0,799.0,11186.0
2026-04-01,CI-0001,KA-04,8.0,799.0,6392.0
2026-04-01,CI-0001,KA-05,6.0,799.0,4794.0
2026-05-01,CI-0001,E-commerce,59.0,799.0,47141.0
2026-05-01,CI-0001,Marketplace,47.0,799.0,37553.0
2026-05-01,CI-0001,Loja própria,38.0,799.0,30362.0
2026-05-01,CI-0001,KA-01,21.0,799.0,16779.0
2026-05-01,CI-0001,KA-02,17.0,799.0,13583.0
2026-05-01,CI-0001,KA-03,14.0,799.0,11186.0
2026-05-01,CI-0001,KA-04,8.0,799.0,6392.0
2026-05-01,CI-0001,KA-05,6.0,799.0,4794.0
2026-06-01,CI-0001,E-commerce,57.0,799.0,45543.0
2026-06-01,CI-0001,Marketplace,44.0,799.0,35156.0
2026-06-01,CI-0001,Loja própria,36.0,799.0,28764.0
2026-06-01,CI-0001,KA-01,20.0,799.0,1598.0
2026-06-01,CI-0001,KA-02,16.0,799.0,12784.0
2026-06-01,CI-0001,KA-03,14.0,799.0,11186.0
2026-06-01,CI-0001,KA-04,8.0,799.0,6392.0
2026-06-01,CI-0001,KA-05,6.0,799.0,4794.0
2026-07-01,CI-0001,E-commerce,58.0,799.0,46342.0
2026-07-01,CI-0001,Marketplace,46.0,799.0,36754.0
2026-07-01,CI-0001,Loja própria,37.0,799.0,29563.0
2026-07-01,CI-0001,KA-01,21.0,799.0,16779.0
2026-07-01,CI-0001,KA-02,16.0,799.0,12784.0
2026-07-01,CI-0001,KA-03,14.0,799.0,11186.0
2026-07-01,CI-0001,KA-04,8.0,799.0,6392.0
2026-07-01,CI-0001,KA-05,6.0,799.0,4794.0
2026-08-01,CI-0001,E-commerce,64.0,799.0,51136.0
2026-08-01,CI-0001,Marketplace,51.0,799.0,40749.0
2026-08-01,CI-0001,Loja própria,41.0,799.0,32759.0
2026-08-01,CI-0001,KA-01,23.0,799.0,18377.0
2026-08-01,CI-0001,KA-02,18.0,799.0,14382.0
2026-08-01,CI-0001,KA-03,16.0,799.0,12784.0
2026-08-01,CI-0001,KA-04,9.0,799.0,7191.0
2026-08-01,CI-0001,KA-05,6.0,799.0,4794.0
2024-09-01,CI-0002,E-commerce,60.0,849.0,5094.0
2024-09-01,CI-0002,Marketplace,47.0,849.0,39903.0
2024-09-01,CI-0002,Loja própria,39.0,849.0,33111.0
2024-09-01,CI-0002,KA-01,21.0,849.0,17829.0
2024-09-01,CI-0002,KA-02,17.0,849.0,14433.0
2024-09-01,CI-0002,KA-03,15.0,849.0,12735.0
2024-09-01,CI-0002,KA-04,8.0,849.0,6792.0
2024-09-01,CI-0002,KA-05,6.0,849.0,5094.0
2024-10-01,CI-0002,E-commerce,58.0,849.0,49242.0
2024-10-01,CI-0002,Marketplace,45.0,849.0,38205.0
2024-10-01,CI-0002,Loja própria,37.0,849.0,31413.0
2024-10-01,CI-0002,KA-01,20.0,849.0,1698.0
2024-10-01,CI-0002,KA-02,16.0,849.0,13584.0
2024-10-01,CI-0002,KA-03,14.0,849.0,11886.0
2024-10-01,CI-0002,KA-04,8.0,849.0,6792.0
2024-10-01,CI-0002,KA-05,6.0,849.0,5094.0
2024-11-01,CI-0002,E-commerce,85.0,849.0,72165.0
2024-11-01,CI-0002,Marketplace,66.0,849.0,56034.0
2024-11-01,CI-0002,Loja própria,54.0,849.0,45846.0
2024-11-01,CI-0002,KA-01,30.0,849.0,2547.0
2024-11-01,CI-0002,KA-02,24.0,849.0,20376.0
2024-11-01,CI-0002,KA-03,21.0,849.0,17829.0
2024-11-01,CI-0002,KA-04,12.0,849.0,10188.0
2024-11-01,CI-0002,KA-05,9.0,849.0,7641.0
2024-12-01,CI-0002,E-commerce,54.0,849.0,45846.0
2024-12-01,CI-0002,Marketplace,43.0,849.0,36507.0
2024-12-01,CI-0002,Loja própria,35.0,849.0,29715.0
2024-12-01,CI-0002,KA-01,19.0,849.0,16131.0
2024-12-01,CI-0002,KA-02,15.0,849.0,12735.0
2024-12-01,CI-0002,KA-03,13.0,849.0,11037.0
2024-12-01,CI-0002,KA-04,7.0,849.0,5943.0
2024-12-01,CI-0002,KA-05,5.0,849.0,4245.0
2025-01-01,CI-0002,E-commerce,52.0,849.0,44148.0
2025-01-01,CI-0002,Marketplace,41.0,849.0,34809.0
2025-01-01,CI-0002,Loja própria,33.0,849.0,28017.0
2025-01-01,CI-0002,KA-01,18.0,849.0,15282.0
2025-01-01,CI-0002,KA-02,14.0,849.0,11886.0
2025-01-01,CI-0002,KA-03,13.0,849.0,11037.0
2025-01-01,CI-0002,KA-04,7.0,849.0,5943.0
2025-01-01,CI-0002,KA-05,5.0,849.0,4245.0
2025-02-01,CI-0002,E-commerce,61.0,849.0,51789.0
2025-02-01,CI-0002,Marketplace,47.0,849.0,39903.0
2025-02-01,CI-0002,Loja própria,39.0,849.0,33111.0
2025-02-01,CI-0002,KA-01,21.0,849.0,17829.0
2025-02-01,CI-0002,KA-02,17.0,849.0,14433.0
2025-02-01,CI-0002,KA-03,15.0,849.0,12735.0
2025-02-01,CI-0002,KA-04,8.0,849.0,6792.0
2025-02-01,CI-0002,KA-05,6.0,849.0,5094.0
2025-03-01,CI-0002,E-commerce,51.0,849.0,43299.0
2025-03-01,CI-0002,Marketplace,40.0,849.0,3396.0
2025-03-01,CI-0002,Loja própria,33.0,849.0,28017.0
2025-03-01,CI-0002,KA-01,18.0,849.0,15282.0
2025-03-01,CI-0002,KA-02,14.0,849.0,11886.0
2025-03-01,CI-0002,KA-03,12.0,849.0,10188.0
2025-03-01,CI-0002,KA-04,7.0,849.0,5943.0
2025-03-01,CI-0002,KA-05,5.0,849.0,4245.0
2025-04-01,CI-0002,E-commerce,54.0,849.0,45846.0
2025-04-01,CI-0002,Marketplace,42.0,849.0,35658.0
2025-04-01,CI-0002,Loja própria,34.0,849.0,28866.0
2025-04-01,CI-0002,KA-01,19.0,849.0,16131.0
2025-04-01,CI-0002,KA-02,15.0,849.0,12735.0
2025-04-01,CI-0002,KA-03,13.0,849.0,11037.0
2025-04-01,CI-0002,KA-04,7.0,849.0,5943.0
2025-04-01,CI-0002,KA-05,5.0,849.0,4245.0
2025-05-01,CI-0002,E-commerce,52.0,849.0,44148.0
2025-05-01,CI-0002,Marketplace,41.0,849.0,34809.0
2025-05-01,CI-0002,Loja própria,33.0,849.0,28017.0
2025-05-01,CI-0002,KA-01,18.0,849.0,15282.0
2025-05-01,CI-0002,KA-02,15.0,849.0,12735.0
2025-05-01,CI-0002,KA-03,13.0,849.0,11037.0
2025-05-01,CI-0002,KA-04,7.0,849.0,5943.0
2025-05-01,CI-0002,KA-05,5.0,849.0,4245.0
2025-06-01,CI-0002,E-commerce,64.0,849.0,54336.0
2025-06-01,CI-0002,Marketplace,50.0,849.0,4245.0
2025-06-01,CI-0002,Loja própria,41.0,849.0,34809.0
2025-06-01,CI-0002,KA-01,23.0,849.0,19527.0
2025-06-01,CI-0002,KA-02,18.0,849.0,15282.0
2025-06-01,CI-0002,KA-03,16.0,849.0,13584.0
2025-06-01,CI-0002,KA-04,9.0,849.0,7641.0
2025-06-01,CI-0002,KA-05,6.0,849.0,5094.0
2025-07-01,CI-0002,E-commerce,64.0,849.0,54336.0
2025-07-01,CI-0002,Marketplace,50.0,849.0,4245.0
2025-07-01,CI-0002,Loja própria,41.0,849.0,34809.0
2025-07-01,CI-0002,KA-01,23.0,849.0,19527.0
2025-07-01,CI-0002,KA-02,18.0,849.0,15282.0
2025-07-01,CI-0002,KA-03,16.0,849.0,13584.0
2025-07-01,CI-0002,KA-04,9.0,849.0,7641.0
2025-07-01,CI-0002,KA-05,6.0,849.0,5094.0
2025-08-01,CI-0002,E-commerce,63.0,849.0,53487.0
2025-08-01,CI-0002,Marketplace,49.0,849.0,41601.0
2025-08-01,CI-0002,Loja própria,40.0,849.0,3396.0
2025-08-01,CI-0002,KA-01,22.0,849.0,18678.0
2025-08-01,CI-0002,KA-02,18.0,849.0,15282.0
2025-08-01,CI-0002,KA-03,15.0,849.0,12735.0
2025-08-01,CI-0002,KA-04,9.0,849.0,7641.0
2025-08-01,CI-0002,KA-05,6.0,849.0,5094.0
2025-09-01,CI-0002,E-commerce,57.0,849.0,48393.0
2025-09-01,CI-0002,Marketplace,45.0,849.0,38205.0
2025-09-01,CI-0002,Loja própria,37.0,849.0,31413.0
2025-09-01,CI-0002,KA-01,20.0,849.0,1698.0
2025-09-01,CI-0002,KA-02,16.0,849.0,13584.0
2025-09-01,CI-0002,KA-03,14.0,849.0,11886.0
2025-09-01,CI-0002,KA-04,8.0,849.0,6792.0
2025-09-01,CI-0002,KA-05,6.0,849.0,5094.0
2025-10-01,CI-0002,E-commerce,62.0,849.0,52638.0
2025-10-01,CI-0002,Marketplace,48.0,849.0,40752.0
2025-10-01,CI-0002,Loja própria,39.0,849.0,33111.0
2025-10-01,CI-0002,KA-01,22.0,849.0,18678.0
2025-10-01,CI-0002,KA-02,17.0,849.0,14433.0
2025-10-01,CI-0002,KA-03,15.0,849.0,12735.0
2025-10-01,CI-0002,KA-04,8.0,849.0,6792.0
2025-10-01,CI-0002,KA-05,6.0,849.0,5094.0
2025-11-01,CI-0002,E-commerce,71.0,849.0,60279.0
2025-11-01,CI-0002,Marketplace,56.0,849.0,47544.0
2025-11-01,CI-0002,Loja própria,46.0,849.0,39054.0
2025-11-01,CI-0002,KA-01,25.0,849.0,21225.0
2025-11-01,CI-0002,KA-02,20.0,849.0,1698.0
2025-11-01,CI-0002,KA-03,17.0,849.0,14433.0
2025-11-01,CI-0002,KA-04,10.0,849.0,849.0
2025-11-01,CI-0002,KA-05,7.0,849.0,5943.0
2025-12-01,CI-0002,E-commerce,52.0,849.0,44148.0
2025-12-01,CI-0002,Marketplace,41.0,849.0,34809.0
2025-12-01,CI-0002,Loja própria,34.0,849.0,28866.0
2025-12-01,CI-0002,KA-01,18.0,849.0,15282.0
2025-12-01,CI-0002,KA-02,15.0,849.0,12735.0
2025-12-01,CI-0002,KA-03,13.0,849.0,11037.0
2025-12-01,CI-0002,KA-04,7.0,849.0,5943.0
2025-12-01,CI-0002,KA-05,5.0,849.0,4245.0
2026-01-01,CI-0002,E-commerce,63.0,849.0,53487.0
2026-01-01,CI-0002,Marketplace,49.0,849.0,41601.0
2026-01-01,CI-0002,Loja própria,40.0,849.0,3396.0
2026-01-01,CI-0002,KA-01,22.0,849.0,18678.0
2026-01-01,CI-0002,KA-02,18.0,849.0,15282.0
2026-01-01,CI-0002,KA-03,15.0,849.0,12735.0
2026-01-01,CI-0002,KA-04,9.0,849.0,7641.0
2026-01-01,CI-0002,KA-05,6.0,849.0,5094.0
2026-02-01,CI-0002,E-commerce,54.0,849.0,45846.0
2026-02-01,CI-0002,Marketplace,42.0,849.0,35658.0
2026-02-01,CI-0002,Loja própria,34.0,849.0,28866.0
2026-02-01,CI-0002,KA-01,19.0,849.0,16131.0
2026-02-01,CI-0002,KA-02,15.0,849.0,12735.0
2026-02-01,CI-0002,KA-03,13.0,849.0,11037.0
2026-02-01,CI-0002,KA-04,7.0,849.0,5943.0
2026-02-01,CI-0002,KA-05,5.0,849.0,4245.0
2026-03-01,CI-0002,E-commerce,62.0,849.0,52638.0
2026-03-01,CI-0002,Marketplace,48.0,849.0,40752.0
2026-03-01,CI-0002,Loja própria,39.0,849.0,33111.0
2026-03-01,CI-0002,KA-01,22.0,849.0,18678.0
2026-03-01,CI-0002,KA-02,17.0,849.0,14433.0
2026-03-01,CI-0002,KA-03,15.0,849.0,12735.0
2026-03-01,CI-0002,KA-04,8.0,849.0,6792.0
2026-03-01,CI-0002,KA-05,6.0,849.0,5094.0
2026-04-01,CI-0002,E-commerce,56.0,849.0,47544.0
2026-04-01,CI-0002,Marketplace,44.0,849.0,37356.0
2026-04-01,CI-0002,Loja própria,36.0,849.0,30564.0
2026-04-01,CI-0002,KA-01,20.0,849.0,1698.0
2026-04-01,CI-0002,KA-02,16.0,849.0,13584.0
2026-04-01,CI-0002,KA-03,14.0,849.0,11886.0
2026-04-01,CI-0002,KA-04,8.0,849.0,6792.0
2026-04-01,CI-0002,KA-05,6.0,849.0,5094.0
2026-05-01,CI-0002,E-commerce,60.0,849.0,5094.0
2026-05-01,CI-0002,Marketplace,47.0,849.0,39903.0
2026-05-01,CI-0002,Loja própria,38.0,849.0,32262.0
2026-05-01,CI-0002,KA-01,21.0,849.0,17829.0
2026-05-01,CI-0002,KA-02,17.0,849.0,14433.0
2026-05-01,CI-0002,KA-03,15.0,849.0,12735.0
2026-05-01,CI-0002,KA-04,8.0,849.0,6792.0
2026-05-01,CI-0002,KA-05,6.0,849.0,5094.0
2026-06-01,CI-0002,E-commerce,68.0,849.0,57732.0
2026-06-01,CI-0002,Marketplace,53.0,849.0,44997.0
2026-06-01,CI-0002,Loja própria,43.0,849.0,36507.0
2026-06-01,CI-0002,KA-01,24.0,849.0,20376.0
2026-06-01,CI-0002,KA-02,19.0,849.0,16131.0
2026-06-01,CI-0002,KA-03,17.0,849.0,14433.0
2026-06-01,CI-0002,KA-04,9.0,849.0,7641.0
2026-06-01,CI-0002,KA-05,7.0,849.0,5943.0
2026-07-01,CI-0002,E-commerce,63.0,849.0,53487.0
2026-07-01,CI-0002,Marketplace,49.0,849.0,41601.0
2026-07-01,CI-0002,Loja própria,40.0,849.0,3396.0
2026-07-01,CI-0002,KA-01,22.0,849.0,18678.0
2026-07-01,CI-0002,KA-02,18.0,849.0,15282.0
2026-07-01,CI-0002,KA-03,15.0,849.0,12735.0
2026-07-01,CI-0002,KA-04,9.0,849.0,7641.0
2026-07-01,CI-0002,KA-05,6.0,849.0,5094.0
2026-08-01,CI-0002,E-commerce,58.0,849.0,49242.0
2026-08-01,CI-0002,Marketplace,46.0,849.0,39054.0
2026-08-01,CI-0002,Loja própria,37.0,849.0,31413.0
2026-08-01,CI-0002,KA-01,21.0,849.0,17829.0
2026-08-01,CI-0002,KA-02,16.0,849.0,13584.0
2026-08-01,CI-0002,KA-03,14.0,849.0,11886.0
2026-08-01,CI-0002,KA-04,8.0,849.0,6792.0
2026-08-01,CI-0002,KA-05,6.0,849.0,5094.0
2024-09-01,CI-0003,E-commerce,65.0,899.0,58435.0
2024-09-01,CI-0003,Marketplace,51.0,899.0,45849.0
2024-09-01,CI-0003,Loja própria,42.0,899.0,37758.0
2024-09-01,CI-0003,KA-01,23.0,899.0,20677.0
2024-09-01,CI-0003,KA-02,18.0,899.0,16182.0
2024-09-01,CI-0003,KA-03,16.0,899.0,14384.0
2024-09-01,CI-0003,KA-04,9.0,899.0,8091.0
2024-09-01,CI-0003,KA-05,7.0,899.0,6293.0
2024-10-01,CI-0003,E-commerce,63.0,899.0,56637.0
2024-10-01,CI-0003,Marketplace,49.0,899.0,44051.0
2024-10-01,CI-0003,Loja própria,40.0,899.0,3596.0
2024-10-01,CI-0003,KA-01,22.0,899.0,19778.0
2024-10-01,CI-0003,KA-02,18.0,899.0,16182.0
2024-10-01,CI-0003,KA-03,15.0,899.0,13485.0
2024-10-01,CI-0003,KA-04,9.0,899.0,8091.0
2024-10-01,CI-0003,KA-05,6.0,899.0,5394.0
2024-11-01,CI-0003,E-commerce,91.0,899.0,81809.0
2024-11-01,CI-0003,Marketplace,71.0,899.0,63829.0
2024-11-01,CI-0003,Loja própria,58.0,899.0,52142.0
2024-11-01,CI-0003,KA-01,32.0,899.0,28768.0
2024-11-01,CI-0003,KA-02,26.0,899.0,23374.0
2024-11-01,CI-0003,KA-03,22.0,899.0,19778.0
2024-11-01,CI-0003,KA-04,13.0,899.0,11687.0
2024-11-01,CI-0003,KA-05,9.0,899.0,8091.0
2024-12-01,CI-0003,E-commerce,77.0,899.0,69223.0
2024-12-01,CI-0003,Marketplace,60.0,899.0,5394.0
2024-12-01,CI-0003,Loja própria,49.0,899.0,44051.0
2024-12-01,CI-0003,KA-01,27.0,899.0,24273.0
2024-12-01,CI-0003,KA-02,22.0,899.0,19778.0
2024-12-01,CI-0003,KA-03,19.0,899.0,17081.0
2024-12-01,CI-0003,KA-04,11.0,899.0,9889.0
2024-12-01,CI-0003,KA-05,8.0,899.0,7192.0
2025-01-01,CI-0003,E-commerce,78.0,899.0,70122.0
2025-01-01,CI-0003,Marketplace,62.0,899.0,55738.0
2025-01-01,CI-0003,Loja própria,50.0,899.0,4495.0
2025-01-01,CI-0003,KA-01,28.0,899.0,25172.0
2025-01-01,CI-0003,KA-02,22.0,899.0,19778.0
2025-01-01,CI-0003,KA-03,19.0,899.0,17081.0
2025-01-01,CI-0003,KA-04,11.0,899.0,9889.0
2025-01-01,CI-0003,KA-05,8.0,899.0,7192.0
2025-02-01,CI-0003,E-commerce,65.0,899.0,58435.0
2025-02-01,CI-0003,Marketplace,51.0,899.0,45849.0
2025-02-01,CI-0003,Loja própria,42.0,899.0,37758.0
2025-02-01,CI-0003,KA-01,23.0,899.0,20677.0
2025-02-01,CI-0003,KA-02,18.0,899.0,16182.0
2025-02-01,CI-0003,KA-03,16.0,899.0,14384.0
2025-02-01,CI-0003,KA-04,9.0,899.0,8091.0
2025-02-01,CI-0003,KA-05,7.0,899.0,6293.0
2025-03-01,CI-0003,E-commerce,63.0,899.0,56637.0
2025-03-01,CI-0003,Marketplace,50.0,899.0,4495.0
2025-03-01,CI-0003,Loja própria,41.0,899.0,36859.0
2025-03-01,CI-0003,KA-01,22.0,899.0,19778.0
2025-03-01,CI-0003,KA-02,18.0,899.0,16182.0
2025-03-01,CI-0003,KA-03,15.0,899.0,13485.0
2025-03-01,CI-0003,KA-04,9.0,899.0,8091.0
2025-03-01,CI-0003,KA-05,6.0,899.0,5394.0
2025-04-01,CI-0003,E-commerce,76.0,899.0,68324.0
2025-04-01,CI-0003,Marketplace,59.0,899.0,53041.0
2025-04-01,CI-0003,Loja própria,48.0,899.0,43152.0
2025-04-01,CI-0003,KA-01,27.0,899.0,24273.0
2025-04-01,CI-0003,KA-02,21.0,899.0,18879.0
2025-04-01,CI-0003,KA-03,19.0,899.0,17081.0
2025-04-01,CI-0003,KA-04,10.0,899.0,899.0
2025-04-01,CI-0003,KA-05,8.0,899.0,7192.0
2025-05-01,CI-0003,E-commerce,78.0,899.0,70122.0
2025-05-01,CI-0003,Marketplace,61.0,899.0,54839.0
2025-05-01,CI-0003,Loja própria,50.0,899.0,4495.0
2025-05-01,CI-0003,KA-01,28.0,899.0,25172.0
2025-05-01,CI-0003,KA-02,22.0,899.0,19778.0
2025-05-01,CI-0003,KA-03,19.0,899.0,17081.0
2025-05-01,CI-0003,KA-04,11.0,899.0,9889.0
2025-05-01,CI-0003,KA-05,8.0,899.0,7192.0
2025-06-01,CI-0003,E-commerce,71.0,899.0,63829.0
2025-06-01,CI-0003,Marketplace,56.0,899.0,50344.0
2025-06-01,CI-0003,Loja própria,45.0,899.0,40455.0
2025-06-01,CI-0003,KA-01,25.0,899.0,22475.0
2025-06-01,CI-0003,KA-02,20.0,899.0,1798.0
2025-06-01,CI-0003,KA-03,17.0,899.0,15283.0
2025-06-01,CI-0003,KA-04,10.0,899.0,899.0
2025-06-01,CI-0003,KA-05,7.0,899.0,6293.0
2025-07-01,CI-0003,E-commerce,75.0,899.0,67425.0
2025-07-01,CI-0003,Marketplace,59.0,899.0,53041.0
2025-07-01,CI-0003,Loja própria,48.0,899.0,43152.0
2025-07-01,CI-0003,KA-01,27.0,899.0,24273.0
2025-07-01,CI-0003,KA-02,21.0,899.0,18879.0
2025-07-01,CI-0003,KA-03,18.0,899.0,16182.0
2025-07-01,CI-0003,KA-04,10.0,899.0,899.0
2025-07-01,CI-0003,KA-05,8.0,899.0,7192.0
2025-08-01,CI-0003,E-commerce,76.0,899.0,68324.0
2025-08-01,CI-0003,Marketplace,60.0,899.0,5394.0
2025-08-01,CI-0003,Loja própria,49.0,899.0,44051.0
2025-08-01,CI-0003,KA-01,27.0,899.0,24273.0
2025-08-01,CI-0003,KA-02,21.0,899.0,18879.0
2025-08-01,CI-0003,KA-03,19.0,899.0,17081.0
2025-08-01,CI-0003,KA-04,10.0,899.0,899.0
2025-08-01,CI-0003,KA-05,8.0,899.0,7192.0
2025-09-01,CI-0003,E-commerce,65.0,899.0,58435.0
2025-09-01,CI-0003,Marketplace,51.0,899.0,45849.0
2025-09-01,CI-0003,Loja própria,41.0,899.0,36859.0
2025-09-01,CI-0003,KA-01,23.0,899.0,20677.0
2025-09-01,CI-0003,KA-02,18.0,899.0,16182.0
2025-09-01,CI-0003,KA-03,16.0,899.0,14384.0
2025-09-01,CI-0003,KA-04,9.0,899.0,8091.0
2025-09-01,CI-0003,KA-05,6.0,899.0,5394.0
2025-10-01,CI-0003,E-commerce,80.0,899.0,7192.0
2025-10-01,CI-0003,Marketplace,63.0,899.0,56637.0
2025-10-01,CI-0003,Loja própria,52.0,899.0,46748.0
2025-10-01,CI-0003,KA-01,28.0,899.0,25172.0
2025-10-01,CI-0003,KA-02,23.0,899.0,20677.0
2025-10-01,CI-0003,KA-03,20.0,899.0,1798.0
2025-10-01,CI-0003,KA-04,11.0,899.0,9889.0
2025-10-01,CI-0003,KA-05,8.0,899.0,7192.0
2025-11-01,CI-0003,E-commerce,106.0,899.0,95294.0
2025-11-01,CI-0003,Marketplace,83.0,899.0,74617.0
2025-11-01,CI-0003,Loja própria,68.0,899.0,61132.0
2025-11-01,CI-0003,KA-01,38.0,899.0,34162.0
2025-11-01,CI-0003,KA-02,30.0,899.0,2697.0
2025-11-01,CI-0003,KA-03,26.0,899.0,23374.0
2025-11-01,CI-0003,KA-04,15.0,899.0,13485.0
2025-11-01,CI-0003,KA-05,11.0,899.0,9889.0
2025-12-01,CI-0003,E-commerce,75.0,899.0,67425.0
2025-12-01,CI-0003,Marketplace,58.0,899.0,52142.0
2025-12-01,CI-0003,Loja própria,48.0,899.0,43152.0
2025-12-01,CI-0003,KA-01,26.0,899.0,23374.0
2025-12-01,CI-0003,KA-02,21.0,899.0,18879.0
2025-12-01,CI-0003,KA-03,18.0,899.0,16182.0
2025-12-01,CI-0003,KA-04,10.0,899.0,899.0
2025-12-01,CI-0003,KA-05,8.0,899.0,7192.0
2026-01-01,CI-0003,E-commerce,83.0,899.0,74617.0
2026-01-01,CI-0003,Marketplace,65.0,899.0,58435.0
2026-01-01,CI-0003,Loja própria,53.0,899.0,47647.0
2026-01-01,CI-0003,KA-01,29.0,899.0,26071.0
2026-01-01,CI-0003,KA-02,23.0,899.0,20677.0
2026-01-01,CI-0003,KA-03,20.0,899.0,1798.0
2026-01-01,CI-0003,KA-04,11.0,899.0,9889.0
2026-01-01,CI-0003,KA-05,8.0,899.0,7192.0
2026-02-01,CI-0003,E-commerce,78.0,899.0,70122.0
2026-02-01,CI-0003,Marketplace,61.0,899.0,54839.0
2026-02-01,CI-0003,Loja própria,50.0,899.0,4495.0
2026-02-01,CI-0003,KA-01,27.0,899.0,24273.0
2026-02-01,CI-0003,KA-02,22.0,899.0,19778.0
2026-02-01,CI-0003,KA-03,19.0,899.0,17081.0
2026-02-01,CI-0003,KA-04,11.0,899.0,9889.0
2026-02-01,CI-0003,KA-05,8.0,899.0,7192.0
2026-03-01,CI-0003,E-commerce,84.0,899.0,75516.0
2026-03-01,CI-0003,Marketplace,66.0,899.0,59334.0
2026-03-01,CI-0003,Loja própria,54.0,899.0,48546.0
2026-03-01,CI-0003,KA-01,30.0,899.0,2697.0
2026-03-01,CI-0003,KA-02,24.0,899.0,21576.0
2026-03-01,CI-0003,KA-03,21.0,899.0,18879.0
2026-03-01,CI-0003,KA-04,12.0,899.0,10788.0
2026-03-01,CI-0003,KA-05,9.0,899.0,8091.0
2026-04-01,CI-0003,E-commerce,73.0,899.0,65627.0
2026-04-01,CI-0003,Marketplace,57.0,899.0,51243.0
2026-04-01,CI-0003,Loja própria,47.0,899.0,42253.0
2026-04-01,CI-0003,KA-01,26.0,899.0,23374.0
2026-04-01,CI-0003,KA-02,21.0,899.0,18879.0
2026-04-01,CI-0003,KA-03,18.0,899.0,16182.0
2026-04-01,CI-0003,KA-04,10.0,899.0,899.0
2026-04-01,CI-0003,KA-05,7.0,899.0,6293.0
2026-05-01,CI-0003,E-commerce,81.0,899.0,72819.0
2026-05-01,CI-0003,Marketplace,64.0,899.0,57536.0
2026-05-01,CI-0003,Loja própria,52.0,899.0,46748.0
2026-05-01,CI-0003,KA-01,29.0,899.0,26071.0
2026-05-01,CI-0003,KA-02,23.0,899.0,20677.0
2026-05-01,CI-0003,KA-03,20.0,899.0,1798.0
2026-05-01,CI-0003,KA-04,11.0,899.0,9889.0
2026-05-01,CI-0003,KA-05,8.0,899.0,7192.0
2026-06-01,CI-0003,E-commerce,82.0,899.0,73718.0
2026-06-01,CI-0003,Marketplace,64.0,899.0,57536.0
2026-06-01,CI-0003,Loja própria,52.0,899.0,46748.0
2026-06-01,CI-0003,KA-01,29.0,899.0,26071.0
2026-06-01,CI-0003,KA-02,23.0,899.0,20677.0
2026-06-01,CI-0003,KA-03,20.0,899.0,1798.0
2026-06-01,CI-0003,KA-04,11.0,899.0,9889.0
2026-06-01,CI-0003,KA-05,8.0,899.0,7192.0
2026-07-01,CI-0003,E-commerce,68.0,899.0,61132.0
2026-07-01,CI-0003,Marketplace,54.0,899.0,48546.0
2026-07-01,CI-0003,Loja própria,44.0,899.0,39556.0
2026-07-01,CI-0003,KA-01,24.0,899.0,21576.0
2026-07-01,CI-0003,KA-02,19.0,899.0,17081.0
2026-07-01,CI-0003,KA-03,17.0,899.0,15283.0
2026-07-01,CI-0003,KA-04,9.0,899.0,8091.0
2026-07-01,CI-0003,KA-05,7.0,899.0,6293.0
2026-08-01,CI-0003,E-commerce,78.0,899.0,70122.0
2026-08-01,CI-0003,Marketplace,62.0,899.0,55738.0
2026-08-01,CI-0003,Loja própria,50.0,899.0,4495.0
2026-08-01,CI-0003,KA-01,28.0,899.0,25172.0
2026-08-01,CI-0003,KA-02,22.0,899.0,19778.0
2026-08-01,CI-0003,KA-03,19.0,899.0,17081.0
2026-08-01,CI-0003,KA-04,11.0,899.0,9889.0
2026-08-01,CI-0003,KA-05,8.0,899.0,7192.0
2024-09-01,CI-0004,E-commerce,79.0,1049.0,82871.0
2024-09-01,CI-0004,Marketplace,62.0,1049.0,65038.0
2024-09-01,CI-0004,Loja própria,51.0,1049.0,53499.0
2024-09-01,CI-0004,KA-01,28.0,1049.0,29372.0
2024-09-01,CI-0004,KA-02,22.0,1049.0,23078.0
2024-09-01,CI-0004,KA-03,19.0,1049.0,19931.0
2024-09-01,CI-0004,KA-04,11.0,1049.0,11539.0
2024-09-01,CI-0004,KA-05,8.0,1049.0,8392.0
2024-10-01,CI-0004,E-commerce,84.0,1049.0,88116.0
2024-10-01,CI-0004,Marketplace,66.0,1049.0,69234.0
2024-10-01,CI-0004,Loja própria,54.0,1049.0,56646.0
2024-10-01,CI-0004,KA-01,30.0,1049.0,3147.0
2024-10-01,CI-0004,KA-02,24.0,1049.0,25176.0
2024-10-01,CI-0004,KA-03,21.0,1049.0,22029.0
2024-10-01,CI-0004,KA-04,12.0,1049.0,12588.0
2024-10-01,CI-0004,KA-05,9.0,1049.0,9441.0
2024-11-01,CI-0004,E-commerce,136.0,1049.0,142664.0
2024-11-01,CI-0004,Marketplace,106.0,1049.0,111194.0
2024-11-01,CI-0004,Loja própria,87.0,1049.0,91263.0
2024-11-01,CI-0004,KA-01,48.0,1049.0,50352.0
2024-11-01,CI-0004,KA-02,38.0,1049.0,39862.0
2024-11-01,CI-0004,KA-03,34.0,1049.0,35666.0
2024-11-01,CI-0004,KA-04,19.0,1049.0,19931.0
2024-11-01,CI-0004,KA-05,14.0,1049.0,14686.0
2024-12-01,CI-0004,E-commerce,159.0,1049.0,166791.0
2024-12-01,CI-0004,Marketplace,125.0,1049.0,131125.0
2024-12-01,CI-0004,Loja própria,102.0,1049.0,106998.0
2024-12-01,CI-0004,KA-01,57.0,1049.0,59793.0
2024-12-01,CI-0004,KA-02,45.0,1049.0,47205.0
2024-12-01,CI-0004,KA-03,39.0,1049.0,40911.0
2024-12-01,CI-0004,KA-04,22.0,1049.0,23078.0
2024-12-01,CI-0004,KA-05,17.0,1049.0,17833.0
2025-01-01,CI-0004,E-commerce,148.0,1049.0,155252.0
2025-01-01,CI-0004,Marketplace,116.0,1049.0,121684.0
2025-01-01,CI-0004,Loja própria,95.0,1049.0,99655.0
2025-01-01,CI-0004,KA-01,52.0,1049.0,54548.0
2025-01-01,CI-0004,KA-02,42.0,1049.0,44058.0
2025-01-01,CI-0004,KA-03,37.0,1049.0,38813.0
2025-01-01,CI-0004,KA-04,21.0,1049.0,22029.0
2025-01-01,CI-0004,KA-05,15.0,1049.0,15735.0
2025-02-01,CI-0004,E-commerce,94.0,1049.0,98606.0
2025-02-01,CI-0004,Marketplace,73.0,1049.0,76577.0
2025-02-01,CI-0004,Loja própria,60.0,1049.0,6294.0
2025-02-01,CI-0004,KA-01,33.0,1049.0,34617.0
2025-02-01,CI-0004,KA-02,26.0,1049.0,27274.0
2025-02-01,CI-0004,KA-03,23.0,1049.0,24127.0
2025-02-01,CI-0004,KA-04,13.0,1049.0,13637.0
2025-02-01,CI-0004,KA-05,10.0,1049.0,1049.0
2025-03-01,CI-0004,E-commerce,95.0,1049.0,99655.0
2025-03-01,CI-0004,Marketplace,74.0,1049.0,77626.0
2025-03-01,CI-0004,Loja própria,61.0,1049.0,63989.0
2025-03-01,CI-0004,KA-01,34.0,1049.0,35666.0
2025-03-01,CI-0004,KA-02,27.0,1049.0,28323.0
2025-03-01,CI-0004,KA-03,23.0,1049.0,24127.0
2025-03-01,CI-0004,KA-04,13.0,1049.0,13637.0
2025-03-01,CI-0004,KA-05,10.0,1049.0,1049.0
2025-04-01,CI-0004,E-commerce,96.0,1049.0,100704.0
2025-04-01,CI-0004,Marketplace,76.0,1049.0,79724.0
2025-04-01,CI-0004,Loja própria,62.0,1049.0,65038.0
2025-04-01,CI-0004,KA-01,34.0,1049.0,35666.0
2025-04-01,CI-0004,KA-02,27.0,1049.0,28323.0
2025-04-01,CI-0004,KA-03,24.0,1049.0,25176.0
2025-04-01,CI-0004,KA-04,13.0,1049.0,13637.0
2025-04-01,CI-0004,KA-05,10.0,1049.0,1049.0
2025-05-01,CI-0004,E-commerce,111.0,1049.0,116439.0
2025-05-01,CI-0004,Marketplace,87.0,1049.0,91263.0
2025-05-01,CI-0004,Loja própria,71.0,1049.0,74479.0
2025-05-01,CI-0004,KA-01,39.0,1049.0,40911.0
2025-05-01,CI-0004,KA-02,31.0,1049.0,32519.0
2025-05-01,CI-0004,KA-03,27.0,1049.0,28323.0
2025-05-01,CI-0004,KA-04,15.0,1049.0,15735.0
2025-05-01,CI-0004,KA-05,11.0,1049.0,11539.0
2025-06-01,CI-0004,E-commerce,98.0,1049.0,102802.0
2025-06-01,CI-0004,Marketplace,77.0,1049.0,80773.0
2025-06-01,CI-0004,Loja própria,63.0,1049.0,66087.0
2025-06-01,CI-0004,KA-01,35.0,1049.0,36715.0
2025-06-01,CI-0004,KA-02,28.0,1049.0,29372.0
2025-06-01,CI-0004,KA-03,24.0,1049.0,25176.0
2025-06-01,CI-0004,KA-04,14.0,1049.0,14686.0
2025-06-01,CI-0004,KA-05,10.0,1049.0,1049.0
2025-07-01,CI-0004,E-commerce,106.0,1049.0,111194.0
2025-07-01,CI-0004,Marketplace,83.0,1049.0,87067.0
2025-07-01,CI-0004,Loja própria,68.0,1049.0,71332.0
2025-07-01,CI-0004,KA-01,38.0,1049.0,39862.0
2025-07-01,CI-0004,KA-02,30.0,1049.0,3147.0
2025-07-01,CI-0004,KA-03,26.0,1049.0,27274.0
2025-07-01,CI-0004,KA-04,15.0,1049.0,15735.0
2025-07-01,CI-0004,KA-05,11.0,1049.0,11539.0
2025-08-01,CI-0004,E-commerce,113.0,1049.0,118537.0
2025-08-01,CI-0004,Marketplace,89.0,1049.0,93361.0
2025-08-01,CI-0004,Loja própria,73.0,1049.0,76577.0
2025-08-01,CI-0004,KA-01,40.0,1049.0,4196.0
2025-08-01,CI-0004,KA-02,32.0,1049.0,33568.0
2025-08-01,CI-0004,KA-03,28.0,1049.0,29372.0
2025-08-01,CI-0004,KA-04,16.0,1049.0,16784.0
2025-08-01,CI-0004,KA-05,12.0,1049.0,12588.0
2025-09-01,CI-0004,E-commerce,104.0,1049.0,109096.0
2025-09-01,CI-0004,Marketplace,81.0,1049.0,84969.0
2025-09-01,CI-0004,Loja própria,66.0,1049.0,69234.0
2025-09-01,CI-0004,KA-01,37.0,1049.0,38813.0
2025-09-01,CI-0004,KA-02,29.0,1049.0,30421.0
2025-09-01,CI-0004,KA-03,26.0,1049.0,27274.0
2025-09-01,CI-0004,KA-04,14.0,1049.0,14686.0
2025-09-01,CI-0004,KA-05,11.0,1049.0,11539.0
2025-10-01,CI-0004,E-commerce,117.0,1049.0,122733.0
2025-10-01,CI-0004,Marketplace,91.0,1049.0,95459.0
2025-10-01,CI-0004,Loja própria,75.0,1049.0,78675.0
2025-10-01,CI-0004,KA-01,41.0,1049.0,43009.0
2025-10-01,CI-0004,KA-02,33.0,1049.0,34617.0
2025-10-01,CI-0004,KA-03,29.0,1049.0,30421.0
2025-10-01,CI-0004,KA-04,16.0,1049.0,16784.0
2025-10-01,CI-0004,KA-05,12.0,1049.0,12588.0
2025-11-01,CI-0004,E-commerce,170.0,1049.0,17833.0
2025-11-01,CI-0004,Marketplace,133.0,1049.0,139517.0
2025-11-01,CI-0004,Loja própria,109.0,1049.0,114341.0
2025-11-01,CI-0004,KA-01,60.0,1049.0,6294.0
2025-11-01,CI-0004,KA-02,48.0,1049.0,50352.0
2025-11-01,CI-0004,KA-03,42.0,1049.0,44058.0
2025-11-01,CI-0004,KA-04,24.0,1049.0,25176.0
2025-11-01,CI-0004,KA-05,18.0,1049.0,18882.0
2025-12-01,CI-0004,E-commerce,192.0,1049.0,201408.0
2025-12-01,CI-0004,Marketplace,151.0,1049.0,158399.0
2025-12-01,CI-0004,Loja própria,124.0,1049.0,130076.0
2025-12-01,CI-0004,KA-01,68.0,1049.0,71332.0
2025-12-01,CI-0004,KA-02,55.0,1049.0,57695.0
2025-12-01,CI-0004,KA-03,48.0,1049.0,50352.0
2025-12-01,CI-0004,KA-04,27.0,1049.0,28323.0
2025-12-01,CI-0004,KA-05,20.0,1049.0,2098.0
2026-01-01,CI-0004,E-commerce,197.0,1049.0,206653.0
2026-01-01,CI-0004,Marketplace,155.0,1049.0,162595.0
2026-01-01,CI-0004,Loja própria,127.0,1049.0,133223.0
2026-01-01,CI-0004,KA-01,70.0,1049.0,7343.0
2026-01-01,CI-0004,KA-02,56.0,1049.0,58744.0
2026-01-01,CI-0004,KA-03,49.0,1049.0,51401.0
2026-01-01,CI-0004,KA-04,28.0,1049.0,29372.0
2026-01-01,CI-0004,KA-05,21.0,1049.0,22029.0
2026-02-01,CI-0004,E-commerce,127.0,1049.0,133223.0
2026-02-01,CI-0004,Marketplace,99.0,1049.0,103851.0
2026-02-01,CI-0004,Loja própria,81.0,1049.0,84969.0
2026-02-01,CI-0004,KA-01,45.0,1049.0,47205.0
2026-02-01,CI-0004,KA-02,36.0,1049.0,37764.0
2026-02-01,CI-0004,KA-03,31.0,1049.0,32519.0
2026-02-01,CI-0004,KA-04,18.0,1049.0,18882.0
2026-02-01,CI-0004,KA-05,13.0,1049.0,13637.0
2026-03-01,CI-0004,E-commerce,119.0,1049.0,124831.0
2026-03-01,CI-0004,Marketplace,93.0,1049.0,97557.0
2026-03-01,CI-0004,Loja própria,76.0,1049.0,79724.0
2026-03-01,CI-0004,KA-01,42.0,1049.0,44058.0
2026-03-01,CI-0004,KA-02,34.0,1049.0,35666.0
2026-03-01,CI-0004,KA-03,29.0,1049.0,30421.0
2026-03-01,CI-0004,KA-04,17.0,1049.0,17833.0
2026-03-01,CI-0004,KA-05,12.0,1049.0,12588.0
2026-04-01,CI-0004,E-commerce,112.0,1049.0,117488.0
2026-04-01,CI-0004,Marketplace,88.0,1049.0,92312.0
2026-04-01,CI-0004,Loja própria,72.0,1049.0,75528.0
2026-04-01,CI-0004,KA-01,40.0,1049.0,4196.0
2026-04-01,CI-0004,KA-02,32.0,1049.0,33568.0
2026-04-01,CI-0004,KA-03,28.0,1049.0,29372.0
2026-04-01,CI-0004,KA-04,16.0,1049.0,16784.0
2026-04-01,CI-0004,KA-05,12.0,1049.0,12588.0
2026-05-01,CI-0004,E-commerce,141.0,1049.0,147909.0
2026-05-01,CI-0004,Marketplace,111.0,1049.0,116439.0
2026-05-01,CI-0004,Loja própria,91.0,1049.0,95459.0
2026-05-01,CI-0004,KA-01,50.0,1049.0,5245.0
2026-05-01,CI-0004,KA-02,40.0,1049.0,4196.0
2026-05-01,CI-0004,KA-03,35.0,1049.0,36715.0
2026-05-01,CI-0004,KA-04,20.0,1049.0,2098.0
2026-05-01,CI-0004,KA-05,15.0,1049.0,15735.0
2026-06-01,CI-0004,E-commerce,140.0,1049.0,14686.0
2026-06-01,CI-0004,Marketplace,110.0,1049.0,11539.0
2026-06-01,CI-0004,Loja própria,90.0,1049.0,9441.0
2026-06-01,CI-0004,KA-01,50.0,1049.0,5245.0
2026-06-01,CI-0004,KA-02,40.0,1049.0,4196.0
2026-06-01,CI-0004,KA-03,35.0,1049.0,36715.0
2026-06-01,CI-0004,KA-04,20.0,1049.0,2098.0
2026-06-01,CI-0004,KA-05,15.0,1049.0,15735.0
2026-07-01,CI-0004,E-commerce,143.0,1049.0,150007.0
2026-07-01,CI-0004,Marketplace,113.0,1049.0,118537.0
2026-07-01,CI-0004,Loja própria,92.0,1049.0,96508.0
2026-07-01,CI-0004,KA-01,51.0,1049.0,53499.0
2026-07-01,CI-0004,KA-02,41.0,1049.0,43009.0
2026-07-01,CI-0004,KA-03,35.0,1049.0,36715.0
2026-07-01,CI-0004,KA-04,20.0,1049.0,2098.0
2026-07-01,CI-0004,KA-05,15.0,1049.0,15735.0
2026-08-01,CI-0004,E-commerce,139.0,1049.0,145811.0
2026-08-01,CI-0004,Marketplace,109.0,1049.0,114341.0
2026-08-01,CI-0004,Loja própria,89.0,1049.0,93361.0
2026-08-01,CI-0004,KA-01,49.0,1049.0,51401.0
2026-08-01,CI-0004,KA-02,39.0,1049.0,40911.0
2026-08-01,CI-0004,KA-03,34.0,1049.0,35666.0
2026-08-01,CI-0004,KA-04,19.0,1049.0,19931.0
2026-08-01,CI-0004,KA-05,14.0,1049.0,14686.0
2024-09-01,CI-0005,E-commerce,98.0,399.0,39102.0
2024-09-01,CI-0005,Marketplace,77.0,399.0,30723.0
2024-09-01,CI-0005,Loja própria,63.0,399.0,25137.0
2024-09-01,CI-0005,KA-01,35.0,399.0,13965.0
2024-09-01,CI-0005,KA-02,28.0,399.0,11172.0
2024-09-01,CI-0005,KA-03,24.0,399.0,9576.0
2024-09-01,CI-0005,KA-04,14.0,399.0,5586.0
2024-09-01,CI-0005,KA-05,10.0,399.0,399.0
2024-10-01,CI-0005,E-commerce,108.0,399.0,43092.0
2024-10-01,CI-0005,Marketplace,84.0,399.0,33516.0
2024-10-01,CI-0005,Loja própria,69.0,399.0,27531.0
2024-10-01,CI-0005,KA-01,38.0,399.0,15162.0
2024-10-01,CI-0005,KA-02,30.0,399.0,1197.0
2024-10-01,CI-0005,KA-03,27.0,399.0,10773.0
2024-10-01,CI-0005,KA-04,15.0,399.0,5985.0
2024-10-01,CI-0005,KA-05,11.0,399.0,4389.0
2024-11-01,CI-0005,E-commerce,125.0,399.0,49875.0
2024-11-01,CI-0005,Marketplace,98.0,399.0,39102.0
2024-11-01,CI-0005,Loja própria,80.0,399.0,3192.0
2024-11-01,CI-0005,KA-01,44.0,399.0,17556.0
2024-11-01,CI-0005,KA-02,35.0,399.0,13965.0
2024-11-01,CI-0005,KA-03,31.0,399.0,12369.0
2024-11-01,CI-0005,KA-04,17.0,399.0,6783.0
2024-11-01,CI-0005,KA-05,13.0,399.0,5187.0
2024-12-01,CI-0005,E-commerce,112.0,399.0,44688.0
2024-12-01,CI-0005,Marketplace,88.0,399.0,35112.0
2024-12-01,CI-0005,Loja própria,72.0,399.0,28728.0
2024-12-01,CI-0005,KA-01,40.0,399.0,1596.0
2024-12-01,CI-0005,KA-02,32.0,399.0,12768.0
2024-12-01,CI-0005,KA-03,28.0,399.0,11172.0
2024-12-01,CI-0005,KA-04,16.0,399.0,6384.0
2024-12-01,CI-0005,KA-05,12.0,399.0,4788.0
2025-01-01,CI-0005,E-commerce,112.0,399.0,44688.0
2025-01-01,CI-0005,Marketplace,88.0,399.0,35112.0
2025-01-01,CI-0005,Loja própria,72.0,399.0,28728.0
2025-01-01,CI-0005,KA-01,40.0,399.0,1596.0
2025-01-01,CI-0005,KA-02,32.0,399.0,12768.0
2025-01-01,CI-0005,KA-03,28.0,399.0,11172.0
2025-01-01,CI-0005,KA-04,16.0,399.0,6384.0
2025-01-01,CI-0005,KA-05,12.0,399.0,4788.0
2025-02-01,CI-0005,E-commerce,99.0,399.0,39501.0
2025-02-01,CI-0005,Marketplace,78.0,399.0,31122.0
2025-02-01,CI-0005,Loja própria,63.0,399.0,25137.0
2025-02-01,CI-0005,KA-01,35.0,399.0,13965.0
2025-02-01,CI-0005,KA-02,28.0,399.0,11172.0
2025-02-01,CI-0005,KA-03,24.0,399.0,9576.0
2025-02-01,CI-0005,KA-04,14.0,399.0,5586.0
2025-02-01,CI-0005,KA-05,10.0,399.0,399.0
2025-03-01,CI-0005,E-commerce,106.0,399.0,42294.0
2025-03-01,CI-0005,Marketplace,83.0,399.0,33117.0
2025-03-01,CI-0005,Loja própria,68.0,399.0,27132.0
2025-03-01,CI-0005,KA-01,37.0,399.0,14763.0
2025-03-01,CI-0005,KA-02,30.0,399.0,1197.0
2025-03-01,CI-0005,KA-03,26.0,399.0,10374.0
2025-03-01,CI-0005,KA-04,15.0,399.0,5985.0
2025-03-01,CI-0005,KA-05,11.0,399.0,4389.0
2025-04-01,CI-0005,E-commerce,110.0,399.0,4389.0
2025-04-01,CI-0005,Marketplace,86.0,399.0,34314.0
2025-04-01,CI-0005,Loja própria,70.0,399.0,2793.0
2025-04-01,CI-0005,KA-01,39.0,399.0,15561.0
2025-04-01,CI-0005,KA-02,31.0,399.0,12369.0
2025-04-01,CI-0005,KA-03,27.0,399.0,10773.0
2025-04-01,CI-0005,KA-04,15.0,399.0,5985.0
2025-04-01,CI-0005,KA-05,11.0,399.0,4389.0
2025-05-01,CI-0005,E-commerce,119.0,399.0,47481.0
2025-05-01,CI-0005,Marketplace,93.0,399.0,37107.0
2025-05-01,CI-0005,Loja própria,76.0,399.0,30324.0
2025-05-01,CI-0005,KA-01,42.0,399.0,16758.0
2025-05-01,CI-0005,KA-02,34.0,399.0,13566.0
2025-05-01,CI-0005,KA-03,29.0,399.0,11571.0
2025-05-01,CI-0005,KA-04,17.0,399.0,6783.0
2025-05-01,CI-0005,KA-05,12.0,399.0,4788.0
2025-06-01,CI-0005,E-commerce,126.0,399.0,50274.0
2025-06-01,CI-0005,Marketplace,99.0,399.0,39501.0
2025-06-01,CI-0005,Loja própria,81.0,399.0,32319.0
2025-06-01,CI-0005,KA-01,45.0,399.0,17955.0
2025-06-01,CI-0005,KA-02,36.0,399.0,14364.0
2025-06-01,CI-0005,KA-03,31.0,399.0,12369.0
2025-06-01,CI-0005,KA-04,18.0,399.0,7182.0
2025-06-01,CI-0005,KA-05,13.0,399.0,5187.0
2025-07-01,CI-0005,E-commerce,112.0,399.0,44688.0
2025-07-01,CI-0005,Marketplace,88.0,399.0,35112.0
2025-07-01,CI-0005,Loja própria,72.0,399.0,28728.0
2025-07-01,CI-0005,KA-01,40.0,399.0,1596.0
2025-07-01,CI-0005,KA-02,32.0,399.0,12768.0
2025-07-01,CI-0005,KA-03,28.0,399.0,11172.0
2025-07-01,CI-0005,KA-04,16.0,399.0,6384.0
2025-07-01,CI-0005,KA-05,12.0,399.0,4788.0
2025-08-01,CI-0005,E-commerce,126.0,399.0,50274.0
2025-08-01,CI-0005,Marketplace,99.0,399.0,39501.0
2025-08-01,CI-0005,Loja própria,81.0,399.0,32319.0
2025-08-01,CI-0005,KA-01,45.0,399.0,17955.0
2025-08-01,CI-0005,KA-02,36.0,399.0,14364.0
2025-08-01,CI-0005,KA-03,31.0,399.0,12369.0
2025-08-01,CI-0005,KA-04,18.0,399.0,7182.0
2025-08-01,CI-0005,KA-05,13.0,399.0,5187.0
2025-09-01,CI-0005,E-commerce,124.0,399.0,49476.0
2025-09-01,CI-0005,Marketplace,97.0,399.0,38703.0
2025-09-01,CI-0005,Loja própria,80.0,399.0,3192.0
2025-09-01,CI-0005,KA-01,44.0,399.0,17556.0
2025-09-01,CI-0005,KA-02,35.0,399.0,13965.0
2025-09-01,CI-0005,KA-03,31.0,399.0,12369.0
2025-09-01,CI-0005,KA-04,17.0,399.0,6783.0
2025-09-01,CI-0005,KA-05,13.0,399.0,5187.0
2025-10-01,CI-0005,E-commerce,140.0,399.0,5586.0
2025-10-01,CI-0005,Marketplace,110.0,399.0,4389.0
2025-10-01,CI-0005,Loja própria,90.0,399.0,3591.0
2025-10-01,CI-0005,KA-01,50.0,399.0,1995.0
2025-10-01,CI-0005,KA-02,40.0,399.0,1596.0
2025-10-01,CI-0005,KA-03,35.0,399.0,13965.0
2025-10-01,CI-0005,KA-04,20.0,399.0,798.0
2025-10-01,CI-0005,KA-05,15.0,399.0,5985.0
2025-11-01,CI-0005,E-commerce,186.0,399.0,74214.0
2025-11-01,CI-0005,Marketplace,146.0,399.0,58254.0
2025-11-01,CI-0005,Loja própria,119.0,399.0,47481.0
2025-11-01,CI-0005,KA-01,66.0,399.0,26334.0
2025-11-01,CI-0005,KA-02,53.0,399.0,21147.0
2025-11-01,CI-0005,KA-03,46.0,399.0,18354.0
2025-11-01,CI-0005,KA-04,26.0,399.0,10374.0
2025-11-01,CI-0005,KA-05,19.0,399.0,7581.0
2025-12-01,CI-0005,E-commerce,119.0,399.0,47481.0
2025-12-01,CI-0005,Marketplace,94.0,399.0,37506.0
2025-12-01,CI-0005,Loja própria,77.0,399.0,30723.0
2025-12-01,CI-0005,KA-01,42.0,399.0,16758.0
2025-12-01,CI-0005,KA-02,34.0,399.0,13566.0
2025-12-01,CI-0005,KA-03,29.0,399.0,11571.0
2025-12-01,CI-0005,KA-04,17.0,399.0,6783.0
2025-12-01,CI-0005,KA-05,12.0,399.0,4788.0
2026-01-01,CI-0005,E-commerce,122.0,399.0,48678.0
2026-01-01,CI-0005,Marketplace,95.0,399.0,37905.0
2026-01-01,CI-0005,Loja própria,78.0,399.0,31122.0
2026-01-01,CI-0005,KA-01,43.0,399.0,17157.0
2026-01-01,CI-0005,KA-02,34.0,399.0,13566.0
2026-01-01,CI-0005,KA-03,30.0,399.0,1197.0
2026-01-01,CI-0005,KA-04,17.0,399.0,6783.0
2026-01-01,CI-0005,KA-05,13.0,399.0,5187.0
2026-02-01,CI-0005,E-commerce,154.0,399.0,61446.0
2026-02-01,CI-0005,Marketplace,121.0,399.0,48279.0
2026-02-01,CI-0005,Loja própria,99.0,399.0,39501.0
2026-02-01,CI-0005,KA-01,55.0,399.0,21945.0
2026-02-01,CI-0005,KA-02,44.0,399.0,17556.0
2026-02-01,CI-0005,KA-03,38.0,399.0,15162.0
2026-02-01,CI-0005,KA-04,22.0,399.0,8778.0
2026-02-01,CI-0005,KA-05,16.0,399.0,6384.0
2026-03-01,CI-0005,E-commerce,144.0,399.0,57456.0
2026-03-01,CI-0005,Marketplace,113.0,399.0,45087.0
2026-03-01,CI-0005,Loja própria,92.0,399.0,36708.0
2026-03-01,CI-0005,KA-01,51.0,399.0,20349.0
2026-03-01,CI-0005,KA-02,41.0,399.0,16359.0
2026-03-01,CI-0005,KA-03,36.0,399.0,14364.0
2026-03-01,CI-0005,KA-04,20.0,399.0,798.0
2026-03-01,CI-0005,KA-05,15.0,399.0,5985.0
2026-04-01,CI-0005,E-commerce,132.0,399.0,52668.0
2026-04-01,CI-0005,Marketplace,104.0,399.0,41496.0
2026-04-01,CI-0005,Loja própria,85.0,399.0,33915.0
2026-04-01,CI-0005,KA-01,47.0,399.0,18753.0
2026-04-01,CI-0005,KA-02,37.0,399.0,14763.0
2026-04-01,CI-0005,KA-03,33.0,399.0,13167.0
2026-04-01,CI-0005,KA-04,18.0,399.0,7182.0
2026-04-01,CI-0005,KA-05,14.0,399.0,5586.0
2026-05-01,CI-0005,E-commerce,155.0,399.0,61845.0
2026-05-01,CI-0005,Marketplace,122.0,399.0,48678.0
2026-05-01,CI-0005,Loja própria,100.0,399.0,3990.0
2026-05-01,CI-0005,KA-01,55.0,399.0,21945.0
2026-05-01,CI-0005,KA-02,44.0,399.0,17556.0
2026-05-01,CI-0005,KA-03,38.0,399.0,15162.0
2026-05-01,CI-0005,KA-04,22.0,399.0,8778.0
2026-05-01,CI-0005,KA-05,16.0,399.0,6384.0
2026-06-01,CI-0005,E-commerce,162.0,399.0,64638.0
2026-06-01,CI-0005,Marketplace,127.0,399.0,50673.0
2026-06-01,CI-0005,Loja própria,104.0,399.0,41496.0
2026-06-01,CI-0005,KA-01,57.0,399.0,22743.0
2026-06-01,CI-0005,KA-02,46.0,399.0,18354.0
2026-06-01,CI-0005,KA-03,40.0,399.0,1596.0
2026-06-01,CI-0005,KA-04,23.0,399.0,9177.0
2026-06-01,CI-0005,KA-05,17.0,399.0,6783.0
2026-07-01,CI-0005,E-commerce,151.0,399.0,60249.0
2026-07-01,CI-0005,Marketplace,119.0,399.0,47481.0
2026-07-01,CI-0005,Loja própria,97.0,399.0,38703.0
2026-07-01,CI-0005,KA-01,54.0,399.0,21546.0
2026-07-01,CI-0005,KA-02,43.0,399.0,17157.0
2026-07-01,CI-0005,KA-03,37.0,399.0,14763.0
2026-07-01,CI-0005,KA-04,21.0,399.0,8379.0
2026-07-01,CI-0005,KA-05,16.0,399.0,6384.0
2026-08-01,CI-0005,E-commerce,165.0,399.0,65835.0
2026-08-01,CI-0005,Marketplace,130.0,399.0,5187.0
2026-08-01,CI-0005,Loja própria,106.0,399.0,42294.0
2026-08-01,CI-0005,KA-01,59.0,399.0,23541.0
2026-08-01,CI-0005,KA-02,47.0,399.0,18753.0
2026-08-01,CI-0005,KA-03,41.0,399.0,16359.0
2026-08-01,CI-0005,KA-04,23.0,399.0,9177.0
2026-08-01,CI-0005,KA-05,17.0,399.0,6783.0
2024-09-01,CI-0006,E-commerce,115.0,199.0,22885.0
2024-09-01,CI-0006,Marketplace,90.0,199.0,1791.0
2024-09-01,CI-0006,Loja própria,74.0,199.0,14726.0
2024-09-01,CI-0006,KA-01,41.0,199.0,8159.0
2024-09-01,CI-0006,KA-02,32.0,199.0,6368.0
2024-09-01,CI-0006,KA-03,28.0,199.0,5572.0
2024-09-01,CI-0006,KA-04,16.0,199.0,3184.0
2024-09-01,CI-0006,KA-05,12.0,199.0,2388.0
2024-10-01,CI-0006,E-commerce,104.0,199.0,20696.0
2024-10-01,CI-0006,Marketplace,82.0,199.0,16318.0
2024-10-01,CI-0006,Loja própria,67.0,199.0,13333.0
2024-10-01,CI-0006,KA-01,37.0,199.0,7363.0
2024-10-01,CI-0006,KA-02,29.0,199.0,5771.0
2024-10-01,CI-0006,KA-03,26.0,199.0,5174.0
2024-10-01,CI-0006,KA-04,14.0,199.0,2786.0
2024-10-01,CI-0006,KA-05,11.0,199.0,2189.0
2024-11-01,CI-0006,E-commerce,141.0,199.0,28059.0
2024-11-01,CI-0006,Marketplace,110.0,199.0,2189.0
2024-11-01,CI-0006,Loja própria,90.0,199.0,1791.0
2024-11-01,CI-0006,KA-01,50.0,199.0,995.0
2024-11-01,CI-0006,KA-02,40.0,199.0,796.0
2024-11-01,CI-0006,KA-03,35.0,199.0,6965.0
2024-11-01,CI-0006,KA-04,20.0,199.0,398.0
2024-11-01,CI-0006,KA-05,15.0,199.0,2985.0
2024-12-01,CI-0006,E-commerce,101.0,199.0,20099.0
2024-12-01,CI-0006,Marketplace,79.0,199.0,15721.0
2024-12-01,CI-0006,Loja própria,65.0,199.0,12935.0
2024-12-01,CI-0006,KA-01,36.0,199.0,7164.0
2024-12-01,CI-0006,KA-02,29.0,199.0,5771.0
2024-12-01,CI-0006,KA-03,25.0,199.0,4975.0
2024-12-01,CI-0006,KA-04,14.0,199.0,2786.0
2024-12-01,CI-0006,KA-05,10.0,199.0,199.0
2025-01-01,CI-0006,E-commerce,101.0,199.0,20099.0
2025-01-01,CI-0006,Marketplace,79.0,199.0,15721.0
2025-01-01,CI-0006,Loja própria,65.0,199.0,12935.0
2025-01-01,CI-0006,KA-01,36.0,199.0,7164.0
2025-01-01,CI-0006,KA-02,28.0,199.0,5572.0
2025-01-01,CI-0006,KA-03,25.0,199.0,4975.0
2025-01-01,CI-0006,KA-04,14.0,199.0,2786.0
2025-01-01,CI-0006,KA-05,10.0,199.0,199.0
2025-02-01,CI-0006,E-commerce,111.0,199.0,22089.0
2025-02-01,CI-0006,Marketplace,87.0,199.0,17313.0
2025-02-01,CI-0006,Loja própria,71.0,199.0,14129.0
2025-02-01,CI-0006,KA-01,39.0,199.0,7761.0
2025-02-01,CI-0006,KA-02,31.0,199.0,6169.0
2025-02-01,CI-0006,KA-03,27.0,199.0,5373.0
2025-02-01,CI-0006,KA-04,15.0,199.0,2985.0
2025-02-01,CI-0006,KA-05,11.0,199.0,2189.0
2025-03-01,CI-0006,E-commerce,105.0,199.0,20895.0
2025-03-01,CI-0006,Marketplace,82.0,199.0,16318.0
2025-03-01,CI-0006,Loja própria,67.0,199.0,13333.0
2025-03-01,CI-0006,KA-01,37.0,199.0,7363.0
2025-03-01,CI-0006,KA-02,30.0,199.0,597.0
2025-03-01,CI-0006,KA-03,26.0,199.0,5174.0
2025-03-01,CI-0006,KA-04,15.0,199.0,2985.0
2025-03-01,CI-0006,KA-05,11.0,199.0,2189.0
2025-04-01,CI-0006,E-commerce,113.0,199.0,22487.0
2025-04-01,CI-0006,Marketplace,89.0,199.0,17711.0
2025-04-01,CI-0006,Loja própria,73.0,199.0,14527.0
2025-04-01,CI-0006,KA-01,40.0,199.0,796.0
2025-04-01,CI-0006,KA-02,32.0,199.0,6368.0
2025-04-01,CI-0006,KA-03,28.0,199.0,5572.0
2025-04-01,CI-0006,KA-04,16.0,199.0,3184.0
2025-04-01,CI-0006,KA-05,12.0,199.0,2388.0
2025-05-01,CI-0006,E-commerce,129.0,199.0,25671.0
2025-05-01,CI-0006,Marketplace,102.0,199.0,20298.0
2025-05-01,CI-0006,Loja própria,83.0,199.0,16517.0
2025-05-01,CI-0006,KA-01,46.0,199.0,9154.0
2025-05-01,CI-0006,KA-02,37.0,199.0,7363.0
2025-05-01,CI-0006,KA-03,32.0,199.0,6368.0
2025-05-01,CI-0006,KA-04,18.0,199.0,3582.0
2025-05-01,CI-0006,KA-05,13.0,199.0,2587.0
2025-06-01,CI-0006,E-commerce,122.0,199.0,24278.0
2025-06-01,CI-0006,Marketplace,96.0,199.0,19104.0
2025-06-01,CI-0006,Loja própria,78.0,199.0,15522.0
2025-06-01,CI-0006,KA-01,43.0,199.0,8557.0
2025-06-01,CI-0006,KA-02,34.0,199.0,6766.0
2025-06-01,CI-0006,KA-03,30.0,199.0,597.0
2025-06-01,CI-0006,KA-04,17.0,199.0,3383.0
2025-06-01,CI-0006,KA-05,13.0,199.0,2587.0
2025-07-01,CI-0006,E-commerce,106.0,199.0,21094.0
2025-07-01,CI-0006,Marketplace,83.0,199.0,16517.0
2025-07-01,CI-0006,Loja própria,68.0,199.0,13532.0
2025-07-01,CI-0006,KA-01,37.0,199.0,7363.0
2025-07-01,CI-0006,KA-02,30.0,199.0,597.0
2025-07-01,CI-0006,KA-03,26.0,199.0,5174.0
2025-07-01,CI-0006,KA-04,15.0,199.0,2985.0
2025-07-01,CI-0006,KA-05,11.0,199.0,2189.0
2025-08-01,CI-0006,E-commerce,122.0,199.0,24278.0
2025-08-01,CI-0006,Marketplace,96.0,199.0,19104.0
2025-08-01,CI-0006,Loja própria,78.0,199.0,15522.0
2025-08-01,CI-0006,KA-01,43.0,199.0,8557.0
2025-08-01,CI-0006,KA-02,34.0,199.0,6766.0
2025-08-01,CI-0006,KA-03,30.0,199.0,597.0
2025-08-01,CI-0006,KA-04,17.0,199.0,3383.0
2025-08-01,CI-0006,KA-05,13.0,199.0,2587.0
2025-09-01,CI-0006,E-commerce,132.0,199.0,26268.0
2025-09-01,CI-0006,Marketplace,104.0,199.0,20696.0
2025-09-01,CI-0006,Loja própria,85.0,199.0,16915.0
2025-09-01,CI-0006,KA-01,47.0,199.0,9353.0
2025-09-01,CI-0006,KA-02,37.0,199.0,7363.0
2025-09-01,CI-0006,KA-03,33.0,199.0,6567.0
2025-09-01,CI-0006,KA-04,18.0,199.0,3582.0
2025-09-01,CI-0006,KA-05,14.0,199.0,2786.0
2025-10-01,CI-0006,E-commerce,129.0,199.0,25671.0
2025-10-01,CI-0006,Marketplace,101.0,199.0,20099.0
2025-10-01,CI-0006,Loja própria,82.0,199.0,16318.0
2025-10-01,CI-0006,KA-01,46.0,199.0,9154.0
2025-10-01,CI-0006,KA-02,36.0,199.0,7164.0
2025-10-01,CI-0006,KA-03,32.0,199.0,6368.0
2025-10-01,CI-0006,KA-04,18.0,199.0,3582.0
2025-10-01,CI-0006,KA-05,13.0,199.0,2587.0
2025-11-01,CI-0006,E-commerce,150.0,199.0,2985.0
2025-11-01,CI-0006,Marketplace,118.0,199.0,23482.0
2025-11-01,CI-0006,Loja própria,96.0,199.0,19104.0
2025-11-01,CI-0006,KA-01,53.0,199.0,10547.0
2025-11-01,CI-0006,KA-02,43.0,199.0,8557.0
2025-11-01,CI-0006,KA-03,37.0,199.0,7363.0
2025-11-01,CI-0006,KA-04,21.0,199.0,4179.0
2025-11-01,CI-0006,KA-05,16.0,199.0,3184.0
2025-12-01,CI-0006,E-commerce,126.0,199.0,25074.0
2025-12-01,CI-0006,Marketplace,99.0,199.0,19701.0
2025-12-01,CI-0006,Loja própria,81.0,199.0,16119.0
2025-12-01,CI-0006,KA-01,45.0,199.0,8955.0
2025-12-01,CI-0006,KA-02,36.0,199.0,7164.0
2025-12-01,CI-0006,KA-03,31.0,199.0,6169.0
2025-12-01,CI-0006,KA-04,18.0,199.0,3582.0
2025-12-01,CI-0006,KA-05,13.0,199.0,2587.0
2026-01-01,CI-0006,E-commerce,124.0,199.0,24676.0
2026-01-01,CI-0006,Marketplace,97.0,199.0,19303.0
2026-01-01,CI-0006,Loja própria,80.0,199.0,1592.0
2026-01-01,CI-0006,KA-01,44.0,199.0,8756.0
2026-01-01,CI-0006,KA-02,35.0,199.0,6965.0
2026-01-01,CI-0006,KA-03,31.0,199.0,6169.0
2026-01-01,CI-0006,KA-04,17.0,199.0,3383.0
2026-01-01,CI-0006,KA-05,13.0,199.0,2587.0
2026-02-01,CI-0006,E-commerce,116.0,199.0,23084.0
2026-02-01,CI-0006,Marketplace,91.0,199.0,18109.0
2026-02-01,CI-0006,Loja própria,74.0,199.0,14726.0
2026-02-01,CI-0006,KA-01,41.0,199.0,8159.0
2026-02-01,CI-0006,KA-02,33.0,199.0,6567.0
2026-02-01,CI-0006,KA-03,29.0,199.0,5771.0
2026-02-01,CI-0006,KA-04,16.0,199.0,3184.0
2026-02-01,CI-0006,KA-05,12.0,199.0,2388.0
2026-03-01,CI-0006,E-commerce,124.0,199.0,24676.0
2026-03-01,CI-0006,Marketplace,97.0,199.0,19303.0
2026-03-01,CI-0006,Loja própria,79.0,199.0,15721.0
2026-03-01,CI-0006,KA-01,44.0,199.0,8756.0
2026-03-01,CI-0006,KA-02,35.0,199.0,6965.0
2026-03-01,CI-0006,KA-03,31.0,199.0,6169.0
2026-03-01,CI-0006,KA-04,17.0,199.0,3383.0
2026-03-01,CI-0006,KA-05,13.0,199.0,2587.0
2026-04-01,CI-0006,E-commerce,114.0,199.0,22686.0
2026-04-01,CI-0006,Marketplace,90.0,199.0,1791.0
2026-04-01,CI-0006,Loja própria,73.0,199.0,14527.0
2026-04-01,CI-0006,KA-01,41.0,199.0,8159.0
2026-04-01,CI-0006,KA-02,32.0,199.0,6368.0
2026-04-01,CI-0006,KA-03,28.0,199.0,5572.0
2026-04-01,CI-0006,KA-04,16.0,199.0,3184.0
2026-04-01,CI-0006,KA-05,12.0,199.0,2388.0
2026-05-01,CI-0006,E-commerce,113.0,199.0,22487.0
2026-05-01,CI-0006,Marketplace,89.0,199.0,17711.0
2026-05-01,CI-0006,Loja própria,73.0,199.0,14527.0
2026-05-01,CI-0006,KA-01,40.0,199.0,796.0
2026-05-01,CI-0006,KA-02,32.0,199.0,6368.0
2026-05-01,CI-0006,KA-03,28.0,199.0,5572.0
2026-05-01,CI-0006,KA-04,16.0,199.0,3184.0
2026-05-01,CI-0006,KA-05,12.0,199.0,2388.0
2026-06-01,CI-0006,E-commerce,116.0,199.0,23084.0
2026-06-01,CI-0006,Marketplace,91.0,199.0,18109.0
2026-06-01,CI-0006,Loja própria,74.0,199.0,14726.0
2026-06-01,CI-0006,KA-01,41.0,199.0,8159.0
2026-06-01,CI-0006,KA-02,33.0,199.0,6567.0
2026-06-01,CI-0006,KA-03,29.0,199.0,5771.0
2026-06-01,CI-0006,KA-04,16.0,199.0,3184.0
2026-06-01,CI-0006,KA-05,12.0,199.0,2388.0
2026-07-01,CI-0006,E-commerce,129.0,199.0,25671.0
2026-07-01,CI-0006,Marketplace,101.0,199.0,20099.0
2026-07-01,CI-0006,Loja própria,82.0,199.0,16318.0
2026-07-01,CI-0006,KA-01,46.0,199.0,9154.0
2026-07-01,CI-0006,KA-02,36.0,199.0,7164.0
2026-07-01,CI-0006,KA-03,32.0,199.0,6368.0
2026-07-01,CI-0006,KA-04,18.0,199.0,3582.0
2026-07-01,CI-0006,KA-05,13.0,199.0,2587.0
2026-08-01,CI-0006,E-commerce,123.0,199.0,24477.0
2026-08-01,CI-0006,Marketplace,97.0,199.0,19303.0
2026-08-01,CI-0006,Loja própria,79.0,199.0,15721.0
2026-08-01,CI-0006,KA-01,44.0,199.0,8756.0
2026-08-01,CI-0006,KA-02,35.0,199.0,6965.0
2026-08-01,CI-0006,KA-03,30.0,199.0,597.0
2026-08-01,CI-0006,KA-04,17.0,199.0,3383.0
2026-08-01,CI-0006,KA-05,13.0,199.0,2587.0
2024-09-01,CI-0007,E-commerce,119.0,199.0,23681.0
2024-09-01,CI-0007,Marketplace,93.0,199.0,18507.0
2024-09-01,CI-0007,Loja própria,76.0,199.0,15124.0
2024-09-01,CI-0007,KA-01,42.0,199.0,8358.0
2024-09-01,CI-0007,KA-02,34.0,199.0,6766.0
2024-09-01,CI-0007,KA-03,29.0,199.0,5771.0
2024-09-01,CI-0007,KA-04,17.0,199.0,3383.0
2024-09-01,CI-0007,KA-05,12.0,199.0,2388.0
2024-10-01,CI-0007,E-commerce,138.0,199.0,27462.0
2024-10-01,CI-0007,Marketplace,108.0,199.0,21492.0
2024-10-01,CI-0007,Loja própria,89.0,199.0,17711.0
2024-10-01,CI-0007,KA-01,49.0,199.0,9751.0
2024-10-01,CI-0007,KA-02,39.0,199.0,7761.0
2024-10-01,CI-0007,KA-03,34.0,199.0,6766.0
2024-10-01,CI-0007,KA-04,19.0,199.0,3781.0
2024-10-01,CI-0007,KA-05,14.0,199.0,2786.0
2024-11-01,CI-0007,E-commerce,182.0,199.0,36218.0
2024-11-01,CI-0007,Marketplace,143.0,199.0,28457.0
2024-11-01,CI-0007,Loja própria,117.0,199.0,23283.0
2024-11-01,CI-0007,KA-01,65.0,199.0,12935.0
2024-11-01,CI-0007,KA-02,52.0,199.0,10348.0
2024-11-01,CI-0007,KA-03,45.0,199.0,8955.0
2024-11-01,CI-0007,KA-04,26.0,199.0,5174.0
2024-11-01,CI-0007,KA-05,19.0,199.0,3781.0
2024-12-01,CI-0007,E-commerce,140.0,199.0,2786.0
2024-12-01,CI-0007,Marketplace,110.0,199.0,2189.0
2024-12-01,CI-0007,Loja própria,90.0,199.0,1791.0
2024-12-01,CI-0007,KA-01,50.0,199.0,995.0
2024-12-01,CI-0007,KA-02,40.0,199.0,796.0
2024-12-01,CI-0007,KA-03,35.0,199.0,6965.0
2024-12-01,CI-0007,KA-04,20.0,199.0,398.0
2024-12-01,CI-0007,KA-05,15.0,199.0,2985.0
2025-01-01,CI-0007,E-commerce,137.0,199.0,27263.0
2025-01-01,CI-0007,Marketplace,107.0,199.0,21293.0
2025-01-01,CI-0007,Loja própria,88.0,199.0,17512.0
2025-01-01,CI-0007,KA-01,49.0,199.0,9751.0
2025-01-01,CI-0007,KA-02,39.0,199.0,7761.0
2025-01-01,CI-0007,KA-03,34.0,199.0,6766.0
2025-01-01,CI-0007,KA-04,19.0,199.0,3781.0
2025-01-01,CI-0007,KA-05,14.0,199.0,2786.0
2025-02-01,CI-0007,E-commerce,129.0,199.0,25671.0
2025-02-01,CI-0007,Marketplace,102.0,199.0,20298.0
2025-02-01,CI-0007,Loja própria,83.0,199.0,16517.0
2025-02-01,CI-0007,KA-01,46.0,199.0,9154.0
2025-02-01,CI-0007,KA-02,37.0,199.0,7363.0
2025-02-01,CI-0007,KA-03,32.0,199.0,6368.0
2025-02-01,CI-0007,KA-04,18.0,199.0,3582.0
2025-02-01,CI-0007,KA-05,13.0,199.0,2587.0
2025-03-01,CI-0007,E-commerce,144.0,199.0,28656.0
2025-03-01,CI-0007,Marketplace,113.0,199.0,22487.0
2025-03-01,CI-0007,Loja própria,92.0,199.0,18308.0
2025-03-01,CI-0007,KA-01,51.0,199.0,10149.0
2025-03-01,CI-0007,KA-02,41.0,199.0,8159.0
2025-03-01,CI-0007,KA-03,36.0,199.0,7164.0
2025-03-01,CI-0007,KA-04,20.0,199.0,398.0
2025-03-01,CI-0007,KA-05,15.0,199.0,2985.0
2025-04-01,CI-0007,E-commerce,121.0,199.0,24079.0
2025-04-01,CI-0007,Marketplace,95.0,199.0,18905.0
2025-04-01,CI-0007,Loja própria,78.0,199.0,15522.0
2025-04-01,CI-0007,KA-01,43.0,199.0,8557.0
2025-04-01,CI-0007,KA-02,34.0,199.0,6766.0
2025-04-01,CI-0007,KA-03,30.0,199.0,597.0
2025-04-01,CI-0007,KA-04,17.0,199.0,3383.0
2025-04-01,CI-0007,KA-05,13.0,199.0,2587.0
2025-05-01,CI-0007,E-commerce,133.0,199.0,26467.0
2025-05-01,CI-0007,Marketplace,104.0,199.0,20696.0
2025-05-01,CI-0007,Loja própria,85.0,199.0,16915.0
2025-05-01,CI-0007,KA-01,47.0,199.0,9353.0
2025-05-01,CI-0007,KA-02,38.0,199.0,7562.0
2025-05-01,CI-0007,KA-03,33.0,199.0,6567.0
2025-05-01,CI-0007,KA-04,19.0,199.0,3781.0
2025-05-01,CI-0007,KA-05,14.0,199.0,2786.0
2025-06-01,CI-0007,E-commerce,116.0,199.0,23084.0
2025-06-01,CI-0007,Marketplace,91.0,199.0,18109.0
2025-06-01,CI-0007,Loja própria,75.0,199.0,14925.0
2025-06-01,CI-0007,KA-01,41.0,199.0,8159.0
2025-06-01,CI-0007,KA-02,33.0,199.0,6567.0
2025-06-01,CI-0007,KA-03,29.0,199.0,5771.0
2025-06-01,CI-0007,KA-04,16.0,199.0,3184.0
2025-06-01,CI-0007,KA-05,12.0,199.0,2388.0
2025-07-01,CI-0007,E-commerce,124.0,199.0,24676.0
2025-07-01,CI-0007,Marketplace,97.0,199.0,19303.0
2025-07-01,CI-0007,Loja própria,80.0,199.0,1592.0
2025-07-01,CI-0007,KA-01,44.0,199.0,8756.0
2025-07-01,CI-0007,KA-02,35.0,199.0,6965.0
2025-07-01,CI-0007,KA-03,31.0,199.0,6169.0
2025-07-01,CI-0007,KA-04,17.0,199.0,3383.0
2025-07-01,CI-0007,KA-05,13.0,199.0,2587.0
2025-08-01,CI-0007,E-commerce,124.0,199.0,24676.0
2025-08-01,CI-0007,Marketplace,97.0,199.0,19303.0
2025-08-01,CI-0007,Loja própria,79.0,199.0,15721.0
2025-08-01,CI-0007,KA-01,44.0,199.0,8756.0
2025-08-01,CI-0007,KA-02,35.0,199.0,6965.0
2025-08-01,CI-0007,KA-03,31.0,199.0,6169.0
2025-08-01,CI-0007,KA-04,17.0,199.0,3383.0
2025-08-01,CI-0007,KA-05,13.0,199.0,2587.0
2025-09-01,CI-0007,E-commerce,139.0,199.0,27661.0
2025-09-01,CI-0007,Marketplace,109.0,199.0,21691.0
2025-09-01,CI-0007,Loja própria,89.0,199.0,17711.0
2025-09-01,CI-0007,KA-01,49.0,199.0,9751.0
2025-09-01,CI-0007,KA-02,39.0,199.0,7761.0
2025-09-01,CI-0007,KA-03,34.0,199.0,6766.0
2025-09-01,CI-0007,KA-04,19.0,199.0,3781.0
2025-09-01,CI-0007,KA-05,14.0,199.0,2786.0
2025-10-01,CI-0007,E-commerce,128.0,199.0,25472.0
2025-10-01,CI-0007,Marketplace,100.0,199.0,1990.0
2025-10-01,CI-0007,Loja própria,82.0,199.0,16318.0
2025-10-01,CI-0007,KA-01,45.0,199.0,8955.0
2025-10-01,CI-0007,KA-02,36.0,199.0,7164.0
2025-10-01,CI-0007,KA-03,32.0,199.0,6368.0
2025-10-01,CI-0007,KA-04,18.0,199.0,3582.0
2025-10-01,CI-0007,KA-05,13.0,199.0,2587.0
2025-11-01,CI-0007,E-commerce,191.0,199.0,38009.0
2025-11-01,CI-0007,Marketplace,150.0,199.0,2985.0
2025-11-01,CI-0007,Loja própria,123.0,199.0,24477.0
2025-11-01,CI-0007,KA-01,68.0,199.0,13532.0
2025-11-01,CI-0007,KA-02,54.0,199.0,10746.0
2025-11-01,CI-0007,KA-03,47.0,199.0,9353.0
2025-11-01,CI-0007,KA-04,27.0,199.0,5373.0
2025-11-01,CI-0007,KA-05,20.0,199.0,398.0
2025-12-01,CI-0007,E-commerce,121.0,199.0,24079.0
2025-12-01,CI-0007,Marketplace,95.0,199.0,18905.0
2025-12-01,CI-0007,Loja própria,77.0,199.0,15323.0
2025-12-01,CI-0007,KA-01,43.0,199.0,8557.0
2025-12-01,CI-0007,KA-02,34.0,199.0,6766.0
2025-12-01,CI-0007,KA-03,30.0,199.0,597.0
2025-12-01,CI-0007,KA-04,17.0,199.0,3383.0
2025-12-01,CI-0007,KA-05,12.0,199.0,2388.0
2026-01-01,CI-0007,E-commerce,146.0,199.0,29054.0
2026-01-01,CI-0007,Marketplace,114.0,199.0,22686.0
2026-01-01,CI-0007,Loja própria,93.0,199.0,18507.0
2026-01-01,CI-0007,KA-01,52.0,199.0,10348.0
2026-01-01,CI-0007,KA-02,41.0,199.0,8159.0
2026-01-01,CI-0007,KA-03,36.0,199.0,7164.0
2026-01-01,CI-0007,KA-04,20.0,199.0,398.0
2026-01-01,CI-0007,KA-05,15.0,199.0,2985.0
2026-02-01,CI-0007,E-commerce,145.0,199.0,28855.0
2026-02-01,CI-0007,Marketplace,114.0,199.0,22686.0
2026-02-01,CI-0007,Loja própria,93.0,199.0,18507.0
2026-02-01,CI-0007,KA-01,52.0,199.0,10348.0
2026-02-01,CI-0007,KA-02,41.0,199.0,8159.0
2026-02-01,CI-0007,KA-03,36.0,199.0,7164.0
2026-02-01,CI-0007,KA-04,20.0,199.0,398.0
2026-02-01,CI-0007,KA-05,15.0,199.0,2985.0
2026-03-01,CI-0007,E-commerce,127.0,199.0,25273.0
2026-03-01,CI-0007,Marketplace,100.0,199.0,1990.0
2026-03-01,CI-0007,Loja própria,81.0,199.0,16119.0
2026-03-01,CI-0007,KA-01,45.0,199.0,8955.0
2026-03-01,CI-0007,KA-02,36.0,199.0,7164.0
2026-03-01,CI-0007,KA-03,31.0,199.0,6169.0
2026-03-01,CI-0007,KA-04,18.0,199.0,3582.0
2026-03-01,CI-0007,KA-05,13.0,199.0,2587.0
2026-04-01,CI-0007,E-commerce,140.0,199.0,2786.0
2026-04-01,CI-0007,Marketplace,110.0,199.0,2189.0
2026-04-01,CI-0007,Loja própria,90.0,199.0,1791.0
2026-04-01,CI-0007,KA-01,50.0,199.0,995.0
2026-04-01,CI-0007,KA-02,40.0,199.0,796.0
2026-04-01,CI-0007,KA-03,35.0,199.0,6965.0
2026-04-01,CI-0007,KA-04,20.0,199.0,398.0
2026-04-01,CI-0007,KA-05,15.0,199.0,2985.0
2026-05-01,CI-0007,E-commerce,145.0,199.0,28855.0
2026-05-01,CI-0007,Marketplace,114.0,199.0,22686.0
2026-05-01,CI-0007,Loja própria,93.0,199.0,18507.0
2026-05-01,CI-0007,KA-01,52.0,199.0,10348.0
2026-05-01,CI-0007,KA-02,41.0,199.0,8159.0
2026-05-01,CI-0007,KA-03,36.0,199.0,7164.0
2026-05-01,CI-0007,KA-04,20.0,199.0,398.0
2026-05-01,CI-0007,KA-05,15.0,199.0,2985.0
2026-06-01,CI-0007,E-commerce,125.0,199.0,24875.0
2026-06-01,CI-0007,Marketplace,98.0,199.0,19502.0
2026-06-01,CI-0007,Loja própria,80.0,199.0,1592.0
2026-06-01,CI-0007,KA-01,44.0,199.0,8756.0
2026-06-01,CI-0007,KA-02,35.0,199.0,6965.0
2026-06-01,CI-0007,KA-03,31.0,199.0,6169.0
2026-06-01,CI-0007,KA-04,17.0,199.0,3383.0
2026-06-01,CI-0007,KA-05,13.0,199.0,2587.0
2026-07-01,CI-0007,E-commerce,136.0,199.0,27064.0
2026-07-01,CI-0007,Marketplace,107.0,199.0,21293.0
2026-07-01,CI-0007,Loja própria,87.0,199.0,17313.0
2026-07-01,CI-0007,KA-01,48.0,199.0,9552.0
2026-07-01,CI-0007,KA-02,38.0,199.0,7562.0
2026-07-01,CI-0007,KA-03,34.0,199.0,6766.0
2026-07-01,CI-0007,KA-04,19.0,199.0,3781.0
2026-07-01,CI-0007,KA-05,14.0,199.0,2786.0
2026-08-01,CI-0007,E-commerce,127.0,199.0,25273.0
2026-08-01,CI-0007,Marketplace,100.0,199.0,1990.0
2026-08-01,CI-0007,Loja própria,82.0,199.0,16318.0
2026-08-01,CI-0007,KA-01,45.0,199.0,8955.0
2026-08-01,CI-0007,KA-02,36.0,199.0,7164.0
2026-08-01,CI-0007,KA-03,31.0,199.0,6169.0
2026-08-01,CI-0007,KA-04,18.0,199.0,3582.0
2026-08-01,CI-0007,KA-05,13.0,199.0,2587.0
2024-09-01,CI-0008,E-commerce,138.0,249.0,34362.0
2024-09-01,CI-0008,Marketplace,108.0,249.0,26892.0
2024-09-01,CI-0008,Loja própria,89.0,249.0,22161.0
2024-09-01,CI-0008,KA-01,49.0,249.0,12201.0
2024-09-01,CI-0008,KA-02,39.0,249.0,9711.0
2024-09-01,CI-0008,KA-03,34.0,249.0,8466.0
2024-09-01,CI-0008,KA-04,19.0,249.0,4731.0
2024-09-01,CI-0008,KA-05,14.0,249.0,3486.0
2024-10-01,CI-0008,E-commerce,134.0,249.0,33366.0
2024-10-01,CI-0008,Marketplace,105.0,249.0,26145.0
2024-10-01,CI-0008,Loja própria,86.0,249.0,21414.0
2024-10-01,CI-0008,KA-01,47.0,249.0,11703.0
2024-10-01,CI-0008,KA-02,38.0,249.0,9462.0
2024-10-01,CI-0008,KA-03,33.0,249.0,8217.0
2024-10-01,CI-0008,KA-04,19.0,249.0,4731.0
2024-10-01,CI-0008,KA-05,14.0,249.0,3486.0
2024-11-01,CI-0008,E-commerce,212.0,249.0,52788.0
2024-11-01,CI-0008,Marketplace,167.0,249.0,41583.0
2024-11-01,CI-0008,Loja própria,136.0,249.0,33864.0
2024-11-01,CI-0008,KA-01,76.0,249.0,18924.0
2024-11-01,CI-0008,KA-02,60.0,249.0,1494.0
2024-11-01,CI-0008,KA-03,53.0,249.0,13197.0
2024-11-01,CI-0008,KA-04,30.0,249.0,747.0
2024-11-01,CI-0008,KA-05,22.0,249.0,5478.0
2024-12-01,CI-0008,E-commerce,151.0,249.0,37599.0
2024-12-01,CI-0008,Marketplace,119.0,249.0,29631.0
2024-12-01,CI-0008,Loja própria,97.0,249.0,24153.0
2024-12-01,CI-0008,KA-01,54.0,249.0,13446.0
2024-12-01,CI-0008,KA-02,43.0,249.0,10707.0
2024-12-01,CI-0008,KA-03,37.0,249.0,9213.0
2024-12-01,CI-0008,KA-04,21.0,249.0,5229.0
2024-12-01,CI-0008,KA-05,16.0,249.0,3984.0
2025-01-01,CI-0008,E-commerce,159.0,249.0,39591.0
2025-01-01,CI-0008,Marketplace,125.0,249.0,31125.0
2025-01-01,CI-0008,Loja própria,102.0,249.0,25398.0
2025-01-01,CI-0008,KA-01,57.0,249.0,14193.0
2025-01-01,CI-0008,KA-02,45.0,249.0,11205.0
2025-01-01,CI-0008,KA-03,39.0,249.0,9711.0
2025-01-01,CI-0008,KA-04,22.0,249.0,5478.0
2025-01-01,CI-0008,KA-05,17.0,249.0,4233.0
2025-02-01,CI-0008,E-commerce,135.0,249.0,33615.0
2025-02-01,CI-0008,Marketplace,106.0,249.0,26394.0
2025-02-01,CI-0008,Loja própria,87.0,249.0,21663.0
2025-02-01,CI-0008,KA-01,48.0,249.0,11952.0
2025-02-01,CI-0008,KA-02,38.0,249.0,9462.0
2025-02-01,CI-0008,KA-03,33.0,249.0,8217.0
2025-02-01,CI-0008,KA-04,19.0,249.0,4731.0
2025-02-01,CI-0008,KA-05,14.0,249.0,3486.0
2025-03-01,CI-0008,E-commerce,147.0,249.0,36603.0
2025-03-01,CI-0008,Marketplace,116.0,249.0,28884.0
2025-03-01,CI-0008,Loja própria,95.0,249.0,23655.0
2025-03-01,CI-0008,KA-01,52.0,249.0,12948.0
2025-03-01,CI-0008,KA-02,42.0,249.0,10458.0
2025-03-01,CI-0008,KA-03,36.0,249.0,8964.0
2025-03-01,CI-0008,KA-04,21.0,249.0,5229.0
2025-03-01,CI-0008,KA-05,15.0,249.0,3735.0
2025-04-01,CI-0008,E-commerce,135.0,249.0,33615.0
2025-04-01,CI-0008,Marketplace,106.0,249.0,26394.0
2025-04-01,CI-0008,Loja própria,86.0,249.0,21414.0
2025-04-01,CI-0008,KA-01,48.0,249.0,11952.0
2025-04-01,CI-0008,KA-02,38.0,249.0,9462.0
2025-04-01,CI-0008,KA-03,33.0,249.0,8217.0
2025-04-01,CI-0008,KA-04,19.0,249.0,4731.0
2025-04-01,CI-0008,KA-05,14.0,249.0,3486.0
2025-05-01,CI-0008,E-commerce,144.0,249.0,35856.0
2025-05-01,CI-0008,Marketplace,113.0,249.0,28137.0
2025-05-01,CI-0008,Loja própria,92.0,249.0,22908.0
2025-05-01,CI-0008,KA-01,51.0,249.0,12699.0
2025-05-01,CI-0008,KA-02,41.0,249.0,10209.0
2025-05-01,CI-0008,KA-03,36.0,249.0,8964.0
2025-05-01,CI-0008,KA-04,20.0,249.0,498.0
2025-05-01,CI-0008,KA-05,15.0,249.0,3735.0
2025-06-01,CI-0008,E-commerce,152.0,249.0,37848.0
2025-06-01,CI-0008,Marketplace,119.0,249.0,29631.0
2025-06-01,CI-0008,Loja própria,98.0,249.0,24402.0
2025-06-01,CI-0008,KA-01,54.0,249.0,13446.0
2025-06-01,CI-0008,KA-02,43.0,249.0,10707.0
2025-06-01,CI-0008,KA-03,38.0,249.0,9462.0
2025-06-01,CI-0008,KA-04,21.0,249.0,5229.0
2025-06-01,CI-0008,KA-05,16.0,249.0,3984.0
2025-07-01,CI-0008,E-commerce,145.0,249.0,36105.0
2025-07-01,CI-0008,Marketplace,113.0,249.0,28137.0
2025-07-01,CI-0008,Loja própria,93.0,249.0,23157.0
2025-07-01,CI-0008,KA-01,51.0,249.0,12699.0
2025-07-01,CI-0008,KA-02,41.0,249.0,10209.0
2025-07-01,CI-0008,KA-03,36.0,249.0,8964.0
2025-07-01,CI-0008,KA-04,20.0,249.0,498.0
2025-07-01,CI-0008,KA-05,15.0,249.0,3735.0
2025-08-01,CI-0008,E-commerce,136.0,249.0,33864.0
2025-08-01,CI-0008,Marketplace,107.0,249.0,26643.0
2025-08-01,CI-0008,Loja própria,87.0,249.0,21663.0
2025-08-01,CI-0008,KA-01,48.0,249.0,11952.0
2025-08-01,CI-0008,KA-02,38.0,249.0,9462.0
2025-08-01,CI-0008,KA-03,34.0,249.0,8466.0
2025-08-01,CI-0008,KA-04,19.0,249.0,4731.0
2025-08-01,CI-0008,KA-05,14.0,249.0,3486.0
2025-09-01,CI-0008,E-commerce,134.0,249.0,33366.0
2025-09-01,CI-0008,Marketplace,106.0,249.0,26394.0
2025-09-01,CI-0008,Loja própria,86.0,249.0,21414.0
2025-09-01,CI-0008,KA-01,48.0,249.0,11952.0
2025-09-01,CI-0008,KA-02,38.0,249.0,9462.0
2025-09-01,CI-0008,KA-03,33.0,249.0,8217.0
2025-09-01,CI-0008,KA-04,19.0,249.0,4731.0
2025-09-01,CI-0008,KA-05,14.0,249.0,3486.0
2025-10-01,CI-0008,E-commerce,139.0,249.0,34611.0
2025-10-01,CI-0008,Marketplace,109.0,249.0,27141.0
2025-10-01,CI-0008,Loja própria,89.0,249.0,22161.0
2025-10-01,CI-0008,KA-01,49.0,249.0,12201.0
2025-10-01,CI-0008,KA-02,39.0,249.0,9711.0
2025-10-01,CI-0008,KA-03,34.0,249.0,8466.0
2025-10-01,CI-0008,KA-04,19.0,249.0,4731.0
2025-10-01,CI-0008,KA-05,14.0,249.0,3486.0
2025-11-01,CI-0008,E-commerce,204.0,249.0,50796.0
2025-11-01,CI-0008,Marketplace,160.0,249.0,3984.0
2025-11-01,CI-0008,Loja própria,131.0,249.0,32619.0
2025-11-01,CI-0008,KA-01,73.0,249.0,18177.0
2025-11-01,CI-0008,KA-02,58.0,249.0,14442.0
2025-11-01,CI-0008,KA-03,51.0,249.0,12699.0
2025-11-01,CI-0008,KA-04,29.0,249.0,7221.0
2025-11-01,CI-0008,KA-05,21.0,249.0,5229.0
2025-12-01,CI-0008,E-commerce,133.0,249.0,33117.0
2025-12-01,CI-0008,Marketplace,104.0,249.0,25896.0
2025-12-01,CI-0008,Loja própria,85.0,249.0,21165.0
2025-12-01,CI-0008,KA-01,47.0,249.0,11703.0
2025-12-01,CI-0008,KA-02,38.0,249.0,9462.0
2025-12-01,CI-0008,KA-03,33.0,249.0,8217.0
2025-12-01,CI-0008,KA-04,19.0,249.0,4731.0
2025-12-01,CI-0008,KA-05,14.0,249.0,3486.0
2026-01-01,CI-0008,E-commerce,136.0,249.0,33864.0
2026-01-01,CI-0008,Marketplace,106.0,249.0,26394.0
2026-01-01,CI-0008,Loja própria,87.0,249.0,21663.0
2026-01-01,CI-0008,KA-01,48.0,249.0,11952.0
2026-01-01,CI-0008,KA-02,38.0,249.0,9462.0
2026-01-01,CI-0008,KA-03,34.0,249.0,8466.0
2026-01-01,CI-0008,KA-04,19.0,249.0,4731.0
2026-01-01,CI-0008,KA-05,14.0,249.0,3486.0
2026-02-01,CI-0008,E-commerce,145.0,249.0,36105.0
2026-02-01,CI-0008,Marketplace,114.0,249.0,28386.0
2026-02-01,CI-0008,Loja própria,93.0,249.0,23157.0
2026-02-01,CI-0008,KA-01,51.0,249.0,12699.0
2026-02-01,CI-0008,KA-02,41.0,249.0,10209.0
2026-02-01,CI-0008,KA-03,36.0,249.0,8964.0
2026-02-01,CI-0008,KA-04,20.0,249.0,498.0
2026-02-01,CI-0008,KA-05,15.0,249.0,3735.0
2026-03-01,CI-0008,E-commerce,143.0,249.0,35607.0
2026-03-01,CI-0008,Marketplace,112.0,249.0,27888.0
2026-03-01,CI-0008,Loja própria,92.0,249.0,22908.0
2026-03-01,CI-0008,KA-01,51.0,249.0,12699.0
2026-03-01,CI-0008,KA-02,40.0,249.0,996.0
2026-03-01,CI-0008,KA-03,35.0,249.0,8715.0
2026-03-01,CI-0008,KA-04,20.0,249.0,498.0
2026-03-01,CI-0008,KA-05,15.0,249.0,3735.0
2026-04-01,CI-0008,E-commerce,134.0,249.0,33366.0
2026-04-01,CI-0008,Marketplace,106.0,249.0,26394.0
2026-04-01,CI-0008,Loja própria,86.0,249.0,21414.0
2026-04-01,CI-0008,KA-01,48.0,249.0,11952.0
2026-04-01,CI-0008,KA-02,38.0,249.0,9462.0
2026-04-01,CI-0008,KA-03,33.0,249.0,8217.0
2026-04-01,CI-0008,KA-04,19.0,249.0,4731.0
2026-04-01,CI-0008,KA-05,14.0,249.0,3486.0
2026-05-01,CI-0008,E-commerce,144.0,249.0,35856.0
2026-05-01,CI-0008,Marketplace,113.0,249.0,28137.0
2026-05-01,CI-0008,Loja própria,93.0,249.0,23157.0
2026-05-01,CI-0008,KA-01,51.0,249.0,12699.0
2026-05-01,CI-0008,KA-02,41.0,249.0,10209.0
2026-05-01,CI-0008,KA-03,36.0,249.0,8964.0
2026-05-01,CI-0008,KA-04,20.0,249.0,498.0
2026-05-01,CI-0008,KA-05,15.0,249.0,3735.0
2026-06-01,CI-0008,E-commerce,147.0,249.0,36603.0
2026-06-01,CI-0008,Marketplace,116.0,249.0,28884.0
2026-06-01,CI-0008,Loja própria,95.0,249.0,23655.0
2026-06-01,CI-0008,KA-01,52.0,249.0,12948.0
2026-06-01,CI-0008,KA-02,42.0,249.0,10458.0
2026-06-01,CI-0008,KA-03,36.0,249.0,8964.0
2026-06-01,CI-0008,KA-04,21.0,249.0,5229.0
2026-06-01,CI-0008,KA-05,15.0,249.0,3735.0
2026-07-01,CI-0008,E-commerce,149.0,249.0,37101.0
2026-07-01,CI-0008,Marketplace,117.0,249.0,29133.0
2026-07-01,CI-0008,Loja própria,96.0,249.0,23904.0
2026-07-01,CI-0008,KA-01,53.0,249.0,13197.0
2026-07-01,CI-0008,KA-02,42.0,249.0,10458.0
2026-07-01,CI-0008,KA-03,37.0,249.0,9213.0
2026-07-01,CI-0008,KA-04,21.0,249.0,5229.0
2026-07-01,CI-0008,KA-05,16.0,249.0,3984.0
2026-08-01,CI-0008,E-commerce,153.0,249.0,38097.0
2026-08-01,CI-0008,Marketplace,120.0,249.0,2988.0
2026-08-01,CI-0008,Loja própria,98.0,249.0,24402.0
2026-08-01,CI-0008,KA-01,54.0,249.0,13446.0
2026-08-01,CI-0008,KA-02,43.0,249.0,10707.0
2026-08-01,CI-0008,KA-03,38.0,249.0,9462.0
2026-08-01,CI-0008,KA-04,21.0,249.0,5229.0
2026-08-01,CI-0008,KA-05,16.0,249.0,3984.0
2024-09-01,CI-0009,E-commerce,171.0,299.0,51129.0
2024-09-01,CI-0009,Marketplace,134.0,299.0,40066.0
2024-09-01,CI-0009,Loja própria,110.0,299.0,3289.0
2024-09-01,CI-0009,KA-01,61.0,299.0,18239.0
2024-09-01,CI-0009,KA-02,48.0,299.0,14352.0
2024-09-01,CI-0009,KA-03,42.0,299.0,12558.0
2024-09-01,CI-0009,KA-04,24.0,299.0,7176.0
2024-09-01,CI-0009,KA-05,18.0,299.0,5382.0
2024-10-01,CI-0009,E-commerce,146.0,299.0,43654.0
2024-10-01,CI-0009,Marketplace,115.0,299.0,34385.0
2024-10-01,CI-0009,Loja própria,94.0,299.0,28106.0
2024-10-01,CI-0009,KA-01,52.0,299.0,15548.0
2024-10-01,CI-0009,KA-02,41.0,299.0,12259.0
2024-10-01,CI-0009,KA-03,36.0,299.0,10764.0
2024-10-01,CI-0009,KA-04,20.0,299.0,598.0
2024-10-01,CI-0009,KA-05,15.0,299.0,4485.0
2024-11-01,CI-0009,E-commerce,209.0,299.0,62491.0
2024-11-01,CI-0009,Marketplace,164.0,299.0,49036.0
2024-11-01,CI-0009,Loja própria,134.0,299.0,40066.0
2024-11-01,CI-0009,KA-01,74.0,299.0,22126.0
2024-11-01,CI-0009,KA-02,59.0,299.0,17641.0
2024-11-01,CI-0009,KA-03,52.0,299.0,15548.0
2024-11-01,CI-0009,KA-04,29.0,299.0,8671.0
2024-11-01,CI-0009,KA-05,22.0,299.0,6578.0
2024-12-01,CI-0009,E-commerce,138.0,299.0,41262.0
2024-12-01,CI-0009,Marketplace,108.0,299.0,32292.0
2024-12-01,CI-0009,Loja própria,89.0,299.0,26611.0
2024-12-01,CI-0009,KA-01,49.0,299.0,14651.0
2024-12-01,CI-0009,KA-02,39.0,299.0,11661.0
2024-12-01,CI-0009,KA-03,34.0,299.0,10166.0
2024-12-01,CI-0009,KA-04,19.0,299.0,5681.0
2024-12-01,CI-0009,KA-05,14.0,299.0,4186.0
2025-01-01,CI-0009,E-commerce,136.0,299.0,40664.0
2025-01-01,CI-0009,Marketplace,106.0,299.0,31694.0
2025-01-01,CI-0009,Loja própria,87.0,299.0,26013.0
2025-01-01,CI-0009,KA-01,48.0,299.0,14352.0
2025-01-01,CI-0009,KA-02,38.0,299.0,11362.0
2025-01-01,CI-0009,KA-03,34.0,299.0,10166.0
2025-01-01,CI-0009,KA-04,19.0,299.0,5681.0
2025-01-01,CI-0009,KA-05,14.0,299.0,4186.0
2025-02-01,CI-0009,E-commerce,155.0,299.0,46345.0
2025-02-01,CI-0009,Marketplace,121.0,299.0,36179.0
2025-02-01,CI-0009,Loja própria,99.0,299.0,29601.0
2025-02-01,CI-0009,KA-01,55.0,299.0,16445.0
2025-02-01,CI-0009,KA-02,44.0,299.0,13156.0
2025-02-01,CI-0009,KA-03,38.0,299.0,11362.0
2025-02-01,CI-0009,KA-04,22.0,299.0,6578.0
2025-02-01,CI-0009,KA-05,16.0,299.0,4784.0
2025-03-01,CI-0009,E-commerce,138.0,299.0,41262.0
2025-03-01,CI-0009,Marketplace,108.0,299.0,32292.0
2025-03-01,CI-0009,Loja própria,88.0,299.0,26312.0
2025-03-01,CI-0009,KA-01,49.0,299.0,14651.0
2025-03-01,CI-0009,KA-02,39.0,299.0,11661.0
2025-03-01,CI-0009,KA-03,34.0,299.0,10166.0
2025-03-01,CI-0009,KA-04,19.0,299.0,5681.0
2025-03-01,CI-0009,KA-05,14.0,299.0,4186.0
2025-04-01,CI-0009,E-commerce,118.0,299.0,35282.0
2025-04-01,CI-0009,Marketplace,93.0,299.0,27807.0
2025-04-01,CI-0009,Loja própria,76.0,299.0,22724.0
2025-04-01,CI-0009,KA-01,42.0,299.0,12558.0
2025-04-01,CI-0009,KA-02,33.0,299.0,9867.0
2025-04-01,CI-0009,KA-03,29.0,299.0,8671.0
2025-04-01,CI-0009,KA-04,16.0,299.0,4784.0
2025-04-01,CI-0009,KA-05,12.0,299.0,3588.0
2025-05-01,CI-0009,E-commerce,139.0,299.0,41561.0
2025-05-01,CI-0009,Marketplace,109.0,299.0,32591.0
2025-05-01,CI-0009,Loja própria,89.0,299.0,26611.0
2025-05-01,CI-0009,KA-01,49.0,299.0,14651.0
2025-05-01,CI-0009,KA-02,39.0,299.0,11661.0
2025-05-01,CI-0009,KA-03,34.0,299.0,10166.0
2025-05-01,CI-0009,KA-04,19.0,299.0,5681.0
2025-05-01,CI-0009,KA-05,14.0,299.0,4186.0
2025-06-01,CI-0009,E-commerce,135.0,299.0,40365.0
2025-06-01,CI-0009,Marketplace,106.0,299.0,31694.0
2025-06-01,CI-0009,Loja própria,87.0,299.0,26013.0
2025-06-01,CI-0009,KA-01,48.0,299.0,14352.0
2025-06-01,CI-0009,KA-02,38.0,299.0,11362.0
2025-06-01,CI-0009,KA-03,33.0,299.0,9867.0
2025-06-01,CI-0009,KA-04,19.0,299.0,5681.0
2025-06-01,CI-0009,KA-05,14.0,299.0,4186.0
2025-07-01,CI-0009,E-commerce,133.0,299.0,39767.0
2025-07-01,CI-0009,Marketplace,104.0,299.0,31096.0
2025-07-01,CI-0009,Loja própria,85.0,299.0,25415.0
2025-07-01,CI-0009,KA-01,47.0,299.0,14053.0
2025-07-01,CI-0009,KA-02,38.0,299.0,11362.0
2025-07-01,CI-0009,KA-03,33.0,299.0,9867.0
2025-07-01,CI-0009,KA-04,19.0,299.0,5681.0
2025-07-01,CI-0009,KA-05,14.0,299.0,4186.0
2025-08-01,CI-0009,E-commerce,108.0,299.0,32292.0
2025-08-01,CI-0009,Marketplace,85.0,299.0,25415.0
2025-08-01,CI-0009,Loja própria,69.0,299.0,20631.0
2025-08-01,CI-0009,KA-01,38.0,299.0,11362.0
2025-08-01,CI-0009,KA-02,30.0,299.0,897.0
2025-08-01,CI-0009,KA-03,27.0,299.0,8073.0
2025-08-01,CI-0009,KA-04,15.0,299.0,4485.0
2025-08-01,CI-0009,KA-05,11.0,299.0,3289.0
2025-09-01,CI-0009,E-commerce,101.0,299.0,30199.0
2025-09-01,CI-0009,Marketplace,80.0,299.0,2392.0
2025-09-01,CI-0009,Loja própria,65.0,299.0,19435.0
2025-09-01,CI-0009,KA-01,36.0,299.0,10764.0
2025-09-01,CI-0009,KA-02,29.0,299.0,8671.0
2025-09-01,CI-0009,KA-03,25.0,299.0,7475.0
2025-09-01,CI-0009,KA-04,14.0,299.0,4186.0
2025-09-01,CI-0009,KA-05,10.0,299.0,299.0
2025-10-01,CI-0009,E-commerce,103.0,299.0,30797.0
2025-10-01,CI-0009,Marketplace,80.0,299.0,2392.0
2025-10-01,CI-0009,Loja própria,66.0,299.0,19734.0
2025-10-01,CI-0009,KA-01,36.0,299.0,10764.0
2025-10-01,CI-0009,KA-02,29.0,299.0,8671.0
2025-10-01,CI-0009,KA-03,25.0,299.0,7475.0
2025-10-01,CI-0009,KA-04,14.0,299.0,4186.0
2025-10-01,CI-0009,KA-05,11.0,299.0,3289.0
2025-11-01,CI-0009,E-commerce,162.0,299.0,48438.0
2025-11-01,CI-0009,Marketplace,127.0,299.0,37973.0
2025-11-01,CI-0009,Loja própria,104.0,299.0,31096.0
2025-11-01,CI-0009,KA-01,57.0,299.0,17043.0
2025-11-01,CI-0009,KA-02,46.0,299.0,13754.0
2025-11-01,CI-0009,KA-03,40.0,299.0,1196.0
2025-11-01,CI-0009,KA-04,23.0,299.0,6877.0
2025-11-01,CI-0009,KA-05,17.0,299.0,5083.0
2025-12-01,CI-0009,E-commerce,114.0,299.0,34086.0
2025-12-01,CI-0009,Marketplace,89.0,299.0,26611.0
2025-12-01,CI-0009,Loja própria,73.0,299.0,21827.0
2025-12-01,CI-0009,KA-01,40.0,299.0,1196.0
2025-12-01,CI-0009,KA-02,32.0,299.0,9568.0
2025-12-01,CI-0009,KA-03,28.0,299.0,8372.0
2025-12-01,CI-0009,KA-04,16.0,299.0,4784.0
2025-12-01,CI-0009,KA-05,12.0,299.0,3588.0
2026-01-01,CI-0009,E-commerce,103.0,299.0,30797.0
2026-01-01,CI-0009,Marketplace,81.0,299.0,24219.0
2026-01-01,CI-0009,Loja própria,66.0,299.0,19734.0
2026-01-01,CI-0009,KA-01,37.0,299.0,11063.0
2026-01-01,CI-0009,KA-02,29.0,299.0,8671.0
2026-01-01,CI-0009,KA-03,25.0,299.0,7475.0
2026-01-01,CI-0009,KA-04,14.0,299.0,4186.0
2026-01-01,CI-0009,KA-05,11.0,299.0,3289.0
2026-02-01,CI-0009,E-commerce,91.0,299.0,27209.0
2026-02-01,CI-0009,Marketplace,72.0,299.0,21528.0
2026-02-01,CI-0009,Loja própria,59.0,299.0,17641.0
2026-02-01,CI-0009,KA-01,32.0,299.0,9568.0
2026-02-01,CI-0009,KA-02,26.0,299.0,7774.0
2026-02-01,CI-0009,KA-03,22.0,299.0,6578.0
2026-02-01,CI-0009,KA-04,13.0,299.0,3887.0
2026-02-01,CI-0009,KA-05,9.0,299.0,2691.0
2026-03-01,CI-0009,E-commerce,94.0,299.0,28106.0
2026-03-01,CI-0009,Marketplace,74.0,299.0,22126.0
2026-03-01,CI-0009,Loja própria,60.0,299.0,1794.0
2026-03-01,CI-0009,KA-01,33.0,299.0,9867.0
2026-03-01,CI-0009,KA-02,26.0,299.0,7774.0
2026-03-01,CI-0009,KA-03,23.0,299.0,6877.0
2026-03-01,CI-0009,KA-04,13.0,299.0,3887.0
2026-03-01,CI-0009,KA-05,10.0,299.0,299.0
2026-04-01,CI-0009,E-commerce,91.0,299.0,27209.0
2026-04-01,CI-0009,Marketplace,71.0,299.0,21229.0
2026-04-01,CI-0009,Loja própria,58.0,299.0,17342.0
2026-04-01,CI-0009,KA-01,32.0,299.0,9568.0
2026-04-01,CI-0009,KA-02,26.0,299.0,7774.0
2026-04-01,CI-0009,KA-03,22.0,299.0,6578.0
2026-04-01,CI-0009,KA-04,13.0,299.0,3887.0
2026-04-01,CI-0009,KA-05,9.0,299.0,2691.0
2026-05-01,CI-0009,E-commerce,91.0,299.0,27209.0
2026-05-01,CI-0009,Marketplace,71.0,299.0,21229.0
2026-05-01,CI-0009,Loja própria,58.0,299.0,17342.0
2026-05-01,CI-0009,KA-01,32.0,299.0,9568.0
2026-05-01,CI-0009,KA-02,26.0,299.0,7774.0
2026-05-01,CI-0009,KA-03,22.0,299.0,6578.0
2026-05-01,CI-0009,KA-04,13.0,299.0,3887.0
2026-05-01,CI-0009,KA-05,9.0,299.0,2691.0
2026-06-01,CI-0009,E-commerce,89.0,299.0,26611.0
2026-06-01,CI-0009,Marketplace,70.0,299.0,2093.0
2026-06-01,CI-0009,Loja própria,57.0,299.0,17043.0
2026-06-01,CI-0009,KA-01,32.0,299.0,9568.0
2026-06-01,CI-0009,KA-02,25.0,299.0,7475.0
2026-06-01,CI-0009,KA-03,22.0,299.0,6578.0
2026-06-01,CI-0009,KA-04,12.0,299.0,3588.0
2026-06-01,CI-0009,KA-05,9.0,299.0,2691.0
2026-07-01,CI-0009,E-commerce,86.0,299.0,25714.0
2026-07-01,CI-0009,Marketplace,68.0,299.0,20332.0
2026-07-01,CI-0009,Loja própria,55.0,299.0,16445.0
2026-07-01,CI-0009,KA-01,31.0,299.0,9269.0
2026-07-01,CI-0009,KA-02,24.0,299.0,7176.0
2026-07-01,CI-0009,KA-03,21.0,299.0,6279.0
2026-07-01,CI-0009,KA-04,12.0,299.0,3588.0
2026-07-01,CI-0009,KA-05,9.0,299.0,2691.0
2026-08-01,CI-0009,E-commerce,70.0,299.0,2093.0
2026-08-01,CI-0009,Marketplace,55.0,299.0,16445.0
2026-08-01,CI-0009,Loja própria,45.0,299.0,13455.0
2026-08-01,CI-0009,KA-01,25.0,299.0,7475.0
2026-08-01,CI-0009,KA-02,20.0,299.0,598.0
2026-08-01,CI-0009,KA-03,17.0,299.0,5083.0
2026-08-01,CI-0009,KA-04,10.0,299.0,299.0
2026-08-01,CI-0009,KA-05,7.0,299.0,2093.0
2024-09-01,CI-0010,E-commerce,171.0,349.0,59679.0
2024-09-01,CI-0010,Marketplace,135.0,349.0,47115.0
2024-09-01,CI-0010,Loja própria,110.0,349.0,3839.0
2024-09-01,CI-0010,KA-01,61.0,349.0,21289.0
2024-09-01,CI-0010,KA-02,49.0,349.0,17101.0
2024-09-01,CI-0010,KA-03,42.0,349.0,14658.0
2024-09-01,CI-0010,KA-04,24.0,349.0,8376.0
2024-09-01,CI-0010,KA-05,18.0,349.0,6282.0
2024-10-01,CI-0010,E-commerce,191.0,349.0,66659.0
2024-10-01,CI-0010,Marketplace,150.0,349.0,5235.0
2024-10-01,CI-0010,Loja própria,123.0,349.0,42927.0
2024-10-01,CI-0010,KA-01,68.0,349.0,23732.0
2024-10-01,CI-0010,KA-02,54.0,349.0,18846.0
2024-10-01,CI-0010,KA-03,47.0,349.0,16403.0
2024-10-01,CI-0010,KA-04,27.0,349.0,9423.0
2024-10-01,CI-0010,KA-05,20.0,349.0,698.0
2024-11-01,CI-0010,E-commerce,224.0,349.0,78176.0
2024-11-01,CI-0010,Marketplace,176.0,349.0,61424.0
2024-11-01,CI-0010,Loja própria,144.0,349.0,50256.0
2024-11-01,CI-0010,KA-01,80.0,349.0,2792.0
2024-11-01,CI-0010,KA-02,64.0,349.0,22336.0
2024-11-01,CI-0010,KA-03,56.0,349.0,19544.0
2024-11-01,CI-0010,KA-04,32.0,349.0,11168.0
2024-11-01,CI-0010,KA-05,24.0,349.0,8376.0
2024-12-01,CI-0010,E-commerce,178.0,349.0,62122.0
2024-12-01,CI-0010,Marketplace,140.0,349.0,4886.0
2024-12-01,CI-0010,Loja própria,114.0,349.0,39786.0
2024-12-01,CI-0010,KA-01,63.0,349.0,21987.0
2024-12-01,CI-0010,KA-02,50.0,349.0,1745.0
2024-12-01,CI-0010,KA-03,44.0,349.0,15356.0
2024-12-01,CI-0010,KA-04,25.0,349.0,8725.0
2024-12-01,CI-0010,KA-05,19.0,349.0,6631.0
2025-01-01,CI-0010,E-commerce,169.0,349.0,58981.0
2025-01-01,CI-0010,Marketplace,133.0,349.0,46417.0
2025-01-01,CI-0010,Loja própria,109.0,349.0,38041.0
2025-01-01,CI-0010,KA-01,60.0,349.0,2094.0
2025-01-01,CI-0010,KA-02,48.0,349.0,16752.0
2025-01-01,CI-0010,KA-03,42.0,349.0,14658.0
2025-01-01,CI-0010,KA-04,24.0,349.0,8376.0
2025-01-01,CI-0010,KA-05,18.0,349.0,6282.0
2025-02-01,CI-0010,E-commerce,184.0,349.0,64216.0
2025-02-01,CI-0010,Marketplace,145.0,349.0,50605.0
2025-02-01,CI-0010,Loja própria,118.0,349.0,41182.0
2025-02-01,CI-0010,KA-01,66.0,349.0,23034.0
2025-02-01,CI-0010,KA-02,52.0,349.0,18148.0
2025-02-01,CI-0010,KA-03,46.0,349.0,16054.0
2025-02-01,CI-0010,KA-04,26.0,349.0,9074.0
2025-02-01,CI-0010,KA-05,19.0,349.0,6631.0
2025-03-01,CI-0010,E-commerce,154.0,349.0,53746.0
2025-03-01,CI-0010,Marketplace,121.0,349.0,42229.0
2025-03-01,CI-0010,Loja própria,99.0,349.0,34551.0
2025-03-01,CI-0010,KA-01,55.0,349.0,19195.0
2025-03-01,CI-0010,KA-02,44.0,349.0,15356.0
2025-03-01,CI-0010,KA-03,38.0,349.0,13262.0
2025-03-01,CI-0010,KA-04,22.0,349.0,7678.0
2025-03-01,CI-0010,KA-05,16.0,349.0,5584.0
2025-04-01,CI-0010,E-commerce,167.0,349.0,58283.0
2025-04-01,CI-0010,Marketplace,131.0,349.0,45719.0
2025-04-01,CI-0010,Loja própria,107.0,349.0,37343.0
2025-04-01,CI-0010,KA-01,59.0,349.0,20591.0
2025-04-01,CI-0010,KA-02,47.0,349.0,16403.0
2025-04-01,CI-0010,KA-03,41.0,349.0,14309.0
2025-04-01,CI-0010,KA-04,23.0,349.0,8027.0
2025-04-01,CI-0010,KA-05,17.0,349.0,5933.0
2025-05-01,CI-0010,E-commerce,180.0,349.0,6282.0
2025-05-01,CI-0010,Marketplace,141.0,349.0,49209.0
2025-05-01,CI-0010,Loja própria,115.0,349.0,40135.0
2025-05-01,CI-0010,KA-01,64.0,349.0,22336.0
2025-05-01,CI-0010,KA-02,51.0,349.0,17799.0
2025-05-01,CI-0010,KA-03,45.0,349.0,15705.0
2025-05-01,CI-0010,KA-04,25.0,349.0,8725.0
2025-05-01,CI-0010,KA-05,19.0,349.0,6631.0
2025-06-01,CI-0010,E-commerce,181.0,349.0,63169.0
2025-06-01,CI-0010,Marketplace,142.0,349.0,49558.0
2025-06-01,CI-0010,Loja própria,116.0,349.0,40484.0
2025-06-01,CI-0010,KA-01,64.0,349.0,22336.0
2025-06-01,CI-0010,KA-02,51.0,349.0,17799.0
2025-06-01,CI-0010,KA-03,45.0,349.0,15705.0
2025-06-01,CI-0010,KA-04,25.0,349.0,8725.0
2025-06-01,CI-0010,KA-05,19.0,349.0,6631.0
2025-07-01,CI-0010,E-commerce,181.0,349.0,63169.0
2025-07-01,CI-0010,Marketplace,142.0,349.0,49558.0
2025-07-01,CI-0010,Loja própria,116.0,349.0,40484.0
2025-07-01,CI-0010,KA-01,64.0,349.0,22336.0
2025-07-01,CI-0010,KA-02,51.0,349.0,17799.0
2025-07-01,CI-0010,KA-03,45.0,349.0,15705.0
2025-07-01,CI-0010,KA-04,25.0,349.0,8725.0
2025-07-01,CI-0010,KA-05,19.0,349.0,6631.0
2025-08-01,CI-0010,E-commerce,173.0,349.0,60377.0
2025-08-01,CI-0010,Marketplace,136.0,349.0,47464.0
2025-08-01,CI-0010,Loja própria,111.0,349.0,38739.0
2025-08-01,CI-0010,KA-01,62.0,349.0,21638.0
2025-08-01,CI-0010,KA-02,49.0,349.0,17101.0
2025-08-01,CI-0010,KA-03,43.0,349.0,15007.0
2025-08-01,CI-0010,KA-04,24.0,349.0,8376.0
2025-08-01,CI-0010,KA-05,18.0,349.0,6282.0
2025-09-01,CI-0010,E-commerce,179.0,349.0,62471.0
2025-09-01,CI-0010,Marketplace,141.0,349.0,49209.0
2025-09-01,CI-0010,Loja própria,115.0,349.0,40135.0
2025-09-01,CI-0010,KA-01,64.0,349.0,22336.0
2025-09-01,CI-0010,KA-02,51.0,349.0,17799.0
2025-09-01,CI-0010,KA-03,44.0,349.0,15356.0
2025-09-01,CI-0010,KA-04,25.0,349.0,8725.0
2025-09-01,CI-0010,KA-05,19.0,349.0,6631.0
2025-10-01,CI-0010,E-commerce,198.0,349.0,69102.0
2025-10-01,CI-0010,Marketplace,155.0,349.0,54095.0
2025-10-01,CI-0010,Loja própria,127.0,349.0,44323.0
2025-10-01,CI-0010,KA-01,70.0,349.0,2443.0
2025-10-01,CI-0010,KA-02,56.0,349.0,19544.0
2025-10-01,CI-0010,KA-03,49.0,349.0,17101.0
2025-10-01,CI-0010,KA-04,28.0,349.0,9772.0
2025-10-01,CI-0010,KA-05,21.0,349.0,7329.0
2025-11-01,CI-0010,E-commerce,270.0,349.0,9423.0
2025-11-01,CI-0010,Marketplace,212.0,349.0,73988.0
2025-11-01,CI-0010,Loja própria,173.0,349.0,60377.0
2025-11-01,CI-0010,KA-01,96.0,349.0,33504.0
2025-11-01,CI-0010,KA-02,77.0,349.0,26873.0
2025-11-01,CI-0010,KA-03,67.0,349.0,23383.0
2025-11-01,CI-0010,KA-04,38.0,349.0,13262.0
2025-11-01,CI-0010,KA-05,28.0,349.0,9772.0
2025-12-01,CI-0010,E-commerce,181.0,349.0,63169.0
2025-12-01,CI-0010,Marketplace,142.0,349.0,49558.0
2025-12-01,CI-0010,Loja própria,116.0,349.0,40484.0
2025-12-01,CI-0010,KA-01,64.0,349.0,22336.0
2025-12-01,CI-0010,KA-02,51.0,349.0,17799.0
2025-12-01,CI-0010,KA-03,45.0,349.0,15705.0
2025-12-01,CI-0010,KA-04,25.0,349.0,8725.0
2025-12-01,CI-0010,KA-05,19.0,349.0,6631.0
2026-01-01,CI-0010,E-commerce,172.0,349.0,60028.0
2026-01-01,CI-0010,Marketplace,135.0,349.0,47115.0
2026-01-01,CI-0010,Loja própria,110.0,349.0,3839.0
2026-01-01,CI-0010,KA-01,61.0,349.0,21289.0
2026-01-01,CI-0010,KA-02,49.0,349.0,17101.0
2026-01-01,CI-0010,KA-03,43.0,349.0,15007.0
2026-01-01,CI-0010,KA-04,24.0,349.0,8376.0
2026-01-01,CI-0010,KA-05,18.0,349.0,6282.0
2026-02-01,CI-0010,E-commerce,177.0,349.0,61773.0
2026-02-01,CI-0010,Marketplace,139.0,349.0,48511.0
2026-02-01,CI-0010,Loja própria,113.0,349.0,39437.0
2026-02-01,CI-0010,KA-01,63.0,349.0,21987.0
2026-02-01,CI-0010,KA-02,50.0,349.0,1745.0
2026-02-01,CI-0010,KA-03,44.0,349.0,15356.0
2026-02-01,CI-0010,KA-04,25.0,349.0,8725.0
2026-02-01,CI-0010,KA-05,18.0,349.0,6282.0
2026-03-01,CI-0010,E-commerce,178.0,349.0,62122.0
2026-03-01,CI-0010,Marketplace,140.0,349.0,4886.0
2026-03-01,CI-0010,Loja própria,115.0,349.0,40135.0
2026-03-01,CI-0010,KA-01,63.0,349.0,21987.0
2026-03-01,CI-0010,KA-02,51.0,349.0,17799.0
2026-03-01,CI-0010,KA-03,44.0,349.0,15356.0
2026-03-01,CI-0010,KA-04,25.0,349.0,8725.0
2026-03-01,CI-0010,KA-05,19.0,349.0,6631.0
2026-04-01,CI-0010,E-commerce,167.0,349.0,58283.0
2026-04-01,CI-0010,Marketplace,131.0,349.0,45719.0
2026-04-01,CI-0010,Loja própria,107.0,349.0,37343.0
2026-04-01,CI-0010,KA-01,59.0,349.0,20591.0
2026-04-01,CI-0010,KA-02,47.0,349.0,16403.0
2026-04-01,CI-0010,KA-03,41.0,349.0,14309.0
2026-04-01,CI-0010,KA-04,23.0,349.0,8027.0
2026-04-01,CI-0010,KA-05,17.0,349.0,5933.0
2026-05-01,CI-0010,E-commerce,185.0,349.0,64565.0
2026-05-01,CI-0010,Marketplace,145.0,349.0,50605.0
2026-05-01,CI-0010,Loja própria,119.0,349.0,41531.0
2026-05-01,CI-0010,KA-01,66.0,349.0,23034.0
2026-05-01,CI-0010,KA-02,53.0,349.0,18497.0
2026-05-01,CI-0010,KA-03,46.0,349.0,16054.0
2026-05-01,CI-0010,KA-04,26.0,349.0,9074.0
2026-05-01,CI-0010,KA-05,19.0,349.0,6631.0
2026-06-01,CI-0010,E-commerce,191.0,349.0,66659.0
2026-06-01,CI-0010,Marketplace,150.0,349.0,5235.0
2026-06-01,CI-0010,Loja própria,123.0,349.0,42927.0
2026-06-01,CI-0010,KA-01,68.0,349.0,23732.0
2026-06-01,CI-0010,KA-02,54.0,349.0,18846.0
2026-06-01,CI-0010,KA-03,47.0,349.0,16403.0
2026-06-01,CI-0010,KA-04,27.0,349.0,9423.0
2026-06-01,CI-0010,KA-05,20.0,349.0,698.0
2026-07-01,CI-0010,E-commerce,206.0,349.0,71894.0
2026-07-01,CI-0010,Marketplace,162.0,349.0,56538.0
2026-07-01,CI-0010,Loja própria,132.0,349.0,46068.0
2026-07-01,CI-0010,KA-01,73.0,349.0,25477.0
2026-07-01,CI-0010,KA-02,58.0,349.0,20242.0
2026-07-01,CI-0010,KA-03,51.0,349.0,17799.0
2026-07-01,CI-0010,KA-04,29.0,349.0,10121.0
2026-07-01,CI-0010,KA-05,22.0,349.0,7678.0
2026-08-01,CI-0010,E-commerce,202.0,349.0,70498.0
2026-08-01,CI-0010,Marketplace,159.0,349.0,55491.0
2026-08-01,CI-0010,Loja própria,130.0,349.0,4537.0
2026-08-01,CI-0010,KA-01,72.0,349.0,25128.0
2026-08-01,CI-0010,KA-02,57.0,349.0,19893.0
2026-08-01,CI-0010,KA-03,50.0,349.0,1745.0
2026-08-01,CI-0010,KA-04,28.0,349.0,9772.0
2026-08-01,CI-0010,KA-05,21.0,349.0,7329.0
2024-09-01,CI-0011,E-commerce,204.0,799.0,162996.0
2024-09-01,CI-0011,Marketplace,161.0,799.0,128639.0
2024-09-01,CI-0011,Loja própria,131.0,799.0,104669.0
2024-09-01,CI-0011,KA-01,73.0,799.0,58327.0
2024-09-01,CI-0011,KA-02,58.0,799.0,46342.0
2024-09-01,CI-0011,KA-03,51.0,799.0,40749.0
2024-09-01,CI-0011,KA-04,29.0,799.0,23171.0
2024-09-01,CI-0011,KA-05,21.0,799.0,16779.0
2024-10-01,CI-0011,E-commerce,171.0,799.0,136629.0
2024-10-01,CI-0011,Marketplace,134.0,799.0,107066.0
2024-10-01,CI-0011,Loja própria,110.0,799.0,8789.0
2024-10-01,CI-0011,KA-01,61.0,799.0,48739.0
2024-10-01,CI-0011,KA-02,49.0,799.0,39151.0
2024-10-01,CI-0011,KA-03,42.0,799.0,33558.0
2024-10-01,CI-0011,KA-04,24.0,799.0,19176.0
2024-10-01,CI-0011,KA-05,18.0,799.0,14382.0
2024-11-01,CI-0011,E-commerce,271.0,799.0,216529.0
2024-11-01,CI-0011,Marketplace,213.0,799.0,170187.0
2024-11-01,CI-0011,Loja própria,174.0,799.0,139026.0
2024-11-01,CI-0011,KA-01,97.0,799.0,77503.0
2024-11-01,CI-0011,KA-02,77.0,799.0,61523.0
2024-11-01,CI-0011,KA-03,67.0,799.0,53533.0
2024-11-01,CI-0011,KA-04,38.0,799.0,30362.0
2024-11-01,CI-0011,KA-05,29.0,799.0,23171.0
2024-12-01,CI-0011,E-commerce,184.0,799.0,147016.0
2024-12-01,CI-0011,Marketplace,144.0,799.0,115056.0
2024-12-01,CI-0011,Loja própria,118.0,799.0,94282.0
2024-12-01,CI-0011,KA-01,65.0,799.0,51935.0
2024-12-01,CI-0011,KA-02,52.0,799.0,41548.0
2024-12-01,CI-0011,KA-03,46.0,799.0,36754.0
2024-12-01,CI-0011,KA-04,26.0,799.0,20774.0
2024-12-01,CI-0011,KA-05,19.0,799.0,15181.0
2025-01-01,CI-0011,E-commerce,208.0,799.0,166192.0
2025-01-01,CI-0011,Marketplace,163.0,799.0,130237.0
2025-01-01,CI-0011,Loja própria,133.0,799.0,106267.0
2025-01-01,CI-0011,KA-01,74.0,799.0,59126.0
2025-01-01,CI-0011,KA-02,59.0,799.0,47141.0
2025-01-01,CI-0011,KA-03,52.0,799.0,41548.0
2025-01-01,CI-0011,KA-04,29.0,799.0,23171.0
2025-01-01,CI-0011,KA-05,22.0,799.0,17578.0
2025-02-01,CI-0011,E-commerce,194.0,799.0,155006.0
2025-02-01,CI-0011,Marketplace,152.0,799.0,121448.0
2025-02-01,CI-0011,Loja própria,125.0,799.0,99875.0
2025-02-01,CI-0011,KA-01,69.0,799.0,55131.0
2025-02-01,CI-0011,KA-02,55.0,799.0,43945.0
2025-02-01,CI-0011,KA-03,48.0,799.0,38352.0
2025-02-01,CI-0011,KA-04,27.0,799.0,21573.0
2025-02-01,CI-0011,KA-05,20.0,799.0,1598.0
2025-03-01,CI-0011,E-commerce,173.0,799.0,138227.0
2025-03-01,CI-0011,Marketplace,136.0,799.0,108664.0
2025-03-01,CI-0011,Loja própria,111.0,799.0,88689.0
2025-03-01,CI-0011,KA-01,61.0,799.0,48739.0
2025-03-01,CI-0011,KA-02,49.0,799.0,39151.0
2025-03-01,CI-0011,KA-03,43.0,799.0,34357.0
2025-03-01,CI-0011,KA-04,24.0,799.0,19176.0
2025-03-01,CI-0011,KA-05,18.0,799.0,14382.0
2025-04-01,CI-0011,E-commerce,197.0,799.0,157403.0
2025-04-01,CI-0011,Marketplace,155.0,799.0,123845.0
2025-04-01,CI-0011,Loja própria,127.0,799.0,101473.0
2025-04-01,CI-0011,KA-01,70.0,799.0,5593.0
2025-04-01,CI-0011,KA-02,56.0,799.0,44744.0
2025-04-01,CI-0011,KA-03,49.0,799.0,39151.0
2025-04-01,CI-0011,KA-04,28.0,799.0,22372.0
2025-04-01,CI-0011,KA-05,21.0,799.0,16779.0
2025-05-01,CI-0011,E-commerce,177.0,799.0,141423.0
2025-05-01,CI-0011,Marketplace,139.0,799.0,111061.0
2025-05-01,CI-0011,Loja própria,114.0,799.0,91086.0
2025-05-01,CI-0011,KA-01,63.0,799.0,50337.0
2025-05-01,CI-0011,KA-02,50.0,799.0,3995.0
2025-05-01,CI-0011,KA-03,44.0,799.0,35156.0
2025-05-01,CI-0011,KA-04,25.0,799.0,19975.0
2025-05-01,CI-0011,KA-05,19.0,799.0,15181.0
2025-06-01,CI-0011,E-commerce,182.0,799.0,145418.0
2025-06-01,CI-0011,Marketplace,143.0,799.0,114257.0
2025-06-01,CI-0011,Loja própria,117.0,799.0,93483.0
2025-06-01,CI-0011,KA-01,65.0,799.0,51935.0
2025-06-01,CI-0011,KA-02,52.0,799.0,41548.0
2025-06-01,CI-0011,KA-03,45.0,799.0,35955.0
2025-06-01,CI-0011,KA-04,26.0,799.0,20774.0
2025-06-01,CI-0011,KA-05,19.0,799.0,15181.0
2025-07-01,CI-0011,E-commerce,214.0,799.0,170986.0
2025-07-01,CI-0011,Marketplace,168.0,799.0,134232.0
2025-07-01,CI-0011,Loja própria,137.0,799.0,109463.0
2025-07-01,CI-0011,KA-01,76.0,799.0,60724.0
2025-07-01,CI-0011,KA-02,61.0,799.0,48739.0
2025-07-01,CI-0011,KA-03,53.0,799.0,42347.0
2025-07-01,CI-0011,KA-04,30.0,799.0,2397.0
2025-07-01,CI-0011,KA-05,22.0,799.0,17578.0
2025-08-01,CI-0011,E-commerce,186.0,799.0,148614.0
2025-08-01,CI-0011,Marketplace,146.0,799.0,116654.0
2025-08-01,CI-0011,Loja própria,120.0,799.0,9588.0
2025-08-01,CI-0011,KA-01,66.0,799.0,52734.0
2025-08-01,CI-0011,KA-02,53.0,799.0,42347.0
2025-08-01,CI-0011,KA-03,46.0,799.0,36754.0
2025-08-01,CI-0011,KA-04,26.0,799.0,20774.0
2025-08-01,CI-0011,KA-05,20.0,799.0,1598.0
2025-09-01,CI-0011,E-commerce,205.0,799.0,163795.0
2025-09-01,CI-0011,Marketplace,161.0,799.0,128639.0
2025-09-01,CI-0011,Loja própria,131.0,799.0,104669.0
2025-09-01,CI-0011,KA-01,73.0,799.0,58327.0
2025-09-01,CI-0011,KA-02,58.0,799.0,46342.0
2025-09-01,CI-0011,KA-03,51.0,799.0,40749.0
2025-09-01,CI-0011,KA-04,29.0,799.0,23171.0
2025-09-01,CI-0011,KA-05,21.0,799.0,16779.0
2025-10-01,CI-0011,E-commerce,196.0,799.0,156604.0
2025-10-01,CI-0011,Marketplace,154.0,799.0,123046.0
2025-10-01,CI-0011,Loja própria,126.0,799.0,100674.0
2025-10-01,CI-0011,KA-01,70.0,799.0,5593.0
2025-10-01,CI-0011,KA-02,56.0,799.0,44744.0
2025-10-01,CI-0011,KA-03,49.0,799.0,39151.0
2025-10-01,CI-0011,KA-04,28.0,799.0,22372.0
2025-10-01,CI-0011,KA-05,21.0,799.0,16779.0
2025-11-01,CI-0011,E-commerce,250.0,799.0,19975.0
2025-11-01,CI-0011,Marketplace,196.0,799.0,156604.0
2025-11-01,CI-0011,Loja própria,161.0,799.0,128639.0
2025-11-01,CI-0011,KA-01,89.0,799.0,71111.0
2025-11-01,CI-0011,KA-02,71.0,799.0,56729.0
2025-11-01,CI-0011,KA-03,62.0,799.0,49538.0
2025-11-01,CI-0011,KA-04,35.0,799.0,27965.0
2025-11-01,CI-0011,KA-05,26.0,799.0,20774.0
2025-12-01,CI-0011,E-commerce,195.0,799.0,155805.0
2025-12-01,CI-0011,Marketplace,153.0,799.0,122247.0
2025-12-01,CI-0011,Loja própria,125.0,799.0,99875.0
2025-12-01,CI-0011,KA-01,69.0,799.0,55131.0
2025-12-01,CI-0011,KA-02,55.0,799.0,43945.0
2025-12-01,CI-0011,KA-03,48.0,799.0,38352.0
2025-12-01,CI-0011,KA-04,27.0,799.0,21573.0
2025-12-01,CI-0011,KA-05,20.0,799.0,1598.0
2026-01-01,CI-0011,E-commerce,204.0,799.0,162996.0
2026-01-01,CI-0011,Marketplace,160.0,799.0,12784.0
2026-01-01,CI-0011,Loja própria,131.0,799.0,104669.0
2026-01-01,CI-0011,KA-01,72.0,799.0,57528.0
2026-01-01,CI-0011,KA-02,58.0,799.0,46342.0
2026-01-01,CI-0011,KA-03,51.0,799.0,40749.0
2026-01-01,CI-0011,KA-04,29.0,799.0,23171.0
2026-01-01,CI-0011,KA-05,21.0,799.0,16779.0
2026-02-01,CI-0011,E-commerce,188.0,799.0,150212.0
2026-02-01,CI-0011,Marketplace,148.0,799.0,118252.0
2026-02-01,CI-0011,Loja própria,121.0,799.0,96679.0
2026-02-01,CI-0011,KA-01,67.0,799.0,53533.0
2026-02-01,CI-0011,KA-02,53.0,799.0,42347.0
2026-02-01,CI-0011,KA-03,47.0,799.0,37553.0
2026-02-01,CI-0011,KA-04,26.0,799.0,20774.0
2026-02-01,CI-0011,KA-05,20.0,799.0,1598.0
2026-03-01,CI-0011,E-commerce,185.0,799.0,147815.0
2026-03-01,CI-0011,Marketplace,145.0,799.0,115855.0
2026-03-01,CI-0011,Loja própria,119.0,799.0,95081.0
2026-03-01,CI-0011,KA-01,66.0,799.0,52734.0
2026-03-01,CI-0011,KA-02,52.0,799.0,41548.0
2026-03-01,CI-0011,KA-03,46.0,799.0,36754.0
2026-03-01,CI-0011,KA-04,26.0,799.0,20774.0
2026-03-01,CI-0011,KA-05,19.0,799.0,15181.0
2026-04-01,CI-0011,E-commerce,217.0,799.0,173383.0
2026-04-01,CI-0011,Marketplace,170.0,799.0,13583.0
2026-04-01,CI-0011,Loja própria,139.0,799.0,111061.0
2026-04-01,CI-0011,KA-01,77.0,799.0,61523.0
2026-04-01,CI-0011,KA-02,62.0,799.0,49538.0
2026-04-01,CI-0011,KA-03,54.0,799.0,43146.0
2026-04-01,CI-0011,KA-04,31.0,799.0,24769.0
2026-04-01,CI-0011,KA-05,23.0,799.0,18377.0
2026-05-01,CI-0011,E-commerce,190.0,799.0,15181.0
2026-05-01,CI-0011,Marketplace,149.0,799.0,119051.0
2026-05-01,CI-0011,Loja própria,122.0,799.0,97478.0
2026-05-01,CI-0011,KA-01,68.0,799.0,54332.0
2026-05-01,CI-0011,KA-02,54.0,799.0,43146.0
2026-05-01,CI-0011,KA-03,47.0,799.0,37553.0
2026-05-01,CI-0011,KA-04,27.0,799.0,21573.0
2026-05-01,CI-0011,KA-05,20.0,799.0,1598.0
2026-06-01,CI-0011,E-commerce,177.0,799.0,141423.0
2026-06-01,CI-0011,Marketplace,139.0,799.0,111061.0
2026-06-01,CI-0011,Loja própria,114.0,799.0,91086.0
2026-06-01,CI-0011,KA-01,63.0,799.0,50337.0
2026-06-01,CI-0011,KA-02,50.0,799.0,3995.0
2026-06-01,CI-0011,KA-03,44.0,799.0,35156.0
2026-06-01,CI-0011,KA-04,25.0,799.0,19975.0
2026-06-01,CI-0011,KA-05,19.0,799.0,15181.0
2026-07-01,CI-0011,E-commerce,223.0,799.0,178177.0
2026-07-01,CI-0011,Marketplace,175.0,799.0,139825.0
2026-07-01,CI-0011,Loja própria,143.0,799.0,114257.0
2026-07-01,CI-0011,KA-01,79.0,799.0,63121.0
2026-07-01,CI-0011,KA-02,63.0,799.0,50337.0
2026-07-01,CI-0011,KA-03,55.0,799.0,43945.0
2026-07-01,CI-0011,KA-04,31.0,799.0,24769.0
2026-07-01,CI-0011,KA-05,23.0,799.0,18377.0
2026-08-01,CI-0011,E-commerce,197.0,799.0,157403.0
2026-08-01,CI-0011,Marketplace,155.0,799.0,123845.0
2026-08-01,CI-0011,Loja própria,127.0,799.0,101473.0
2026-08-01,CI-0011,KA-01,70.0,799.0,5593.0
2026-08-01,CI-0011,KA-02,56.0,799.0,44744.0
2026-08-01,CI-0011,KA-03,49.0,799.0,39151.0
2026-08-01,CI-0011,KA-04,28.0,799.0,22372.0
2026-08-01,CI-0011,KA-05,21.0,799.0,16779.0
2024-09-01,CI-0012,E-commerce,207.0,849.0,175743.0
2024-09-01,CI-0012,Marketplace,163.0,849.0,138387.0
2024-09-01,CI-0012,Loja própria,133.0,849.0,112917.0
2024-09-01,CI-0012,KA-01,74.0,849.0,62826.0
2024-09-01,CI-0012,KA-02,59.0,849.0,50091.0
2024-09-01,CI-0012,KA-03,51.0,849.0,43299.0
2024-09-01,CI-0012,KA-04,29.0,849.0,24621.0
2024-09-01,CI-0012,KA-05,22.0,849.0,18678.0
2024-10-01,CI-0012,E-commerce,195.0,849.0,165555.0
2024-10-01,CI-0012,Marketplace,153.0,849.0,129897.0
2024-10-01,CI-0012,Loja própria,125.0,849.0,106125.0
2024-10-01,CI-0012,KA-01,69.0,849.0,58581.0
2024-10-01,CI-0012,KA-02,55.0,849.0,46695.0
2024-10-01,CI-0012,KA-03,48.0,849.0,40752.0
2024-10-01,CI-0012,KA-04,27.0,849.0,22923.0
2024-10-01,CI-0012,KA-05,20.0,849.0,1698.0
2024-11-01,CI-0012,E-commerce,258.0,849.0,219042.0
2024-11-01,CI-0012,Marketplace,202.0,849.0,171498.0
2024-11-01,CI-0012,Loja própria,165.0,849.0,140085.0
2024-11-01,CI-0012,KA-01,92.0,849.0,78108.0
2024-11-01,CI-0012,KA-02,73.0,849.0,61977.0
2024-11-01,CI-0012,KA-03,64.0,849.0,54336.0
2024-11-01,CI-0012,KA-04,36.0,849.0,30564.0
2024-11-01,CI-0012,KA-05,27.0,849.0,22923.0
2024-12-01,CI-0012,E-commerce,211.0,849.0,179139.0
2024-12-01,CI-0012,Marketplace,166.0,849.0,140934.0
2024-12-01,CI-0012,Loja própria,136.0,849.0,115464.0
2024-12-01,CI-0012,KA-01,75.0,849.0,63675.0
2024-12-01,CI-0012,KA-02,60.0,849.0,5094.0
2024-12-01,CI-0012,KA-03,52.0,849.0,44148.0
2024-12-01,CI-0012,KA-04,30.0,849.0,2547.0
2024-12-01,CI-0012,KA-05,22.0,849.0,18678.0
2025-01-01,CI-0012,E-commerce,201.0,849.0,170649.0
2025-01-01,CI-0012,Marketplace,158.0,849.0,134142.0
2025-01-01,CI-0012,Loja própria,129.0,849.0,109521.0
2025-01-01,CI-0012,KA-01,71.0,849.0,60279.0
2025-01-01,CI-0012,KA-02,57.0,849.0,48393.0
2025-01-01,CI-0012,KA-03,50.0,849.0,4245.0
2025-01-01,CI-0012,KA-04,28.0,849.0,23772.0
2025-01-01,CI-0012,KA-05,21.0,849.0,17829.0
2025-02-01,CI-0012,E-commerce,226.0,849.0,191874.0
2025-02-01,CI-0012,Marketplace,177.0,849.0,150273.0
2025-02-01,CI-0012,Loja própria,145.0,849.0,123105.0
2025-02-01,CI-0012,KA-01,80.0,849.0,6792.0
2025-02-01,CI-0012,KA-02,64.0,849.0,54336.0
2025-02-01,CI-0012,KA-03,56.0,849.0,47544.0
2025-02-01,CI-0012,KA-04,32.0,849.0,27168.0
2025-02-01,CI-0012,KA-05,24.0,849.0,20376.0
2025-03-01,CI-0012,E-commerce,207.0,849.0,175743.0
2025-03-01,CI-0012,Marketplace,162.0,849.0,137538.0
2025-03-01,CI-0012,Loja própria,133.0,849.0,112917.0
2025-03-01,CI-0012,KA-01,74.0,849.0,62826.0
2025-03-01,CI-0012,KA-02,59.0,849.0,50091.0
2025-03-01,CI-0012,KA-03,51.0,849.0,43299.0
2025-03-01,CI-0012,KA-04,29.0,849.0,24621.0
2025-03-01,CI-0012,KA-05,22.0,849.0,18678.0
2025-04-01,CI-0012,E-commerce,197.0,849.0,167253.0
2025-04-01,CI-0012,Marketplace,155.0,849.0,131595.0
2025-04-01,CI-0012,Loja própria,126.0,849.0,106974.0
2025-04-01,CI-0012,KA-01,70.0,849.0,5943.0
2025-04-01,CI-0012,KA-02,56.0,849.0,47544.0
2025-04-01,CI-0012,KA-03,49.0,849.0,41601.0
2025-04-01,CI-0012,KA-04,28.0,849.0,23772.0
2025-04-01,CI-0012,KA-05,21.0,849.0,17829.0
2025-05-01,CI-0012,E-commerce,201.0,849.0,170649.0
2025-05-01,CI-0012,Marketplace,157.0,849.0,133293.0
2025-05-01,CI-0012,Loja própria,129.0,849.0,109521.0
2025-05-01,CI-0012,KA-01,71.0,849.0,60279.0
2025-05-01,CI-0012,KA-02,57.0,849.0,48393.0
2025-05-01,CI-0012,KA-03,50.0,849.0,4245.0
2025-05-01,CI-0012,KA-04,28.0,849.0,23772.0
2025-05-01,CI-0012,KA-05,21.0,849.0,17829.0
2025-06-01,CI-0012,E-commerce,194.0,849.0,164706.0
2025-06-01,CI-0012,Marketplace,152.0,849.0,129048.0
2025-06-01,CI-0012,Loja própria,124.0,849.0,105276.0
2025-06-01,CI-0012,KA-01,69.0,849.0,58581.0
2025-06-01,CI-0012,KA-02,55.0,849.0,46695.0
2025-06-01,CI-0012,KA-03,48.0,849.0,40752.0
2025-06-01,CI-0012,KA-04,27.0,849.0,22923.0
2025-06-01,CI-0012,KA-05,20.0,849.0,1698.0
2025-07-01,CI-0012,E-commerce,192.0,849.0,163008.0
2025-07-01,CI-0012,Marketplace,151.0,849.0,128199.0
2025-07-01,CI-0012,Loja própria,123.0,849.0,104427.0
2025-07-01,CI-0012,KA-01,68.0,849.0,57732.0
2025-07-01,CI-0012,KA-02,54.0,849.0,45846.0
2025-07-01,CI-0012,KA-03,48.0,849.0,40752.0
2025-07-01,CI-0012,KA-04,27.0,849.0,22923.0
2025-07-01,CI-0012,KA-05,20.0,849.0,1698.0
2025-08-01,CI-0012,E-commerce,201.0,849.0,170649.0
2025-08-01,CI-0012,Marketplace,157.0,849.0,133293.0
2025-08-01,CI-0012,Loja própria,129.0,849.0,109521.0
2025-08-01,CI-0012,KA-01,71.0,849.0,60279.0
2025-08-01,CI-0012,KA-02,57.0,849.0,48393.0
2025-08-01,CI-0012,KA-03,50.0,849.0,4245.0
2025-08-01,CI-0012,KA-04,28.0,849.0,23772.0
2025-08-01,CI-0012,KA-05,21.0,849.0,17829.0
2025-09-01,CI-0012,E-commerce,192.0,849.0,163008.0
2025-09-01,CI-0012,Marketplace,151.0,849.0,128199.0
2025-09-01,CI-0012,Loja própria,123.0,849.0,104427.0
2025-09-01,CI-0012,KA-01,68.0,849.0,57732.0
2025-09-01,CI-0012,KA-02,55.0,849.0,46695.0
2025-09-01,CI-0012,KA-03,48.0,849.0,40752.0
2025-09-01,CI-0012,KA-04,27.0,849.0,22923.0
2025-09-01,CI-0012,KA-05,20.0,849.0,1698.0
2025-10-01,CI-0012,E-commerce,193.0,849.0,163857.0
2025-10-01,CI-0012,Marketplace,152.0,849.0,129048.0
2025-10-01,CI-0012,Loja própria,124.0,849.0,105276.0
2025-10-01,CI-0012,KA-01,69.0,849.0,58581.0
2025-10-01,CI-0012,KA-02,55.0,849.0,46695.0
2025-10-01,CI-0012,KA-03,48.0,849.0,40752.0
2025-10-01,CI-0012,KA-04,27.0,849.0,22923.0
2025-10-01,CI-0012,KA-05,20.0,849.0,1698.0
2025-11-01,CI-0012,E-commerce,265.0,849.0,224985.0
2025-11-01,CI-0012,Marketplace,208.0,849.0,176592.0
2025-11-01,CI-0012,Loja própria,170.0,849.0,14433.0
2025-11-01,CI-0012,KA-01,94.0,849.0,79806.0
2025-11-01,CI-0012,KA-02,75.0,849.0,63675.0
2025-11-01,CI-0012,KA-03,66.0,849.0,56034.0
2025-11-01,CI-0012,KA-04,37.0,849.0,31413.0
2025-11-01,CI-0012,KA-05,28.0,849.0,23772.0
2025-12-01,CI-0012,E-commerce,202.0,849.0,171498.0
2025-12-01,CI-0012,Marketplace,159.0,849.0,134991.0
2025-12-01,CI-0012,Loja própria,130.0,849.0,11037.0
2025-12-01,CI-0012,KA-01,72.0,849.0,61128.0
2025-12-01,CI-0012,KA-02,57.0,849.0,48393.0
2025-12-01,CI-0012,KA-03,50.0,849.0,4245.0
2025-12-01,CI-0012,KA-04,28.0,849.0,23772.0
2025-12-01,CI-0012,KA-05,21.0,849.0,17829.0
2026-01-01,CI-0012,E-commerce,195.0,849.0,165555.0
2026-01-01,CI-0012,Marketplace,153.0,849.0,129897.0
2026-01-01,CI-0012,Loja própria,125.0,849.0,106125.0
2026-01-01,CI-0012,KA-01,69.0,849.0,58581.0
2026-01-01,CI-0012,KA-02,55.0,849.0,46695.0
2026-01-01,CI-0012,KA-03,48.0,849.0,40752.0
2026-01-01,CI-0012,KA-04,27.0,849.0,22923.0
2026-01-01,CI-0012,KA-05,20.0,849.0,1698.0
2026-02-01,CI-0012,E-commerce,217.0,849.0,184233.0
2026-02-01,CI-0012,Marketplace,170.0,849.0,14433.0
2026-02-01,CI-0012,Loja própria,139.0,849.0,118011.0
2026-02-01,CI-0012,KA-01,77.0,849.0,65373.0
2026-02-01,CI-0012,KA-02,62.0,849.0,52638.0
2026-02-01,CI-0012,KA-03,54.0,849.0,45846.0
2026-02-01,CI-0012,KA-04,31.0,849.0,26319.0
2026-02-01,CI-0012,KA-05,23.0,849.0,19527.0
2026-03-01,CI-0012,E-commerce,209.0,849.0,177441.0
2026-03-01,CI-0012,Marketplace,164.0,849.0,139236.0
2026-03-01,CI-0012,Loja própria,134.0,849.0,113766.0
2026-03-01,CI-0012,KA-01,74.0,849.0,62826.0
2026-03-01,CI-0012,KA-02,59.0,849.0,50091.0
2026-03-01,CI-0012,KA-03,52.0,849.0,44148.0
2026-03-01,CI-0012,KA-04,29.0,849.0,24621.0
2026-03-01,CI-0012,KA-05,22.0,849.0,18678.0
2026-04-01,CI-0012,E-commerce,211.0,849.0,179139.0
2026-04-01,CI-0012,Marketplace,166.0,849.0,140934.0
2026-04-01,CI-0012,Loja própria,136.0,849.0,115464.0
2026-04-01,CI-0012,KA-01,75.0,849.0,63675.0
2026-04-01,CI-0012,KA-02,60.0,849.0,5094.0
2026-04-01,CI-0012,KA-03,52.0,849.0,44148.0
2026-04-01,CI-0012,KA-04,30.0,849.0,2547.0
2026-04-01,CI-0012,KA-05,22.0,849.0,18678.0
2026-05-01,CI-0012,E-commerce,201.0,849.0,170649.0
2026-05-01,CI-0012,Marketplace,157.0,849.0,133293.0
2026-05-01,CI-0012,Loja própria,129.0,849.0,109521.0
2026-05-01,CI-0012,KA-01,71.0,849.0,60279.0
2026-05-01,CI-0012,KA-02,57.0,849.0,48393.0
2026-05-01,CI-0012,KA-03,50.0,849.0,4245.0
2026-05-01,CI-0012,KA-04,28.0,849.0,23772.0
2026-05-01,CI-0012,KA-05,21.0,849.0,17829.0
2026-06-01,CI-0012,E-commerce,197.0,849.0,167253.0
2026-06-01,CI-0012,Marketplace,155.0,849.0,131595.0
2026-06-01,CI-0012,Loja própria,126.0,849.0,106974.0
2026-06-01,CI-0012,KA-01,70.0,849.0,5943.0
2026-06-01,CI-0012,KA-02,56.0,849.0,47544.0
2026-06-01,CI-0012,KA-03,49.0,849.0,41601.0
2026-06-01,CI-0012,KA-04,28.0,849.0,23772.0
2026-06-01,CI-0012,KA-05,21.0,849.0,17829.0
2026-07-01,CI-0012,E-commerce,190.0,849.0,16131.0
2026-07-01,CI-0012,Marketplace,149.0,849.0,126501.0
2026-07-01,CI-0012,Loja própria,122.0,849.0,103578.0
2026-07-01,CI-0012,KA-01,68.0,849.0,57732.0
2026-07-01,CI-0012,KA-02,54.0,849.0,45846.0
2026-07-01,CI-0012,KA-03,47.0,849.0,39903.0
2026-07-01,CI-0012,KA-04,27.0,849.0,22923.0
2026-07-01,CI-0012,KA-05,20.0,849.0,1698.0
2026-08-01,CI-0012,E-commerce,200.0,849.0,16980.0
2026-08-01,CI-0012,Marketplace,157.0,849.0,133293.0
2026-08-01,CI-0012,Loja própria,128.0,849.0,108672.0
2026-08-01,CI-0012,KA-01,71.0,849.0,60279.0
2026-08-01,CI-0012,KA-02,57.0,849.0,48393.0
2026-08-01,CI-0012,KA-03,50.0,849.0,4245.0
2026-08-01,CI-0012,KA-04,28.0,849.0,23772.0
2026-08-01,CI-0012,KA-05,21.0,849.0,17829.0
2024-09-01,CI-0013,E-commerce,206.0,299.0,61594.0
2024-09-01,CI-0013,Marketplace,162.0,299.0,48438.0
2024-09-01,CI-0013,Loja própria,132.0,299.0,39468.0
2024-09-01,CI-0013,KA-01,73.0,299.0,21827.0
2024-09-01,CI-0013,KA-02,58.0,299.0,17342.0
2024-09-01,CI-0013,KA-03,51.0,299.0,15249.0
2024-09-01,CI-0013,KA-04,29.0,299.0,8671.0
2024-09-01,CI-0013,KA-05,22.0,299.0,6578.0
2024-10-01,CI-0013,E-commerce,233.0,299.0,69667.0
2024-10-01,CI-0013,Marketplace,183.0,299.0,54717.0
2024-10-01,CI-0013,Loja própria,149.0,299.0,44551.0
2024-10-01,CI-0013,KA-01,83.0,299.0,24817.0
2024-10-01,CI-0013,KA-02,66.0,299.0,19734.0
2024-10-01,CI-0013,KA-03,58.0,299.0,17342.0
2024-10-01,CI-0013,KA-04,33.0,299.0,9867.0
2024-10-01,CI-0013,KA-05,24.0,299.0,7176.0
2024-11-01,CI-0013,E-commerce,289.0,299.0,86411.0
2024-11-01,CI-0013,Marketplace,227.0,299.0,67873.0
2024-11-01,CI-0013,Loja própria,185.0,299.0,55315.0
2024-11-01,CI-0013,KA-01,103.0,299.0,30797.0
2024-11-01,CI-0013,KA-02,82.0,299.0,24518.0
2024-11-01,CI-0013,KA-03,72.0,299.0,21528.0
2024-11-01,CI-0013,KA-04,41.0,299.0,12259.0
2024-11-01,CI-0013,KA-05,30.0,299.0,897.0
2024-12-01,CI-0013,E-commerce,212.0,299.0,63388.0
2024-12-01,CI-0013,Marketplace,167.0,299.0,49933.0
2024-12-01,CI-0013,Loja própria,136.0,299.0,40664.0
2024-12-01,CI-0013,KA-01,76.0,299.0,22724.0
2024-12-01,CI-0013,KA-02,60.0,299.0,1794.0
2024-12-01,CI-0013,KA-03,53.0,299.0,15847.0
2024-12-01,CI-0013,KA-04,30.0,299.0,897.0
2024-12-01,CI-0013,KA-05,22.0,299.0,6578.0
2025-01-01,CI-0013,E-commerce,229.0,299.0,68471.0
2025-01-01,CI-0013,Marketplace,180.0,299.0,5382.0
2025-01-01,CI-0013,Loja própria,147.0,299.0,43953.0
2025-01-01,CI-0013,KA-01,82.0,299.0,24518.0
2025-01-01,CI-0013,KA-02,65.0,299.0,19435.0
2025-01-01,CI-0013,KA-03,57.0,299.0,17043.0
2025-01-01,CI-0013,KA-04,32.0,299.0,9568.0
2025-01-01,CI-0013,KA-05,24.0,299.0,7176.0
2025-02-01,CI-0013,E-commerce,196.0,299.0,58604.0
2025-02-01,CI-0013,Marketplace,154.0,299.0,46046.0
2025-02-01,CI-0013,Loja própria,126.0,299.0,37674.0
2025-02-01,CI-0013,KA-01,70.0,299.0,2093.0
2025-02-01,CI-0013,KA-02,56.0,299.0,16744.0
2025-02-01,CI-0013,KA-03,49.0,299.0,14651.0
2025-02-01,CI-0013,KA-04,28.0,299.0,8372.0
2025-02-01,CI-0013,KA-05,21.0,299.0,6279.0
2025-03-01,CI-0013,E-commerce,236.0,299.0,70564.0
2025-03-01,CI-0013,Marketplace,185.0,299.0,55315.0
2025-03-01,CI-0013,Loja própria,151.0,299.0,45149.0
2025-03-01,CI-0013,KA-01,84.0,299.0,25116.0
2025-03-01,CI-0013,KA-02,67.0,299.0,20033.0
2025-03-01,CI-0013,KA-03,59.0,299.0,17641.0
2025-03-01,CI-0013,KA-04,33.0,299.0,9867.0
2025-03-01,CI-0013,KA-05,25.0,299.0,7475.0
2025-04-01,CI-0013,E-commerce,219.0,299.0,65481.0
2025-04-01,CI-0013,Marketplace,172.0,299.0,51428.0
2025-04-01,CI-0013,Loja própria,141.0,299.0,42159.0
2025-04-01,CI-0013,KA-01,78.0,299.0,23322.0
2025-04-01,CI-0013,KA-02,62.0,299.0,18538.0
2025-04-01,CI-0013,KA-03,54.0,299.0,16146.0
2025-04-01,CI-0013,KA-04,31.0,299.0,9269.0
2025-04-01,CI-0013,KA-05,23.0,299.0,6877.0
2025-05-01,CI-0013,E-commerce,244.0,299.0,72956.0
2025-05-01,CI-0013,Marketplace,192.0,299.0,57408.0
2025-05-01,CI-0013,Loja própria,157.0,299.0,46943.0
2025-05-01,CI-0013,KA-01,87.0,299.0,26013.0
2025-05-01,CI-0013,KA-02,69.0,299.0,20631.0
2025-05-01,CI-0013,KA-03,61.0,299.0,18239.0
2025-05-01,CI-0013,KA-04,34.0,299.0,10166.0
2025-05-01,CI-0013,KA-05,26.0,299.0,7774.0
2025-06-01,CI-0013,E-commerce,227.0,299.0,67873.0
2025-06-01,CI-0013,Marketplace,178.0,299.0,53222.0
2025-06-01,CI-0013,Loja própria,145.0,299.0,43355.0
2025-06-01,CI-0013,KA-01,81.0,299.0,24219.0
2025-06-01,CI-0013,KA-02,64.0,299.0,19136.0
2025-06-01,CI-0013,KA-03,56.0,299.0,16744.0
2025-06-01,CI-0013,KA-04,32.0,299.0,9568.0
2025-06-01,CI-0013,KA-05,24.0,299.0,7176.0
2025-07-01,CI-0013,E-commerce,234.0,299.0,69966.0
2025-07-01,CI-0013,Marketplace,184.0,299.0,55016.0
2025-07-01,CI-0013,Loja própria,151.0,299.0,45149.0
2025-07-01,CI-0013,KA-01,83.0,299.0,24817.0
2025-07-01,CI-0013,KA-02,67.0,299.0,20033.0
2025-07-01,CI-0013,KA-03,58.0,299.0,17342.0
2025-07-01,CI-0013,KA-04,33.0,299.0,9867.0
2025-07-01,CI-0013,KA-05,25.0,299.0,7475.0
2025-08-01,CI-0013,E-commerce,217.0,299.0,64883.0
2025-08-01,CI-0013,Marketplace,171.0,299.0,51129.0
2025-08-01,CI-0013,Loja própria,140.0,299.0,4186.0
2025-08-01,CI-0013,KA-01,77.0,299.0,23023.0
2025-08-01,CI-0013,KA-02,62.0,299.0,18538.0
2025-08-01,CI-0013,KA-03,54.0,299.0,16146.0
2025-08-01,CI-0013,KA-04,31.0,299.0,9269.0
2025-08-01,CI-0013,KA-05,23.0,299.0,6877.0
2025-09-01,CI-0013,E-commerce,225.0,299.0,67275.0
2025-09-01,CI-0013,Marketplace,177.0,299.0,52923.0
2025-09-01,CI-0013,Loja própria,144.0,299.0,43056.0
2025-09-01,CI-0013,KA-01,80.0,299.0,2392.0
2025-09-01,CI-0013,KA-02,64.0,299.0,19136.0
2025-09-01,CI-0013,KA-03,56.0,299.0,16744.0
2025-09-01,CI-0013,KA-04,32.0,299.0,9568.0
2025-09-01,CI-0013,KA-05,24.0,299.0,7176.0
2025-10-01,CI-0013,E-commerce,239.0,299.0,71461.0
2025-10-01,CI-0013,Marketplace,188.0,299.0,56212.0
2025-10-01,CI-0013,Loja própria,154.0,299.0,46046.0
2025-10-01,CI-0013,KA-01,85.0,299.0,25415.0
2025-10-01,CI-0013,KA-02,68.0,299.0,20332.0
2025-10-01,CI-0013,KA-03,59.0,299.0,17641.0
2025-10-01,CI-0013,KA-04,34.0,299.0,10166.0
2025-10-01,CI-0013,KA-05,25.0,299.0,7475.0
2025-11-01,CI-0013,E-commerce,320.0,299.0,9568.0
2025-11-01,CI-0013,Marketplace,251.0,299.0,75049.0
2025-11-01,CI-0013,Loja própria,205.0,299.0,61295.0
2025-11-01,CI-0013,KA-01,114.0,299.0,34086.0
2025-11-01,CI-0013,KA-02,91.0,299.0,27209.0
2025-11-01,CI-0013,KA-03,80.0,299.0,2392.0
2025-11-01,CI-0013,KA-04,45.0,299.0,13455.0
2025-11-01,CI-0013,KA-05,34.0,299.0,10166.0
2025-12-01,CI-0013,E-commerce,231.0,299.0,69069.0
2025-12-01,CI-0013,Marketplace,181.0,299.0,54119.0
2025-12-01,CI-0013,Loja própria,148.0,299.0,44252.0
2025-12-01,CI-0013,KA-01,82.0,299.0,24518.0
2025-12-01,CI-0013,KA-02,66.0,299.0,19734.0
2025-12-01,CI-0013,KA-03,57.0,299.0,17043.0
2025-12-01,CI-0013,KA-04,33.0,299.0,9867.0
2025-12-01,CI-0013,KA-05,24.0,299.0,7176.0
2026-01-01,CI-0013,E-commerce,241.0,299.0,72059.0
2026-01-01,CI-0013,Marketplace,190.0,299.0,5681.0
2026-01-01,CI-0013,Loja própria,155.0,299.0,46345.0
2026-01-01,CI-0013,KA-01,86.0,299.0,25714.0
2026-01-01,CI-0013,KA-02,69.0,299.0,20631.0
2026-01-01,CI-0013,KA-03,60.0,299.0,1794.0
2026-01-01,CI-0013,KA-04,34.0,299.0,10166.0
2026-01-01,CI-0013,KA-05,25.0,299.0,7475.0
2026-02-01,CI-0013,E-commerce,207.0,299.0,61893.0
2026-02-01,CI-0013,Marketplace,162.0,299.0,48438.0
2026-02-01,CI-0013,Loja própria,133.0,299.0,39767.0
2026-02-01,CI-0013,KA-01,74.0,299.0,22126.0
2026-02-01,CI-0013,KA-02,59.0,299.0,17641.0
2026-02-01,CI-0013,KA-03,51.0,299.0,15249.0
2026-02-01,CI-0013,KA-04,29.0,299.0,8671.0
2026-02-01,CI-0013,KA-05,22.0,299.0,6578.0
2026-03-01,CI-0013,E-commerce,222.0,299.0,66378.0
2026-03-01,CI-0013,Marketplace,174.0,299.0,52026.0
2026-03-01,CI-0013,Loja própria,143.0,299.0,42757.0
2026-03-01,CI-0013,KA-01,79.0,299.0,23621.0
2026-03-01,CI-0013,KA-02,63.0,299.0,18837.0
2026-03-01,CI-0013,KA-03,55.0,299.0,16445.0
2026-03-01,CI-0013,KA-04,31.0,299.0,9269.0
2026-03-01,CI-0013,KA-05,23.0,299.0,6877.0
2026-04-01,CI-0013,E-commerce,222.0,299.0,66378.0
2026-04-01,CI-0013,Marketplace,174.0,299.0,52026.0
2026-04-01,CI-0013,Loja própria,143.0,299.0,42757.0
2026-04-01,CI-0013,KA-01,79.0,299.0,23621.0
2026-04-01,CI-0013,KA-02,63.0,299.0,18837.0
2026-04-01,CI-0013,KA-03,55.0,299.0,16445.0
2026-04-01,CI-0013,KA-04,31.0,299.0,9269.0
2026-04-01,CI-0013,KA-05,23.0,299.0,6877.0
2026-05-01,CI-0013,E-commerce,211.0,299.0,63089.0
2026-05-01,CI-0013,Marketplace,166.0,299.0,49634.0
2026-05-01,CI-0013,Loja própria,136.0,299.0,40664.0
2026-05-01,CI-0013,KA-01,75.0,299.0,22425.0
2026-05-01,CI-0013,KA-02,60.0,299.0,1794.0
2026-05-01,CI-0013,KA-03,52.0,299.0,15548.0
2026-05-01,CI-0013,KA-04,30.0,299.0,897.0
2026-05-01,CI-0013,KA-05,22.0,299.0,6578.0
2026-06-01,CI-0013,E-commerce,236.0,299.0,70564.0
2026-06-01,CI-0013,Marketplace,185.0,299.0,55315.0
2026-06-01,CI-0013,Loja própria,151.0,299.0,45149.0
2026-06-01,CI-0013,KA-01,84.0,299.0,25116.0
2026-06-01,CI-0013,KA-02,67.0,299.0,20033.0
2026-06-01,CI-0013,KA-03,59.0,299.0,17641.0
2026-06-01,CI-0013,KA-04,33.0,299.0,9867.0
2026-06-01,CI-0013,KA-05,25.0,299.0,7475.0
2026-07-01,CI-0013,E-commerce,223.0,299.0,66677.0
2026-07-01,CI-0013,Marketplace,175.0,299.0,52325.0
2026-07-01,CI-0013,Loja própria,143.0,299.0,42757.0
2026-07-01,CI-0013,KA-01,79.0,299.0,23621.0
2026-07-01,CI-0013,KA-02,63.0,299.0,18837.0
2026-07-01,CI-0013,KA-03,55.0,299.0,16445.0
2026-07-01,CI-0013,KA-04,31.0,299.0,9269.0
2026-07-01,CI-0013,KA-05,23.0,299.0,6877.0
2026-08-01,CI-0013,E-commerce,250.0,299.0,7475.0
2026-08-01,CI-0013,Marketplace,196.0,299.0,58604.0
2026-08-01,CI-0013,Loja própria,160.0,299.0,4784.0
2026-08-01,CI-0013,KA-01,89.0,299.0,26611.0
2026-08-01,CI-0013,KA-02,71.0,299.0,21229.0
2026-08-01,CI-0013,KA-03,62.0,299.0,18538.0
2026-08-01,CI-0013,KA-04,35.0,299.0,10465.0
2026-08-01,CI-0013,KA-05,26.0,299.0,7774.0
2024-09-01,CI-0014,E-commerce,246.0,849.0,208854.0
2024-09-01,CI-0014,Marketplace,193.0,849.0,163857.0
2024-09-01,CI-0014,Loja própria,158.0,849.0,134142.0
2024-09-01,CI-0014,KA-01,88.0,849.0,74712.0
2024-09-01,CI-0014,KA-02,70.0,849.0,5943.0
2024-09-01,CI-0014,KA-03,61.0,849.0,51789.0
2024-09-01,CI-0014,KA-04,35.0,849.0,29715.0
2024-09-01,CI-0014,KA-05,26.0,849.0,22074.0
2024-10-01,CI-0014,E-commerce,215.0,849.0,182535.0
2024-10-01,CI-0014,Marketplace,169.0,849.0,143481.0
2024-10-01,CI-0014,Loja própria,138.0,849.0,117162.0
2024-10-01,CI-0014,KA-01,76.0,849.0,64524.0
2024-10-01,CI-0014,KA-02,61.0,849.0,51789.0
2024-10-01,CI-0014,KA-03,53.0,849.0,44997.0
2024-10-01,CI-0014,KA-04,30.0,849.0,2547.0
2024-10-01,CI-0014,KA-05,23.0,849.0,19527.0
2024-11-01,CI-0014,E-commerce,359.0,849.0,304791.0
2024-11-01,CI-0014,Marketplace,282.0,849.0,239418.0
2024-11-01,CI-0014,Loja própria,231.0,849.0,196119.0
2024-11-01,CI-0014,KA-01,128.0,849.0,108672.0
2024-11-01,CI-0014,KA-02,102.0,849.0,86598.0
2024-11-01,CI-0014,KA-03,89.0,849.0,75561.0
2024-11-01,CI-0014,KA-04,51.0,849.0,43299.0
2024-11-01,CI-0014,KA-05,38.0,849.0,32262.0
2024-12-01,CI-0014,E-commerce,262.0,849.0,222438.0
2024-12-01,CI-0014,Marketplace,206.0,849.0,174894.0
2024-12-01,CI-0014,Loja própria,168.0,849.0,142632.0
2024-12-01,CI-0014,KA-01,93.0,849.0,78957.0
2024-12-01,CI-0014,KA-02,74.0,849.0,62826.0
2024-12-01,CI-0014,KA-03,65.0,849.0,55185.0
2024-12-01,CI-0014,KA-04,37.0,849.0,31413.0
2024-12-01,CI-0014,KA-05,28.0,849.0,23772.0
2025-01-01,CI-0014,E-commerce,600.0,849.0,50940.0
2025-01-01,CI-0014,Marketplace,471.0,849.0,399879.0
2025-01-01,CI-0014,Loja própria,385.0,849.0,326865.0
2025-01-01,CI-0014,KA-01,214.0,849.0,181686.0
2025-01-01,CI-0014,KA-02,171.0,849.0,145179.0
2025-01-01,CI-0014,KA-03,150.0,849.0,12735.0
2025-01-01,CI-0014,KA-04,85.0,849.0,72165.0
2025-01-01,CI-0014,KA-05,64.0,849.0,54336.0
2025-02-01,CI-0014,E-commerce,652.0,849.0,553548.0
2025-02-01,CI-0014,Marketplace,513.0,849.0,435537.0
2025-02-01,CI-0014,Loja própria,419.0,849.0,355731.0
2025-02-01,CI-0014,KA-01,233.0,849.0,197817.0
2025-02-01,CI-0014,KA-02,186.0,849.0,157914.0
2025-02-01,CI-0014,KA-03,163.0,849.0,138387.0
2025-02-01,CI-0014,KA-04,93.0,849.0,78957.0
2025-02-01,CI-0014,KA-05,69.0,849.0,58581.0
2025-03-01,CI-0014,E-commerce,284.0,849.0,241116.0
2025-03-01,CI-0014,Marketplace,223.0,849.0,189327.0
2025-03-01,CI-0014,Loja própria,183.0,849.0,155367.0
2025-03-01,CI-0014,KA-01,101.0,849.0,85749.0
2025-03-01,CI-0014,KA-02,81.0,849.0,68769.0
2025-03-01,CI-0014,KA-03,71.0,849.0,60279.0
2025-03-01,CI-0014,KA-04,40.0,849.0,3396.0
2025-03-01,CI-0014,KA-05,30.0,849.0,2547.0
2025-04-01,CI-0014,E-commerce,260.0,849.0,22074.0
2025-04-01,CI-0014,Marketplace,204.0,849.0,173196.0
2025-04-01,CI-0014,Loja própria,167.0,849.0,141783.0
2025-04-01,CI-0014,KA-01,93.0,849.0,78957.0
2025-04-01,CI-0014,KA-02,74.0,849.0,62826.0
2025-04-01,CI-0014,KA-03,65.0,849.0,55185.0
2025-04-01,CI-0014,KA-04,37.0,849.0,31413.0
2025-04-01,CI-0014,KA-05,27.0,849.0,22923.0
2025-05-01,CI-0014,E-commerce,290.0,849.0,24621.0
2025-05-01,CI-0014,Marketplace,228.0,849.0,193572.0
2025-05-01,CI-0014,Loja própria,186.0,849.0,157914.0
2025-05-01,CI-0014,KA-01,103.0,849.0,87447.0
2025-05-01,CI-0014,KA-02,83.0,849.0,70467.0
2025-05-01,CI-0014,KA-03,72.0,849.0,61128.0
2025-05-01,CI-0014,KA-04,41.0,849.0,34809.0
2025-05-01,CI-0014,KA-05,31.0,849.0,26319.0
2025-06-01,CI-0014,E-commerce,264.0,849.0,224136.0
2025-06-01,CI-0014,Marketplace,207.0,849.0,175743.0
2025-06-01,CI-0014,Loja própria,170.0,849.0,14433.0
2025-06-01,CI-0014,KA-01,94.0,849.0,79806.0
2025-06-01,CI-0014,KA-02,75.0,849.0,63675.0
2025-06-01,CI-0014,KA-03,66.0,849.0,56034.0
2025-06-01,CI-0014,KA-04,37.0,849.0,31413.0
2025-06-01,CI-0014,KA-05,28.0,849.0,23772.0
2025-07-01,CI-0014,E-commerce,299.0,849.0,253851.0
2025-07-01,CI-0014,Marketplace,235.0,849.0,199515.0
2025-07-01,CI-0014,Loja própria,192.0,849.0,163008.0
2025-07-01,CI-0014,KA-01,107.0,849.0,90843.0
2025-07-01,CI-0014,KA-02,85.0,849.0,72165.0
2025-07-01,CI-0014,KA-03,74.0,849.0,62826.0
2025-07-01,CI-0014,KA-04,42.0,849.0,35658.0
2025-07-01,CI-0014,KA-05,32.0,849.0,27168.0
2025-08-01,CI-0014,E-commerce,282.0,849.0,239418.0
2025-08-01,CI-0014,Marketplace,221.0,849.0,187629.0
2025-08-01,CI-0014,Loja própria,181.0,849.0,153669.0
2025-08-01,CI-0014,KA-01,100.0,849.0,8490.0
2025-08-01,CI-0014,KA-02,80.0,849.0,6792.0
2025-08-01,CI-0014,KA-03,70.0,849.0,5943.0
2025-08-01,CI-0014,KA-04,40.0,849.0,3396.0
2025-08-01,CI-0014,KA-05,30.0,849.0,2547.0
2025-09-01,CI-0014,E-commerce,293.0,849.0,248757.0
2025-09-01,CI-0014,Marketplace,230.0,849.0,19527.0
2025-09-01,CI-0014,Loja própria,188.0,849.0,159612.0
2025-09-01,CI-0014,KA-01,104.0,849.0,88296.0
2025-09-01,CI-0014,KA-02,83.0,849.0,70467.0
2025-09-01,CI-0014,KA-03,73.0,849.0,61977.0
2025-09-01,CI-0014,KA-04,41.0,849.0,34809.0
2025-09-01,CI-0014,KA-05,31.0,849.0,26319.0
2025-10-01,CI-0014,E-commerce,330.0,849.0,28017.0
2025-10-01,CI-0014,Marketplace,259.0,849.0,219891.0
2025-10-01,CI-0014,Loja própria,212.0,849.0,179988.0
2025-10-01,CI-0014,KA-01,117.0,849.0,99333.0
2025-10-01,CI-0014,KA-02,94.0,849.0,79806.0
2025-10-01,CI-0014,KA-03,82.0,849.0,69618.0
2025-10-01,CI-0014,KA-04,47.0,849.0,39903.0
2025-10-01,CI-0014,KA-05,35.0,849.0,29715.0
2025-11-01,CI-0014,E-commerce,385.0,849.0,326865.0
2025-11-01,CI-0014,Marketplace,302.0,849.0,256398.0
2025-11-01,CI-0014,Loja própria,247.0,849.0,209703.0
2025-11-01,CI-0014,KA-01,137.0,849.0,116313.0
2025-11-01,CI-0014,KA-02,110.0,849.0,9339.0
2025-11-01,CI-0014,KA-03,96.0,849.0,81504.0
2025-11-01,CI-0014,KA-04,55.0,849.0,46695.0
2025-11-01,CI-0014,KA-05,41.0,849.0,34809.0
2025-12-01,CI-0014,E-commerce,327.0,849.0,277623.0
2025-12-01,CI-0014,Marketplace,257.0,849.0,218193.0
2025-12-01,CI-0014,Loja própria,210.0,849.0,17829.0
2025-12-01,CI-0014,KA-01,116.0,849.0,98484.0
2025-12-01,CI-0014,KA-02,93.0,849.0,78957.0
2025-12-01,CI-0014,KA-03,81.0,849.0,68769.0
2025-12-01,CI-0014,KA-04,46.0,849.0,39054.0
2025-12-01,CI-0014,KA-05,35.0,849.0,29715.0
2026-01-01,CI-0014,E-commerce,759.0,849.0,644391.0
2026-01-01,CI-0014,Marketplace,597.0,849.0,506853.0
2026-01-01,CI-0014,Loja própria,488.0,849.0,414312.0
2026-01-01,CI-0014,KA-01,271.0,849.0,230079.0
2026-01-01,CI-0014,KA-02,217.0,849.0,184233.0
2026-01-01,CI-0014,KA-03,189.0,849.0,160461.0
2026-01-01,CI-0014,KA-04,108.0,849.0,91692.0
2026-01-01,CI-0014,KA-05,81.0,849.0,68769.0
2026-02-01,CI-0014,E-commerce,850.0,849.0,72165.0
2026-02-01,CI-0014,Marketplace,667.0,849.0,566283.0
2026-02-01,CI-0014,Loja própria,546.0,849.0,463554.0
2026-02-01,CI-0014,KA-01,303.0,849.0,257247.0
2026-02-01,CI-0014,KA-02,242.0,849.0,205458.0
2026-02-01,CI-0014,KA-03,212.0,849.0,179988.0
2026-02-01,CI-0014,KA-04,121.0,849.0,102729.0
2026-02-01,CI-0014,KA-05,91.0,849.0,77259.0
2026-03-01,CI-0014,E-commerce,332.0,849.0,281868.0
2026-03-01,CI-0014,Marketplace,261.0,849.0,221589.0
2026-03-01,CI-0014,Loja própria,213.0,849.0,180837.0
2026-03-01,CI-0014,KA-01,118.0,849.0,100182.0
2026-03-01,CI-0014,KA-02,95.0,849.0,80655.0
2026-03-01,CI-0014,KA-03,83.0,849.0,70467.0
2026-03-01,CI-0014,KA-04,47.0,849.0,39903.0
2026-03-01,CI-0014,KA-05,35.0,849.0,29715.0
2026-04-01,CI-0014,E-commerce,371.0,849.0,314979.0
2026-04-01,CI-0014,Marketplace,291.0,849.0,247059.0
2026-04-01,CI-0014,Loja própria,238.0,849.0,202062.0
2026-04-01,CI-0014,KA-01,132.0,849.0,112068.0
2026-04-01,CI-0014,KA-02,106.0,849.0,89994.0
2026-04-01,CI-0014,KA-03,92.0,849.0,78108.0
2026-04-01,CI-0014,KA-04,53.0,849.0,44997.0
2026-04-01,CI-0014,KA-05,39.0,849.0,33111.0
2026-05-01,CI-0014,E-commerce,369.0,849.0,313281.0
2026-05-01,CI-0014,Marketplace,290.0,849.0,24621.0
2026-05-01,CI-0014,Loja própria,237.0,849.0,201213.0
2026-05-01,CI-0014,KA-01,132.0,849.0,112068.0
2026-05-01,CI-0014,KA-02,105.0,849.0,89145.0
2026-05-01,CI-0014,KA-03,92.0,849.0,78108.0
2026-05-01,CI-0014,KA-04,52.0,849.0,44148.0
2026-05-01,CI-0014,KA-05,39.0,849.0,33111.0
2026-06-01,CI-0014,E-commerce,308.0,849.0,261492.0
2026-06-01,CI-0014,Marketplace,242.0,849.0,205458.0
2026-06-01,CI-0014,Loja própria,198.0,849.0,168102.0
2026-06-01,CI-0014,KA-01,110.0,849.0,9339.0
2026-06-01,CI-0014,KA-02,88.0,849.0,74712.0
2026-06-01,CI-0014,KA-03,77.0,849.0,65373.0
2026-06-01,CI-0014,KA-04,44.0,849.0,37356.0
2026-06-01,CI-0014,KA-05,33.0,849.0,28017.0
2026-07-01,CI-0014,E-commerce,385.0,849.0,326865.0
2026-07-01,CI-0014,Marketplace,302.0,849.0,256398.0
2026-07-01,CI-0014,Loja própria,247.0,849.0,209703.0
2026-07-01,CI-0014,KA-01,137.0,849.0,116313.0
2026-07-01,CI-0014,KA-02,110.0,849.0,9339.0
2026-07-01,CI-0014,KA-03,96.0,849.0,81504.0
2026-07-01,CI-0014,KA-04,55.0,849.0,46695.0
2026-07-01,CI-0014,KA-05,41.0,849.0,34809.0
2026-08-01,CI-0014,E-commerce,355.0,849.0,301395.0
2026-08-01,CI-0014,Marketplace,279.0,849.0,236871.0
2026-08-01,CI-0014,Loja própria,228.0,849.0,193572.0
2026-08-01,CI-0014,KA-01,127.0,849.0,107823.0
2026-08-01,CI-0014,KA-02,101.0,849.0,85749.0
2026-08-01,CI-0014,KA-03,88.0,849.0,74712.0
2026-08-01,CI-0014,KA-04,50.0,849.0,4245.0
2026-08-01,CI-0014,KA-05,38.0,849.0,32262.0
2024-09-01,CI-0015,E-commerce,232.0,1299.0,301368.0
2024-09-01,CI-0015,Marketplace,182.0,1299.0,236418.0
2024-09-01,CI-0015,Loja própria,149.0,1299.0,193551.0
2024-09-01,CI-0015,KA-01,82.0,1299.0,106518.0
2024-09-01,CI-0015,KA-02,66.0,1299.0,85734.0
2024-09-01,CI-0015,KA-03,58.0,1299.0,75342.0
2024-09-01,CI-0015,KA-04,33.0,1299.0,42867.0
2024-09-01,CI-0015,KA-05,24.0,1299.0,31176.0
2024-10-01,CI-0015,E-commerce,249.0,1299.0,323451.0
2024-10-01,CI-0015,Marketplace,196.0,1299.0,254604.0
2024-10-01,CI-0015,Loja própria,160.0,1299.0,20784.0
2024-10-01,CI-0015,KA-01,89.0,1299.0,115611.0
2024-10-01,CI-0015,KA-02,71.0,1299.0,92229.0
2024-10-01,CI-0015,KA-03,62.0,1299.0,80538.0
2024-10-01,CI-0015,KA-04,35.0,1299.0,45465.0
2024-10-01,CI-0015,KA-05,26.0,1299.0,33774.0
2024-11-01,CI-0015,E-commerce,312.0,1299.0,405288.0
2024-11-01,CI-0015,Marketplace,245.0,1299.0,318255.0
2024-11-01,CI-0015,Loja própria,200.0,1299.0,25980.0
2024-11-01,CI-0015,KA-01,111.0,1299.0,144189.0
2024-11-01,CI-0015,KA-02,89.0,1299.0,115611.0
2024-11-01,CI-0015,KA-03,78.0,1299.0,101322.0
2024-11-01,CI-0015,KA-04,44.0,1299.0,57156.0
2024-11-01,CI-0015,KA-05,33.0,1299.0,42867.0
2024-12-01,CI-0015,E-commerce,208.0,1299.0,270192.0
2024-12-01,CI-0015,Marketplace,163.0,1299.0,211737.0
2024-12-01,CI-0015,Loja própria,133.0,1299.0,172767.0
2024-12-01,CI-0015,KA-01,74.0,1299.0,96126.0
2024-12-01,CI-0015,KA-02,59.0,1299.0,76641.0
2024-12-01,CI-0015,KA-03,52.0,1299.0,67548.0
2024-12-01,CI-0015,KA-04,29.0,1299.0,37671.0
2024-12-01,CI-0015,KA-05,22.0,1299.0,28578.0
2025-01-01,CI-0015,E-commerce,220.0,1299.0,28578.0
2025-01-01,CI-0015,Marketplace,173.0,1299.0,224727.0
2025-01-01,CI-0015,Loja própria,141.0,1299.0,183159.0
2025-01-01,CI-0015,KA-01,78.0,1299.0,101322.0
2025-01-01,CI-0015,KA-02,63.0,1299.0,81837.0
2025-01-01,CI-0015,KA-03,55.0,1299.0,71445.0
2025-01-01,CI-0015,KA-04,31.0,1299.0,40269.0
2025-01-01,CI-0015,KA-05,23.0,1299.0,29877.0
2025-02-01,CI-0015,E-commerce,191.0,1299.0,248109.0
2025-02-01,CI-0015,Marketplace,150.0,1299.0,19485.0
2025-02-01,CI-0015,Loja própria,122.0,1299.0,158478.0
2025-02-01,CI-0015,KA-01,68.0,1299.0,88332.0
2025-02-01,CI-0015,KA-02,54.0,1299.0,70146.0
2025-02-01,CI-0015,KA-03,47.0,1299.0,61053.0
2025-02-01,CI-0015,KA-04,27.0,1299.0,35073.0
2025-02-01,CI-0015,KA-05,20.0,1299.0,2598.0
2025-03-01,CI-0015,E-commerce,210.0,1299.0,27279.0
2025-03-01,CI-0015,Marketplace,165.0,1299.0,214335.0
2025-03-01,CI-0015,Loja própria,135.0,1299.0,175365.0
2025-03-01,CI-0015,KA-01,75.0,1299.0,97425.0
2025-03-01,CI-0015,KA-02,60.0,1299.0,7794.0
2025-03-01,CI-0015,KA-03,52.0,1299.0,67548.0
2025-03-01,CI-0015,KA-04,30.0,1299.0,3897.0
2025-03-01,CI-0015,KA-05,22.0,1299.0,28578.0
2025-04-01,CI-0015,E-commerce,218.0,1299.0,283182.0
2025-04-01,CI-0015,Marketplace,171.0,1299.0,222129.0
2025-04-01,CI-0015,Loja própria,140.0,1299.0,18186.0
2025-04-01,CI-0015,KA-01,78.0,1299.0,101322.0
2025-04-01,CI-0015,KA-02,62.0,1299.0,80538.0
2025-04-01,CI-0015,KA-03,54.0,1299.0,70146.0
2025-04-01,CI-0015,KA-04,31.0,1299.0,40269.0
2025-04-01,CI-0015,KA-05,23.0,1299.0,29877.0
2025-05-01,CI-0015,E-commerce,201.0,1299.0,261099.0
2025-05-01,CI-0015,Marketplace,158.0,1299.0,205242.0
2025-05-01,CI-0015,Loja própria,129.0,1299.0,167571.0
2025-05-01,CI-0015,KA-01,72.0,1299.0,93528.0
2025-05-01,CI-0015,KA-02,57.0,1299.0,74043.0
2025-05-01,CI-0015,KA-03,50.0,1299.0,6495.0
2025-05-01,CI-0015,KA-04,28.0,1299.0,36372.0
2025-05-01,CI-0015,KA-05,21.0,1299.0,27279.0
2025-06-01,CI-0015,E-commerce,203.0,1299.0,263697.0
2025-06-01,CI-0015,Marketplace,159.0,1299.0,206541.0
2025-06-01,CI-0015,Loja própria,130.0,1299.0,16887.0
2025-06-01,CI-0015,KA-01,72.0,1299.0,93528.0
2025-06-01,CI-0015,KA-02,58.0,1299.0,75342.0
2025-06-01,CI-0015,KA-03,50.0,1299.0,6495.0
2025-06-01,CI-0015,KA-04,29.0,1299.0,37671.0
2025-06-01,CI-0015,KA-05,21.0,1299.0,27279.0
2025-07-01,CI-0015,E-commerce,171.0,1299.0,222129.0
2025-07-01,CI-0015,Marketplace,134.0,1299.0,174066.0
2025-07-01,CI-0015,Loja própria,110.0,1299.0,14289.0
2025-07-01,CI-0015,KA-01,61.0,1299.0,79239.0
2025-07-01,CI-0015,KA-02,48.0,1299.0,62352.0
2025-07-01,CI-0015,KA-03,42.0,1299.0,54558.0
2025-07-01,CI-0015,KA-04,24.0,1299.0,31176.0
2025-07-01,CI-0015,KA-05,18.0,1299.0,23382.0
2025-08-01,CI-0015,E-commerce,183.0,1299.0,237717.0
2025-08-01,CI-0015,Marketplace,144.0,1299.0,187056.0
2025-08-01,CI-0015,Loja própria,118.0,1299.0,153282.0
2025-08-01,CI-0015,KA-01,65.0,1299.0,84435.0
2025-08-01,CI-0015,KA-02,52.0,1299.0,67548.0
2025-08-01,CI-0015,KA-03,45.0,1299.0,58455.0
2025-08-01,CI-0015,KA-04,26.0,1299.0,33774.0
2025-08-01,CI-0015,KA-05,19.0,1299.0,24681.0
2025-09-01,CI-0015,E-commerce,198.0,1299.0,257202.0
2025-09-01,CI-0015,Marketplace,156.0,1299.0,202644.0
2025-09-01,CI-0015,Loja própria,127.0,1299.0,164973.0
2025-09-01,CI-0015,KA-01,71.0,1299.0,92229.0
2025-09-01,CI-0015,KA-02,56.0,1299.0,72744.0
2025-09-01,CI-0015,KA-03,49.0,1299.0,63651.0
2025-09-01,CI-0015,KA-04,28.0,1299.0,36372.0
2025-09-01,CI-0015,KA-05,21.0,1299.0,27279.0
2025-10-01,CI-0015,E-commerce,168.0,1299.0,218232.0
2025-10-01,CI-0015,Marketplace,132.0,1299.0,171468.0
2025-10-01,CI-0015,Loja própria,108.0,1299.0,140292.0
2025-10-01,CI-0015,KA-01,60.0,1299.0,7794.0
2025-10-01,CI-0015,KA-02,48.0,1299.0,62352.0
2025-10-01,CI-0015,KA-03,42.0,1299.0,54558.0
2025-10-01,CI-0015,KA-04,24.0,1299.0,31176.0
2025-10-01,CI-0015,KA-05,18.0,1299.0,23382.0
2025-11-01,CI-0015,E-commerce,220.0,1299.0,28578.0
2025-11-01,CI-0015,Marketplace,173.0,1299.0,224727.0
2025-11-01,CI-0015,Loja própria,141.0,1299.0,183159.0
2025-11-01,CI-0015,KA-01,78.0,1299.0,101322.0
2025-11-01,CI-0015,KA-02,62.0,1299.0,80538.0
2025-11-01,CI-0015,KA-03,55.0,1299.0,71445.0
2025-11-01,CI-0015,KA-04,31.0,1299.0,40269.0
2025-11-01,CI-0015,KA-05,23.0,1299.0,29877.0
2025-12-01,CI-0015,E-commerce,166.0,1299.0,215634.0
2025-12-01,CI-0015,Marketplace,130.0,1299.0,16887.0
2025-12-01,CI-0015,Loja própria,106.0,1299.0,137694.0
2025-12-01,CI-0015,KA-01,59.0,1299.0,76641.0
2025-12-01,CI-0015,KA-02,47.0,1299.0,61053.0
2025-12-01,CI-0015,KA-03,41.0,1299.0,53259.0
2025-12-01,CI-0015,KA-04,23.0,1299.0,29877.0
2025-12-01,CI-0015,KA-05,17.0,1299.0,22083.0
2026-01-01,CI-0015,E-commerce,161.0,1299.0,209139.0
2026-01-01,CI-0015,Marketplace,126.0,1299.0,163674.0
2026-01-01,CI-0015,Loja própria,103.0,1299.0,133797.0
2026-01-01,CI-0015,KA-01,57.0,1299.0,74043.0
2026-01-01,CI-0015,KA-02,46.0,1299.0,59754.0
2026-01-01,CI-0015,KA-03,40.0,1299.0,5196.0
2026-01-01,CI-0015,KA-04,23.0,1299.0,29877.0
2026-01-01,CI-0015,KA-05,17.0,1299.0,22083.0
2026-02-01,CI-0015,E-commerce,151.0,1299.0,196149.0
2026-02-01,CI-0015,Marketplace,118.0,1299.0,153282.0
2026-02-01,CI-0015,Loja própria,97.0,1299.0,126003.0
2026-02-01,CI-0015,KA-01,54.0,1299.0,70146.0
2026-02-01,CI-0015,KA-02,43.0,1299.0,55857.0
2026-02-01,CI-0015,KA-03,37.0,1299.0,48063.0
2026-02-01,CI-0015,KA-04,21.0,1299.0,27279.0
2026-02-01,CI-0015,KA-05,16.0,1299.0,20784.0
2026-03-01,CI-0015,E-commerce,156.0,1299.0,202644.0
2026-03-01,CI-0015,Marketplace,123.0,1299.0,159777.0
2026-03-01,CI-0015,Loja própria,100.0,1299.0,12990.0
2026-03-01,CI-0015,KA-01,56.0,1299.0,72744.0
2026-03-01,CI-0015,KA-02,44.0,1299.0,57156.0
2026-03-01,CI-0015,KA-03,39.0,1299.0,50661.0
2026-03-01,CI-0015,KA-04,22.0,1299.0,28578.0
2026-03-01,CI-0015,KA-05,16.0,1299.0,20784.0
2026-04-01,CI-0015,E-commerce,136.0,1299.0,176664.0
2026-04-01,CI-0015,Marketplace,107.0,1299.0,138993.0
2026-04-01,CI-0015,Loja própria,87.0,1299.0,113013.0
2026-04-01,CI-0015,KA-01,48.0,1299.0,62352.0
2026-04-01,CI-0015,KA-02,39.0,1299.0,50661.0
2026-04-01,CI-0015,KA-03,34.0,1299.0,44166.0
2026-04-01,CI-0015,KA-04,19.0,1299.0,24681.0
2026-04-01,CI-0015,KA-05,14.0,1299.0,18186.0
2026-05-01,CI-0015,E-commerce,146.0,1299.0,189654.0
2026-05-01,CI-0015,Marketplace,115.0,1299.0,149385.0
2026-05-01,CI-0015,Loja própria,94.0,1299.0,122106.0
2026-05-01,CI-0015,KA-01,52.0,1299.0,67548.0
2026-05-01,CI-0015,KA-02,41.0,1299.0,53259.0
2026-05-01,CI-0015,KA-03,36.0,1299.0,46764.0
2026-05-01,CI-0015,KA-04,20.0,1299.0,2598.0
2026-05-01,CI-0015,KA-05,15.0,1299.0,19485.0
2026-06-01,CI-0015,E-commerce,141.0,1299.0,183159.0
2026-06-01,CI-0015,Marketplace,110.0,1299.0,14289.0
2026-06-01,CI-0015,Loja própria,90.0,1299.0,11691.0
2026-06-01,CI-0015,KA-01,50.0,1299.0,6495.0
2026-06-01,CI-0015,KA-02,40.0,1299.0,5196.0
2026-06-01,CI-0015,KA-03,35.0,1299.0,45465.0
2026-06-01,CI-0015,KA-04,20.0,1299.0,2598.0
2026-06-01,CI-0015,KA-05,15.0,1299.0,19485.0
2026-07-01,CI-0015,E-commerce,111.0,1299.0,144189.0
2026-07-01,CI-0015,Marketplace,87.0,1299.0,113013.0
2026-07-01,CI-0015,Loja própria,71.0,1299.0,92229.0
2026-07-01,CI-0015,KA-01,39.0,1299.0,50661.0
2026-07-01,CI-0015,KA-02,31.0,1299.0,40269.0
2026-07-01,CI-0015,KA-03,27.0,1299.0,35073.0
2026-07-01,CI-0015,KA-04,15.0,1299.0,19485.0
2026-07-01,CI-0015,KA-05,11.0,1299.0,14289.0
2026-08-01,CI-0015,E-commerce,132.0,1299.0,171468.0
2026-08-01,CI-0015,Marketplace,104.0,1299.0,135096.0
2026-08-01,CI-0015,Loja própria,85.0,1299.0,110415.0
2026-08-01,CI-0015,KA-01,47.0,1299.0,61053.0
2026-08-01,CI-0015,KA-02,37.0,1299.0,48063.0
2026-08-01,CI-0015,KA-03,33.0,1299.0,42867.0
2026-08-01,CI-0015,KA-04,18.0,1299.0,23382.0
2026-08-01,CI-0015,KA-05,14.0,1299.0,18186.0
2024-09-01,CI-0016,E-commerce,45.0,699.0,31455.0
2024-09-01,CI-0016,Marketplace,36.0,699.0,25164.0
2024-09-01,CI-0016,Loja própria,29.0,699.0,20271.0
2024-09-01,CI-0016,KA-01,16.0,699.0,11184.0
2024-09-01,CI-0016,KA-02,13.0,699.0,9087.0
2024-09-01,CI-0016,KA-03,11.0,699.0,7689.0
2024-09-01,CI-0016,KA-04,6.0,699.0,4194.0
2024-09-01,CI-0016,KA-05,4.0,699.0,2796.0
2024-10-01,CI-0016,E-commerce,42.0,699.0,29358.0
2024-10-01,CI-0016,Marketplace,33.0,699.0,23067.0
2024-10-01,CI-0016,Loja própria,27.0,699.0,18873.0
2024-10-01,CI-0016,KA-01,15.0,699.0,10485.0
2024-10-01,CI-0016,KA-02,12.0,699.0,8388.0
2024-10-01,CI-0016,KA-03,10.0,699.0,699.0
2024-10-01,CI-0016,KA-04,6.0,699.0,4194.0
2024-10-01,CI-0016,KA-05,4.0,699.0,2796.0
2024-11-01,CI-0016,E-commerce,50.0,699.0,3495.0
2024-11-01,CI-0016,Marketplace,39.0,699.0,27261.0
2024-11-01,CI-0016,Loja própria,32.0,699.0,22368.0
2024-11-01,CI-0016,KA-01,18.0,699.0,12582.0
2024-11-01,CI-0016,KA-02,14.0,699.0,9786.0
2024-11-01,CI-0016,KA-03,12.0,699.0,8388.0
2024-11-01,CI-0016,KA-04,7.0,699.0,4893.0
2024-11-01,CI-0016,KA-05,5.0,699.0,3495.0
2024-12-01,CI-0016,E-commerce,41.0,699.0,28659.0
2024-12-01,CI-0016,Marketplace,32.0,699.0,22368.0
2024-12-01,CI-0016,Loja própria,26.0,699.0,18174.0
2024-12-01,CI-0016,KA-01,14.0,699.0,9786.0
2024-12-01,CI-0016,KA-02,11.0,699.0,7689.0
2024-12-01,CI-0016,KA-03,10.0,699.0,699.0
2024-12-01,CI-0016,KA-04,5.0,699.0,3495.0
2024-12-01,CI-0016,KA-05,4.0,699.0,2796.0
2025-01-01,CI-0016,E-commerce,98.0,699.0,68502.0
2025-01-01,CI-0016,Marketplace,77.0,699.0,53823.0
2025-01-01,CI-0016,Loja própria,63.0,699.0,44037.0
2025-01-01,CI-0016,KA-01,35.0,699.0,24465.0
2025-01-01,CI-0016,KA-02,28.0,699.0,19572.0
2025-01-01,CI-0016,KA-03,24.0,699.0,16776.0
2025-01-01,CI-0016,KA-04,14.0,699.0,9786.0
2025-01-01,CI-0016,KA-05,10.0,699.0,699.0
2025-02-01,CI-0016,E-commerce,110.0,699.0,7689.0
2025-02-01,CI-0016,Marketplace,86.0,699.0,60114.0
2025-02-01,CI-0016,Loja própria,70.0,699.0,4893.0
2025-02-01,CI-0016,KA-01,39.0,699.0,27261.0
2025-02-01,CI-0016,KA-02,31.0,699.0,21669.0
2025-02-01,CI-0016,KA-03,27.0,699.0,18873.0
2025-02-01,CI-0016,KA-04,15.0,699.0,10485.0
2025-02-01,CI-0016,KA-05,11.0,699.0,7689.0
2025-03-01,CI-0016,E-commerce,45.0,699.0,31455.0
2025-03-01,CI-0016,Marketplace,36.0,699.0,25164.0
2025-03-01,CI-0016,Loja própria,29.0,699.0,20271.0
2025-03-01,CI-0016,KA-01,16.0,699.0,11184.0
2025-03-01,CI-0016,KA-02,13.0,699.0,9087.0
2025-03-01,CI-0016,KA-03,11.0,699.0,7689.0
2025-03-01,CI-0016,KA-04,6.0,699.0,4194.0
2025-03-01,CI-0016,KA-05,4.0,699.0,2796.0
2025-04-01,CI-0016,E-commerce,45.0,699.0,31455.0
2025-04-01,CI-0016,Marketplace,35.0,699.0,24465.0
2025-04-01,CI-0016,Loja própria,28.0,699.0,19572.0
2025-04-01,CI-0016,KA-01,16.0,699.0,11184.0
2025-04-01,CI-0016,KA-02,12.0,699.0,8388.0
2025-04-01,CI-0016,KA-03,11.0,699.0,7689.0
2025-04-01,CI-0016,KA-04,6.0,699.0,4194.0
2025-04-01,CI-0016,KA-05,4.0,699.0,2796.0
2025-05-01,CI-0016,E-commerce,48.0,699.0,33552.0
2025-05-01,CI-0016,Marketplace,38.0,699.0,26562.0
2025-05-01,CI-0016,Loja própria,31.0,699.0,21669.0
2025-05-01,CI-0016,KA-01,17.0,699.0,11883.0
2025-05-01,CI-0016,KA-02,13.0,699.0,9087.0
2025-05-01,CI-0016,KA-03,12.0,699.0,8388.0
2025-05-01,CI-0016,KA-04,6.0,699.0,4194.0
2025-05-01,CI-0016,KA-05,5.0,699.0,3495.0
2025-06-01,CI-0016,E-commerce,45.0,699.0,31455.0
2025-06-01,CI-0016,Marketplace,35.0,699.0,24465.0
2025-06-01,CI-0016,Loja própria,29.0,699.0,20271.0
2025-06-01,CI-0016,KA-01,16.0,699.0,11184.0
2025-06-01,CI-0016,KA-02,12.0,699.0,8388.0
2025-06-01,CI-0016,KA-03,11.0,699.0,7689.0
2025-06-01,CI-0016,KA-04,6.0,699.0,4194.0
2025-06-01,CI-0016,KA-05,4.0,699.0,2796.0
2025-07-01,CI-0016,E-commerce,38.0,699.0,26562.0
2025-07-01,CI-0016,Marketplace,30.0,699.0,2097.0
2025-07-01,CI-0016,Loja própria,25.0,699.0,17475.0
2025-07-01,CI-0016,KA-01,13.0,699.0,9087.0
2025-07-01,CI-0016,KA-02,11.0,699.0,7689.0
2025-07-01,CI-0016,KA-03,9.0,699.0,6291.0
2025-07-01,CI-0016,KA-04,5.0,699.0,3495.0
2025-07-01,CI-0016,KA-05,4.0,699.0,2796.0
2025-08-01,CI-0016,E-commerce,47.0,699.0,32853.0
2025-08-01,CI-0016,Marketplace,37.0,699.0,25863.0
2025-08-01,CI-0016,Loja própria,30.0,699.0,2097.0
2025-08-01,CI-0016,KA-01,17.0,699.0,11883.0
2025-08-01,CI-0016,KA-02,13.0,699.0,9087.0
2025-08-01,CI-0016,KA-03,11.0,699.0,7689.0
2025-08-01,CI-0016,KA-04,6.0,699.0,4194.0
2025-08-01,CI-0016,KA-05,5.0,699.0,3495.0
2025-09-01,CI-0016,E-commerce,44.0,699.0,30756.0
2025-09-01,CI-0016,Marketplace,34.0,699.0,23766.0
2025-09-01,CI-0016,Loja própria,28.0,699.0,19572.0
2025-09-01,CI-0016,KA-01,15.0,699.0,10485.0
2025-09-01,CI-0016,KA-02,12.0,699.0,8388.0
2025-09-01,CI-0016,KA-03,11.0,699.0,7689.0
2025-09-01,CI-0016,KA-04,6.0,699.0,4194.0
2025-09-01,CI-0016,KA-05,4.0,699.0,2796.0
2025-10-01,CI-0016,E-commerce,40.0,699.0,2796.0
2025-10-01,CI-0016,Marketplace,31.0,699.0,21669.0
2025-10-01,CI-0016,Loja própria,25.0,699.0,17475.0
2025-10-01,CI-0016,KA-01,14.0,699.0,9786.0
2025-10-01,CI-0016,KA-02,11.0,699.0,7689.0
2025-10-01,CI-0016,KA-03,10.0,699.0,699.0
2025-10-01,CI-0016,KA-04,5.0,699.0,3495.0
2025-10-01,CI-0016,KA-05,4.0,699.0,2796.0
2025-11-01,CI-0016,E-commerce,56.0,699.0,39144.0
2025-11-01,CI-0016,Marketplace,44.0,699.0,30756.0
2025-11-01,CI-0016,Loja própria,36.0,699.0,25164.0
2025-11-01,CI-0016,KA-01,20.0,699.0,1398.0
2025-11-01,CI-0016,KA-02,16.0,699.0,11184.0
2025-11-01,CI-0016,KA-03,14.0,699.0,9786.0
2025-11-01,CI-0016,KA-04,8.0,699.0,5592.0
2025-11-01,CI-0016,KA-05,6.0,699.0,4194.0
2025-12-01,CI-0016,E-commerce,46.0,699.0,32154.0
2025-12-01,CI-0016,Marketplace,36.0,699.0,25164.0
2025-12-01,CI-0016,Loja própria,29.0,699.0,20271.0
2025-12-01,CI-0016,KA-01,16.0,699.0,11184.0
2025-12-01,CI-0016,KA-02,13.0,699.0,9087.0
2025-12-01,CI-0016,KA-03,11.0,699.0,7689.0
2025-12-01,CI-0016,KA-04,6.0,699.0,4194.0
2025-12-01,CI-0016,KA-05,4.0,699.0,2796.0
2026-01-01,CI-0016,E-commerce,106.0,699.0,74094.0
2026-01-01,CI-0016,Marketplace,84.0,699.0,58716.0
2026-01-01,CI-0016,Loja própria,68.0,699.0,47532.0
2026-01-01,CI-0016,KA-01,38.0,699.0,26562.0
2026-01-01,CI-0016,KA-02,30.0,699.0,2097.0
2026-01-01,CI-0016,KA-03,26.0,699.0,18174.0
2026-01-01,CI-0016,KA-04,15.0,699.0,10485.0
2026-01-01,CI-0016,KA-05,11.0,699.0,7689.0
2026-02-01,CI-0016,E-commerce,112.0,699.0,78288.0
2026-02-01,CI-0016,Marketplace,88.0,699.0,61512.0
2026-02-01,CI-0016,Loja própria,72.0,699.0,50328.0
2026-02-01,CI-0016,KA-01,40.0,699.0,2796.0
2026-02-01,CI-0016,KA-02,32.0,699.0,22368.0
2026-02-01,CI-0016,KA-03,28.0,699.0,19572.0
2026-02-01,CI-0016,KA-04,16.0,699.0,11184.0
2026-02-01,CI-0016,KA-05,12.0,699.0,8388.0
2026-03-01,CI-0016,E-commerce,49.0,699.0,34251.0
2026-03-01,CI-0016,Marketplace,39.0,699.0,27261.0
2026-03-01,CI-0016,Loja própria,32.0,699.0,22368.0
2026-03-01,CI-0016,KA-01,17.0,699.0,11883.0
2026-03-01,CI-0016,KA-02,14.0,699.0,9786.0
2026-03-01,CI-0016,KA-03,12.0,699.0,8388.0
2026-03-01,CI-0016,KA-04,7.0,699.0,4893.0
2026-03-01,CI-0016,KA-05,5.0,699.0,3495.0
2026-04-01,CI-0016,E-commerce,43.0,699.0,30057.0
2026-04-01,CI-0016,Marketplace,34.0,699.0,23766.0
2026-04-01,CI-0016,Loja própria,27.0,699.0,18873.0
2026-04-01,CI-0016,KA-01,15.0,699.0,10485.0
2026-04-01,CI-0016,KA-02,12.0,699.0,8388.0
2026-04-01,CI-0016,KA-03,10.0,699.0,699.0
2026-04-01,CI-0016,KA-04,6.0,699.0,4194.0
2026-04-01,CI-0016,KA-05,4.0,699.0,2796.0
2026-05-01,CI-0016,E-commerce,49.0,699.0,34251.0
2026-05-01,CI-0016,Marketplace,39.0,699.0,27261.0
2026-05-01,CI-0016,Loja própria,32.0,699.0,22368.0
2026-05-01,CI-0016,KA-01,17.0,699.0,11883.0
2026-05-01,CI-0016,KA-02,14.0,699.0,9786.0
2026-05-01,CI-0016,KA-03,12.0,699.0,8388.0
2026-05-01,CI-0016,KA-04,7.0,699.0,4893.0
2026-05-01,CI-0016,KA-05,5.0,699.0,3495.0
2026-06-01,CI-0016,E-commerce,40.0,699.0,2796.0
2026-06-01,CI-0016,Marketplace,32.0,699.0,22368.0
2026-06-01,CI-0016,Loja própria,26.0,699.0,18174.0
2026-06-01,CI-0016,KA-01,14.0,699.0,9786.0
2026-06-01,CI-0016,KA-02,11.0,699.0,7689.0
2026-06-01,CI-0016,KA-03,10.0,699.0,699.0
2026-06-01,CI-0016,KA-04,5.0,699.0,3495.0
2026-06-01,CI-0016,KA-05,4.0,699.0,2796.0
2026-07-01,CI-0016,E-commerce,48.0,699.0,33552.0
2026-07-01,CI-0016,Marketplace,38.0,699.0,26562.0
2026-07-01,CI-0016,Loja própria,31.0,699.0,21669.0
2026-07-01,CI-0016,KA-01,17.0,699.0,11883.0
2026-07-01,CI-0016,KA-02,13.0,699.0,9087.0
2026-07-01,CI-0016,KA-03,12.0,699.0,8388.0
2026-07-01,CI-0016,KA-04,6.0,699.0,4194.0
2026-07-01,CI-0016,KA-05,5.0,699.0,3495.0
2026-08-01,CI-0016,E-commerce,48.0,699.0,33552.0
2026-08-01,CI-0016,Marketplace,38.0,699.0,26562.0
2026-08-01,CI-0016,Loja própria,31.0,699.0,21669.0
2026-08-01,CI-0016,KA-01,17.0,699.0,11883.0
2026-08-01,CI-0016,KA-02,13.0,699.0,9087.0
2026-08-01,CI-0016,KA-03,12.0,699.0,8388.0
2026-08-01,CI-0016,KA-04,6.0,699.0,4194.0
2026-08-01,CI-0016,KA-05,5.0,699.0,3495.0
2024-09-01,CI-0017,E-commerce,61.0,949.0,57889.0
2024-09-01,CI-0017,Marketplace,48.0,949.0,45552.0
2024-09-01,CI-0017,Loja própria,39.0,949.0,37011.0
2024-09-01,CI-0017,KA-01,22.0,949.0,20878.0
2024-09-01,CI-0017,KA-02,17.0,949.0,16133.0
2024-09-01,CI-0017,KA-03,15.0,949.0,14235.0
2024-09-01,CI-0017,KA-04,8.0,949.0,7592.0
2024-09-01,CI-0017,KA-05,6.0,949.0,5694.0
2024-10-01,CI-0017,E-commerce,52.0,949.0,49348.0
2024-10-01,CI-0017,Marketplace,41.0,949.0,38909.0
2024-10-01,CI-0017,Loja própria,33.0,949.0,31317.0
2024-10-01,CI-0017,KA-01,18.0,949.0,17082.0
2024-10-01,CI-0017,KA-02,14.0,949.0,13286.0
2024-10-01,CI-0017,KA-03,13.0,949.0,12337.0
2024-10-01,CI-0017,KA-04,7.0,949.0,6643.0
2024-10-01,CI-0017,KA-05,5.0,949.0,4745.0
2024-11-01,CI-0017,E-commerce,98.0,949.0,93002.0
2024-11-01,CI-0017,Marketplace,77.0,949.0,73073.0
2024-11-01,CI-0017,Loja própria,63.0,949.0,59787.0
2024-11-01,CI-0017,KA-01,35.0,949.0,33215.0
2024-11-01,CI-0017,KA-02,28.0,949.0,26572.0
2024-11-01,CI-0017,KA-03,24.0,949.0,22776.0
2024-11-01,CI-0017,KA-04,14.0,949.0,13286.0
2024-11-01,CI-0017,KA-05,10.0,949.0,949.0
2024-12-01,CI-0017,E-commerce,91.0,949.0,86359.0
2024-12-01,CI-0017,Marketplace,71.0,949.0,67379.0
2024-12-01,CI-0017,Loja própria,58.0,949.0,55042.0
2024-12-01,CI-0017,KA-01,32.0,949.0,30368.0
2024-12-01,CI-0017,KA-02,26.0,949.0,24674.0
2024-12-01,CI-0017,KA-03,22.0,949.0,20878.0
2024-12-01,CI-0017,KA-04,13.0,949.0,12337.0
2024-12-01,CI-0017,KA-05,9.0,949.0,8541.0
2025-01-01,CI-0017,E-commerce,102.0,949.0,96798.0
2025-01-01,CI-0017,Marketplace,80.0,949.0,7592.0
2025-01-01,CI-0017,Loja própria,65.0,949.0,61685.0
2025-01-01,CI-0017,KA-01,36.0,949.0,34164.0
2025-01-01,CI-0017,KA-02,29.0,949.0,27521.0
2025-01-01,CI-0017,KA-03,25.0,949.0,23725.0
2025-01-01,CI-0017,KA-04,14.0,949.0,13286.0
2025-01-01,CI-0017,KA-05,10.0,949.0,949.0
2025-02-01,CI-0017,E-commerce,60.0,949.0,5694.0
2025-02-01,CI-0017,Marketplace,47.0,949.0,44603.0
2025-02-01,CI-0017,Loja própria,38.0,949.0,36062.0
2025-02-01,CI-0017,KA-01,21.0,949.0,19929.0
2025-02-01,CI-0017,KA-02,17.0,949.0,16133.0
2025-02-01,CI-0017,KA-03,15.0,949.0,14235.0
2025-02-01,CI-0017,KA-04,8.0,949.0,7592.0
2025-02-01,CI-0017,KA-05,6.0,949.0,5694.0
2025-03-01,CI-0017,E-commerce,60.0,949.0,5694.0
2025-03-01,CI-0017,Marketplace,47.0,949.0,44603.0
2025-03-01,CI-0017,Loja própria,38.0,949.0,36062.0
2025-03-01,CI-0017,KA-01,21.0,949.0,19929.0
2025-03-01,CI-0017,KA-02,17.0,949.0,16133.0
2025-03-01,CI-0017,KA-03,15.0,949.0,14235.0
2025-03-01,CI-0017,KA-04,8.0,949.0,7592.0
2025-03-01,CI-0017,KA-05,6.0,949.0,5694.0
2025-04-01,CI-0017,E-commerce,51.0,949.0,48399.0
2025-04-01,CI-0017,Marketplace,40.0,949.0,3796.0
2025-04-01,CI-0017,Loja própria,33.0,949.0,31317.0
2025-04-01,CI-0017,KA-01,18.0,949.0,17082.0
2025-04-01,CI-0017,KA-02,14.0,949.0,13286.0
2025-04-01,CI-0017,KA-03,12.0,949.0,11388.0
2025-04-01,CI-0017,KA-04,7.0,949.0,6643.0
2025-04-01,CI-0017,KA-05,5.0,949.0,4745.0
2025-05-01,CI-0017,E-commerce,55.0,949.0,52195.0
2025-05-01,CI-0017,Marketplace,43.0,949.0,40807.0
2025-05-01,CI-0017,Loja própria,35.0,949.0,33215.0
2025-05-01,CI-0017,KA-01,19.0,949.0,18031.0
2025-05-01,CI-0017,KA-02,15.0,949.0,14235.0
2025-05-01,CI-0017,KA-03,13.0,949.0,12337.0
2025-05-01,CI-0017,KA-04,7.0,949.0,6643.0
2025-05-01,CI-0017,KA-05,5.0,949.0,4745.0
2025-06-01,CI-0017,E-commerce,54.0,949.0,51246.0
2025-06-01,CI-0017,Marketplace,42.0,949.0,39858.0
2025-06-01,CI-0017,Loja própria,35.0,949.0,33215.0
2025-06-01,CI-0017,KA-01,19.0,949.0,18031.0
2025-06-01,CI-0017,KA-02,15.0,949.0,14235.0
2025-06-01,CI-0017,KA-03,13.0,949.0,12337.0
2025-06-01,CI-0017,KA-04,7.0,949.0,6643.0
2025-06-01,CI-0017,KA-05,5.0,949.0,4745.0
2025-07-01,CI-0017,E-commerce,65.0,949.0,61685.0
2025-07-01,CI-0017,Marketplace,51.0,949.0,48399.0
2025-07-01,CI-0017,Loja própria,41.0,949.0,38909.0
2025-07-01,CI-0017,KA-01,23.0,949.0,21827.0
2025-07-01,CI-0017,KA-02,18.0,949.0,17082.0
2025-07-01,CI-0017,KA-03,16.0,949.0,15184.0
2025-07-01,CI-0017,KA-04,9.0,949.0,8541.0
2025-07-01,CI-0017,KA-05,6.0,949.0,5694.0
2025-08-01,CI-0017,E-commerce,63.0,949.0,59787.0
2025-08-01,CI-0017,Marketplace,49.0,949.0,46501.0
2025-08-01,CI-0017,Loja própria,40.0,949.0,3796.0
2025-08-01,CI-0017,KA-01,22.0,949.0,20878.0
2025-08-01,CI-0017,KA-02,18.0,949.0,17082.0
2025-08-01,CI-0017,KA-03,15.0,949.0,14235.0
2025-08-01,CI-0017,KA-04,9.0,949.0,8541.0
2025-08-01,CI-0017,KA-05,6.0,949.0,5694.0
2025-09-01,CI-0017,E-commerce,65.0,949.0,61685.0
2025-09-01,CI-0017,Marketplace,51.0,949.0,48399.0
2025-09-01,CI-0017,Loja própria,41.0,949.0,38909.0
2025-09-01,CI-0017,KA-01,23.0,949.0,21827.0
2025-09-01,CI-0017,KA-02,18.0,949.0,17082.0
2025-09-01,CI-0017,KA-03,16.0,949.0,15184.0
2025-09-01,CI-0017,KA-04,9.0,949.0,8541.0
2025-09-01,CI-0017,KA-05,6.0,949.0,5694.0
2025-10-01,CI-0017,E-commerce,61.0,949.0,57889.0
2025-10-01,CI-0017,Marketplace,47.0,949.0,44603.0
2025-10-01,CI-0017,Loja própria,39.0,949.0,37011.0
2025-10-01,CI-0017,KA-01,21.0,949.0,19929.0
2025-10-01,CI-0017,KA-02,17.0,949.0,16133.0
2025-10-01,CI-0017,KA-03,15.0,949.0,14235.0
2025-10-01,CI-0017,KA-04,8.0,949.0,7592.0
2025-10-01,CI-0017,KA-05,6.0,949.0,5694.0
2025-11-01,CI-0017,E-commerce,86.0,949.0,81614.0
2025-11-01,CI-0017,Marketplace,67.0,949.0,63583.0
2025-11-01,CI-0017,Loja própria,55.0,949.0,52195.0
2025-11-01,CI-0017,KA-01,30.0,949.0,2847.0
2025-11-01,CI-0017,KA-02,24.0,949.0,22776.0
2025-11-01,CI-0017,KA-03,21.0,949.0,19929.0
2025-11-01,CI-0017,KA-04,12.0,949.0,11388.0
2025-11-01,CI-0017,KA-05,9.0,949.0,8541.0
2025-12-01,CI-0017,E-commerce,107.0,949.0,101543.0
2025-12-01,CI-0017,Marketplace,84.0,949.0,79716.0
2025-12-01,CI-0017,Loja própria,69.0,949.0,65481.0
2025-12-01,CI-0017,KA-01,38.0,949.0,36062.0
2025-12-01,CI-0017,KA-02,30.0,949.0,2847.0
2025-12-01,CI-0017,KA-03,26.0,949.0,24674.0
2025-12-01,CI-0017,KA-04,15.0,949.0,14235.0
2025-12-01,CI-0017,KA-05,11.0,949.0,10439.0
2026-01-01,CI-0017,E-commerce,105.0,949.0,99645.0
2026-01-01,CI-0017,Marketplace,83.0,949.0,78767.0
2026-01-01,CI-0017,Loja própria,68.0,949.0,64532.0
2026-01-01,CI-0017,KA-01,37.0,949.0,35113.0
2026-01-01,CI-0017,KA-02,30.0,949.0,2847.0
2026-01-01,CI-0017,KA-03,26.0,949.0,24674.0
2026-01-01,CI-0017,KA-04,15.0,949.0,14235.0
2026-01-01,CI-0017,KA-05,11.0,949.0,10439.0
2026-02-01,CI-0017,E-commerce,59.0,949.0,55991.0
2026-02-01,CI-0017,Marketplace,46.0,949.0,43654.0
2026-02-01,CI-0017,Loja própria,37.0,949.0,35113.0
2026-02-01,CI-0017,KA-01,21.0,949.0,19929.0
2026-02-01,CI-0017,KA-02,16.0,949.0,15184.0
2026-02-01,CI-0017,KA-03,14.0,949.0,13286.0
2026-02-01,CI-0017,KA-04,8.0,949.0,7592.0
2026-02-01,CI-0017,KA-05,6.0,949.0,5694.0
2026-03-01,CI-0017,E-commerce,54.0,949.0,51246.0
2026-03-01,CI-0017,Marketplace,42.0,949.0,39858.0
2026-03-01,CI-0017,Loja própria,35.0,949.0,33215.0
2026-03-01,CI-0017,KA-01,19.0,949.0,18031.0
2026-03-01,CI-0017,KA-02,15.0,949.0,14235.0
2026-03-01,CI-0017,KA-03,13.0,949.0,12337.0
2026-03-01,CI-0017,KA-04,7.0,949.0,6643.0
2026-03-01,CI-0017,KA-05,5.0,949.0,4745.0
2026-04-01,CI-0017,E-commerce,65.0,949.0,61685.0
2026-04-01,CI-0017,Marketplace,51.0,949.0,48399.0
2026-04-01,CI-0017,Loja própria,42.0,949.0,39858.0
2026-04-01,CI-0017,KA-01,23.0,949.0,21827.0
2026-04-01,CI-0017,KA-02,18.0,949.0,17082.0
2026-04-01,CI-0017,KA-03,16.0,949.0,15184.0
2026-04-01,CI-0017,KA-04,9.0,949.0,8541.0
2026-04-01,CI-0017,KA-05,7.0,949.0,6643.0
2026-05-01,CI-0017,E-commerce,61.0,949.0,57889.0
2026-05-01,CI-0017,Marketplace,48.0,949.0,45552.0
2026-05-01,CI-0017,Loja própria,39.0,949.0,37011.0
2026-05-01,CI-0017,KA-01,21.0,949.0,19929.0
2026-05-01,CI-0017,KA-02,17.0,949.0,16133.0
2026-05-01,CI-0017,KA-03,15.0,949.0,14235.0
2026-05-01,CI-0017,KA-04,8.0,949.0,7592.0
2026-05-01,CI-0017,KA-05,6.0,949.0,5694.0
2026-06-01,CI-0017,E-commerce,60.0,949.0,5694.0
2026-06-01,CI-0017,Marketplace,47.0,949.0,44603.0
2026-06-01,CI-0017,Loja própria,38.0,949.0,36062.0
2026-06-01,CI-0017,KA-01,21.0,949.0,19929.0
2026-06-01,CI-0017,KA-02,17.0,949.0,16133.0
2026-06-01,CI-0017,KA-03,15.0,949.0,14235.0
2026-06-01,CI-0017,KA-04,8.0,949.0,7592.0
2026-06-01,CI-0017,KA-05,6.0,949.0,5694.0
2026-07-01,CI-0017,E-commerce,57.0,949.0,54093.0
2026-07-01,CI-0017,Marketplace,45.0,949.0,42705.0
2026-07-01,CI-0017,Loja própria,37.0,949.0,35113.0
2026-07-01,CI-0017,KA-01,20.0,949.0,1898.0
2026-07-01,CI-0017,KA-02,16.0,949.0,15184.0
2026-07-01,CI-0017,KA-03,14.0,949.0,13286.0
2026-07-01,CI-0017,KA-04,8.0,949.0,7592.0
2026-07-01,CI-0017,KA-05,6.0,949.0,5694.0
2026-08-01,CI-0017,E-commerce,62.0,949.0,58838.0
2026-08-01,CI-0017,Marketplace,49.0,949.0,46501.0
2026-08-01,CI-0017,Loja própria,40.0,949.0,3796.0
2026-08-01,CI-0017,KA-01,22.0,949.0,20878.0
2026-08-01,CI-0017,KA-02,17.0,949.0,16133.0
2026-08-01,CI-0017,KA-03,15.0,949.0,14235.0
2026-08-01,CI-0017,KA-04,8.0,949.0,7592.0
2026-08-01,CI-0017,KA-05,6.0,949.0,5694.0
2024-09-01,CI-0018,E-commerce,70.0,299.0,2093.0
2024-09-01,CI-0018,Marketplace,55.0,299.0,16445.0
2024-09-01,CI-0018,Loja própria,45.0,299.0,13455.0
2024-09-01,CI-0018,KA-01,25.0,299.0,7475.0
2024-09-01,CI-0018,KA-02,20.0,299.0,598.0
2024-09-01,CI-0018,KA-03,17.0,299.0,5083.0
2024-09-01,CI-0018,KA-04,10.0,299.0,299.0
2024-09-01,CI-0018,KA-05,7.0,299.0,2093.0
2024-10-01,CI-0018,E-commerce,77.0,299.0,23023.0
2024-10-01,CI-0018,Marketplace,61.0,299.0,18239.0
2024-10-01,CI-0018,Loja própria,50.0,299.0,1495.0
2024-10-01,CI-0018,KA-01,27.0,299.0,8073.0
2024-10-01,CI-0018,KA-02,22.0,299.0,6578.0
2024-10-01,CI-0018,KA-03,19.0,299.0,5681.0
2024-10-01,CI-0018,KA-04,11.0,299.0,3289.0
2024-10-01,CI-0018,KA-05,8.0,299.0,2392.0
2024-11-01,CI-0018,E-commerce,106.0,299.0,31694.0
2024-11-01,CI-0018,Marketplace,83.0,299.0,24817.0
2024-11-01,CI-0018,Loja própria,68.0,299.0,20332.0
2024-11-01,CI-0018,KA-01,38.0,299.0,11362.0
2024-11-01,CI-0018,KA-02,30.0,299.0,897.0
2024-11-01,CI-0018,KA-03,26.0,299.0,7774.0
2024-11-01,CI-0018,KA-04,15.0,299.0,4485.0
2024-11-01,CI-0018,KA-05,11.0,299.0,3289.0
2024-12-01,CI-0018,E-commerce,62.0,299.0,18538.0
2024-12-01,CI-0018,Marketplace,49.0,299.0,14651.0
2024-12-01,CI-0018,Loja própria,40.0,299.0,1196.0
2024-12-01,CI-0018,KA-01,22.0,299.0,6578.0
2024-12-01,CI-0018,KA-02,17.0,299.0,5083.0
2024-12-01,CI-0018,KA-03,15.0,299.0,4485.0
2024-12-01,CI-0018,KA-04,8.0,299.0,2392.0
2024-12-01,CI-0018,KA-05,6.0,299.0,1794.0
2025-01-01,CI-0018,E-commerce,76.0,299.0,22724.0
2025-01-01,CI-0018,Marketplace,59.0,299.0,17641.0
2025-01-01,CI-0018,Loja própria,48.0,299.0,14352.0
2025-01-01,CI-0018,KA-01,27.0,299.0,8073.0
2025-01-01,CI-0018,KA-02,21.0,299.0,6279.0
2025-01-01,CI-0018,KA-03,19.0,299.0,5681.0
2025-01-01,CI-0018,KA-04,10.0,299.0,299.0
2025-01-01,CI-0018,KA-05,8.0,299.0,2392.0
2025-02-01,CI-0018,E-commerce,78.0,299.0,23322.0
2025-02-01,CI-0018,Marketplace,61.0,299.0,18239.0
2025-02-01,CI-0018,Loja própria,50.0,299.0,1495.0
2025-02-01,CI-0018,KA-01,28.0,299.0,8372.0
2025-02-01,CI-0018,KA-02,22.0,299.0,6578.0
2025-02-01,CI-0018,KA-03,19.0,299.0,5681.0
2025-02-01,CI-0018,KA-04,11.0,299.0,3289.0
2025-02-01,CI-0018,KA-05,8.0,299.0,2392.0
2025-03-01,CI-0018,E-commerce,69.0,299.0,20631.0
2025-03-01,CI-0018,Marketplace,54.0,299.0,16146.0
2025-03-01,CI-0018,Loja própria,44.0,299.0,13156.0
2025-03-01,CI-0018,KA-01,24.0,299.0,7176.0
2025-03-01,CI-0018,KA-02,19.0,299.0,5681.0
2025-03-01,CI-0018,KA-03,17.0,299.0,5083.0
2025-03-01,CI-0018,KA-04,9.0,299.0,2691.0
2025-03-01,CI-0018,KA-05,7.0,299.0,2093.0
2025-04-01,CI-0018,E-commerce,77.0,299.0,23023.0
2025-04-01,CI-0018,Marketplace,60.0,299.0,1794.0
2025-04-01,CI-0018,Loja própria,49.0,299.0,14651.0
2025-04-01,CI-0018,KA-01,27.0,299.0,8073.0
2025-04-01,CI-0018,KA-02,22.0,299.0,6578.0
2025-04-01,CI-0018,KA-03,19.0,299.0,5681.0
2025-04-01,CI-0018,KA-04,11.0,299.0,3289.0
2025-04-01,CI-0018,KA-05,8.0,299.0,2392.0
2025-05-01,CI-0018,E-commerce,65.0,299.0,19435.0
2025-05-01,CI-0018,Marketplace,51.0,299.0,15249.0
2025-05-01,CI-0018,Loja própria,41.0,299.0,12259.0
2025-05-01,CI-0018,KA-01,23.0,299.0,6877.0
2025-05-01,CI-0018,KA-02,18.0,299.0,5382.0
2025-05-01,CI-0018,KA-03,16.0,299.0,4784.0
2025-05-01,CI-0018,KA-04,9.0,299.0,2691.0
2025-05-01,CI-0018,KA-05,6.0,299.0,1794.0
2025-06-01,CI-0018,E-commerce,77.0,299.0,23023.0
2025-06-01,CI-0018,Marketplace,60.0,299.0,1794.0
2025-06-01,CI-0018,Loja própria,49.0,299.0,14651.0
2025-06-01,CI-0018,KA-01,27.0,299.0,8073.0
2025-06-01,CI-0018,KA-02,22.0,299.0,6578.0
2025-06-01,CI-0018,KA-03,19.0,299.0,5681.0
2025-06-01,CI-0018,KA-04,11.0,299.0,3289.0
2025-06-01,CI-0018,KA-05,8.0,299.0,2392.0
2025-07-01,CI-0018,E-commerce,67.0,299.0,20033.0
2025-07-01,CI-0018,Marketplace,53.0,299.0,15847.0
2025-07-01,CI-0018,Loja própria,43.0,299.0,12857.0
2025-07-01,CI-0018,KA-01,24.0,299.0,7176.0
2025-07-01,CI-0018,KA-02,19.0,299.0,5681.0
2025-07-01,CI-0018,KA-03,16.0,299.0,4784.0
2025-07-01,CI-0018,KA-04,9.0,299.0,2691.0
2025-07-01,CI-0018,KA-05,7.0,299.0,2093.0
2025-08-01,CI-0018,E-commerce,73.0,299.0,21827.0
2025-08-01,CI-0018,Marketplace,57.0,299.0,17043.0
2025-08-01,CI-0018,Loja própria,47.0,299.0,14053.0
2025-08-01,CI-0018,KA-01,26.0,299.0,7774.0
2025-08-01,CI-0018,KA-02,20.0,299.0,598.0
2025-08-01,CI-0018,KA-03,18.0,299.0,5382.0
2025-08-01,CI-0018,KA-04,10.0,299.0,299.0
2025-08-01,CI-0018,KA-05,7.0,299.0,2093.0
2025-09-01,CI-0018,E-commerce,72.0,299.0,21528.0
2025-09-01,CI-0018,Marketplace,56.0,299.0,16744.0
2025-09-01,CI-0018,Loja própria,46.0,299.0,13754.0
2025-09-01,CI-0018,KA-01,25.0,299.0,7475.0
2025-09-01,CI-0018,KA-02,20.0,299.0,598.0
2025-09-01,CI-0018,KA-03,18.0,299.0,5382.0
2025-09-01,CI-0018,KA-04,10.0,299.0,299.0
2025-09-01,CI-0018,KA-05,7.0,299.0,2093.0
2025-10-01,CI-0018,E-commerce,71.0,299.0,21229.0
2025-10-01,CI-0018,Marketplace,56.0,299.0,16744.0
2025-10-01,CI-0018,Loja própria,45.0,299.0,13455.0
2025-10-01,CI-0018,KA-01,25.0,299.0,7475.0
2025-10-01,CI-0018,KA-02,20.0,299.0,598.0
2025-10-01,CI-0018,KA-03,17.0,299.0,5083.0
2025-10-01,CI-0018,KA-04,10.0,299.0,299.0
2025-10-01,CI-0018,KA-05,7.0,299.0,2093.0
2025-11-01,CI-0018,E-commerce,100.0,299.0,2990.0
2025-11-01,CI-0018,Marketplace,78.0,299.0,23322.0
2025-11-01,CI-0018,Loja própria,64.0,299.0,19136.0
2025-11-01,CI-0018,KA-01,35.0,299.0,10465.0
2025-11-01,CI-0018,KA-02,28.0,299.0,8372.0
2025-11-01,CI-0018,KA-03,25.0,299.0,7475.0
2025-11-01,CI-0018,KA-04,14.0,299.0,4186.0
2025-11-01,CI-0018,KA-05,10.0,299.0,299.0
2025-12-01,CI-0018,E-commerce,69.0,299.0,20631.0
2025-12-01,CI-0018,Marketplace,54.0,299.0,16146.0
2025-12-01,CI-0018,Loja própria,44.0,299.0,13156.0
2025-12-01,CI-0018,KA-01,24.0,299.0,7176.0
2025-12-01,CI-0018,KA-02,19.0,299.0,5681.0
2025-12-01,CI-0018,KA-03,17.0,299.0,5083.0
2025-12-01,CI-0018,KA-04,9.0,299.0,2691.0
2025-12-01,CI-0018,KA-05,7.0,299.0,2093.0
2026-01-01,CI-0018,E-commerce,72.0,299.0,21528.0
2026-01-01,CI-0018,Marketplace,56.0,299.0,16744.0
2026-01-01,CI-0018,Loja própria,46.0,299.0,13754.0
2026-01-01,CI-0018,KA-01,25.0,299.0,7475.0
2026-01-01,CI-0018,KA-02,20.0,299.0,598.0
2026-01-01,CI-0018,KA-03,18.0,299.0,5382.0
2026-01-01,CI-0018,KA-04,10.0,299.0,299.0
2026-01-01,CI-0018,KA-05,7.0,299.0,2093.0
2026-02-01,CI-0018,E-commerce,72.0,299.0,21528.0
2026-02-01,CI-0018,Marketplace,57.0,299.0,17043.0
2026-02-01,CI-0018,Loja própria,46.0,299.0,13754.0
2026-02-01,CI-0018,KA-01,26.0,299.0,7774.0
2026-02-01,CI-0018,KA-02,20.0,299.0,598.0
2026-02-01,CI-0018,KA-03,18.0,299.0,5382.0
2026-02-01,CI-0018,KA-04,10.0,299.0,299.0
2026-02-01,CI-0018,KA-05,7.0,299.0,2093.0
2026-03-01,CI-0018,E-commerce,76.0,299.0,22724.0
2026-03-01,CI-0018,Marketplace,60.0,299.0,1794.0
2026-03-01,CI-0018,Loja própria,49.0,299.0,14651.0
2026-03-01,CI-0018,KA-01,27.0,299.0,8073.0
2026-03-01,CI-0018,KA-02,21.0,299.0,6279.0
2026-03-01,CI-0018,KA-03,19.0,299.0,5681.0
2026-03-01,CI-0018,KA-04,10.0,299.0,299.0
2026-03-01,CI-0018,KA-05,8.0,299.0,2392.0
2026-04-01,CI-0018,E-commerce,78.0,299.0,23322.0
2026-04-01,CI-0018,Marketplace,62.0,299.0,18538.0
2026-04-01,CI-0018,Loja própria,50.0,299.0,1495.0
2026-04-01,CI-0018,KA-01,28.0,299.0,8372.0
2026-04-01,CI-0018,KA-02,22.0,299.0,6578.0
2026-04-01,CI-0018,KA-03,19.0,299.0,5681.0
2026-04-01,CI-0018,KA-04,11.0,299.0,3289.0
2026-04-01,CI-0018,KA-05,8.0,299.0,2392.0
2026-05-01,CI-0018,E-commerce,72.0,299.0,21528.0
2026-05-01,CI-0018,Marketplace,56.0,299.0,16744.0
2026-05-01,CI-0018,Loja própria,46.0,299.0,13754.0
2026-05-01,CI-0018,KA-01,25.0,299.0,7475.0
2026-05-01,CI-0018,KA-02,20.0,299.0,598.0
2026-05-01,CI-0018,KA-03,18.0,299.0,5382.0
2026-05-01,CI-0018,KA-04,10.0,299.0,299.0
2026-05-01,CI-0018,KA-05,7.0,299.0,2093.0
2026-06-01,CI-0018,E-commerce,81.0,299.0,24219.0
2026-06-01,CI-0018,Marketplace,63.0,299.0,18837.0
2026-06-01,CI-0018,Loja própria,52.0,299.0,15548.0
2026-06-01,CI-0018,KA-01,29.0,299.0,8671.0
2026-06-01,CI-0018,KA-02,23.0,299.0,6877.0
2026-06-01,CI-0018,KA-03,20.0,299.0,598.0
2026-06-01,CI-0018,KA-04,11.0,299.0,3289.0
2026-06-01,CI-0018,KA-05,8.0,299.0,2392.0
2026-07-01,CI-0018,E-commerce,79.0,299.0,23621.0
2026-07-01,CI-0018,Marketplace,62.0,299.0,18538.0
2026-07-01,CI-0018,Loja própria,50.0,299.0,1495.0
2026-07-01,CI-0018,KA-01,28.0,299.0,8372.0
2026-07-01,CI-0018,KA-02,22.0,299.0,6578.0
2026-07-01,CI-0018,KA-03,19.0,299.0,5681.0
2026-07-01,CI-0018,KA-04,11.0,299.0,3289.0
2026-07-01,CI-0018,KA-05,8.0,299.0,2392.0
2026-08-01,CI-0018,E-commerce,83.0,299.0,24817.0
2026-08-01,CI-0018,Marketplace,65.0,299.0,19435.0
2026-08-01,CI-0018,Loja própria,53.0,299.0,15847.0
2026-08-01,CI-0018,KA-01,29.0,299.0,8671.0
2026-08-01,CI-0018,KA-02,23.0,299.0,6877.0
2026-08-01,CI-0018,KA-03,20.0,299.0,598.0
2026-08-01,CI-0018,KA-04,11.0,299.0,3289.0
2026-08-01,CI-0018,KA-05,8.0,299.0,2392.0
2024-09-01,CI-0019,E-commerce,89.0,299.0,26611.0
2024-09-01,CI-0019,Marketplace,70.0,299.0,2093.0
2024-09-01,CI-0019,Loja própria,57.0,299.0,17043.0
2024-09-01,CI-0019,KA-01,32.0,299.0,9568.0
2024-09-01,CI-0019,KA-02,25.0,299.0,7475.0
2024-09-01,CI-0019,KA-03,22.0,299.0,6578.0
2024-09-01,CI-0019,KA-04,12.0,299.0,3588.0
2024-09-01,CI-0019,KA-05,9.0,299.0,2691.0
2024-10-01,CI-0019,E-commerce,76.0,299.0,22724.0
2024-10-01,CI-0019,Marketplace,60.0,299.0,1794.0
2024-10-01,CI-0019,Loja própria,49.0,299.0,14651.0
2024-10-01,CI-0019,KA-01,27.0,299.0,8073.0
2024-10-01,CI-0019,KA-02,21.0,299.0,6279.0
2024-10-01,CI-0019,KA-03,19.0,299.0,5681.0
2024-10-01,CI-0019,KA-04,10.0,299.0,299.0
2024-10-01,CI-0019,KA-05,8.0,299.0,2392.0
2024-11-01,CI-0019,E-commerce,117.0,299.0,34983.0
2024-11-01,CI-0019,Marketplace,91.0,299.0,27209.0
2024-11-01,CI-0019,Loja própria,75.0,299.0,22425.0
2024-11-01,CI-0019,KA-01,41.0,299.0,12259.0
2024-11-01,CI-0019,KA-02,33.0,299.0,9867.0
2024-11-01,CI-0019,KA-03,29.0,299.0,8671.0
2024-11-01,CI-0019,KA-04,16.0,299.0,4784.0
2024-11-01,CI-0019,KA-05,12.0,299.0,3588.0
2024-12-01,CI-0019,E-commerce,80.0,299.0,2392.0
2024-12-01,CI-0019,Marketplace,62.0,299.0,18538.0
2024-12-01,CI-0019,Loja própria,51.0,299.0,15249.0
2024-12-01,CI-0019,KA-01,28.0,299.0,8372.0
2024-12-01,CI-0019,KA-02,22.0,299.0,6578.0
2024-12-01,CI-0019,KA-03,20.0,299.0,598.0
2024-12-01,CI-0019,KA-04,11.0,299.0,3289.0
2024-12-01,CI-0019,KA-05,8.0,299.0,2392.0
2025-01-01,CI-0019,E-commerce,83.0,299.0,24817.0
2025-01-01,CI-0019,Marketplace,65.0,299.0,19435.0
2025-01-01,CI-0019,Loja própria,53.0,299.0,15847.0
2025-01-01,CI-0019,KA-01,29.0,299.0,8671.0
2025-01-01,CI-0019,KA-02,23.0,299.0,6877.0
2025-01-01,CI-0019,KA-03,20.0,299.0,598.0
2025-01-01,CI-0019,KA-04,11.0,299.0,3289.0
2025-01-01,CI-0019,KA-05,8.0,299.0,2392.0
2025-02-01,CI-0019,E-commerce,85.0,299.0,25415.0
2025-02-01,CI-0019,Marketplace,66.0,299.0,19734.0
2025-02-01,CI-0019,Loja própria,54.0,299.0,16146.0
2025-02-01,CI-0019,KA-01,30.0,299.0,897.0
2025-02-01,CI-0019,KA-02,24.0,299.0,7176.0
2025-02-01,CI-0019,KA-03,21.0,299.0,6279.0
2025-02-01,CI-0019,KA-04,12.0,299.0,3588.0
2025-02-01,CI-0019,KA-05,9.0,299.0,2691.0
2025-03-01,CI-0019,E-commerce,95.0,299.0,28405.0
2025-03-01,CI-0019,Marketplace,75.0,299.0,22425.0
2025-03-01,CI-0019,Loja própria,61.0,299.0,18239.0
2025-03-01,CI-0019,KA-01,34.0,299.0,10166.0
2025-03-01,CI-0019,KA-02,27.0,299.0,8073.0
2025-03-01,CI-0019,KA-03,23.0,299.0,6877.0
2025-03-01,CI-0019,KA-04,13.0,299.0,3887.0
2025-03-01,CI-0019,KA-05,10.0,299.0,299.0
2025-04-01,CI-0019,E-commerce,77.0,299.0,23023.0
2025-04-01,CI-0019,Marketplace,60.0,299.0,1794.0
2025-04-01,CI-0019,Loja própria,49.0,299.0,14651.0
2025-04-01,CI-0019,KA-01,27.0,299.0,8073.0
2025-04-01,CI-0019,KA-02,22.0,299.0,6578.0
2025-04-01,CI-0019,KA-03,19.0,299.0,5681.0
2025-04-01,CI-0019,KA-04,11.0,299.0,3289.0
2025-04-01,CI-0019,KA-05,8.0,299.0,2392.0
2025-05-01,CI-0019,E-commerce,82.0,299.0,24518.0
2025-05-01,CI-0019,Marketplace,65.0,299.0,19435.0
2025-05-01,CI-0019,Loja própria,53.0,299.0,15847.0
2025-05-01,CI-0019,KA-01,29.0,299.0,8671.0
2025-05-01,CI-0019,KA-02,23.0,299.0,6877.0
2025-05-01,CI-0019,KA-03,20.0,299.0,598.0
2025-05-01,CI-0019,KA-04,11.0,299.0,3289.0
2025-05-01,CI-0019,KA-05,8.0,299.0,2392.0
2025-06-01,CI-0019,E-commerce,89.0,299.0,26611.0
2025-06-01,CI-0019,Marketplace,70.0,299.0,2093.0
2025-06-01,CI-0019,Loja própria,57.0,299.0,17043.0
2025-06-01,CI-0019,KA-01,32.0,299.0,9568.0
2025-06-01,CI-0019,KA-02,25.0,299.0,7475.0
2025-06-01,CI-0019,KA-03,22.0,299.0,6578.0
2025-06-01,CI-0019,KA-04,12.0,299.0,3588.0
2025-06-01,CI-0019,KA-05,9.0,299.0,2691.0
2025-07-01,CI-0019,E-commerce,89.0,299.0,26611.0
2025-07-01,CI-0019,Marketplace,70.0,299.0,2093.0
2025-07-01,CI-0019,Loja própria,57.0,299.0,17043.0
2025-07-01,CI-0019,KA-01,32.0,299.0,9568.0
2025-07-01,CI-0019,KA-02,25.0,299.0,7475.0
2025-07-01,CI-0019,KA-03,22.0,299.0,6578.0
2025-07-01,CI-0019,KA-04,12.0,299.0,3588.0
2025-07-01,CI-0019,KA-05,9.0,299.0,2691.0
2025-08-01,CI-0019,E-commerce,94.0,299.0,28106.0
2025-08-01,CI-0019,Marketplace,74.0,299.0,22126.0
2025-08-01,CI-0019,Loja própria,60.0,299.0,1794.0
2025-08-01,CI-0019,KA-01,33.0,299.0,9867.0
2025-08-01,CI-0019,KA-02,26.0,299.0,7774.0
2025-08-01,CI-0019,KA-03,23.0,299.0,6877.0
2025-08-01,CI-0019,KA-04,13.0,299.0,3887.0
2025-08-01,CI-0019,KA-05,10.0,299.0,299.0
2025-09-01,CI-0019,E-commerce,92.0,299.0,27508.0
2025-09-01,CI-0019,Marketplace,72.0,299.0,21528.0
2025-09-01,CI-0019,Loja própria,59.0,299.0,17641.0
2025-09-01,CI-0019,KA-01,32.0,299.0,9568.0
2025-09-01,CI-0019,KA-02,26.0,299.0,7774.0
2025-09-01,CI-0019,KA-03,23.0,299.0,6877.0
2025-09-01,CI-0019,KA-04,13.0,299.0,3887.0
2025-09-01,CI-0019,KA-05,9.0,299.0,2691.0
2025-10-01,CI-0019,E-commerce,79.0,299.0,23621.0
2025-10-01,CI-0019,Marketplace,62.0,299.0,18538.0
2025-10-01,CI-0019,Loja própria,50.0,299.0,1495.0
2025-10-01,CI-0019,KA-01,28.0,299.0,8372.0
2025-10-01,CI-0019,KA-02,22.0,299.0,6578.0
2025-10-01,CI-0019,KA-03,19.0,299.0,5681.0
2025-10-01,CI-0019,KA-04,11.0,299.0,3289.0
2025-10-01,CI-0019,KA-05,8.0,299.0,2392.0
2025-11-01,CI-0019,E-commerce,121.0,299.0,36179.0
2025-11-01,CI-0019,Marketplace,95.0,299.0,28405.0
2025-11-01,CI-0019,Loja própria,77.0,299.0,23023.0
2025-11-01,CI-0019,KA-01,43.0,299.0,12857.0
2025-11-01,CI-0019,KA-02,34.0,299.0,10166.0
2025-11-01,CI-0019,KA-03,30.0,299.0,897.0
2025-11-01,CI-0019,KA-04,17.0,299.0,5083.0
2025-11-01,CI-0019,KA-05,12.0,299.0,3588.0
2025-12-01,CI-0019,E-commerce,92.0,299.0,27508.0
2025-12-01,CI-0019,Marketplace,73.0,299.0,21827.0
2025-12-01,CI-0019,Loja própria,59.0,299.0,17641.0
2025-12-01,CI-0019,KA-01,33.0,299.0,9867.0
2025-12-01,CI-0019,KA-02,26.0,299.0,7774.0
2025-12-01,CI-0019,KA-03,23.0,299.0,6877.0
2025-12-01,CI-0019,KA-04,13.0,299.0,3887.0
2025-12-01,CI-0019,KA-05,9.0,299.0,2691.0
2026-01-01,CI-0019,E-commerce,98.0,299.0,29302.0
2026-01-01,CI-0019,Marketplace,77.0,299.0,23023.0
2026-01-01,CI-0019,Loja própria,63.0,299.0,18837.0
2026-01-01,CI-0019,KA-01,35.0,299.0,10465.0
2026-01-01,CI-0019,KA-02,28.0,299.0,8372.0
2026-01-01,CI-0019,KA-03,24.0,299.0,7176.0
2026-01-01,CI-0019,KA-04,14.0,299.0,4186.0
2026-01-01,CI-0019,KA-05,10.0,299.0,299.0
2026-02-01,CI-0019,E-commerce,99.0,299.0,29601.0
2026-02-01,CI-0019,Marketplace,78.0,299.0,23322.0
2026-02-01,CI-0019,Loja própria,64.0,299.0,19136.0
2026-02-01,CI-0019,KA-01,35.0,299.0,10465.0
2026-02-01,CI-0019,KA-02,28.0,299.0,8372.0
2026-02-01,CI-0019,KA-03,24.0,299.0,7176.0
2026-02-01,CI-0019,KA-04,14.0,299.0,4186.0
2026-02-01,CI-0019,KA-05,10.0,299.0,299.0
2026-03-01,CI-0019,E-commerce,96.0,299.0,28704.0
2026-03-01,CI-0019,Marketplace,75.0,299.0,22425.0
2026-03-01,CI-0019,Loja própria,62.0,299.0,18538.0
2026-03-01,CI-0019,KA-01,34.0,299.0,10166.0
2026-03-01,CI-0019,KA-02,27.0,299.0,8073.0
2026-03-01,CI-0019,KA-03,24.0,299.0,7176.0
2026-03-01,CI-0019,KA-04,13.0,299.0,3887.0
2026-03-01,CI-0019,KA-05,10.0,299.0,299.0
2026-04-01,CI-0019,E-commerce,96.0,299.0,28704.0
2026-04-01,CI-0019,Marketplace,75.0,299.0,22425.0
2026-04-01,CI-0019,Loja própria,62.0,299.0,18538.0
2026-04-01,CI-0019,KA-01,34.0,299.0,10166.0
2026-04-01,CI-0019,KA-02,27.0,299.0,8073.0
2026-04-01,CI-0019,KA-03,24.0,299.0,7176.0
2026-04-01,CI-0019,KA-04,13.0,299.0,3887.0
2026-04-01,CI-0019,KA-05,10.0,299.0,299.0
2026-05-01,CI-0019,E-commerce,82.0,299.0,24518.0
2026-05-01,CI-0019,Marketplace,65.0,299.0,19435.0
2026-05-01,CI-0019,Loja própria,53.0,299.0,15847.0
2026-05-01,CI-0019,KA-01,29.0,299.0,8671.0
2026-05-01,CI-0019,KA-02,23.0,299.0,6877.0
2026-05-01,CI-0019,KA-03,20.0,299.0,598.0
2026-05-01,CI-0019,KA-04,11.0,299.0,3289.0
2026-05-01,CI-0019,KA-05,8.0,299.0,2392.0
2026-06-01,CI-0019,E-commerce,98.0,299.0,29302.0
2026-06-01,CI-0019,Marketplace,77.0,299.0,23023.0
2026-06-01,CI-0019,Loja própria,63.0,299.0,18837.0
2026-06-01,CI-0019,KA-01,35.0,299.0,10465.0
2026-06-01,CI-0019,KA-02,28.0,299.0,8372.0
2026-06-01,CI-0019,KA-03,24.0,299.0,7176.0
2026-06-01,CI-0019,KA-04,14.0,299.0,4186.0
2026-06-01,CI-0019,KA-05,10.0,299.0,299.0
2026-07-01,CI-0019,E-commerce,100.0,299.0,2990.0
2026-07-01,CI-0019,Marketplace,78.0,299.0,23322.0
2026-07-01,CI-0019,Loja própria,64.0,299.0,19136.0
2026-07-01,CI-0019,KA-01,35.0,299.0,10465.0
2026-07-01,CI-0019,KA-02,28.0,299.0,8372.0
2026-07-01,CI-0019,KA-03,25.0,299.0,7475.0
2026-07-01,CI-0019,KA-04,14.0,299.0,4186.0
2026-07-01,CI-0019,KA-05,10.0,299.0,299.0
2026-08-01,CI-0019,E-commerce,97.0,299.0,29003.0
2026-08-01,CI-0019,Marketplace,76.0,299.0,22724.0
2026-08-01,CI-0019,Loja própria,62.0,299.0,18538.0
2026-08-01,CI-0019,KA-01,34.0,299.0,10166.0
2026-08-01,CI-0019,KA-02,27.0,299.0,8073.0
2026-08-01,CI-0019,KA-03,24.0,299.0,7176.0
2026-08-01,CI-0019,KA-04,13.0,299.0,3887.0
2026-08-01,CI-0019,KA-05,10.0,299.0,299.0
2024-09-01,CI-0020,E-commerce,102.0,349.0,35598.0
2024-09-01,CI-0020,Marketplace,80.0,349.0,2792.0
2024-09-01,CI-0020,Loja própria,66.0,349.0,23034.0
2024-09-01,CI-0020,KA-01,36.0,349.0,12564.0
2024-09-01,CI-0020,KA-02,29.0,349.0,10121.0
2024-09-01,CI-0020,KA-03,25.0,349.0,8725.0
2024-09-01,CI-0020,KA-04,14.0,349.0,4886.0
2024-09-01,CI-0020,KA-05,11.0,349.0,3839.0
2024-10-01,CI-0020,E-commerce,107.0,349.0,37343.0
2024-10-01,CI-0020,Marketplace,84.0,349.0,29316.0
2024-10-01,CI-0020,Loja própria,69.0,349.0,24081.0
2024-10-01,CI-0020,KA-01,38.0,349.0,13262.0
2024-10-01,CI-0020,KA-02,30.0,349.0,1047.0
2024-10-01,CI-0020,KA-03,26.0,349.0,9074.0
2024-10-01,CI-0020,KA-04,15.0,349.0,5235.0
2024-10-01,CI-0020,KA-05,11.0,349.0,3839.0
2024-11-01,CI-0020,E-commerce,142.0,349.0,49558.0
2024-11-01,CI-0020,Marketplace,111.0,349.0,38739.0
2024-11-01,CI-0020,Loja própria,91.0,349.0,31759.0
2024-11-01,CI-0020,KA-01,50.0,349.0,1745.0
2024-11-01,CI-0020,KA-02,40.0,349.0,1396.0
2024-11-01,CI-0020,KA-03,35.0,349.0,12215.0
2024-11-01,CI-0020,KA-04,20.0,349.0,698.0
2024-11-01,CI-0020,KA-05,15.0,349.0,5235.0
2024-12-01,CI-0020,E-commerce,99.0,349.0,34551.0
2024-12-01,CI-0020,Marketplace,78.0,349.0,27222.0
2024-12-01,CI-0020,Loja própria,64.0,349.0,22336.0
2024-12-01,CI-0020,KA-01,35.0,349.0,12215.0
2024-12-01,CI-0020,KA-02,28.0,349.0,9772.0
2024-12-01,CI-0020,KA-03,24.0,349.0,8376.0
2024-12-01,CI-0020,KA-04,14.0,349.0,4886.0
2024-12-01,CI-0020,KA-05,10.0,349.0,349.0
2025-01-01,CI-0020,E-commerce,92.0,349.0,32108.0
2025-01-01,CI-0020,Marketplace,72.0,349.0,25128.0
2025-01-01,CI-0020,Loja própria,59.0,349.0,20591.0
2025-01-01,CI-0020,KA-01,33.0,349.0,11517.0
2025-01-01,CI-0020,KA-02,26.0,349.0,9074.0
2025-01-01,CI-0020,KA-03,23.0,349.0,8027.0
2025-01-01,CI-0020,KA-04,13.0,349.0,4537.0
2025-01-01,CI-0020,KA-05,9.0,349.0,3141.0
2025-02-01,CI-0020,E-commerce,103.0,349.0,35947.0
2025-02-01,CI-0020,Marketplace,81.0,349.0,28269.0
2025-02-01,CI-0020,Loja própria,66.0,349.0,23034.0
2025-02-01,CI-0020,KA-01,37.0,349.0,12913.0
2025-02-01,CI-0020,KA-02,29.0,349.0,10121.0
2025-02-01,CI-0020,KA-03,25.0,349.0,8725.0
2025-02-01,CI-0020,KA-04,14.0,349.0,4886.0
2025-02-01,CI-0020,KA-05,11.0,349.0,3839.0
2025-03-01,CI-0020,E-commerce,103.0,349.0,35947.0
2025-03-01,CI-0020,Marketplace,81.0,349.0,28269.0
2025-03-01,CI-0020,Loja própria,66.0,349.0,23034.0
2025-03-01,CI-0020,KA-01,37.0,349.0,12913.0
2025-03-01,CI-0020,KA-02,29.0,349.0,10121.0
2025-03-01,CI-0020,KA-03,25.0,349.0,8725.0
2025-03-01,CI-0020,KA-04,14.0,349.0,4886.0
2025-03-01,CI-0020,KA-05,11.0,349.0,3839.0
2025-04-01,CI-0020,E-commerce,105.0,349.0,36645.0
2025-04-01,CI-0020,Marketplace,82.0,349.0,28618.0
2025-04-01,CI-0020,Loja própria,67.0,349.0,23383.0
2025-04-01,CI-0020,KA-01,37.0,349.0,12913.0
2025-04-01,CI-0020,KA-02,30.0,349.0,1047.0
2025-04-01,CI-0020,KA-03,26.0,349.0,9074.0
2025-04-01,CI-0020,KA-04,15.0,349.0,5235.0
2025-04-01,CI-0020,KA-05,11.0,349.0,3839.0
2025-05-01,CI-0020,E-commerce,90.0,349.0,3141.0
2025-05-01,CI-0020,Marketplace,71.0,349.0,24779.0
2025-05-01,CI-0020,Loja própria,58.0,349.0,20242.0
2025-05-01,CI-0020,KA-01,32.0,349.0,11168.0
2025-05-01,CI-0020,KA-02,25.0,349.0,8725.0
2025-05-01,CI-0020,KA-03,22.0,349.0,7678.0
2025-05-01,CI-0020,KA-04,12.0,349.0,4188.0
2025-05-01,CI-0020,KA-05,9.0,349.0,3141.0
2025-06-01,CI-0020,E-commerce,109.0,349.0,38041.0
2025-06-01,CI-0020,Marketplace,86.0,349.0,30014.0
2025-06-01,CI-0020,Loja própria,70.0,349.0,2443.0
2025-06-01,CI-0020,KA-01,39.0,349.0,13611.0
2025-06-01,CI-0020,KA-02,31.0,349.0,10819.0
2025-06-01,CI-0020,KA-03,27.0,349.0,9423.0
2025-06-01,CI-0020,KA-04,15.0,349.0,5235.0
2025-06-01,CI-0020,KA-05,11.0,349.0,3839.0
2025-07-01,CI-0020,E-commerce,110.0,349.0,3839.0
2025-07-01,CI-0020,Marketplace,87.0,349.0,30363.0
2025-07-01,CI-0020,Loja própria,71.0,349.0,24779.0
2025-07-01,CI-0020,KA-01,39.0,349.0,13611.0
2025-07-01,CI-0020,KA-02,31.0,349.0,10819.0
2025-07-01,CI-0020,KA-03,27.0,349.0,9423.0
2025-07-01,CI-0020,KA-04,15.0,349.0,5235.0
2025-07-01,CI-0020,KA-05,11.0,349.0,3839.0
2025-08-01,CI-0020,E-commerce,92.0,349.0,32108.0
2025-08-01,CI-0020,Marketplace,72.0,349.0,25128.0
2025-08-01,CI-0020,Loja própria,59.0,349.0,20591.0
2025-08-01,CI-0020,KA-01,33.0,349.0,11517.0
2025-08-01,CI-0020,KA-02,26.0,349.0,9074.0
2025-08-01,CI-0020,KA-03,23.0,349.0,8027.0
2025-08-01,CI-0020,KA-04,13.0,349.0,4537.0
2025-08-01,CI-0020,KA-05,9.0,349.0,3141.0
2025-09-01,CI-0020,E-commerce,104.0,349.0,36296.0
2025-09-01,CI-0020,Marketplace,82.0,349.0,28618.0
2025-09-01,CI-0020,Loja própria,67.0,349.0,23383.0
2025-09-01,CI-0020,KA-01,37.0,349.0,12913.0
2025-09-01,CI-0020,KA-02,29.0,349.0,10121.0
2025-09-01,CI-0020,KA-03,26.0,349.0,9074.0
2025-09-01,CI-0020,KA-04,14.0,349.0,4886.0
2025-09-01,CI-0020,KA-05,11.0,349.0,3839.0
2025-10-01,CI-0020,E-commerce,100.0,349.0,3490.0
2025-10-01,CI-0020,Marketplace,78.0,349.0,27222.0
2025-10-01,CI-0020,Loja própria,64.0,349.0,22336.0
2025-10-01,CI-0020,KA-01,35.0,349.0,12215.0
2025-10-01,CI-0020,KA-02,28.0,349.0,9772.0
2025-10-01,CI-0020,KA-03,25.0,349.0,8725.0
2025-10-01,CI-0020,KA-04,14.0,349.0,4886.0
2025-10-01,CI-0020,KA-05,10.0,349.0,349.0
2025-11-01,CI-0020,E-commerce,138.0,349.0,48162.0
2025-11-01,CI-0020,Marketplace,108.0,349.0,37692.0
2025-11-01,CI-0020,Loja própria,88.0,349.0,30712.0
2025-11-01,CI-0020,KA-01,49.0,349.0,17101.0
2025-11-01,CI-0020,KA-02,39.0,349.0,13611.0
2025-11-01,CI-0020,KA-03,34.0,349.0,11866.0
2025-11-01,CI-0020,KA-04,19.0,349.0,6631.0
2025-11-01,CI-0020,KA-05,14.0,349.0,4886.0
2025-12-01,CI-0020,E-commerce,98.0,349.0,34202.0
2025-12-01,CI-0020,Marketplace,77.0,349.0,26873.0
2025-12-01,CI-0020,Loja própria,63.0,349.0,21987.0
2025-12-01,CI-0020,KA-01,35.0,349.0,12215.0
2025-12-01,CI-0020,KA-02,28.0,349.0,9772.0
2025-12-01,CI-0020,KA-03,24.0,349.0,8376.0
2025-12-01,CI-0020,KA-04,14.0,349.0,4886.0
2025-12-01,CI-0020,KA-05,10.0,349.0,349.0
2026-01-01,CI-0020,E-commerce,108.0,349.0,37692.0
2026-01-01,CI-0020,Marketplace,85.0,349.0,29665.0
2026-01-01,CI-0020,Loja própria,69.0,349.0,24081.0
2026-01-01,CI-0020,KA-01,38.0,349.0,13262.0
2026-01-01,CI-0020,KA-02,30.0,349.0,1047.0
2026-01-01,CI-0020,KA-03,27.0,349.0,9423.0
2026-01-01,CI-0020,KA-04,15.0,349.0,5235.0
2026-01-01,CI-0020,KA-05,11.0,349.0,3839.0
2026-02-01,CI-0020,E-commerce,93.0,349.0,32457.0
2026-02-01,CI-0020,Marketplace,73.0,349.0,25477.0
2026-02-01,CI-0020,Loja própria,60.0,349.0,2094.0
2026-02-01,CI-0020,KA-01,33.0,349.0,11517.0
2026-02-01,CI-0020,KA-02,26.0,349.0,9074.0
2026-02-01,CI-0020,KA-03,23.0,349.0,8027.0
2026-02-01,CI-0020,KA-04,13.0,349.0,4537.0
2026-02-01,CI-0020,KA-05,10.0,349.0,349.0
2026-03-01,CI-0020,E-commerce,111.0,349.0,38739.0
2026-03-01,CI-0020,Marketplace,87.0,349.0,30363.0
2026-03-01,CI-0020,Loja própria,71.0,349.0,24779.0
2026-03-01,CI-0020,KA-01,39.0,349.0,13611.0
2026-03-01,CI-0020,KA-02,31.0,349.0,10819.0
2026-03-01,CI-0020,KA-03,27.0,349.0,9423.0
2026-03-01,CI-0020,KA-04,15.0,349.0,5235.0
2026-03-01,CI-0020,KA-05,11.0,349.0,3839.0
2026-04-01,CI-0020,E-commerce,107.0,349.0,37343.0
2026-04-01,CI-0020,Marketplace,84.0,349.0,29316.0
2026-04-01,CI-0020,Loja própria,69.0,349.0,24081.0
2026-04-01,CI-0020,KA-01,38.0,349.0,13262.0
2026-04-01,CI-0020,KA-02,30.0,349.0,1047.0
2026-04-01,CI-0020,KA-03,26.0,349.0,9074.0
2026-04-01,CI-0020,KA-04,15.0,349.0,5235.0
2026-04-01,CI-0020,KA-05,11.0,349.0,3839.0
2026-05-01,CI-0020,E-commerce,103.0,349.0,35947.0
2026-05-01,CI-0020,Marketplace,80.0,349.0,2792.0
2026-05-01,CI-0020,Loja própria,66.0,349.0,23034.0
2026-05-01,CI-0020,KA-01,36.0,349.0,12564.0
2026-05-01,CI-0020,KA-02,29.0,349.0,10121.0
2026-05-01,CI-0020,KA-03,25.0,349.0,8725.0
2026-05-01,CI-0020,KA-04,14.0,349.0,4886.0
2026-05-01,CI-0020,KA-05,11.0,349.0,3839.0
2026-06-01,CI-0020,E-commerce,112.0,349.0,39088.0
2026-06-01,CI-0020,Marketplace,88.0,349.0,30712.0
2026-06-01,CI-0020,Loja própria,72.0,349.0,25128.0
2026-06-01,CI-0020,KA-01,40.0,349.0,1396.0
2026-06-01,CI-0020,KA-02,32.0,349.0,11168.0
2026-06-01,CI-0020,KA-03,28.0,349.0,9772.0
2026-06-01,CI-0020,KA-04,16.0,349.0,5584.0
2026-06-01,CI-0020,KA-05,12.0,349.0,4188.0
2026-07-01,CI-0020,E-commerce,98.0,349.0,34202.0
2026-07-01,CI-0020,Marketplace,77.0,349.0,26873.0
2026-07-01,CI-0020,Loja própria,63.0,349.0,21987.0
2026-07-01,CI-0020,KA-01,35.0,349.0,12215.0
2026-07-01,CI-0020,KA-02,28.0,349.0,9772.0
2026-07-01,CI-0020,KA-03,24.0,349.0,8376.0
2026-07-01,CI-0020,KA-04,14.0,349.0,4886.0
2026-07-01,CI-0020,KA-05,10.0,349.0,349.0
2026-08-01,CI-0020,E-commerce,111.0,349.0,38739.0
2026-08-01,CI-0020,Marketplace,87.0,349.0,30363.0
2026-08-01,CI-0020,Loja própria,71.0,349.0,24779.0
2026-08-01,CI-0020,KA-01,39.0,349.0,13611.0
2026-08-01,CI-0020,KA-02,31.0,349.0,10819.0
2026-08-01,CI-0020,KA-03,27.0,349.0,9423.0
2026-08-01,CI-0020,KA-04,15.0,349.0,5235.0
2026-08-01,CI-0020,KA-05,11.0,349.0,3839.0
2024-09-01,CI-0021,E-commerce,126.0,799.0,100674.0
2024-09-01,CI-0021,Marketplace,99.0,799.0,79101.0
2024-09-01,CI-0021,Loja própria,81.0,799.0,64719.0
2024-09-01,CI-0021,KA-01,45.0,799.0,35955.0
2024-09-01,CI-0021,KA-02,36.0,799.0,28764.0
2024-09-01,CI-0021,KA-03,31.0,799.0,24769.0
2024-09-01,CI-0021,KA-04,18.0,799.0,14382.0
2024-09-01,CI-0021,KA-05,13.0,799.0,10387.0
2024-10-01,CI-0021,E-commerce,104.0,799.0,83096.0
2024-10-01,CI-0021,Marketplace,81.0,799.0,64719.0
2024-10-01,CI-0021,Loja própria,66.0,799.0,52734.0
2024-10-01,CI-0021,KA-01,37.0,799.0,29563.0
2024-10-01,CI-0021,KA-02,29.0,799.0,23171.0
2024-10-01,CI-0021,KA-03,26.0,799.0,20774.0
2024-10-01,CI-0021,KA-04,14.0,799.0,11186.0
2024-10-01,CI-0021,KA-05,11.0,799.0,8789.0
2024-11-01,CI-0021,E-commerce,167.0,799.0,133433.0
2024-11-01,CI-0021,Marketplace,131.0,799.0,104669.0
2024-11-01,CI-0021,Loja própria,107.0,799.0,85493.0
2024-11-01,CI-0021,KA-01,59.0,799.0,47141.0
2024-11-01,CI-0021,KA-02,47.0,799.0,37553.0
2024-11-01,CI-0021,KA-03,41.0,799.0,32759.0
2024-11-01,CI-0021,KA-04,23.0,799.0,18377.0
2024-11-01,CI-0021,KA-05,17.0,799.0,13583.0
2024-12-01,CI-0021,E-commerce,119.0,799.0,95081.0
2024-12-01,CI-0021,Marketplace,93.0,799.0,74307.0
2024-12-01,CI-0021,Loja própria,76.0,799.0,60724.0
2024-12-01,CI-0021,KA-01,42.0,799.0,33558.0
2024-12-01,CI-0021,KA-02,34.0,799.0,27166.0
2024-12-01,CI-0021,KA-03,29.0,799.0,23171.0
2024-12-01,CI-0021,KA-04,17.0,799.0,13583.0
2024-12-01,CI-0021,KA-05,12.0,799.0,9588.0
2025-01-01,CI-0021,E-commerce,103.0,799.0,82297.0
2025-01-01,CI-0021,Marketplace,80.0,799.0,6392.0
2025-01-01,CI-0021,Loja própria,66.0,799.0,52734.0
2025-01-01,CI-0021,KA-01,36.0,799.0,28764.0
2025-01-01,CI-0021,KA-02,29.0,799.0,23171.0
2025-01-01,CI-0021,KA-03,25.0,799.0,19975.0
2025-01-01,CI-0021,KA-04,14.0,799.0,11186.0
2025-01-01,CI-0021,KA-05,11.0,799.0,8789.0
2025-02-01,CI-0021,E-commerce,122.0,799.0,97478.0
2025-02-01,CI-0021,Marketplace,96.0,799.0,76704.0
2025-02-01,CI-0021,Loja própria,78.0,799.0,62322.0
2025-02-01,CI-0021,KA-01,43.0,799.0,34357.0
2025-02-01,CI-0021,KA-02,34.0,799.0,27166.0
2025-02-01,CI-0021,KA-03,30.0,799.0,2397.0
2025-02-01,CI-0021,KA-04,17.0,799.0,13583.0
2025-02-01,CI-0021,KA-05,13.0,799.0,10387.0
2025-03-01,CI-0021,E-commerce,123.0,799.0,98277.0
2025-03-01,CI-0021,Marketplace,97.0,799.0,77503.0
2025-03-01,CI-0021,Loja própria,79.0,799.0,63121.0
2025-03-01,CI-0021,KA-01,44.0,799.0,35156.0
2025-03-01,CI-0021,KA-02,35.0,799.0,27965.0
2025-03-01,CI-0021,KA-03,30.0,799.0,2397.0
2025-03-01,CI-0021,KA-04,17.0,799.0,13583.0
2025-03-01,CI-0021,KA-05,13.0,799.0,10387.0
2025-04-01,CI-0021,E-commerce,108.0,799.0,86292.0
2025-04-01,CI-0021,Marketplace,85.0,799.0,67915.0
2025-04-01,CI-0021,Loja própria,70.0,799.0,5593.0
2025-04-01,CI-0021,KA-01,38.0,799.0,30362.0
2025-04-01,CI-0021,KA-02,31.0,799.0,24769.0
2025-04-01,CI-0021,KA-03,27.0,799.0,21573.0
2025-04-01,CI-0021,KA-04,15.0,799.0,11985.0
2025-04-01,CI-0021,KA-05,11.0,799.0,8789.0
2025-05-01,CI-0021,E-commerce,113.0,799.0,90287.0
2025-05-01,CI-0021,Marketplace,88.0,799.0,70312.0
2025-05-01,CI-0021,Loja própria,72.0,799.0,57528.0
2025-05-01,CI-0021,KA-01,40.0,799.0,3196.0
2025-05-01,CI-0021,KA-02,32.0,799.0,25568.0
2025-05-01,CI-0021,KA-03,28.0,799.0,22372.0
2025-05-01,CI-0021,KA-04,16.0,799.0,12784.0
2025-05-01,CI-0021,KA-05,12.0,799.0,9588.0
2025-06-01,CI-0021,E-commerce,117.0,799.0,93483.0
2025-06-01,CI-0021,Marketplace,91.0,799.0,72709.0
2025-06-01,CI-0021,Loja própria,75.0,799.0,59925.0
2025-06-01,CI-0021,KA-01,41.0,799.0,32759.0
2025-06-01,CI-0021,KA-02,33.0,799.0,26367.0
2025-06-01,CI-0021,KA-03,29.0,799.0,23171.0
2025-06-01,CI-0021,KA-04,16.0,799.0,12784.0
2025-06-01,CI-0021,KA-05,12.0,799.0,9588.0
2025-07-01,CI-0021,E-commerce,130.0,799.0,10387.0
2025-07-01,CI-0021,Marketplace,102.0,799.0,81498.0
2025-07-01,CI-0021,Loja própria,84.0,799.0,67116.0
2025-07-01,CI-0021,KA-01,46.0,799.0,36754.0
2025-07-01,CI-0021,KA-02,37.0,799.0,29563.0
2025-07-01,CI-0021,KA-03,32.0,799.0,25568.0
2025-07-01,CI-0021,KA-04,18.0,799.0,14382.0
2025-07-01,CI-0021,KA-05,14.0,799.0,11186.0
2025-08-01,CI-0021,E-commerce,125.0,799.0,99875.0
2025-08-01,CI-0021,Marketplace,98.0,799.0,78302.0
2025-08-01,CI-0021,Loja própria,80.0,799.0,6392.0
2025-08-01,CI-0021,KA-01,44.0,799.0,35156.0
2025-08-01,CI-0021,KA-02,35.0,799.0,27965.0
2025-08-01,CI-0021,KA-03,31.0,799.0,24769.0
2025-08-01,CI-0021,KA-04,17.0,799.0,13583.0
2025-08-01,CI-0021,KA-05,13.0,799.0,10387.0
2025-09-01,CI-0021,E-commerce,119.0,799.0,95081.0
2025-09-01,CI-0021,Marketplace,93.0,799.0,74307.0
2025-09-01,CI-0021,Loja própria,76.0,799.0,60724.0
2025-09-01,CI-0021,KA-01,42.0,799.0,33558.0
2025-09-01,CI-0021,KA-02,34.0,799.0,27166.0
2025-09-01,CI-0021,KA-03,29.0,799.0,23171.0
2025-09-01,CI-0021,KA-04,17.0,799.0,13583.0
2025-09-01,CI-0021,KA-05,12.0,799.0,9588.0
2025-10-01,CI-0021,E-commerce,117.0,799.0,93483.0
2025-10-01,CI-0021,Marketplace,92.0,799.0,73508.0
2025-10-01,CI-0021,Loja própria,75.0,799.0,59925.0
2025-10-01,CI-0021,KA-01,42.0,799.0,33558.0
2025-10-01,CI-0021,KA-02,33.0,799.0,26367.0
2025-10-01,CI-0021,KA-03,29.0,799.0,23171.0
2025-10-01,CI-0021,KA-04,16.0,799.0,12784.0
2025-10-01,CI-0021,KA-05,12.0,799.0,9588.0
2025-11-01,CI-0021,E-commerce,159.0,799.0,127041.0
2025-11-01,CI-0021,Marketplace,124.0,799.0,99076.0
2025-11-01,CI-0021,Loja própria,102.0,799.0,81498.0
2025-11-01,CI-0021,KA-01,56.0,799.0,44744.0
2025-11-01,CI-0021,KA-02,45.0,799.0,35955.0
2025-11-01,CI-0021,KA-03,39.0,799.0,31161.0
2025-11-01,CI-0021,KA-04,22.0,799.0,17578.0
2025-11-01,CI-0021,KA-05,17.0,799.0,13583.0
2025-12-01,CI-0021,E-commerce,110.0,799.0,8789.0
2025-12-01,CI-0021,Marketplace,86.0,799.0,68714.0
2025-12-01,CI-0021,Loja própria,70.0,799.0,5593.0
2025-12-01,CI-0021,KA-01,39.0,799.0,31161.0
2025-12-01,CI-0021,KA-02,31.0,799.0,24769.0
2025-12-01,CI-0021,KA-03,27.0,799.0,21573.0
2025-12-01,CI-0021,KA-04,15.0,799.0,11985.0
2025-12-01,CI-0021,KA-05,11.0,799.0,8789.0
2026-01-01,CI-0021,E-commerce,134.0,799.0,107066.0
2026-01-01,CI-0021,Marketplace,106.0,799.0,84694.0
2026-01-01,CI-0021,Loja própria,86.0,799.0,68714.0
2026-01-01,CI-0021,KA-01,48.0,799.0,38352.0
2026-01-01,CI-0021,KA-02,38.0,799.0,30362.0
2026-01-01,CI-0021,KA-03,33.0,799.0,26367.0
2026-01-01,CI-0021,KA-04,19.0,799.0,15181.0
2026-01-01,CI-0021,KA-05,14.0,799.0,11186.0
2026-02-01,CI-0021,E-commerce,123.0,799.0,98277.0
2026-02-01,CI-0021,Marketplace,97.0,799.0,77503.0
2026-02-01,CI-0021,Loja própria,79.0,799.0,63121.0
2026-02-01,CI-0021,KA-01,44.0,799.0,35156.0
2026-02-01,CI-0021,KA-02,35.0,799.0,27965.0
2026-02-01,CI-0021,KA-03,30.0,799.0,2397.0
2026-02-01,CI-0021,KA-04,17.0,799.0,13583.0
2026-02-01,CI-0021,KA-05,13.0,799.0,10387.0
2026-03-01,CI-0021,E-commerce,117.0,799.0,93483.0
2026-03-01,CI-0021,Marketplace,92.0,799.0,73508.0
2026-03-01,CI-0021,Loja própria,75.0,799.0,59925.0
2026-03-01,CI-0021,KA-01,41.0,799.0,32759.0
2026-03-01,CI-0021,KA-02,33.0,799.0,26367.0
2026-03-01,CI-0021,KA-03,29.0,799.0,23171.0
2026-03-01,CI-0021,KA-04,16.0,799.0,12784.0
2026-03-01,CI-0021,KA-05,12.0,799.0,9588.0
2026-04-01,CI-0021,E-commerce,117.0,799.0,93483.0
2026-04-01,CI-0021,Marketplace,92.0,799.0,73508.0
2026-04-01,CI-0021,Loja própria,75.0,799.0,59925.0
2026-04-01,CI-0021,KA-01,42.0,799.0,33558.0
2026-04-01,CI-0021,KA-02,33.0,799.0,26367.0
2026-04-01,CI-0021,KA-03,29.0,799.0,23171.0
2026-04-01,CI-0021,KA-04,16.0,799.0,12784.0
2026-04-01,CI-0021,KA-05,12.0,799.0,9588.0
2026-05-01,CI-0021,E-commerce,124.0,799.0,99076.0
2026-05-01,CI-0021,Marketplace,98.0,799.0,78302.0
2026-05-01,CI-0021,Loja própria,80.0,799.0,6392.0
2026-05-01,CI-0021,KA-01,44.0,799.0,35156.0
2026-05-01,CI-0021,KA-02,35.0,799.0,27965.0
2026-05-01,CI-0021,KA-03,31.0,799.0,24769.0
2026-05-01,CI-0021,KA-04,17.0,799.0,13583.0
2026-05-01,CI-0021,KA-05,13.0,799.0,10387.0
2026-06-01,CI-0021,E-commerce,119.0,799.0,95081.0
2026-06-01,CI-0021,Marketplace,93.0,799.0,74307.0
2026-06-01,CI-0021,Loja própria,76.0,799.0,60724.0
2026-06-01,CI-0021,KA-01,42.0,799.0,33558.0
2026-06-01,CI-0021,KA-02,34.0,799.0,27166.0
2026-06-01,CI-0021,KA-03,29.0,799.0,23171.0
2026-06-01,CI-0021,KA-04,17.0,799.0,13583.0
2026-06-01,CI-0021,KA-05,12.0,799.0,9588.0
2026-07-01,CI-0021,E-commerce,111.0,799.0,88689.0
2026-07-01,CI-0021,Marketplace,87.0,799.0,69513.0
2026-07-01,CI-0021,Loja própria,71.0,799.0,56729.0
2026-07-01,CI-0021,KA-01,39.0,799.0,31161.0
2026-07-01,CI-0021,KA-02,31.0,799.0,24769.0
2026-07-01,CI-0021,KA-03,27.0,799.0,21573.0
2026-07-01,CI-0021,KA-04,15.0,799.0,11985.0
2026-07-01,CI-0021,KA-05,11.0,799.0,8789.0
2026-08-01,CI-0021,E-commerce,118.0,799.0,94282.0
2026-08-01,CI-0021,Marketplace,93.0,799.0,74307.0
2026-08-01,CI-0021,Loja própria,76.0,799.0,60724.0
2026-08-01,CI-0021,KA-01,42.0,799.0,33558.0
2026-08-01,CI-0021,KA-02,33.0,799.0,26367.0
2026-08-01,CI-0021,KA-03,29.0,799.0,23171.0
2026-08-01,CI-0021,KA-04,16.0,799.0,12784.0
2026-08-01,CI-0021,KA-05,12.0,799.0,9588.0
2024-09-01,CI-0022,E-commerce,123.0,1149.0,141327.0
2024-09-01,CI-0022,Marketplace,97.0,1149.0,111453.0
2024-09-01,CI-0022,Loja própria,79.0,1149.0,90771.0
2024-09-01,CI-0022,KA-01,44.0,1149.0,50556.0
2024-09-01,CI-0022,KA-02,35.0,1149.0,40215.0
2024-09-01,CI-0022,KA-03,30.0,1149.0,3447.0
2024-09-01,CI-0022,KA-04,17.0,1149.0,19533.0
2024-09-01,CI-0022,KA-05,13.0,1149.0,14937.0
2024-10-01,CI-0022,E-commerce,127.0,1149.0,145923.0
2024-10-01,CI-0022,Marketplace,99.0,1149.0,113751.0
2024-10-01,CI-0022,Loja própria,81.0,1149.0,93069.0
2024-10-01,CI-0022,KA-01,45.0,1149.0,51705.0
2024-10-01,CI-0022,KA-02,36.0,1149.0,41364.0
2024-10-01,CI-0022,KA-03,31.0,1149.0,35619.0
2024-10-01,CI-0022,KA-04,18.0,1149.0,20682.0
2024-10-01,CI-0022,KA-05,13.0,1149.0,14937.0
2024-11-01,CI-0022,E-commerce,153.0,1149.0,175797.0
2024-11-01,CI-0022,Marketplace,120.0,1149.0,13788.0
2024-11-01,CI-0022,Loja própria,98.0,1149.0,112602.0
2024-11-01,CI-0022,KA-01,54.0,1149.0,62046.0
2024-11-01,CI-0022,KA-02,43.0,1149.0,49407.0
2024-11-01,CI-0022,KA-03,38.0,1149.0,43662.0
2024-11-01,CI-0022,KA-04,21.0,1149.0,24129.0
2024-11-01,CI-0022,KA-05,16.0,1149.0,18384.0
2024-12-01,CI-0022,E-commerce,139.0,1149.0,159711.0
2024-12-01,CI-0022,Marketplace,109.0,1149.0,125241.0
2024-12-01,CI-0022,Loja própria,89.0,1149.0,102261.0
2024-12-01,CI-0022,KA-01,49.0,1149.0,56301.0
2024-12-01,CI-0022,KA-02,39.0,1149.0,44811.0
2024-12-01,CI-0022,KA-03,34.0,1149.0,39066.0
2024-12-01,CI-0022,KA-04,19.0,1149.0,21831.0
2024-12-01,CI-0022,KA-05,14.0,1149.0,16086.0
2025-01-01,CI-0022,E-commerce,117.0,1149.0,134433.0
2025-01-01,CI-0022,Marketplace,92.0,1149.0,105708.0
2025-01-01,CI-0022,Loja própria,75.0,1149.0,86175.0
2025-01-01,CI-0022,KA-01,41.0,1149.0,47109.0
2025-01-01,CI-0022,KA-02,33.0,1149.0,37917.0
2025-01-01,CI-0022,KA-03,29.0,1149.0,33321.0
2025-01-01,CI-0022,KA-04,16.0,1149.0,18384.0
2025-01-01,CI-0022,KA-05,12.0,1149.0,13788.0
2025-02-01,CI-0022,E-commerce,133.0,1149.0,152817.0
2025-02-01,CI-0022,Marketplace,104.0,1149.0,119496.0
2025-02-01,CI-0022,Loja própria,85.0,1149.0,97665.0
2025-02-01,CI-0022,KA-01,47.0,1149.0,54003.0
2025-02-01,CI-0022,KA-02,38.0,1149.0,43662.0
2025-02-01,CI-0022,KA-03,33.0,1149.0,37917.0
2025-02-01,CI-0022,KA-04,19.0,1149.0,21831.0
2025-02-01,CI-0022,KA-05,14.0,1149.0,16086.0
2025-03-01,CI-0022,E-commerce,126.0,1149.0,144774.0
2025-03-01,CI-0022,Marketplace,99.0,1149.0,113751.0
2025-03-01,CI-0022,Loja própria,81.0,1149.0,93069.0
2025-03-01,CI-0022,KA-01,45.0,1149.0,51705.0
2025-03-01,CI-0022,KA-02,36.0,1149.0,41364.0
2025-03-01,CI-0022,KA-03,31.0,1149.0,35619.0
2025-03-01,CI-0022,KA-04,18.0,1149.0,20682.0
2025-03-01,CI-0022,KA-05,13.0,1149.0,14937.0
2025-04-01,CI-0022,E-commerce,145.0,1149.0,166605.0
2025-04-01,CI-0022,Marketplace,114.0,1149.0,130986.0
2025-04-01,CI-0022,Loja própria,93.0,1149.0,106857.0
2025-04-01,CI-0022,KA-01,52.0,1149.0,59748.0
2025-04-01,CI-0022,KA-02,41.0,1149.0,47109.0
2025-04-01,CI-0022,KA-03,36.0,1149.0,41364.0
2025-04-01,CI-0022,KA-04,20.0,1149.0,2298.0
2025-04-01,CI-0022,KA-05,15.0,1149.0,17235.0
2025-05-01,CI-0022,E-commerce,131.0,1149.0,150519.0
2025-05-01,CI-0022,Marketplace,103.0,1149.0,118347.0
2025-05-01,CI-0022,Loja própria,84.0,1149.0,96516.0
2025-05-01,CI-0022,KA-01,47.0,1149.0,54003.0
2025-05-01,CI-0022,KA-02,37.0,1149.0,42513.0
2025-05-01,CI-0022,KA-03,32.0,1149.0,36768.0
2025-05-01,CI-0022,KA-04,18.0,1149.0,20682.0
2025-05-01,CI-0022,KA-05,14.0,1149.0,16086.0
2025-06-01,CI-0022,E-commerce,145.0,1149.0,166605.0
2025-06-01,CI-0022,Marketplace,113.0,1149.0,129837.0
2025-06-01,CI-0022,Loja própria,93.0,1149.0,106857.0
2025-06-01,CI-0022,KA-01,51.0,1149.0,58599.0
2025-06-01,CI-0022,KA-02,41.0,1149.0,47109.0
2025-06-01,CI-0022,KA-03,36.0,1149.0,41364.0
2025-06-01,CI-0022,KA-04,20.0,1149.0,2298.0
2025-06-01,CI-0022,KA-05,15.0,1149.0,17235.0
2025-07-01,CI-0022,E-commerce,145.0,1149.0,166605.0
2025-07-01,CI-0022,Marketplace,114.0,1149.0,130986.0
2025-07-01,CI-0022,Loja própria,93.0,1149.0,106857.0
2025-07-01,CI-0022,KA-01,52.0,1149.0,59748.0
2025-07-01,CI-0022,KA-02,41.0,1149.0,47109.0
2025-07-01,CI-0022,KA-03,36.0,1149.0,41364.0
2025-07-01,CI-0022,KA-04,20.0,1149.0,2298.0
2025-07-01,CI-0022,KA-05,15.0,1149.0,17235.0
2025-08-01,CI-0022,E-commerce,128.0,1149.0,147072.0
2025-08-01,CI-0022,Marketplace,100.0,1149.0,11490.0
2025-08-01,CI-0022,Loja própria,82.0,1149.0,94218.0
2025-08-01,CI-0022,KA-01,45.0,1149.0,51705.0
2025-08-01,CI-0022,KA-02,36.0,1149.0,41364.0
2025-08-01,CI-0022,KA-03,32.0,1149.0,36768.0
2025-08-01,CI-0022,KA-04,18.0,1149.0,20682.0
2025-08-01,CI-0022,KA-05,13.0,1149.0,14937.0
2025-09-01,CI-0022,E-commerce,138.0,1149.0,158562.0
2025-09-01,CI-0022,Marketplace,108.0,1149.0,124092.0
2025-09-01,CI-0022,Loja própria,88.0,1149.0,101112.0
2025-09-01,CI-0022,KA-01,49.0,1149.0,56301.0
2025-09-01,CI-0022,KA-02,39.0,1149.0,44811.0
2025-09-01,CI-0022,KA-03,34.0,1149.0,39066.0
2025-09-01,CI-0022,KA-04,19.0,1149.0,21831.0
2025-09-01,CI-0022,KA-05,14.0,1149.0,16086.0
2025-10-01,CI-0022,E-commerce,124.0,1149.0,142476.0
2025-10-01,CI-0022,Marketplace,97.0,1149.0,111453.0
2025-10-01,CI-0022,Loja própria,79.0,1149.0,90771.0
2025-10-01,CI-0022,KA-01,44.0,1149.0,50556.0
2025-10-01,CI-0022,KA-02,35.0,1149.0,40215.0
2025-10-01,CI-0022,KA-03,31.0,1149.0,35619.0
2025-10-01,CI-0022,KA-04,17.0,1149.0,19533.0
2025-10-01,CI-0022,KA-05,13.0,1149.0,14937.0
2025-11-01,CI-0022,E-commerce,187.0,1149.0,214863.0
2025-11-01,CI-0022,Marketplace,146.0,1149.0,167754.0
2025-11-01,CI-0022,Loja própria,120.0,1149.0,13788.0
2025-11-01,CI-0022,KA-01,66.0,1149.0,75834.0
2025-11-01,CI-0022,KA-02,53.0,1149.0,60897.0
2025-11-01,CI-0022,KA-03,46.0,1149.0,52854.0
2025-11-01,CI-0022,KA-04,26.0,1149.0,29874.0
2025-11-01,CI-0022,KA-05,20.0,1149.0,2298.0
2025-12-01,CI-0022,E-commerce,119.0,1149.0,136731.0
2025-12-01,CI-0022,Marketplace,94.0,1149.0,108006.0
2025-12-01,CI-0022,Loja própria,77.0,1149.0,88473.0
2025-12-01,CI-0022,KA-01,42.0,1149.0,48258.0
2025-12-01,CI-0022,KA-02,34.0,1149.0,39066.0
2025-12-01,CI-0022,KA-03,29.0,1149.0,33321.0
2025-12-01,CI-0022,KA-04,17.0,1149.0,19533.0
2025-12-01,CI-0022,KA-05,12.0,1149.0,13788.0
2026-01-01,CI-0022,E-commerce,138.0,1149.0,158562.0
2026-01-01,CI-0022,Marketplace,109.0,1149.0,125241.0
2026-01-01,CI-0022,Loja própria,89.0,1149.0,102261.0
2026-01-01,CI-0022,KA-01,49.0,1149.0,56301.0
2026-01-01,CI-0022,KA-02,39.0,1149.0,44811.0
2026-01-01,CI-0022,KA-03,34.0,1149.0,39066.0
2026-01-01,CI-0022,KA-04,19.0,1149.0,21831.0
2026-01-01,CI-0022,KA-05,14.0,1149.0,16086.0
2026-02-01,CI-0022,E-commerce,135.0,1149.0,155115.0
2026-02-01,CI-0022,Marketplace,106.0,1149.0,121794.0
2026-02-01,CI-0022,Loja própria,86.0,1149.0,98814.0
2026-02-01,CI-0022,KA-01,48.0,1149.0,55152.0
2026-02-01,CI-0022,KA-02,38.0,1149.0,43662.0
2026-02-01,CI-0022,KA-03,33.0,1149.0,37917.0
2026-02-01,CI-0022,KA-04,19.0,1149.0,21831.0
2026-02-01,CI-0022,KA-05,14.0,1149.0,16086.0
2026-03-01,CI-0022,E-commerce,151.0,1149.0,173499.0
2026-03-01,CI-0022,Marketplace,119.0,1149.0,136731.0
2026-03-01,CI-0022,Loja própria,97.0,1149.0,111453.0
2026-03-01,CI-0022,KA-01,54.0,1149.0,62046.0
2026-03-01,CI-0022,KA-02,43.0,1149.0,49407.0
2026-03-01,CI-0022,KA-03,37.0,1149.0,42513.0
2026-03-01,CI-0022,KA-04,21.0,1149.0,24129.0
2026-03-01,CI-0022,KA-05,16.0,1149.0,18384.0
2026-04-01,CI-0022,E-commerce,140.0,1149.0,16086.0
2026-04-01,CI-0022,Marketplace,110.0,1149.0,12639.0
2026-04-01,CI-0022,Loja própria,90.0,1149.0,10341.0
2026-04-01,CI-0022,KA-01,50.0,1149.0,5745.0
2026-04-01,CI-0022,KA-02,40.0,1149.0,4596.0
2026-04-01,CI-0022,KA-03,35.0,1149.0,40215.0
2026-04-01,CI-0022,KA-04,20.0,1149.0,2298.0
2026-04-01,CI-0022,KA-05,15.0,1149.0,17235.0
2026-05-01,CI-0022,E-commerce,146.0,1149.0,167754.0
2026-05-01,CI-0022,Marketplace,115.0,1149.0,132135.0
2026-05-01,CI-0022,Loja própria,94.0,1149.0,108006.0
2026-05-01,CI-0022,KA-01,52.0,1149.0,59748.0
2026-05-01,CI-0022,KA-02,41.0,1149.0,47109.0
2026-05-01,CI-0022,KA-03,36.0,1149.0,41364.0
2026-05-01,CI-0022,KA-04,20.0,1149.0,2298.0
2026-05-01,CI-0022,KA-05,15.0,1149.0,17235.0
2026-06-01,CI-0022,E-commerce,136.0,1149.0,156264.0
2026-06-01,CI-0022,Marketplace,107.0,1149.0,122943.0
2026-06-01,CI-0022,Loja própria,88.0,1149.0,101112.0
2026-06-01,CI-0022,KA-01,48.0,1149.0,55152.0
2026-06-01,CI-0022,KA-02,39.0,1149.0,44811.0
2026-06-01,CI-0022,KA-03,34.0,1149.0,39066.0
2026-06-01,CI-0022,KA-04,19.0,1149.0,21831.0
2026-06-01,CI-0022,KA-05,14.0,1149.0,16086.0
2026-07-01,CI-0022,E-commerce,148.0,1149.0,170052.0
2026-07-01,CI-0022,Marketplace,116.0,1149.0,133284.0
2026-07-01,CI-0022,Loja própria,95.0,1149.0,109155.0
2026-07-01,CI-0022,KA-01,53.0,1149.0,60897.0
2026-07-01,CI-0022,KA-02,42.0,1149.0,48258.0
2026-07-01,CI-0022,KA-03,37.0,1149.0,42513.0
2026-07-01,CI-0022,KA-04,21.0,1149.0,24129.0
2026-07-01,CI-0022,KA-05,15.0,1149.0,17235.0
2026-08-01,CI-0022,E-commerce,134.0,1149.0,153966.0
2026-08-01,CI-0022,Marketplace,105.0,1149.0,120645.0
2026-08-01,CI-0022,Loja própria,86.0,1149.0,98814.0
2026-08-01,CI-0022,KA-01,47.0,1149.0,54003.0
2026-08-01,CI-0022,KA-02,38.0,1149.0,43662.0
2026-08-01,CI-0022,KA-03,33.0,1149.0,37917.0
2026-08-01,CI-0022,KA-04,19.0,1149.0,21831.0
2026-08-01,CI-0022,KA-05,14.0,1149.0,16086.0
2024-09-01,CI-0023,E-commerce,147.0,299.0,43953.0
2024-09-01,CI-0023,Marketplace,115.0,299.0,34385.0
2024-09-01,CI-0023,Loja própria,94.0,299.0,28106.0
2024-09-01,CI-0023,KA-01,52.0,299.0,15548.0
2024-09-01,CI-0023,KA-02,42.0,299.0,12558.0
2024-09-01,CI-0023,KA-03,36.0,299.0,10764.0
2024-09-01,CI-0023,KA-04,21.0,299.0,6279.0
2024-09-01,CI-0023,KA-05,15.0,299.0,4485.0
2024-10-01,CI-0023,E-commerce,129.0,299.0,38571.0
2024-10-01,CI-0023,Marketplace,102.0,299.0,30498.0
2024-10-01,CI-0023,Loja própria,83.0,299.0,24817.0
2024-10-01,CI-0023,KA-01,46.0,299.0,13754.0
2024-10-01,CI-0023,KA-02,37.0,299.0,11063.0
2024-10-01,CI-0023,KA-03,32.0,299.0,9568.0
2024-10-01,CI-0023,KA-04,18.0,299.0,5382.0
2024-10-01,CI-0023,KA-05,13.0,299.0,3887.0
2024-11-01,CI-0023,E-commerce,176.0,299.0,52624.0
2024-11-01,CI-0023,Marketplace,138.0,299.0,41262.0
2024-11-01,CI-0023,Loja própria,113.0,299.0,33787.0
2024-11-01,CI-0023,KA-01,63.0,299.0,18837.0
2024-11-01,CI-0023,KA-02,50.0,299.0,1495.0
2024-11-01,CI-0023,KA-03,44.0,299.0,13156.0
2024-11-01,CI-0023,KA-04,25.0,299.0,7475.0
2024-11-01,CI-0023,KA-05,18.0,299.0,5382.0
2024-12-01,CI-0023,E-commerce,158.0,299.0,47242.0
2024-12-01,CI-0023,Marketplace,124.0,299.0,37076.0
2024-12-01,CI-0023,Loja própria,102.0,299.0,30498.0
2024-12-01,CI-0023,KA-01,56.0,299.0,16744.0
2024-12-01,CI-0023,KA-02,45.0,299.0,13455.0
2024-12-01,CI-0023,KA-03,39.0,299.0,11661.0
2024-12-01,CI-0023,KA-04,22.0,299.0,6578.0
2024-12-01,CI-0023,KA-05,17.0,299.0,5083.0
2025-01-01,CI-0023,E-commerce,141.0,299.0,42159.0
2025-01-01,CI-0023,Marketplace,111.0,299.0,33189.0
2025-01-01,CI-0023,Loja própria,91.0,299.0,27209.0
2025-01-01,CI-0023,KA-01,50.0,299.0,1495.0
2025-01-01,CI-0023,KA-02,40.0,299.0,1196.0
2025-01-01,CI-0023,KA-03,35.0,299.0,10465.0
2025-01-01,CI-0023,KA-04,20.0,299.0,598.0
2025-01-01,CI-0023,KA-05,15.0,299.0,4485.0
2025-02-01,CI-0023,E-commerce,156.0,299.0,46644.0
2025-02-01,CI-0023,Marketplace,122.0,299.0,36478.0
2025-02-01,CI-0023,Loja própria,100.0,299.0,2990.0
2025-02-01,CI-0023,KA-01,55.0,299.0,16445.0
2025-02-01,CI-0023,KA-02,44.0,299.0,13156.0
2025-02-01,CI-0023,KA-03,39.0,299.0,11661.0
2025-02-01,CI-0023,KA-04,22.0,299.0,6578.0
2025-02-01,CI-0023,KA-05,16.0,299.0,4784.0
2025-03-01,CI-0023,E-commerce,158.0,299.0,47242.0
2025-03-01,CI-0023,Marketplace,124.0,299.0,37076.0
2025-03-01,CI-0023,Loja própria,102.0,299.0,30498.0
2025-03-01,CI-0023,KA-01,56.0,299.0,16744.0
2025-03-01,CI-0023,KA-02,45.0,299.0,13455.0
2025-03-01,CI-0023,KA-03,39.0,299.0,11661.0
2025-03-01,CI-0023,KA-04,22.0,299.0,6578.0
2025-03-01,CI-0023,KA-05,17.0,299.0,5083.0
2025-04-01,CI-0023,E-commerce,149.0,299.0,44551.0
2025-04-01,CI-0023,Marketplace,117.0,299.0,34983.0
2025-04-01,CI-0023,Loja própria,95.0,299.0,28405.0
2025-04-01,CI-0023,KA-01,53.0,299.0,15847.0
2025-04-01,CI-0023,KA-02,42.0,299.0,12558.0
2025-04-01,CI-0023,KA-03,37.0,299.0,11063.0
2025-04-01,CI-0023,KA-04,21.0,299.0,6279.0
2025-04-01,CI-0023,KA-05,15.0,299.0,4485.0
2025-05-01,CI-0023,E-commerce,140.0,299.0,4186.0
2025-05-01,CI-0023,Marketplace,110.0,299.0,3289.0
2025-05-01,CI-0023,Loja própria,90.0,299.0,2691.0
2025-05-01,CI-0023,KA-01,50.0,299.0,1495.0
2025-05-01,CI-0023,KA-02,40.0,299.0,1196.0
2025-05-01,CI-0023,KA-03,35.0,299.0,10465.0
2025-05-01,CI-0023,KA-04,20.0,299.0,598.0
2025-05-01,CI-0023,KA-05,15.0,299.0,4485.0
2025-06-01,CI-0023,E-commerce,140.0,299.0,4186.0
2025-06-01,CI-0023,Marketplace,110.0,299.0,3289.0
2025-06-01,CI-0023,Loja própria,90.0,299.0,2691.0
2025-06-01,CI-0023,KA-01,50.0,299.0,1495.0
2025-06-01,CI-0023,KA-02,40.0,299.0,1196.0
2025-06-01,CI-0023,KA-03,35.0,299.0,10465.0
2025-06-01,CI-0023,KA-04,20.0,299.0,598.0
2025-06-01,CI-0023,KA-05,15.0,299.0,4485.0
2025-07-01,CI-0023,E-commerce,131.0,299.0,39169.0
2025-07-01,CI-0023,Marketplace,103.0,299.0,30797.0
2025-07-01,CI-0023,Loja própria,84.0,299.0,25116.0
2025-07-01,CI-0023,KA-01,46.0,299.0,13754.0
2025-07-01,CI-0023,KA-02,37.0,299.0,11063.0
2025-07-01,CI-0023,KA-03,32.0,299.0,9568.0
2025-07-01,CI-0023,KA-04,18.0,299.0,5382.0
2025-07-01,CI-0023,KA-05,14.0,299.0,4186.0
2025-08-01,CI-0023,E-commerce,143.0,299.0,42757.0
2025-08-01,CI-0023,Marketplace,112.0,299.0,33488.0
2025-08-01,CI-0023,Loja própria,91.0,299.0,27209.0
2025-08-01,CI-0023,KA-01,51.0,299.0,15249.0
2025-08-01,CI-0023,KA-02,40.0,299.0,1196.0
2025-08-01,CI-0023,KA-03,35.0,299.0,10465.0
2025-08-01,CI-0023,KA-04,20.0,299.0,598.0
2025-08-01,CI-0023,KA-05,15.0,299.0,4485.0
2025-09-01,CI-0023,E-commerce,153.0,299.0,45747.0
2025-09-01,CI-0023,Marketplace,120.0,299.0,3588.0
2025-09-01,CI-0023,Loja própria,98.0,299.0,29302.0
2025-09-01,CI-0023,KA-01,54.0,299.0,16146.0
2025-09-01,CI-0023,KA-02,43.0,299.0,12857.0
2025-09-01,CI-0023,KA-03,38.0,299.0,11362.0
2025-09-01,CI-0023,KA-04,21.0,299.0,6279.0
2025-09-01,CI-0023,KA-05,16.0,299.0,4784.0
2025-10-01,CI-0023,E-commerce,164.0,299.0,49036.0
2025-10-01,CI-0023,Marketplace,128.0,299.0,38272.0
2025-10-01,CI-0023,Loja própria,105.0,299.0,31395.0
2025-10-01,CI-0023,KA-01,58.0,299.0,17342.0
2025-10-01,CI-0023,KA-02,46.0,299.0,13754.0
2025-10-01,CI-0023,KA-03,41.0,299.0,12259.0
2025-10-01,CI-0023,KA-04,23.0,299.0,6877.0
2025-10-01,CI-0023,KA-05,17.0,299.0,5083.0
2025-11-01,CI-0023,E-commerce,181.0,299.0,54119.0
2025-11-01,CI-0023,Marketplace,142.0,299.0,42458.0
2025-11-01,CI-0023,Loja própria,116.0,299.0,34684.0
2025-11-01,CI-0023,KA-01,64.0,299.0,19136.0
2025-11-01,CI-0023,KA-02,51.0,299.0,15249.0
2025-11-01,CI-0023,KA-03,45.0,299.0,13455.0
2025-11-01,CI-0023,KA-04,25.0,299.0,7475.0
2025-11-01,CI-0023,KA-05,19.0,299.0,5681.0
2025-12-01,CI-0023,E-commerce,148.0,299.0,44252.0
2025-12-01,CI-0023,Marketplace,116.0,299.0,34684.0
2025-12-01,CI-0023,Loja própria,95.0,299.0,28405.0
2025-12-01,CI-0023,KA-01,53.0,299.0,15847.0
2025-12-01,CI-0023,KA-02,42.0,299.0,12558.0
2025-12-01,CI-0023,KA-03,37.0,299.0,11063.0
2025-12-01,CI-0023,KA-04,21.0,299.0,6279.0
2025-12-01,CI-0023,KA-05,15.0,299.0,4485.0
2026-01-01,CI-0023,E-commerce,159.0,299.0,47541.0
2026-01-01,CI-0023,Marketplace,125.0,299.0,37375.0
2026-01-01,CI-0023,Loja própria,102.0,299.0,30498.0
2026-01-01,CI-0023,KA-01,57.0,299.0,17043.0
2026-01-01,CI-0023,KA-02,45.0,299.0,13455.0
2026-01-01,CI-0023,KA-03,39.0,299.0,11661.0
2026-01-01,CI-0023,KA-04,22.0,299.0,6578.0
2026-01-01,CI-0023,KA-05,17.0,299.0,5083.0
2026-02-01,CI-0023,E-commerce,162.0,299.0,48438.0
2026-02-01,CI-0023,Marketplace,127.0,299.0,37973.0
2026-02-01,CI-0023,Loja própria,104.0,299.0,31096.0
2026-02-01,CI-0023,KA-01,58.0,299.0,17342.0
2026-02-01,CI-0023,KA-02,46.0,299.0,13754.0
2026-02-01,CI-0023,KA-03,40.0,299.0,1196.0
2026-02-01,CI-0023,KA-04,23.0,299.0,6877.0
2026-02-01,CI-0023,KA-05,17.0,299.0,5083.0
2026-03-01,CI-0023,E-commerce,154.0,299.0,46046.0
2026-03-01,CI-0023,Marketplace,121.0,299.0,36179.0
2026-03-01,CI-0023,Loja própria,99.0,299.0,29601.0
2026-03-01,CI-0023,KA-01,55.0,299.0,16445.0
2026-03-01,CI-0023,KA-02,44.0,299.0,13156.0
2026-03-01,CI-0023,KA-03,38.0,299.0,11362.0
2026-03-01,CI-0023,KA-04,22.0,299.0,6578.0
2026-03-01,CI-0023,KA-05,16.0,299.0,4784.0
2026-04-01,CI-0023,E-commerce,149.0,299.0,44551.0
2026-04-01,CI-0023,Marketplace,117.0,299.0,34983.0
2026-04-01,CI-0023,Loja própria,95.0,299.0,28405.0
2026-04-01,CI-0023,KA-01,53.0,299.0,15847.0
2026-04-01,CI-0023,KA-02,42.0,299.0,12558.0
2026-04-01,CI-0023,KA-03,37.0,299.0,11063.0
2026-04-01,CI-0023,KA-04,21.0,299.0,6279.0
2026-04-01,CI-0023,KA-05,15.0,299.0,4485.0
2026-05-01,CI-0023,E-commerce,134.0,299.0,40066.0
2026-05-01,CI-0023,Marketplace,106.0,299.0,31694.0
2026-05-01,CI-0023,Loja própria,86.0,299.0,25714.0
2026-05-01,CI-0023,KA-01,48.0,299.0,14352.0
2026-05-01,CI-0023,KA-02,38.0,299.0,11362.0
2026-05-01,CI-0023,KA-03,33.0,299.0,9867.0
2026-05-01,CI-0023,KA-04,19.0,299.0,5681.0
2026-05-01,CI-0023,KA-05,14.0,299.0,4186.0
2026-06-01,CI-0023,E-commerce,169.0,299.0,50531.0
2026-06-01,CI-0023,Marketplace,133.0,299.0,39767.0
2026-06-01,CI-0023,Loja própria,109.0,299.0,32591.0
2026-06-01,CI-0023,KA-01,60.0,299.0,1794.0
2026-06-01,CI-0023,KA-02,48.0,299.0,14352.0
2026-06-01,CI-0023,KA-03,42.0,299.0,12558.0
2026-06-01,CI-0023,KA-04,24.0,299.0,7176.0
2026-06-01,CI-0023,KA-05,18.0,299.0,5382.0
2026-07-01,CI-0023,E-commerce,138.0,299.0,41262.0
2026-07-01,CI-0023,Marketplace,108.0,299.0,32292.0
2026-07-01,CI-0023,Loja própria,88.0,299.0,26312.0
2026-07-01,CI-0023,KA-01,49.0,299.0,14651.0
2026-07-01,CI-0023,KA-02,39.0,299.0,11661.0
2026-07-01,CI-0023,KA-03,34.0,299.0,10166.0
2026-07-01,CI-0023,KA-04,19.0,299.0,5681.0
2026-07-01,CI-0023,KA-05,14.0,299.0,4186.0
2026-08-01,CI-0023,E-commerce,160.0,299.0,4784.0
2026-08-01,CI-0023,Marketplace,126.0,299.0,37674.0
2026-08-01,CI-0023,Loja própria,103.0,299.0,30797.0
2026-08-01,CI-0023,KA-01,57.0,299.0,17043.0
2026-08-01,CI-0023,KA-02,45.0,299.0,13455.0
2026-08-01,CI-0023,KA-03,40.0,299.0,1196.0
2026-08-01,CI-0023,KA-04,22.0,299.0,6578.0
2026-08-01,CI-0023,KA-05,17.0,299.0,5083.0
2024-09-01,CI-0024,E-commerce,161.0,299.0,48139.0
2024-09-01,CI-0024,Marketplace,126.0,299.0,37674.0
2024-09-01,CI-0024,Loja própria,103.0,299.0,30797.0
2024-09-01,CI-0024,KA-01,57.0,299.0,17043.0
2024-09-01,CI-0024,KA-02,46.0,299.0,13754.0
2024-09-01,CI-0024,KA-03,40.0,299.0,1196.0
2024-09-01,CI-0024,KA-04,23.0,299.0,6877.0
2024-09-01,CI-0024,KA-05,17.0,299.0,5083.0
2024-10-01,CI-0024,E-commerce,166.0,299.0,49634.0
2024-10-01,CI-0024,Marketplace,130.0,299.0,3887.0
2024-10-01,CI-0024,Loja própria,106.0,299.0,31694.0
2024-10-01,CI-0024,KA-01,59.0,299.0,17641.0
2024-10-01,CI-0024,KA-02,47.0,299.0,14053.0
2024-10-01,CI-0024,KA-03,41.0,299.0,12259.0
2024-10-01,CI-0024,KA-04,23.0,299.0,6877.0
2024-10-01,CI-0024,KA-05,17.0,299.0,5083.0
2024-11-01,CI-0024,E-commerce,203.0,299.0,60697.0
2024-11-01,CI-0024,Marketplace,159.0,299.0,47541.0
2024-11-01,CI-0024,Loja própria,130.0,299.0,3887.0
2024-11-01,CI-0024,KA-01,72.0,299.0,21528.0
2024-11-01,CI-0024,KA-02,58.0,299.0,17342.0
2024-11-01,CI-0024,KA-03,50.0,299.0,1495.0
2024-11-01,CI-0024,KA-04,29.0,299.0,8671.0
2024-11-01,CI-0024,KA-05,21.0,299.0,6279.0
2024-12-01,CI-0024,E-commerce,154.0,299.0,46046.0
2024-12-01,CI-0024,Marketplace,121.0,299.0,36179.0
2024-12-01,CI-0024,Loja própria,99.0,299.0,29601.0
2024-12-01,CI-0024,KA-01,55.0,299.0,16445.0
2024-12-01,CI-0024,KA-02,44.0,299.0,13156.0
2024-12-01,CI-0024,KA-03,38.0,299.0,11362.0
2024-12-01,CI-0024,KA-04,22.0,299.0,6578.0
2024-12-01,CI-0024,KA-05,16.0,299.0,4784.0
2025-01-01,CI-0024,E-commerce,140.0,299.0,4186.0
2025-01-01,CI-0024,Marketplace,110.0,299.0,3289.0
2025-01-01,CI-0024,Loja própria,90.0,299.0,2691.0
2025-01-01,CI-0024,KA-01,50.0,299.0,1495.0
2025-01-01,CI-0024,KA-02,40.0,299.0,1196.0
2025-01-01,CI-0024,KA-03,35.0,299.0,10465.0
2025-01-01,CI-0024,KA-04,20.0,299.0,598.0
2025-01-01,CI-0024,KA-05,15.0,299.0,4485.0
2025-02-01,CI-0024,E-commerce,168.0,299.0,50232.0
2025-02-01,CI-0024,Marketplace,132.0,299.0,39468.0
2025-02-01,CI-0024,Loja própria,108.0,299.0,32292.0
2025-02-01,CI-0024,KA-01,60.0,299.0,1794.0
2025-02-01,CI-0024,KA-02,48.0,299.0,14352.0
2025-02-01,CI-0024,KA-03,42.0,299.0,12558.0
2025-02-01,CI-0024,KA-04,24.0,299.0,7176.0
2025-02-01,CI-0024,KA-05,18.0,299.0,5382.0
2025-03-01,CI-0024,E-commerce,149.0,299.0,44551.0
2025-03-01,CI-0024,Marketplace,117.0,299.0,34983.0
2025-03-01,CI-0024,Loja própria,95.0,299.0,28405.0
2025-03-01,CI-0024,KA-01,53.0,299.0,15847.0
2025-03-01,CI-0024,KA-02,42.0,299.0,12558.0
2025-03-01,CI-0024,KA-03,37.0,299.0,11063.0
2025-03-01,CI-0024,KA-04,21.0,299.0,6279.0
2025-03-01,CI-0024,KA-05,15.0,299.0,4485.0
2025-04-01,CI-0024,E-commerce,177.0,299.0,52923.0
2025-04-01,CI-0024,Marketplace,139.0,299.0,41561.0
2025-04-01,CI-0024,Loja própria,114.0,299.0,34086.0
2025-04-01,CI-0024,KA-01,63.0,299.0,18837.0
2025-04-01,CI-0024,KA-02,50.0,299.0,1495.0
2025-04-01,CI-0024,KA-03,44.0,299.0,13156.0
2025-04-01,CI-0024,KA-04,25.0,299.0,7475.0
2025-04-01,CI-0024,KA-05,19.0,299.0,5681.0
2025-05-01,CI-0024,E-commerce,148.0,299.0,44252.0
2025-05-01,CI-0024,Marketplace,117.0,299.0,34983.0
2025-05-01,CI-0024,Loja própria,95.0,299.0,28405.0
2025-05-01,CI-0024,KA-01,53.0,299.0,15847.0
2025-05-01,CI-0024,KA-02,42.0,299.0,12558.0
2025-05-01,CI-0024,KA-03,37.0,299.0,11063.0
2025-05-01,CI-0024,KA-04,21.0,299.0,6279.0
2025-05-01,CI-0024,KA-05,15.0,299.0,4485.0
2025-06-01,CI-0024,E-commerce,145.0,299.0,43355.0
2025-06-01,CI-0024,Marketplace,113.0,299.0,33787.0
2025-06-01,CI-0024,Loja própria,93.0,299.0,27807.0
2025-06-01,CI-0024,KA-01,51.0,299.0,15249.0
2025-06-01,CI-0024,KA-02,41.0,299.0,12259.0
2025-06-01,CI-0024,KA-03,36.0,299.0,10764.0
2025-06-01,CI-0024,KA-04,20.0,299.0,598.0
2025-06-01,CI-0024,KA-05,15.0,299.0,4485.0
2025-07-01,CI-0024,E-commerce,144.0,299.0,43056.0
2025-07-01,CI-0024,Marketplace,113.0,299.0,33787.0
2025-07-01,CI-0024,Loja própria,92.0,299.0,27508.0
2025-07-01,CI-0024,KA-01,51.0,299.0,15249.0
2025-07-01,CI-0024,KA-02,41.0,299.0,12259.0
2025-07-01,CI-0024,KA-03,36.0,299.0,10764.0
2025-07-01,CI-0024,KA-04,20.0,299.0,598.0
2025-07-01,CI-0024,KA-05,15.0,299.0,4485.0
2025-08-01,CI-0024,E-commerce,174.0,299.0,52026.0
2025-08-01,CI-0024,Marketplace,137.0,299.0,40963.0
2025-08-01,CI-0024,Loja própria,112.0,299.0,33488.0
2025-08-01,CI-0024,KA-01,62.0,299.0,18538.0
2025-08-01,CI-0024,KA-02,49.0,299.0,14651.0
2025-08-01,CI-0024,KA-03,43.0,299.0,12857.0
2025-08-01,CI-0024,KA-04,24.0,299.0,7176.0
2025-08-01,CI-0024,KA-05,18.0,299.0,5382.0
2025-09-01,CI-0024,E-commerce,175.0,299.0,52325.0
2025-09-01,CI-0024,Marketplace,138.0,299.0,41262.0
2025-09-01,CI-0024,Loja própria,113.0,299.0,33787.0
2025-09-01,CI-0024,KA-01,62.0,299.0,18538.0
2025-09-01,CI-0024,KA-02,50.0,299.0,1495.0
2025-09-01,CI-0024,KA-03,43.0,299.0,12857.0
2025-09-01,CI-0024,KA-04,25.0,299.0,7475.0
2025-09-01,CI-0024,KA-05,18.0,299.0,5382.0
2025-10-01,CI-0024,E-commerce,165.0,299.0,49335.0
2025-10-01,CI-0024,Marketplace,130.0,299.0,3887.0
2025-10-01,CI-0024,Loja própria,106.0,299.0,31694.0
2025-10-01,CI-0024,KA-01,59.0,299.0,17641.0
2025-10-01,CI-0024,KA-02,47.0,299.0,14053.0
2025-10-01,CI-0024,KA-03,41.0,299.0,12259.0
2025-10-01,CI-0024,KA-04,23.0,299.0,6877.0
2025-10-01,CI-0024,KA-05,17.0,299.0,5083.0
2025-11-01,CI-0024,E-commerce,202.0,299.0,60398.0
2025-11-01,CI-0024,Marketplace,158.0,299.0,47242.0
2025-11-01,CI-0024,Loja própria,129.0,299.0,38571.0
2025-11-01,CI-0024,KA-01,72.0,299.0,21528.0
2025-11-01,CI-0024,KA-02,57.0,299.0,17043.0
2025-11-01,CI-0024,KA-03,50.0,299.0,1495.0
2025-11-01,CI-0024,KA-04,28.0,299.0,8372.0
2025-11-01,CI-0024,KA-05,21.0,299.0,6279.0
2025-12-01,CI-0024,E-commerce,163.0,299.0,48737.0
2025-12-01,CI-0024,Marketplace,128.0,299.0,38272.0
2025-12-01,CI-0024,Loja própria,104.0,299.0,31096.0
2025-12-01,CI-0024,KA-01,58.0,299.0,17342.0
2025-12-01,CI-0024,KA-02,46.0,299.0,13754.0
2025-12-01,CI-0024,KA-03,40.0,299.0,1196.0
2025-12-01,CI-0024,KA-04,23.0,299.0,6877.0
2025-12-01,CI-0024,KA-05,17.0,299.0,5083.0
2026-01-01,CI-0024,E-commerce,151.0,299.0,45149.0
2026-01-01,CI-0024,Marketplace,119.0,299.0,35581.0
2026-01-01,CI-0024,Loja própria,97.0,299.0,29003.0
2026-01-01,CI-0024,KA-01,54.0,299.0,16146.0
2026-01-01,CI-0024,KA-02,43.0,299.0,12857.0
2026-01-01,CI-0024,KA-03,37.0,299.0,11063.0
2026-01-01,CI-0024,KA-04,21.0,299.0,6279.0
2026-01-01,CI-0024,KA-05,16.0,299.0,4784.0
2026-02-01,CI-0024,E-commerce,179.0,299.0,53521.0
2026-02-01,CI-0024,Marketplace,141.0,299.0,42159.0
2026-02-01,CI-0024,Loja própria,115.0,299.0,34385.0
2026-02-01,CI-0024,KA-01,64.0,299.0,19136.0
2026-02-01,CI-0024,KA-02,51.0,299.0,15249.0
2026-02-01,CI-0024,KA-03,44.0,299.0,13156.0
2026-02-01,CI-0024,KA-04,25.0,299.0,7475.0
2026-02-01,CI-0024,KA-05,19.0,299.0,5681.0
2026-03-01,CI-0024,E-commerce,185.0,299.0,55315.0
2026-03-01,CI-0024,Marketplace,145.0,299.0,43355.0
2026-03-01,CI-0024,Loja própria,119.0,299.0,35581.0
2026-03-01,CI-0024,KA-01,66.0,299.0,19734.0
2026-03-01,CI-0024,KA-02,52.0,299.0,15548.0
2026-03-01,CI-0024,KA-03,46.0,299.0,13754.0
2026-03-01,CI-0024,KA-04,26.0,299.0,7774.0
2026-03-01,CI-0024,KA-05,19.0,299.0,5681.0
2026-04-01,CI-0024,E-commerce,162.0,299.0,48438.0
2026-04-01,CI-0024,Marketplace,127.0,299.0,37973.0
2026-04-01,CI-0024,Loja própria,104.0,299.0,31096.0
2026-04-01,CI-0024,KA-01,58.0,299.0,17342.0
2026-04-01,CI-0024,KA-02,46.0,299.0,13754.0
2026-04-01,CI-0024,KA-03,40.0,299.0,1196.0
2026-04-01,CI-0024,KA-04,23.0,299.0,6877.0
2026-04-01,CI-0024,KA-05,17.0,299.0,5083.0
2026-05-01,CI-0024,E-commerce,174.0,299.0,52026.0
2026-05-01,CI-0024,Marketplace,137.0,299.0,40963.0
2026-05-01,CI-0024,Loja própria,112.0,299.0,33488.0
2026-05-01,CI-0024,KA-01,62.0,299.0,18538.0
2026-05-01,CI-0024,KA-02,49.0,299.0,14651.0
2026-05-01,CI-0024,KA-03,43.0,299.0,12857.0
2026-05-01,CI-0024,KA-04,24.0,299.0,7176.0
2026-05-01,CI-0024,KA-05,18.0,299.0,5382.0
2026-06-01,CI-0024,E-commerce,158.0,299.0,47242.0
2026-06-01,CI-0024,Marketplace,124.0,299.0,37076.0
2026-06-01,CI-0024,Loja própria,101.0,299.0,30199.0
2026-06-01,CI-0024,KA-01,56.0,299.0,16744.0
2026-06-01,CI-0024,KA-02,45.0,299.0,13455.0
2026-06-01,CI-0024,KA-03,39.0,299.0,11661.0
2026-06-01,CI-0024,KA-04,22.0,299.0,6578.0
2026-06-01,CI-0024,KA-05,16.0,299.0,4784.0
2026-07-01,CI-0024,E-commerce,183.0,299.0,54717.0
2026-07-01,CI-0024,Marketplace,143.0,299.0,42757.0
2026-07-01,CI-0024,Loja própria,117.0,299.0,34983.0
2026-07-01,CI-0024,KA-01,65.0,299.0,19435.0
2026-07-01,CI-0024,KA-02,52.0,299.0,15548.0
2026-07-01,CI-0024,KA-03,45.0,299.0,13455.0
2026-07-01,CI-0024,KA-04,26.0,299.0,7774.0
2026-07-01,CI-0024,KA-05,19.0,299.0,5681.0
2026-08-01,CI-0024,E-commerce,171.0,299.0,51129.0
2026-08-01,CI-0024,Marketplace,134.0,299.0,40066.0
2026-08-01,CI-0024,Loja própria,109.0,299.0,32591.0
2026-08-01,CI-0024,KA-01,61.0,299.0,18239.0
2026-08-01,CI-0024,KA-02,48.0,299.0,14352.0
2026-08-01,CI-0024,KA-03,42.0,299.0,12558.0
2026-08-01,CI-0024,KA-04,24.0,299.0,7176.0
2026-08-01,CI-0024,KA-05,18.0,299.0,5382.0
2024-09-01,CI-0025,E-commerce,162.0,899.0,145638.0
2024-09-01,CI-0025,Marketplace,127.0,899.0,114173.0
2024-09-01,CI-0025,Loja própria,104.0,899.0,93496.0
2024-09-01,CI-0025,KA-01,57.0,899.0,51243.0
2024-09-01,CI-0025,KA-02,46.0,899.0,41354.0
2024-09-01,CI-0025,KA-03,40.0,899.0,3596.0
2024-09-01,CI-0025,KA-04,23.0,899.0,20677.0
2024-09-01,CI-0025,KA-05,17.0,899.0,15283.0
2024-10-01,CI-0025,E-commerce,168.0,899.0,151032.0
2024-10-01,CI-0025,Marketplace,132.0,899.0,118668.0
2024-10-01,CI-0025,Loja própria,108.0,899.0,97092.0
2024-10-01,CI-0025,KA-01,60.0,899.0,5394.0
2024-10-01,CI-0025,KA-02,48.0,899.0,43152.0
2024-10-01,CI-0025,KA-03,42.0,899.0,37758.0
2024-10-01,CI-0025,KA-04,24.0,899.0,21576.0
2024-10-01,CI-0025,KA-05,18.0,899.0,16182.0
2024-11-01,CI-0025,E-commerce,231.0,899.0,207669.0
2024-11-01,CI-0025,Marketplace,181.0,899.0,162719.0
2024-11-01,CI-0025,Loja própria,148.0,899.0,133052.0
2024-11-01,CI-0025,KA-01,82.0,899.0,73718.0
2024-11-01,CI-0025,KA-02,66.0,899.0,59334.0
2024-11-01,CI-0025,KA-03,57.0,899.0,51243.0
2024-11-01,CI-0025,KA-04,33.0,899.0,29667.0
2024-11-01,CI-0025,KA-05,24.0,899.0,21576.0
2024-12-01,CI-0025,E-commerce,164.0,899.0,147436.0
2024-12-01,CI-0025,Marketplace,128.0,899.0,115072.0
2024-12-01,CI-0025,Loja própria,105.0,899.0,94395.0
2024-12-01,CI-0025,KA-01,58.0,899.0,52142.0
2024-12-01,CI-0025,KA-02,46.0,899.0,41354.0
2024-12-01,CI-0025,KA-03,41.0,899.0,36859.0
2024-12-01,CI-0025,KA-04,23.0,899.0,20677.0
2024-12-01,CI-0025,KA-05,17.0,899.0,15283.0
2025-01-01,CI-0025,E-commerce,372.0,899.0,334428.0
2025-01-01,CI-0025,Marketplace,292.0,899.0,262508.0
2025-01-01,CI-0025,Loja própria,239.0,899.0,214861.0
2025-01-01,CI-0025,KA-01,132.0,899.0,118668.0
2025-01-01,CI-0025,KA-02,106.0,899.0,95294.0
2025-01-01,CI-0025,KA-03,93.0,899.0,83607.0
2025-01-01,CI-0025,KA-04,53.0,899.0,47647.0
2025-01-01,CI-0025,KA-05,39.0,899.0,35061.0
2025-02-01,CI-0025,E-commerce,454.0,899.0,408146.0
2025-02-01,CI-0025,Marketplace,357.0,899.0,320943.0
2025-02-01,CI-0025,Loja própria,292.0,899.0,262508.0
2025-02-01,CI-0025,KA-01,162.0,899.0,145638.0
2025-02-01,CI-0025,KA-02,129.0,899.0,115971.0
2025-02-01,CI-0025,KA-03,113.0,899.0,101587.0
2025-02-01,CI-0025,KA-04,64.0,899.0,57536.0
2025-02-01,CI-0025,KA-05,48.0,899.0,43152.0
2025-03-01,CI-0025,E-commerce,159.0,899.0,142941.0
2025-03-01,CI-0025,Marketplace,124.0,899.0,111476.0
2025-03-01,CI-0025,Loja própria,102.0,899.0,91698.0
2025-03-01,CI-0025,KA-01,56.0,899.0,50344.0
2025-03-01,CI-0025,KA-02,45.0,899.0,40455.0
2025-03-01,CI-0025,KA-03,39.0,899.0,35061.0
2025-03-01,CI-0025,KA-04,22.0,899.0,19778.0
2025-03-01,CI-0025,KA-05,17.0,899.0,15283.0
2025-04-01,CI-0025,E-commerce,165.0,899.0,148335.0
2025-04-01,CI-0025,Marketplace,129.0,899.0,115971.0
2025-04-01,CI-0025,Loja própria,106.0,899.0,95294.0
2025-04-01,CI-0025,KA-01,59.0,899.0,53041.0
2025-04-01,CI-0025,KA-02,47.0,899.0,42253.0
2025-04-01,CI-0025,KA-03,41.0,899.0,36859.0
2025-04-01,CI-0025,KA-04,23.0,899.0,20677.0
2025-04-01,CI-0025,KA-05,17.0,899.0,15283.0
2025-05-01,CI-0025,E-commerce,166.0,899.0,149234.0
2025-05-01,CI-0025,Marketplace,130.0,899.0,11687.0
2025-05-01,CI-0025,Loja própria,106.0,899.0,95294.0
2025-05-01,CI-0025,KA-01,59.0,899.0,53041.0
2025-05-01,CI-0025,KA-02,47.0,899.0,42253.0
2025-05-01,CI-0025,KA-03,41.0,899.0,36859.0
2025-05-01,CI-0025,KA-04,23.0,899.0,20677.0
2025-05-01,CI-0025,KA-05,17.0,899.0,15283.0
2025-06-01,CI-0025,E-commerce,176.0,899.0,158224.0
2025-06-01,CI-0025,Marketplace,138.0,899.0,124062.0
2025-06-01,CI-0025,Loja própria,113.0,899.0,101587.0
2025-06-01,CI-0025,KA-01,62.0,899.0,55738.0
2025-06-01,CI-0025,KA-02,50.0,899.0,4495.0
2025-06-01,CI-0025,KA-03,44.0,899.0,39556.0
2025-06-01,CI-0025,KA-04,25.0,899.0,22475.0
2025-06-01,CI-0025,KA-05,18.0,899.0,16182.0
2025-07-01,CI-0025,E-commerce,169.0,899.0,151931.0
2025-07-01,CI-0025,Marketplace,133.0,899.0,119567.0
2025-07-01,CI-0025,Loja própria,108.0,899.0,97092.0
2025-07-01,CI-0025,KA-01,60.0,899.0,5394.0
2025-07-01,CI-0025,KA-02,48.0,899.0,43152.0
2025-07-01,CI-0025,KA-03,42.0,899.0,37758.0
2025-07-01,CI-0025,KA-04,24.0,899.0,21576.0
2025-07-01,CI-0025,KA-05,18.0,899.0,16182.0
2025-08-01,CI-0025,E-commerce,181.0,899.0,162719.0
2025-08-01,CI-0025,Marketplace,142.0,899.0,127658.0
2025-08-01,CI-0025,Loja própria,116.0,899.0,104284.0
2025-08-01,CI-0025,KA-01,64.0,899.0,57536.0
2025-08-01,CI-0025,KA-02,51.0,899.0,45849.0
2025-08-01,CI-0025,KA-03,45.0,899.0,40455.0
2025-08-01,CI-0025,KA-04,25.0,899.0,22475.0
2025-08-01,CI-0025,KA-05,19.0,899.0,17081.0
2025-09-01,CI-0025,E-commerce,197.0,899.0,177103.0
2025-09-01,CI-0025,Marketplace,155.0,899.0,139345.0
2025-09-01,CI-0025,Loja própria,126.0,899.0,113274.0
2025-09-01,CI-0025,KA-01,70.0,899.0,6293.0
2025-09-01,CI-0025,KA-02,56.0,899.0,50344.0
2025-09-01,CI-0025,KA-03,49.0,899.0,44051.0
2025-09-01,CI-0025,KA-04,28.0,899.0,25172.0
2025-09-01,CI-0025,KA-05,21.0,899.0,18879.0
2025-10-01,CI-0025,E-commerce,164.0,899.0,147436.0
2025-10-01,CI-0025,Marketplace,129.0,899.0,115971.0
2025-10-01,CI-0025,Loja própria,105.0,899.0,94395.0
2025-10-01,CI-0025,KA-01,58.0,899.0,52142.0
2025-10-01,CI-0025,KA-02,46.0,899.0,41354.0
2025-10-01,CI-0025,KA-03,41.0,899.0,36859.0
2025-10-01,CI-0025,KA-04,23.0,899.0,20677.0
2025-10-01,CI-0025,KA-05,17.0,899.0,15283.0
2025-11-01,CI-0025,E-commerce,228.0,899.0,204972.0
2025-11-01,CI-0025,Marketplace,179.0,899.0,160921.0
2025-11-01,CI-0025,Loja própria,147.0,899.0,132153.0
2025-11-01,CI-0025,KA-01,81.0,899.0,72819.0
2025-11-01,CI-0025,KA-02,65.0,899.0,58435.0
2025-11-01,CI-0025,KA-03,57.0,899.0,51243.0
2025-11-01,CI-0025,KA-04,32.0,899.0,28768.0
2025-11-01,CI-0025,KA-05,24.0,899.0,21576.0
2025-12-01,CI-0025,E-commerce,195.0,899.0,175305.0
2025-12-01,CI-0025,Marketplace,153.0,899.0,137547.0
2025-12-01,CI-0025,Loja própria,125.0,899.0,112375.0
2025-12-01,CI-0025,KA-01,69.0,899.0,62031.0
2025-12-01,CI-0025,KA-02,55.0,899.0,49445.0
2025-12-01,CI-0025,KA-03,48.0,899.0,43152.0
2025-12-01,CI-0025,KA-04,27.0,899.0,24273.0
2025-12-01,CI-0025,KA-05,20.0,899.0,1798.0
2026-01-01,CI-0025,E-commerce,396.0,899.0,356004.0
2026-01-01,CI-0025,Marketplace,311.0,899.0,279589.0
2026-01-01,CI-0025,Loja própria,254.0,899.0,228346.0
2026-01-01,CI-0025,KA-01,141.0,899.0,126759.0
2026-01-01,CI-0025,KA-02,113.0,899.0,101587.0
2026-01-01,CI-0025,KA-03,99.0,899.0,89001.0
2026-01-01,CI-0025,KA-04,56.0,899.0,50344.0
2026-01-01,CI-0025,KA-05,42.0,899.0,37758.0
2026-02-01,CI-0025,E-commerce,425.0,899.0,382075.0
2026-02-01,CI-0025,Marketplace,334.0,899.0,300266.0
2026-02-01,CI-0025,Loja própria,273.0,899.0,245427.0
2026-02-01,CI-0025,KA-01,152.0,899.0,136648.0
2026-02-01,CI-0025,KA-02,121.0,899.0,108779.0
2026-02-01,CI-0025,KA-03,106.0,899.0,95294.0
2026-02-01,CI-0025,KA-04,60.0,899.0,5394.0
2026-02-01,CI-0025,KA-05,45.0,899.0,40455.0
2026-03-01,CI-0025,E-commerce,161.0,899.0,144739.0
2026-03-01,CI-0025,Marketplace,127.0,899.0,114173.0
2026-03-01,CI-0025,Loja própria,104.0,899.0,93496.0
2026-03-01,CI-0025,KA-01,57.0,899.0,51243.0
2026-03-01,CI-0025,KA-02,46.0,899.0,41354.0
2026-03-01,CI-0025,KA-03,40.0,899.0,3596.0
2026-03-01,CI-0025,KA-04,23.0,899.0,20677.0
2026-03-01,CI-0025,KA-05,17.0,899.0,15283.0
2026-04-01,CI-0025,E-commerce,179.0,899.0,160921.0
2026-04-01,CI-0025,Marketplace,141.0,899.0,126759.0
2026-04-01,CI-0025,Loja própria,115.0,899.0,103385.0
2026-04-01,CI-0025,KA-01,64.0,899.0,57536.0
2026-04-01,CI-0025,KA-02,51.0,899.0,45849.0
2026-04-01,CI-0025,KA-03,44.0,899.0,39556.0
2026-04-01,CI-0025,KA-04,25.0,899.0,22475.0
2026-04-01,CI-0025,KA-05,19.0,899.0,17081.0
2026-05-01,CI-0025,E-commerce,173.0,899.0,155527.0
2026-05-01,CI-0025,Marketplace,136.0,899.0,122264.0
2026-05-01,CI-0025,Loja própria,111.0,899.0,99789.0
2026-05-01,CI-0025,KA-01,62.0,899.0,55738.0
2026-05-01,CI-0025,KA-02,49.0,899.0,44051.0
2026-05-01,CI-0025,KA-03,43.0,899.0,38657.0
2026-05-01,CI-0025,KA-04,24.0,899.0,21576.0
2026-05-01,CI-0025,KA-05,18.0,899.0,16182.0
2026-06-01,CI-0025,E-commerce,184.0,899.0,165416.0
2026-06-01,CI-0025,Marketplace,144.0,899.0,129456.0
2026-06-01,CI-0025,Loja própria,118.0,899.0,106082.0
2026-06-01,CI-0025,KA-01,65.0,899.0,58435.0
2026-06-01,CI-0025,KA-02,52.0,899.0,46748.0
2026-06-01,CI-0025,KA-03,46.0,899.0,41354.0
2026-06-01,CI-0025,KA-04,26.0,899.0,23374.0
2026-06-01,CI-0025,KA-05,19.0,899.0,17081.0
2026-07-01,CI-0025,E-commerce,194.0,899.0,174406.0
2026-07-01,CI-0025,Marketplace,152.0,899.0,136648.0
2026-07-01,CI-0025,Loja própria,125.0,899.0,112375.0
2026-07-01,CI-0025,KA-01,69.0,899.0,62031.0
2026-07-01,CI-0025,KA-02,55.0,899.0,49445.0
2026-07-01,CI-0025,KA-03,48.0,899.0,43152.0
2026-07-01,CI-0025,KA-04,27.0,899.0,24273.0
2026-07-01,CI-0025,KA-05,20.0,899.0,1798.0
2026-08-01,CI-0025,E-commerce,172.0,899.0,154628.0
2026-08-01,CI-0025,Marketplace,135.0,899.0,121365.0
2026-08-01,CI-0025,Loja própria,110.0,899.0,9889.0
2026-08-01,CI-0025,KA-01,61.0,899.0,54839.0
2026-08-01,CI-0025,KA-02,49.0,899.0,44051.0
2026-08-01,CI-0025,KA-03,43.0,899.0,38657.0
2026-08-01,CI-0025,KA-04,24.0,899.0,21576.0
2026-08-01,CI-0025,KA-05,18.0,899.0,16182.0
2024-09-01,CI-0026,E-commerce,180.0,799.0,14382.0
2024-09-01,CI-0026,Marketplace,141.0,799.0,112659.0
2024-09-01,CI-0026,Loja própria,115.0,799.0,91885.0
2024-09-01,CI-0026,KA-01,64.0,799.0,51136.0
2024-09-01,CI-0026,KA-02,51.0,799.0,40749.0
2024-09-01,CI-0026,KA-03,45.0,799.0,35955.0
2024-09-01,CI-0026,KA-04,25.0,799.0,19975.0
2024-09-01,CI-0026,KA-05,19.0,799.0,15181.0
2024-10-01,CI-0026,E-commerce,180.0,799.0,14382.0
2024-10-01,CI-0026,Marketplace,141.0,799.0,112659.0
2024-10-01,CI-0026,Loja própria,115.0,799.0,91885.0
2024-10-01,CI-0026,KA-01,64.0,799.0,51136.0
2024-10-01,CI-0026,KA-02,51.0,799.0,40749.0
2024-10-01,CI-0026,KA-03,45.0,799.0,35955.0
2024-10-01,CI-0026,KA-04,25.0,799.0,19975.0
2024-10-01,CI-0026,KA-05,19.0,799.0,15181.0
2024-11-01,CI-0026,E-commerce,280.0,799.0,22372.0
2024-11-01,CI-0026,Marketplace,220.0,799.0,17578.0
2024-11-01,CI-0026,Loja própria,180.0,799.0,14382.0
2024-11-01,CI-0026,KA-01,100.0,799.0,7990.0
2024-11-01,CI-0026,KA-02,80.0,799.0,6392.0
2024-11-01,CI-0026,KA-03,70.0,799.0,5593.0
2024-11-01,CI-0026,KA-04,40.0,799.0,3196.0
2024-11-01,CI-0026,KA-05,30.0,799.0,2397.0
2024-12-01,CI-0026,E-commerce,186.0,799.0,148614.0
2024-12-01,CI-0026,Marketplace,146.0,799.0,116654.0
2024-12-01,CI-0026,Loja própria,120.0,799.0,9588.0
2024-12-01,CI-0026,KA-01,66.0,799.0,52734.0
2024-12-01,CI-0026,KA-02,53.0,799.0,42347.0
2024-12-01,CI-0026,KA-03,46.0,799.0,36754.0
2024-12-01,CI-0026,KA-04,26.0,799.0,20774.0
2024-12-01,CI-0026,KA-05,20.0,799.0,1598.0
2025-01-01,CI-0026,E-commerce,191.0,799.0,152609.0
2025-01-01,CI-0026,Marketplace,150.0,799.0,11985.0
2025-01-01,CI-0026,Loja própria,122.0,799.0,97478.0
2025-01-01,CI-0026,KA-01,68.0,799.0,54332.0
2025-01-01,CI-0026,KA-02,54.0,799.0,43146.0
2025-01-01,CI-0026,KA-03,47.0,799.0,37553.0
2025-01-01,CI-0026,KA-04,27.0,799.0,21573.0
2025-01-01,CI-0026,KA-05,20.0,799.0,1598.0
2025-02-01,CI-0026,E-commerce,231.0,799.0,184569.0
2025-02-01,CI-0026,Marketplace,181.0,799.0,144619.0
2025-02-01,CI-0026,Loja própria,148.0,799.0,118252.0
2025-02-01,CI-0026,KA-01,82.0,799.0,65518.0
2025-02-01,CI-0026,KA-02,66.0,799.0,52734.0
2025-02-01,CI-0026,KA-03,57.0,799.0,45543.0
2025-02-01,CI-0026,KA-04,33.0,799.0,26367.0
2025-02-01,CI-0026,KA-05,24.0,799.0,19176.0
2025-03-01,CI-0026,E-commerce,230.0,799.0,18377.0
2025-03-01,CI-0026,Marketplace,181.0,799.0,144619.0
2025-03-01,CI-0026,Loja própria,148.0,799.0,118252.0
2025-03-01,CI-0026,KA-01,82.0,799.0,65518.0
2025-03-01,CI-0026,KA-02,65.0,799.0,51935.0
2025-03-01,CI-0026,KA-03,57.0,799.0,45543.0
2025-03-01,CI-0026,KA-04,32.0,799.0,25568.0
2025-03-01,CI-0026,KA-05,24.0,799.0,19176.0
2025-04-01,CI-0026,E-commerce,191.0,799.0,152609.0
2025-04-01,CI-0026,Marketplace,150.0,799.0,11985.0
2025-04-01,CI-0026,Loja própria,123.0,799.0,98277.0
2025-04-01,CI-0026,KA-01,68.0,799.0,54332.0
2025-04-01,CI-0026,KA-02,54.0,799.0,43146.0
2025-04-01,CI-0026,KA-03,47.0,799.0,37553.0
2025-04-01,CI-0026,KA-04,27.0,799.0,21573.0
2025-04-01,CI-0026,KA-05,20.0,799.0,1598.0
2025-05-01,CI-0026,E-commerce,218.0,799.0,174182.0
2025-05-01,CI-0026,Marketplace,172.0,799.0,137428.0
2025-05-01,CI-0026,Loja própria,140.0,799.0,11186.0
2025-05-01,CI-0026,KA-01,78.0,799.0,62322.0
2025-05-01,CI-0026,KA-02,62.0,799.0,49538.0
2025-05-01,CI-0026,KA-03,54.0,799.0,43146.0
2025-05-01,CI-0026,KA-04,31.0,799.0,24769.0
2025-05-01,CI-0026,KA-05,23.0,799.0,18377.0
2025-06-01,CI-0026,E-commerce,252.0,799.0,201348.0
2025-06-01,CI-0026,Marketplace,198.0,799.0,158202.0
2025-06-01,CI-0026,Loja própria,162.0,799.0,129438.0
2025-06-01,CI-0026,KA-01,90.0,799.0,7191.0
2025-06-01,CI-0026,KA-02,72.0,799.0,57528.0
2025-06-01,CI-0026,KA-03,63.0,799.0,50337.0
2025-06-01,CI-0026,KA-04,36.0,799.0,28764.0
2025-06-01,CI-0026,KA-05,27.0,799.0,21573.0
2025-07-01,CI-0026,E-commerce,231.0,799.0,184569.0
2025-07-01,CI-0026,Marketplace,182.0,799.0,145418.0
2025-07-01,CI-0026,Loja própria,149.0,799.0,119051.0
2025-07-01,CI-0026,KA-01,82.0,799.0,65518.0
2025-07-01,CI-0026,KA-02,66.0,799.0,52734.0
2025-07-01,CI-0026,KA-03,57.0,799.0,45543.0
2025-07-01,CI-0026,KA-04,33.0,799.0,26367.0
2025-07-01,CI-0026,KA-05,24.0,799.0,19176.0
2025-08-01,CI-0026,E-commerce,229.0,799.0,182971.0
2025-08-01,CI-0026,Marketplace,180.0,799.0,14382.0
2025-08-01,CI-0026,Loja própria,147.0,799.0,117453.0
2025-08-01,CI-0026,KA-01,81.0,799.0,64719.0
2025-08-01,CI-0026,KA-02,65.0,799.0,51935.0
2025-08-01,CI-0026,KA-03,57.0,799.0,45543.0
2025-08-01,CI-0026,KA-04,32.0,799.0,25568.0
2025-08-01,CI-0026,KA-05,24.0,799.0,19176.0
2025-09-01,CI-0026,E-commerce,248.0,799.0,198152.0
2025-09-01,CI-0026,Marketplace,195.0,799.0,155805.0
2025-09-01,CI-0026,Loja própria,160.0,799.0,12784.0
2025-09-01,CI-0026,KA-01,88.0,799.0,70312.0
2025-09-01,CI-0026,KA-02,71.0,799.0,56729.0
2025-09-01,CI-0026,KA-03,62.0,799.0,49538.0
2025-09-01,CI-0026,KA-04,35.0,799.0,27965.0
2025-09-01,CI-0026,KA-05,26.0,799.0,20774.0
2025-10-01,CI-0026,E-commerce,220.0,799.0,17578.0
2025-10-01,CI-0026,Marketplace,173.0,799.0,138227.0
2025-10-01,CI-0026,Loja própria,142.0,799.0,113458.0
2025-10-01,CI-0026,KA-01,78.0,799.0,62322.0
2025-10-01,CI-0026,KA-02,63.0,799.0,50337.0
2025-10-01,CI-0026,KA-03,55.0,799.0,43945.0
2025-10-01,CI-0026,KA-04,31.0,799.0,24769.0
2025-10-01,CI-0026,KA-05,23.0,799.0,18377.0
2025-11-01,CI-0026,E-commerce,322.0,799.0,257278.0
2025-11-01,CI-0026,Marketplace,253.0,799.0,202147.0
2025-11-01,CI-0026,Loja própria,207.0,799.0,165393.0
2025-11-01,CI-0026,KA-01,115.0,799.0,91885.0
2025-11-01,CI-0026,KA-02,92.0,799.0,73508.0
2025-11-01,CI-0026,KA-03,80.0,799.0,6392.0
2025-11-01,CI-0026,KA-04,46.0,799.0,36754.0
2025-11-01,CI-0026,KA-05,34.0,799.0,27166.0
2025-12-01,CI-0026,E-commerce,266.0,799.0,212534.0
2025-12-01,CI-0026,Marketplace,209.0,799.0,166991.0
2025-12-01,CI-0026,Loja própria,171.0,799.0,136629.0
2025-12-01,CI-0026,KA-01,95.0,799.0,75905.0
2025-12-01,CI-0026,KA-02,76.0,799.0,60724.0
2025-12-01,CI-0026,KA-03,66.0,799.0,52734.0
2025-12-01,CI-0026,KA-04,38.0,799.0,30362.0
2025-12-01,CI-0026,KA-05,28.0,799.0,22372.0
2026-01-01,CI-0026,E-commerce,261.0,799.0,208539.0
2026-01-01,CI-0026,Marketplace,205.0,799.0,163795.0
2026-01-01,CI-0026,Loja própria,167.0,799.0,133433.0
2026-01-01,CI-0026,KA-01,93.0,799.0,74307.0
2026-01-01,CI-0026,KA-02,74.0,799.0,59126.0
2026-01-01,CI-0026,KA-03,65.0,799.0,51935.0
2026-01-01,CI-0026,KA-04,37.0,799.0,29563.0
2026-01-01,CI-0026,KA-05,27.0,799.0,21573.0
2026-02-01,CI-0026,E-commerce,240.0,799.0,19176.0
2026-02-01,CI-0026,Marketplace,189.0,799.0,151011.0
2026-02-01,CI-0026,Loja própria,154.0,799.0,123046.0
2026-02-01,CI-0026,KA-01,86.0,799.0,68714.0
2026-02-01,CI-0026,KA-02,68.0,799.0,54332.0
2026-02-01,CI-0026,KA-03,60.0,799.0,4794.0
2026-02-01,CI-0026,KA-04,34.0,799.0,27166.0
2026-02-01,CI-0026,KA-05,25.0,799.0,19975.0
2026-03-01,CI-0026,E-commerce,263.0,799.0,210137.0
2026-03-01,CI-0026,Marketplace,206.0,799.0,164594.0
2026-03-01,CI-0026,Loja própria,169.0,799.0,135031.0
2026-03-01,CI-0026,KA-01,94.0,799.0,75106.0
2026-03-01,CI-0026,KA-02,75.0,799.0,59925.0
2026-03-01,CI-0026,KA-03,65.0,799.0,51935.0
2026-03-01,CI-0026,KA-04,37.0,799.0,29563.0
2026-03-01,CI-0026,KA-05,28.0,799.0,22372.0
2026-04-01,CI-0026,E-commerce,301.0,799.0,240499.0
2026-04-01,CI-0026,Marketplace,236.0,799.0,188564.0
2026-04-01,CI-0026,Loja própria,193.0,799.0,154207.0
2026-04-01,CI-0026,KA-01,107.0,799.0,85493.0
2026-04-01,CI-0026,KA-02,86.0,799.0,68714.0
2026-04-01,CI-0026,KA-03,75.0,799.0,59925.0
2026-04-01,CI-0026,KA-04,43.0,799.0,34357.0
2026-04-01,CI-0026,KA-05,32.0,799.0,25568.0
2026-05-01,CI-0026,E-commerce,278.0,799.0,222122.0
2026-05-01,CI-0026,Marketplace,218.0,799.0,174182.0
2026-05-01,CI-0026,Loja própria,179.0,799.0,143021.0
2026-05-01,CI-0026,KA-01,99.0,799.0,79101.0
2026-05-01,CI-0026,KA-02,79.0,799.0,63121.0
2026-05-01,CI-0026,KA-03,69.0,799.0,55131.0
2026-05-01,CI-0026,KA-04,39.0,799.0,31161.0
2026-05-01,CI-0026,KA-05,29.0,799.0,23171.0
2026-06-01,CI-0026,E-commerce,285.0,799.0,227715.0
2026-06-01,CI-0026,Marketplace,223.0,799.0,178177.0
2026-06-01,CI-0026,Loja própria,183.0,799.0,146217.0
2026-06-01,CI-0026,KA-01,101.0,799.0,80699.0
2026-06-01,CI-0026,KA-02,81.0,799.0,64719.0
2026-06-01,CI-0026,KA-03,71.0,799.0,56729.0
2026-06-01,CI-0026,KA-04,40.0,799.0,3196.0
2026-06-01,CI-0026,KA-05,30.0,799.0,2397.0
2026-07-01,CI-0026,E-commerce,270.0,799.0,21573.0
2026-07-01,CI-0026,Marketplace,212.0,799.0,169388.0
2026-07-01,CI-0026,Loja própria,173.0,799.0,138227.0
2026-07-01,CI-0026,KA-01,96.0,799.0,76704.0
2026-07-01,CI-0026,KA-02,77.0,799.0,61523.0
2026-07-01,CI-0026,KA-03,67.0,799.0,53533.0
2026-07-01,CI-0026,KA-04,38.0,799.0,30362.0
2026-07-01,CI-0026,KA-05,28.0,799.0,22372.0
2026-08-01,CI-0026,E-commerce,314.0,799.0,250886.0
2026-08-01,CI-0026,Marketplace,246.0,799.0,196554.0
2026-08-01,CI-0026,Loja própria,201.0,799.0,160599.0
2026-08-01,CI-0026,KA-01,112.0,799.0,89488.0
2026-08-01,CI-0026,KA-02,89.0,799.0,71111.0
2026-08-01,CI-0026,KA-03,78.0,799.0,62322.0
2026-08-01,CI-0026,KA-04,44.0,799.0,35156.0
2026-08-01,CI-0026,KA-05,33.0,799.0,26367.0
2024-09-01,CI-0027,E-commerce,187.0,849.0,158763.0
2024-09-01,CI-0027,Marketplace,147.0,849.0,124803.0
2024-09-01,CI-0027,Loja própria,120.0,849.0,10188.0
2024-09-01,CI-0027,KA-01,67.0,849.0,56883.0
2024-09-01,CI-0027,KA-02,53.0,849.0,44997.0
2024-09-01,CI-0027,KA-03,46.0,849.0,39054.0
2024-09-01,CI-0027,KA-04,26.0,849.0,22074.0
2024-09-01,CI-0027,KA-05,20.0,849.0,1698.0
2024-10-01,CI-0027,E-commerce,187.0,849.0,158763.0
2024-10-01,CI-0027,Marketplace,146.0,849.0,123954.0
2024-10-01,CI-0027,Loja própria,120.0,849.0,10188.0
2024-10-01,CI-0027,KA-01,66.0,849.0,56034.0
2024-10-01,CI-0027,KA-02,53.0,849.0,44997.0
2024-10-01,CI-0027,KA-03,46.0,849.0,39054.0
2024-10-01,CI-0027,KA-04,26.0,849.0,22074.0
2024-10-01,CI-0027,KA-05,20.0,849.0,1698.0
2024-11-01,CI-0027,E-commerce,262.0,849.0,222438.0
2024-11-01,CI-0027,Marketplace,206.0,849.0,174894.0
2024-11-01,CI-0027,Loja própria,168.0,849.0,142632.0
2024-11-01,CI-0027,KA-01,93.0,849.0,78957.0
2024-11-01,CI-0027,KA-02,74.0,849.0,62826.0
2024-11-01,CI-0027,KA-03,65.0,849.0,55185.0
2024-11-01,CI-0027,KA-04,37.0,849.0,31413.0
2024-11-01,CI-0027,KA-05,28.0,849.0,23772.0
2024-12-01,CI-0027,E-commerce,177.0,849.0,150273.0
2024-12-01,CI-0027,Marketplace,139.0,849.0,118011.0
2024-12-01,CI-0027,Loja própria,114.0,849.0,96786.0
2024-12-01,CI-0027,KA-01,63.0,849.0,53487.0
2024-12-01,CI-0027,KA-02,50.0,849.0,4245.0
2024-12-01,CI-0027,KA-03,44.0,849.0,37356.0
2024-12-01,CI-0027,KA-04,25.0,849.0,21225.0
2024-12-01,CI-0027,KA-05,19.0,849.0,16131.0
2025-01-01,CI-0027,E-commerce,225.0,849.0,191025.0
2025-01-01,CI-0027,Marketplace,177.0,849.0,150273.0
2025-01-01,CI-0027,Loja própria,145.0,849.0,123105.0
2025-01-01,CI-0027,KA-01,80.0,849.0,6792.0
2025-01-01,CI-0027,KA-02,64.0,849.0,54336.0
2025-01-01,CI-0027,KA-03,56.0,849.0,47544.0
2025-01-01,CI-0027,KA-04,32.0,849.0,27168.0
2025-01-01,CI-0027,KA-05,24.0,849.0,20376.0
2025-02-01,CI-0027,E-commerce,191.0,849.0,162159.0
2025-02-01,CI-0027,Marketplace,150.0,849.0,12735.0
2025-02-01,CI-0027,Loja própria,122.0,849.0,103578.0
2025-02-01,CI-0027,KA-01,68.0,849.0,57732.0
2025-02-01,CI-0027,KA-02,54.0,849.0,45846.0
2025-02-01,CI-0027,KA-03,47.0,849.0,39903.0
2025-02-01,CI-0027,KA-04,27.0,849.0,22923.0
2025-02-01,CI-0027,KA-05,20.0,849.0,1698.0
2025-03-01,CI-0027,E-commerce,218.0,849.0,185082.0
2025-03-01,CI-0027,Marketplace,171.0,849.0,145179.0
2025-03-01,CI-0027,Loja própria,140.0,849.0,11886.0
2025-03-01,CI-0027,KA-01,78.0,849.0,66222.0
2025-03-01,CI-0027,KA-02,62.0,849.0,52638.0
2025-03-01,CI-0027,KA-03,54.0,849.0,45846.0
2025-03-01,CI-0027,KA-04,31.0,849.0,26319.0
2025-03-01,CI-0027,KA-05,23.0,849.0,19527.0
2025-04-01,CI-0027,E-commerce,211.0,849.0,179139.0
2025-04-01,CI-0027,Marketplace,166.0,849.0,140934.0
2025-04-01,CI-0027,Loja própria,136.0,849.0,115464.0
2025-04-01,CI-0027,KA-01,75.0,849.0,63675.0
2025-04-01,CI-0027,KA-02,60.0,849.0,5094.0
2025-04-01,CI-0027,KA-03,52.0,849.0,44148.0
2025-04-01,CI-0027,KA-04,30.0,849.0,2547.0
2025-04-01,CI-0027,KA-05,22.0,849.0,18678.0
2025-05-01,CI-0027,E-commerce,220.0,849.0,18678.0
2025-05-01,CI-0027,Marketplace,173.0,849.0,146877.0
2025-05-01,CI-0027,Loja própria,142.0,849.0,120558.0
2025-05-01,CI-0027,KA-01,78.0,849.0,66222.0
2025-05-01,CI-0027,KA-02,63.0,849.0,53487.0
2025-05-01,CI-0027,KA-03,55.0,849.0,46695.0
2025-05-01,CI-0027,KA-04,31.0,849.0,26319.0
2025-05-01,CI-0027,KA-05,23.0,849.0,19527.0
2025-06-01,CI-0027,E-commerce,188.0,849.0,159612.0
2025-06-01,CI-0027,Marketplace,147.0,849.0,124803.0
2025-06-01,CI-0027,Loja própria,120.0,849.0,10188.0
2025-06-01,CI-0027,KA-01,67.0,849.0,56883.0
2025-06-01,CI-0027,KA-02,53.0,849.0,44997.0
2025-06-01,CI-0027,KA-03,47.0,849.0,39903.0
2025-06-01,CI-0027,KA-04,26.0,849.0,22074.0
2025-06-01,CI-0027,KA-05,20.0,849.0,1698.0
2025-07-01,CI-0027,E-commerce,206.0,849.0,174894.0
2025-07-01,CI-0027,Marketplace,161.0,849.0,136689.0
2025-07-01,CI-0027,Loja própria,132.0,849.0,112068.0
2025-07-01,CI-0027,KA-01,73.0,849.0,61977.0
2025-07-01,CI-0027,KA-02,58.0,849.0,49242.0
2025-07-01,CI-0027,KA-03,51.0,849.0,43299.0
2025-07-01,CI-0027,KA-04,29.0,849.0,24621.0
2025-07-01,CI-0027,KA-05,22.0,849.0,18678.0
2025-08-01,CI-0027,E-commerce,229.0,849.0,194421.0
2025-08-01,CI-0027,Marketplace,180.0,849.0,15282.0
2025-08-01,CI-0027,Loja própria,147.0,849.0,124803.0
2025-08-01,CI-0027,KA-01,81.0,849.0,68769.0
2025-08-01,CI-0027,KA-02,65.0,849.0,55185.0
2025-08-01,CI-0027,KA-03,57.0,849.0,48393.0
2025-08-01,CI-0027,KA-04,32.0,849.0,27168.0
2025-08-01,CI-0027,KA-05,24.0,849.0,20376.0
2025-09-01,CI-0027,E-commerce,202.0,849.0,171498.0
2025-09-01,CI-0027,Marketplace,159.0,849.0,134991.0
2025-09-01,CI-0027,Loja própria,130.0,849.0,11037.0
2025-09-01,CI-0027,KA-01,72.0,849.0,61128.0
2025-09-01,CI-0027,KA-02,57.0,849.0,48393.0
2025-09-01,CI-0027,KA-03,50.0,849.0,4245.0
2025-09-01,CI-0027,KA-04,28.0,849.0,23772.0
2025-09-01,CI-0027,KA-05,21.0,849.0,17829.0
2025-10-01,CI-0027,E-commerce,201.0,849.0,170649.0
2025-10-01,CI-0027,Marketplace,158.0,849.0,134142.0
2025-10-01,CI-0027,Loja própria,129.0,849.0,109521.0
2025-10-01,CI-0027,KA-01,71.0,849.0,60279.0
2025-10-01,CI-0027,KA-02,57.0,849.0,48393.0
2025-10-01,CI-0027,KA-03,50.0,849.0,4245.0
2025-10-01,CI-0027,KA-04,28.0,849.0,23772.0
2025-10-01,CI-0027,KA-05,21.0,849.0,17829.0
2025-11-01,CI-0027,E-commerce,294.0,849.0,249606.0
2025-11-01,CI-0027,Marketplace,231.0,849.0,196119.0
2025-11-01,CI-0027,Loja própria,189.0,849.0,160461.0
2025-11-01,CI-0027,KA-01,105.0,849.0,89145.0
2025-11-01,CI-0027,KA-02,84.0,849.0,71316.0
2025-11-01,CI-0027,KA-03,73.0,849.0,61977.0
2025-11-01,CI-0027,KA-04,42.0,849.0,35658.0
2025-11-01,CI-0027,KA-05,31.0,849.0,26319.0
2025-12-01,CI-0027,E-commerce,204.0,849.0,173196.0
2025-12-01,CI-0027,Marketplace,160.0,849.0,13584.0
2025-12-01,CI-0027,Loja própria,131.0,849.0,111219.0
2025-12-01,CI-0027,KA-01,73.0,849.0,61977.0
2025-12-01,CI-0027,KA-02,58.0,849.0,49242.0
2025-12-01,CI-0027,KA-03,51.0,849.0,43299.0
2025-12-01,CI-0027,KA-04,29.0,849.0,24621.0
2025-12-01,CI-0027,KA-05,21.0,849.0,17829.0
2026-01-01,CI-0027,E-commerce,199.0,849.0,168951.0
2026-01-01,CI-0027,Marketplace,156.0,849.0,132444.0
2026-01-01,CI-0027,Loja própria,128.0,849.0,108672.0
2026-01-01,CI-0027,KA-01,71.0,849.0,60279.0
2026-01-01,CI-0027,KA-02,57.0,849.0,48393.0
2026-01-01,CI-0027,KA-03,49.0,849.0,41601.0
2026-01-01,CI-0027,KA-04,28.0,849.0,23772.0
2026-01-01,CI-0027,KA-05,21.0,849.0,17829.0
2026-02-01,CI-0027,E-commerce,224.0,849.0,190176.0
2026-02-01,CI-0027,Marketplace,176.0,849.0,149424.0
2026-02-01,CI-0027,Loja própria,144.0,849.0,122256.0
2026-02-01,CI-0027,KA-01,80.0,849.0,6792.0
2026-02-01,CI-0027,KA-02,64.0,849.0,54336.0
2026-02-01,CI-0027,KA-03,56.0,849.0,47544.0
2026-02-01,CI-0027,KA-04,32.0,849.0,27168.0
2026-02-01,CI-0027,KA-05,24.0,849.0,20376.0
2026-03-01,CI-0027,E-commerce,214.0,849.0,181686.0
2026-03-01,CI-0027,Marketplace,168.0,849.0,142632.0
2026-03-01,CI-0027,Loja própria,138.0,849.0,117162.0
2026-03-01,CI-0027,KA-01,76.0,849.0,64524.0
2026-03-01,CI-0027,KA-02,61.0,849.0,51789.0
2026-03-01,CI-0027,KA-03,53.0,849.0,44997.0
2026-03-01,CI-0027,KA-04,30.0,849.0,2547.0
2026-03-01,CI-0027,KA-05,23.0,849.0,19527.0
2026-04-01,CI-0027,E-commerce,233.0,849.0,197817.0
2026-04-01,CI-0027,Marketplace,183.0,849.0,155367.0
2026-04-01,CI-0027,Loja própria,150.0,849.0,12735.0
2026-04-01,CI-0027,KA-01,83.0,849.0,70467.0
2026-04-01,CI-0027,KA-02,66.0,849.0,56034.0
2026-04-01,CI-0027,KA-03,58.0,849.0,49242.0
2026-04-01,CI-0027,KA-04,33.0,849.0,28017.0
2026-04-01,CI-0027,KA-05,25.0,849.0,21225.0
2026-05-01,CI-0027,E-commerce,201.0,849.0,170649.0
2026-05-01,CI-0027,Marketplace,157.0,849.0,133293.0
2026-05-01,CI-0027,Loja própria,129.0,849.0,109521.0
2026-05-01,CI-0027,KA-01,71.0,849.0,60279.0
2026-05-01,CI-0027,KA-02,57.0,849.0,48393.0
2026-05-01,CI-0027,KA-03,50.0,849.0,4245.0
2026-05-01,CI-0027,KA-04,28.0,849.0,23772.0
2026-05-01,CI-0027,KA-05,21.0,849.0,17829.0
2026-06-01,CI-0027,E-commerce,235.0,849.0,199515.0
2026-06-01,CI-0027,Marketplace,185.0,849.0,157065.0
2026-06-01,CI-0027,Loja própria,151.0,849.0,128199.0
2026-06-01,CI-0027,KA-01,84.0,849.0,71316.0
2026-06-01,CI-0027,KA-02,67.0,849.0,56883.0
2026-06-01,CI-0027,KA-03,58.0,849.0,49242.0
2026-06-01,CI-0027,KA-04,33.0,849.0,28017.0
2026-06-01,CI-0027,KA-05,25.0,849.0,21225.0
2026-07-01,CI-0027,E-commerce,194.0,849.0,164706.0
2026-07-01,CI-0027,Marketplace,153.0,849.0,129897.0
2026-07-01,CI-0027,Loja própria,125.0,849.0,106125.0
2026-07-01,CI-0027,KA-01,69.0,849.0,58581.0
2026-07-01,CI-0027,KA-02,55.0,849.0,46695.0
2026-07-01,CI-0027,KA-03,48.0,849.0,40752.0
2026-07-01,CI-0027,KA-04,27.0,849.0,22923.0
2026-07-01,CI-0027,KA-05,20.0,849.0,1698.0
2026-08-01,CI-0027,E-commerce,238.0,849.0,202062.0
2026-08-01,CI-0027,Marketplace,187.0,849.0,158763.0
2026-08-01,CI-0027,Loja própria,153.0,849.0,129897.0
2026-08-01,CI-0027,KA-01,85.0,849.0,72165.0
2026-08-01,CI-0027,KA-02,68.0,849.0,57732.0
2026-08-01,CI-0027,KA-03,59.0,849.0,50091.0
2026-08-01,CI-0027,KA-04,34.0,849.0,28866.0
2026-08-01,CI-0027,KA-05,25.0,849.0,21225.0
2024-09-01,CI-0028,E-commerce,225.0,899.0,202275.0
2024-09-01,CI-0028,Marketplace,177.0,899.0,159123.0
2024-09-01,CI-0028,Loja própria,145.0,899.0,130355.0
2024-09-01,CI-0028,KA-01,80.0,899.0,7192.0
2024-09-01,CI-0028,KA-02,64.0,899.0,57536.0
2024-09-01,CI-0028,KA-03,56.0,899.0,50344.0
2024-09-01,CI-0028,KA-04,32.0,899.0,28768.0
2024-09-01,CI-0028,KA-05,24.0,899.0,21576.0
2024-10-01,CI-0028,E-commerce,199.0,899.0,178901.0
2024-10-01,CI-0028,Marketplace,156.0,899.0,140244.0
2024-10-01,CI-0028,Loja própria,127.0,899.0,114173.0
2024-10-01,CI-0028,KA-01,71.0,899.0,63829.0
2024-10-01,CI-0028,KA-02,56.0,899.0,50344.0
2024-10-01,CI-0028,KA-03,49.0,899.0,44051.0
2024-10-01,CI-0028,KA-04,28.0,899.0,25172.0
2024-10-01,CI-0028,KA-05,21.0,899.0,18879.0
2024-11-01,CI-0028,E-commerce,312.0,899.0,280488.0
2024-11-01,CI-0028,Marketplace,245.0,899.0,220255.0
2024-11-01,CI-0028,Loja própria,200.0,899.0,17980.0
2024-11-01,CI-0028,KA-01,111.0,899.0,99789.0
2024-11-01,CI-0028,KA-02,89.0,899.0,80011.0
2024-11-01,CI-0028,KA-03,78.0,899.0,70122.0
2024-11-01,CI-0028,KA-04,44.0,899.0,39556.0
2024-11-01,CI-0028,KA-05,33.0,899.0,29667.0
2024-12-01,CI-0028,E-commerce,205.0,899.0,184295.0
2024-12-01,CI-0028,Marketplace,161.0,899.0,144739.0
2024-12-01,CI-0028,Loja própria,131.0,899.0,117769.0
2024-12-01,CI-0028,KA-01,73.0,899.0,65627.0
2024-12-01,CI-0028,KA-02,58.0,899.0,52142.0
2024-12-01,CI-0028,KA-03,51.0,899.0,45849.0
2024-12-01,CI-0028,KA-04,29.0,899.0,26071.0
2024-12-01,CI-0028,KA-05,21.0,899.0,18879.0
2025-01-01,CI-0028,E-commerce,239.0,899.0,214861.0
2025-01-01,CI-0028,Marketplace,187.0,899.0,168113.0
2025-01-01,CI-0028,Loja própria,153.0,899.0,137547.0
2025-01-01,CI-0028,KA-01,85.0,899.0,76415.0
2025-01-01,CI-0028,KA-02,68.0,899.0,61132.0
2025-01-01,CI-0028,KA-03,59.0,899.0,53041.0
2025-01-01,CI-0028,KA-04,34.0,899.0,30566.0
2025-01-01,CI-0028,KA-05,25.0,899.0,22475.0
2025-02-01,CI-0028,E-commerce,220.0,899.0,19778.0
2025-02-01,CI-0028,Marketplace,173.0,899.0,155527.0
2025-02-01,CI-0028,Loja própria,142.0,899.0,127658.0
2025-02-01,CI-0028,KA-01,78.0,899.0,70122.0
2025-02-01,CI-0028,KA-02,63.0,899.0,56637.0
2025-02-01,CI-0028,KA-03,55.0,899.0,49445.0
2025-02-01,CI-0028,KA-04,31.0,899.0,27869.0
2025-02-01,CI-0028,KA-05,23.0,899.0,20677.0
2025-03-01,CI-0028,E-commerce,209.0,899.0,187891.0
2025-03-01,CI-0028,Marketplace,164.0,899.0,147436.0
2025-03-01,CI-0028,Loja própria,134.0,899.0,120466.0
2025-03-01,CI-0028,KA-01,74.0,899.0,66526.0
2025-03-01,CI-0028,KA-02,59.0,899.0,53041.0
2025-03-01,CI-0028,KA-03,52.0,899.0,46748.0
2025-03-01,CI-0028,KA-04,29.0,899.0,26071.0
2025-03-01,CI-0028,KA-05,22.0,899.0,19778.0
2025-04-01,CI-0028,E-commerce,196.0,899.0,176204.0
2025-04-01,CI-0028,Marketplace,154.0,899.0,138446.0
2025-04-01,CI-0028,Loja própria,126.0,899.0,113274.0
2025-04-01,CI-0028,KA-01,70.0,899.0,6293.0
2025-04-01,CI-0028,KA-02,56.0,899.0,50344.0
2025-04-01,CI-0028,KA-03,49.0,899.0,44051.0
2025-04-01,CI-0028,KA-04,28.0,899.0,25172.0
2025-04-01,CI-0028,KA-05,21.0,899.0,18879.0
2025-05-01,CI-0028,E-commerce,235.0,899.0,211265.0
2025-05-01,CI-0028,Marketplace,185.0,899.0,166315.0
2025-05-01,CI-0028,Loja própria,151.0,899.0,135749.0
2025-05-01,CI-0028,KA-01,84.0,899.0,75516.0
2025-05-01,CI-0028,KA-02,67.0,899.0,60233.0
2025-05-01,CI-0028,KA-03,58.0,899.0,52142.0
2025-05-01,CI-0028,KA-04,33.0,899.0,29667.0
2025-05-01,CI-0028,KA-05,25.0,899.0,22475.0
2025-06-01,CI-0028,E-commerce,242.0,899.0,217558.0
2025-06-01,CI-0028,Marketplace,190.0,899.0,17081.0
2025-06-01,CI-0028,Loja própria,155.0,899.0,139345.0
2025-06-01,CI-0028,KA-01,86.0,899.0,77314.0
2025-06-01,CI-0028,KA-02,69.0,899.0,62031.0
2025-06-01,CI-0028,KA-03,60.0,899.0,5394.0
2025-06-01,CI-0028,KA-04,34.0,899.0,30566.0
2025-06-01,CI-0028,KA-05,25.0,899.0,22475.0
2025-07-01,CI-0028,E-commerce,231.0,899.0,207669.0
2025-07-01,CI-0028,Marketplace,181.0,899.0,162719.0
2025-07-01,CI-0028,Loja própria,148.0,899.0,133052.0
2025-07-01,CI-0028,KA-01,82.0,899.0,73718.0
2025-07-01,CI-0028,KA-02,66.0,899.0,59334.0
2025-07-01,CI-0028,KA-03,57.0,899.0,51243.0
2025-07-01,CI-0028,KA-04,33.0,899.0,29667.0
2025-07-01,CI-0028,KA-05,24.0,899.0,21576.0
2025-08-01,CI-0028,E-commerce,210.0,899.0,18879.0
2025-08-01,CI-0028,Marketplace,165.0,899.0,148335.0
2025-08-01,CI-0028,Loja própria,135.0,899.0,121365.0
2025-08-01,CI-0028,KA-01,75.0,899.0,67425.0
2025-08-01,CI-0028,KA-02,60.0,899.0,5394.0
2025-08-01,CI-0028,KA-03,52.0,899.0,46748.0
2025-08-01,CI-0028,KA-04,30.0,899.0,2697.0
2025-08-01,CI-0028,KA-05,22.0,899.0,19778.0
2025-09-01,CI-0028,E-commerce,220.0,899.0,19778.0
2025-09-01,CI-0028,Marketplace,173.0,899.0,155527.0
2025-09-01,CI-0028,Loja própria,142.0,899.0,127658.0
2025-09-01,CI-0028,KA-01,78.0,899.0,70122.0
2025-09-01,CI-0028,KA-02,63.0,899.0,56637.0
2025-09-01,CI-0028,KA-03,55.0,899.0,49445.0
2025-09-01,CI-0028,KA-04,31.0,899.0,27869.0
2025-09-01,CI-0028,KA-05,23.0,899.0,20677.0
2025-10-01,CI-0028,E-commerce,239.0,899.0,214861.0
2025-10-01,CI-0028,Marketplace,188.0,899.0,169012.0
2025-10-01,CI-0028,Loja própria,154.0,899.0,138446.0
2025-10-01,CI-0028,KA-01,85.0,899.0,76415.0
2025-10-01,CI-0028,KA-02,68.0,899.0,61132.0
2025-10-01,CI-0028,KA-03,59.0,899.0,53041.0
2025-10-01,CI-0028,KA-04,34.0,899.0,30566.0
2025-10-01,CI-0028,KA-05,25.0,899.0,22475.0
2025-11-01,CI-0028,E-commerce,331.0,899.0,297569.0
2025-11-01,CI-0028,Marketplace,260.0,899.0,23374.0
2025-11-01,CI-0028,Loja própria,213.0,899.0,191487.0
2025-11-01,CI-0028,KA-01,118.0,899.0,106082.0
2025-11-01,CI-0028,KA-02,94.0,899.0,84506.0
2025-11-01,CI-0028,KA-03,82.0,899.0,73718.0
2025-11-01,CI-0028,KA-04,47.0,899.0,42253.0
2025-11-01,CI-0028,KA-05,35.0,899.0,31465.0
2025-12-01,CI-0028,E-commerce,239.0,899.0,214861.0
2025-12-01,CI-0028,Marketplace,188.0,899.0,169012.0
2025-12-01,CI-0028,Loja própria,154.0,899.0,138446.0
2025-12-01,CI-0028,KA-01,85.0,899.0,76415.0
2025-12-01,CI-0028,KA-02,68.0,899.0,61132.0
2025-12-01,CI-0028,KA-03,59.0,899.0,53041.0
2025-12-01,CI-0028,KA-04,34.0,899.0,30566.0
2025-12-01,CI-0028,KA-05,25.0,899.0,22475.0
2026-01-01,CI-0028,E-commerce,212.0,899.0,190588.0
2026-01-01,CI-0028,Marketplace,166.0,899.0,149234.0
2026-01-01,CI-0028,Loja própria,136.0,899.0,122264.0
2026-01-01,CI-0028,KA-01,75.0,899.0,67425.0
2026-01-01,CI-0028,KA-02,60.0,899.0,5394.0
2026-01-01,CI-0028,KA-03,53.0,899.0,47647.0
2026-01-01,CI-0028,KA-04,30.0,899.0,2697.0
2026-01-01,CI-0028,KA-05,22.0,899.0,19778.0
2026-02-01,CI-0028,E-commerce,235.0,899.0,211265.0
2026-02-01,CI-0028,Marketplace,185.0,899.0,166315.0
2026-02-01,CI-0028,Loja própria,151.0,899.0,135749.0
2026-02-01,CI-0028,KA-01,84.0,899.0,75516.0
2026-02-01,CI-0028,KA-02,67.0,899.0,60233.0
2026-02-01,CI-0028,KA-03,58.0,899.0,52142.0
2026-02-01,CI-0028,KA-04,33.0,899.0,29667.0
2026-02-01,CI-0028,KA-05,25.0,899.0,22475.0
2026-03-01,CI-0028,E-commerce,220.0,899.0,19778.0
2026-03-01,CI-0028,Marketplace,173.0,899.0,155527.0
2026-03-01,CI-0028,Loja própria,141.0,899.0,126759.0
2026-03-01,CI-0028,KA-01,78.0,899.0,70122.0
2026-03-01,CI-0028,KA-02,62.0,899.0,55738.0
2026-03-01,CI-0028,KA-03,55.0,899.0,49445.0
2026-03-01,CI-0028,KA-04,31.0,899.0,27869.0
2026-03-01,CI-0028,KA-05,23.0,899.0,20677.0
2026-04-01,CI-0028,E-commerce,225.0,899.0,202275.0
2026-04-01,CI-0028,Marketplace,177.0,899.0,159123.0
2026-04-01,CI-0028,Loja própria,145.0,899.0,130355.0
2026-04-01,CI-0028,KA-01,80.0,899.0,7192.0
2026-04-01,CI-0028,KA-02,64.0,899.0,57536.0
2026-04-01,CI-0028,KA-03,56.0,899.0,50344.0
2026-04-01,CI-0028,KA-04,32.0,899.0,28768.0
2026-04-01,CI-0028,KA-05,24.0,899.0,21576.0
2026-05-01,CI-0028,E-commerce,235.0,899.0,211265.0
2026-05-01,CI-0028,Marketplace,185.0,899.0,166315.0
2026-05-01,CI-0028,Loja própria,151.0,899.0,135749.0
2026-05-01,CI-0028,KA-01,84.0,899.0,75516.0
2026-05-01,CI-0028,KA-02,67.0,899.0,60233.0
2026-05-01,CI-0028,KA-03,58.0,899.0,52142.0
2026-05-01,CI-0028,KA-04,33.0,899.0,29667.0
2026-05-01,CI-0028,KA-05,25.0,899.0,22475.0
2026-06-01,CI-0028,E-commerce,236.0,899.0,212164.0
2026-06-01,CI-0028,Marketplace,185.0,899.0,166315.0
2026-06-01,CI-0028,Loja própria,152.0,899.0,136648.0
2026-06-01,CI-0028,KA-01,84.0,899.0,75516.0
2026-06-01,CI-0028,KA-02,67.0,899.0,60233.0
2026-06-01,CI-0028,KA-03,59.0,899.0,53041.0
2026-06-01,CI-0028,KA-04,33.0,899.0,29667.0
2026-06-01,CI-0028,KA-05,25.0,899.0,22475.0
2026-07-01,CI-0028,E-commerce,234.0,899.0,210366.0
2026-07-01,CI-0028,Marketplace,183.0,899.0,164517.0
2026-07-01,CI-0028,Loja própria,150.0,899.0,13485.0
2026-07-01,CI-0028,KA-01,83.0,899.0,74617.0
2026-07-01,CI-0028,KA-02,66.0,899.0,59334.0
2026-07-01,CI-0028,KA-03,58.0,899.0,52142.0
2026-07-01,CI-0028,KA-04,33.0,899.0,29667.0
2026-07-01,CI-0028,KA-05,25.0,899.0,22475.0
2026-08-01,CI-0028,E-commerce,214.0,899.0,192386.0
2026-08-01,CI-0028,Marketplace,168.0,899.0,151032.0
2026-08-01,CI-0028,Loja própria,137.0,899.0,123163.0
2026-08-01,CI-0028,KA-01,76.0,899.0,68324.0
2026-08-01,CI-0028,KA-02,61.0,899.0,54839.0
2026-08-01,CI-0028,KA-03,53.0,899.0,47647.0
2026-08-01,CI-0028,KA-04,30.0,899.0,2697.0
2026-08-01,CI-0028,KA-05,22.0,899.0,19778.0
2024-09-01,CI-0029,E-commerce,204.0,1049.0,213996.0
2024-09-01,CI-0029,Marketplace,160.0,1049.0,16784.0
2024-09-01,CI-0029,Loja própria,131.0,1049.0,137419.0
2024-09-01,CI-0029,KA-01,73.0,1049.0,76577.0
2024-09-01,CI-0029,KA-02,58.0,1049.0,60842.0
2024-09-01,CI-0029,KA-03,51.0,1049.0,53499.0
2024-09-01,CI-0029,KA-04,29.0,1049.0,30421.0
2024-09-01,CI-0029,KA-05,21.0,1049.0,22029.0
2024-10-01,CI-0029,E-commerce,221.0,1049.0,231829.0
2024-10-01,CI-0029,Marketplace,173.0,1049.0,181477.0
2024-10-01,CI-0029,Loja própria,142.0,1049.0,148958.0
2024-10-01,CI-0029,KA-01,79.0,1049.0,82871.0
2024-10-01,CI-0029,KA-02,63.0,1049.0,66087.0
2024-10-01,CI-0029,KA-03,55.0,1049.0,57695.0
2024-10-01,CI-0029,KA-04,31.0,1049.0,32519.0
2024-10-01,CI-0029,KA-05,23.0,1049.0,24127.0
2024-11-01,CI-0029,E-commerce,386.0,1049.0,404914.0
2024-11-01,CI-0029,Marketplace,304.0,1049.0,318896.0
2024-11-01,CI-0029,Loja própria,248.0,1049.0,260152.0
2024-11-01,CI-0029,KA-01,138.0,1049.0,144762.0
2024-11-01,CI-0029,KA-02,110.0,1049.0,11539.0
2024-11-01,CI-0029,KA-03,96.0,1049.0,100704.0
2024-11-01,CI-0029,KA-04,55.0,1049.0,57695.0
2024-11-01,CI-0029,KA-05,41.0,1049.0,43009.0
2024-12-01,CI-0029,E-commerce,367.0,1049.0,384983.0
2024-12-01,CI-0029,Marketplace,288.0,1049.0,302112.0
2024-12-01,CI-0029,Loja própria,236.0,1049.0,247564.0
2024-12-01,CI-0029,KA-01,131.0,1049.0,137419.0
2024-12-01,CI-0029,KA-02,104.0,1049.0,109096.0
2024-12-01,CI-0029,KA-03,91.0,1049.0,95459.0
2024-12-01,CI-0029,KA-04,52.0,1049.0,54548.0
2024-12-01,CI-0029,KA-05,39.0,1049.0,40911.0
2025-01-01,CI-0029,E-commerce,397.0,1049.0,416453.0
2025-01-01,CI-0029,Marketplace,312.0,1049.0,327288.0
2025-01-01,CI-0029,Loja própria,255.0,1049.0,267495.0
2025-01-01,CI-0029,KA-01,142.0,1049.0,148958.0
2025-01-01,CI-0029,KA-02,113.0,1049.0,118537.0
2025-01-01,CI-0029,KA-03,99.0,1049.0,103851.0
2025-01-01,CI-0029,KA-04,56.0,1049.0,58744.0
2025-01-01,CI-0029,KA-05,42.0,1049.0,44058.0
2025-02-01,CI-0029,E-commerce,216.0,1049.0,226584.0
2025-02-01,CI-0029,Marketplace,169.0,1049.0,177281.0
2025-02-01,CI-0029,Loja própria,138.0,1049.0,144762.0
2025-02-01,CI-0029,KA-01,77.0,1049.0,80773.0
2025-02-01,CI-0029,KA-02,61.0,1049.0,63989.0
2025-02-01,CI-0029,KA-03,54.0,1049.0,56646.0
2025-02-01,CI-0029,KA-04,30.0,1049.0,3147.0
2025-02-01,CI-0029,KA-05,23.0,1049.0,24127.0
2025-03-01,CI-0029,E-commerce,249.0,1049.0,261201.0
2025-03-01,CI-0029,Marketplace,195.0,1049.0,204555.0
2025-03-01,CI-0029,Loja própria,160.0,1049.0,16784.0
2025-03-01,CI-0029,KA-01,89.0,1049.0,93361.0
2025-03-01,CI-0029,KA-02,71.0,1049.0,74479.0
2025-03-01,CI-0029,KA-03,62.0,1049.0,65038.0
2025-03-01,CI-0029,KA-04,35.0,1049.0,36715.0
2025-03-01,CI-0029,KA-05,26.0,1049.0,27274.0
2025-04-01,CI-0029,E-commerce,208.0,1049.0,218192.0
2025-04-01,CI-0029,Marketplace,163.0,1049.0,170987.0
2025-04-01,CI-0029,Loja própria,134.0,1049.0,140566.0
2025-04-01,CI-0029,KA-01,74.0,1049.0,77626.0
2025-04-01,CI-0029,KA-02,59.0,1049.0,61891.0
2025-04-01,CI-0029,KA-03,52.0,1049.0,54548.0
2025-04-01,CI-0029,KA-04,29.0,1049.0,30421.0
2025-04-01,CI-0029,KA-05,22.0,1049.0,23078.0
2025-05-01,CI-0029,E-commerce,226.0,1049.0,237074.0
2025-05-01,CI-0029,Marketplace,178.0,1049.0,186722.0
2025-05-01,CI-0029,Loja própria,145.0,1049.0,152105.0
2025-05-01,CI-0029,KA-01,81.0,1049.0,84969.0
2025-05-01,CI-0029,KA-02,64.0,1049.0,67136.0
2025-05-01,CI-0029,KA-03,56.0,1049.0,58744.0
2025-05-01,CI-0029,KA-04,32.0,1049.0,33568.0
2025-05-01,CI-0029,KA-05,24.0,1049.0,25176.0
2025-06-01,CI-0029,E-commerce,230.0,1049.0,24127.0
2025-06-01,CI-0029,Marketplace,180.0,1049.0,18882.0
2025-06-01,CI-0029,Loja própria,147.0,1049.0,154203.0
2025-06-01,CI-0029,KA-01,82.0,1049.0,86018.0
2025-06-01,CI-0029,KA-02,65.0,1049.0,68185.0
2025-06-01,CI-0029,KA-03,57.0,1049.0,59793.0
2025-06-01,CI-0029,KA-04,32.0,1049.0,33568.0
2025-06-01,CI-0029,KA-05,24.0,1049.0,25176.0
2025-07-01,CI-0029,E-commerce,217.0,1049.0,227633.0
2025-07-01,CI-0029,Marketplace,170.0,1049.0,17833.0
2025-07-01,CI-0029,Loja própria,139.0,1049.0,145811.0
2025-07-01,CI-0029,KA-01,77.0,1049.0,80773.0
2025-07-01,CI-0029,KA-02,62.0,1049.0,65038.0
2025-07-01,CI-0029,KA-03,54.0,1049.0,56646.0
2025-07-01,CI-0029,KA-04,31.0,1049.0,32519.0
2025-07-01,CI-0029,KA-05,23.0,1049.0,24127.0
2025-08-01,CI-0029,E-commerce,238.0,1049.0,249662.0
2025-08-01,CI-0029,Marketplace,187.0,1049.0,196163.0
2025-08-01,CI-0029,Loja própria,153.0,1049.0,160497.0
2025-08-01,CI-0029,KA-01,85.0,1049.0,89165.0
2025-08-01,CI-0029,KA-02,68.0,1049.0,71332.0
2025-08-01,CI-0029,KA-03,59.0,1049.0,61891.0
2025-08-01,CI-0029,KA-04,34.0,1049.0,35666.0
2025-08-01,CI-0029,KA-05,25.0,1049.0,26225.0
2025-09-01,CI-0029,E-commerce,213.0,1049.0,223437.0
2025-09-01,CI-0029,Marketplace,167.0,1049.0,175183.0
2025-09-01,CI-0029,Loja própria,137.0,1049.0,143713.0
2025-09-01,CI-0029,KA-01,76.0,1049.0,79724.0
2025-09-01,CI-0029,KA-02,60.0,1049.0,6294.0
2025-09-01,CI-0029,KA-03,53.0,1049.0,55597.0
2025-09-01,CI-0029,KA-04,30.0,1049.0,3147.0
2025-09-01,CI-0029,KA-05,22.0,1049.0,23078.0
2025-10-01,CI-0029,E-commerce,247.0,1049.0,259103.0
2025-10-01,CI-0029,Marketplace,194.0,1049.0,203506.0
2025-10-01,CI-0029,Loja própria,159.0,1049.0,166791.0
2025-10-01,CI-0029,KA-01,88.0,1049.0,92312.0
2025-10-01,CI-0029,KA-02,70.0,1049.0,7343.0
2025-10-01,CI-0029,KA-03,61.0,1049.0,63989.0
2025-10-01,CI-0029,KA-04,35.0,1049.0,36715.0
2025-10-01,CI-0029,KA-05,26.0,1049.0,27274.0
2025-11-01,CI-0029,E-commerce,379.0,1049.0,397571.0
2025-11-01,CI-0029,Marketplace,297.0,1049.0,311553.0
2025-11-01,CI-0029,Loja própria,243.0,1049.0,254907.0
2025-11-01,CI-0029,KA-01,135.0,1049.0,141615.0
2025-11-01,CI-0029,KA-02,108.0,1049.0,113292.0
2025-11-01,CI-0029,KA-03,94.0,1049.0,98606.0
2025-11-01,CI-0029,KA-04,54.0,1049.0,56646.0
2025-11-01,CI-0029,KA-05,40.0,1049.0,4196.0
2025-12-01,CI-0029,E-commerce,414.0,1049.0,434286.0
2025-12-01,CI-0029,Marketplace,325.0,1049.0,340925.0
2025-12-01,CI-0029,Loja própria,266.0,1049.0,279034.0
2025-12-01,CI-0029,KA-01,148.0,1049.0,155252.0
2025-12-01,CI-0029,KA-02,118.0,1049.0,123782.0
2025-12-01,CI-0029,KA-03,103.0,1049.0,108047.0
2025-12-01,CI-0029,KA-04,59.0,1049.0,61891.0
2025-12-01,CI-0029,KA-05,44.0,1049.0,46156.0
2026-01-01,CI-0029,E-commerce,354.0,1049.0,371346.0
2026-01-01,CI-0029,Marketplace,278.0,1049.0,291622.0
2026-01-01,CI-0029,Loja própria,227.0,1049.0,238123.0
2026-01-01,CI-0029,KA-01,126.0,1049.0,132174.0
2026-01-01,CI-0029,KA-02,101.0,1049.0,105949.0
2026-01-01,CI-0029,KA-03,88.0,1049.0,92312.0
2026-01-01,CI-0029,KA-04,50.0,1049.0,5245.0
2026-01-01,CI-0029,KA-05,37.0,1049.0,38813.0
2026-02-01,CI-0029,E-commerce,237.0,1049.0,248613.0
2026-02-01,CI-0029,Marketplace,186.0,1049.0,195114.0
2026-02-01,CI-0029,Loja própria,152.0,1049.0,159448.0
2026-02-01,CI-0029,KA-01,84.0,1049.0,88116.0
2026-02-01,CI-0029,KA-02,67.0,1049.0,70283.0
2026-02-01,CI-0029,KA-03,59.0,1049.0,61891.0
2026-02-01,CI-0029,KA-04,33.0,1049.0,34617.0
2026-02-01,CI-0029,KA-05,25.0,1049.0,26225.0
2026-03-01,CI-0029,E-commerce,239.0,1049.0,250711.0
2026-03-01,CI-0029,Marketplace,188.0,1049.0,197212.0
2026-03-01,CI-0029,Loja própria,154.0,1049.0,161546.0
2026-03-01,CI-0029,KA-01,85.0,1049.0,89165.0
2026-03-01,CI-0029,KA-02,68.0,1049.0,71332.0
2026-03-01,CI-0029,KA-03,59.0,1049.0,61891.0
2026-03-01,CI-0029,KA-04,34.0,1049.0,35666.0
2026-03-01,CI-0029,KA-05,25.0,1049.0,26225.0
2026-04-01,CI-0029,E-commerce,227.0,1049.0,238123.0
2026-04-01,CI-0029,Marketplace,178.0,1049.0,186722.0
2026-04-01,CI-0029,Loja própria,145.0,1049.0,152105.0
2026-04-01,CI-0029,KA-01,81.0,1049.0,84969.0
2026-04-01,CI-0029,KA-02,64.0,1049.0,67136.0
2026-04-01,CI-0029,KA-03,56.0,1049.0,58744.0
2026-04-01,CI-0029,KA-04,32.0,1049.0,33568.0
2026-04-01,CI-0029,KA-05,24.0,1049.0,25176.0
2026-05-01,CI-0029,E-commerce,229.0,1049.0,240221.0
2026-05-01,CI-0029,Marketplace,180.0,1049.0,18882.0
2026-05-01,CI-0029,Loja própria,147.0,1049.0,154203.0
2026-05-01,CI-0029,KA-01,82.0,1049.0,86018.0
2026-05-01,CI-0029,KA-02,65.0,1049.0,68185.0
2026-05-01,CI-0029,KA-03,57.0,1049.0,59793.0
2026-05-01,CI-0029,KA-04,32.0,1049.0,33568.0
2026-05-01,CI-0029,KA-05,24.0,1049.0,25176.0
2026-06-01,CI-0029,E-commerce,250.0,1049.0,26225.0
2026-06-01,CI-0029,Marketplace,196.0,1049.0,205604.0
2026-06-01,CI-0029,Loja própria,160.0,1049.0,16784.0
2026-06-01,CI-0029,KA-01,89.0,1049.0,93361.0
2026-06-01,CI-0029,KA-02,71.0,1049.0,74479.0
2026-06-01,CI-0029,KA-03,62.0,1049.0,65038.0
2026-06-01,CI-0029,KA-04,35.0,1049.0,36715.0
2026-06-01,CI-0029,KA-05,26.0,1049.0,27274.0
2026-07-01,CI-0029,E-commerce,254.0,1049.0,266446.0
2026-07-01,CI-0029,Marketplace,200.0,1049.0,20980.0
2026-07-01,CI-0029,Loja própria,163.0,1049.0,170987.0
2026-07-01,CI-0029,KA-01,91.0,1049.0,95459.0
2026-07-01,CI-0029,KA-02,72.0,1049.0,75528.0
2026-07-01,CI-0029,KA-03,63.0,1049.0,66087.0
2026-07-01,CI-0029,KA-04,36.0,1049.0,37764.0
2026-07-01,CI-0029,KA-05,27.0,1049.0,28323.0
2026-08-01,CI-0029,E-commerce,243.0,1049.0,254907.0
2026-08-01,CI-0029,Marketplace,190.0,1049.0,19931.0
2026-08-01,CI-0029,Loja própria,156.0,1049.0,163644.0
2026-08-01,CI-0029,KA-01,86.0,1049.0,90214.0
2026-08-01,CI-0029,KA-02,69.0,1049.0,72381.0
2026-08-01,CI-0029,KA-03,60.0,1049.0,6294.0
2026-08-01,CI-0029,KA-04,34.0,1049.0,35666.0
2026-08-01,CI-0029,KA-05,26.0,1049.0,27274.0
2024-09-01,CI-0030,E-commerce,252.0,399.0,100548.0
2024-09-01,CI-0030,Marketplace,198.0,399.0,79002.0
2024-09-01,CI-0030,Loja própria,162.0,399.0,64638.0
2024-09-01,CI-0030,KA-01,90.0,399.0,3591.0
2024-09-01,CI-0030,KA-02,72.0,399.0,28728.0
2024-09-01,CI-0030,KA-03,63.0,399.0,25137.0
2024-09-01,CI-0030,KA-04,36.0,399.0,14364.0
2024-09-01,CI-0030,KA-05,27.0,399.0,10773.0
2024-10-01,CI-0030,E-commerce,243.0,399.0,96957.0
2024-10-01,CI-0030,Marketplace,190.0,399.0,7581.0
2024-10-01,CI-0030,Loja própria,156.0,399.0,62244.0
2024-10-01,CI-0030,KA-01,86.0,399.0,34314.0
2024-10-01,CI-0030,KA-02,69.0,399.0,27531.0
2024-10-01,CI-0030,KA-03,60.0,399.0,2394.0
2024-10-01,CI-0030,KA-04,34.0,399.0,13566.0
2024-10-01,CI-0030,KA-05,26.0,399.0,10374.0
2024-11-01,CI-0030,E-commerce,311.0,399.0,124089.0
2024-11-01,CI-0030,Marketplace,245.0,399.0,97755.0
2024-11-01,CI-0030,Loja própria,200.0,399.0,7980.0
2024-11-01,CI-0030,KA-01,111.0,399.0,44289.0
2024-11-01,CI-0030,KA-02,89.0,399.0,35511.0
2024-11-01,CI-0030,KA-03,77.0,399.0,30723.0
2024-11-01,CI-0030,KA-04,44.0,399.0,17556.0
2024-11-01,CI-0030,KA-05,33.0,399.0,13167.0
2024-12-01,CI-0030,E-commerce,244.0,399.0,97356.0
2024-12-01,CI-0030,Marketplace,192.0,399.0,76608.0
2024-12-01,CI-0030,Loja própria,157.0,399.0,62643.0
2024-12-01,CI-0030,KA-01,87.0,399.0,34713.0
2024-12-01,CI-0030,KA-02,69.0,399.0,27531.0
2024-12-01,CI-0030,KA-03,61.0,399.0,24339.0
2024-12-01,CI-0030,KA-04,34.0,399.0,13566.0
2024-12-01,CI-0030,KA-05,26.0,399.0,10374.0
2025-01-01,CI-0030,E-commerce,252.0,399.0,100548.0
2025-01-01,CI-0030,Marketplace,198.0,399.0,79002.0
2025-01-01,CI-0030,Loja própria,162.0,399.0,64638.0
2025-01-01,CI-0030,KA-01,90.0,399.0,3591.0
2025-01-01,CI-0030,KA-02,72.0,399.0,28728.0
2025-01-01,CI-0030,KA-03,63.0,399.0,25137.0
2025-01-01,CI-0030,KA-04,36.0,399.0,14364.0
2025-01-01,CI-0030,KA-05,27.0,399.0,10773.0
2025-02-01,CI-0030,E-commerce,274.0,399.0,109326.0
2025-02-01,CI-0030,Marketplace,215.0,399.0,85785.0
2025-02-01,CI-0030,Loja própria,176.0,399.0,70224.0
2025-02-01,CI-0030,KA-01,98.0,399.0,39102.0
2025-02-01,CI-0030,KA-02,78.0,399.0,31122.0
2025-02-01,CI-0030,KA-03,68.0,399.0,27132.0
2025-02-01,CI-0030,KA-04,39.0,399.0,15561.0
2025-02-01,CI-0030,KA-05,29.0,399.0,11571.0
2025-03-01,CI-0030,E-commerce,269.0,399.0,107331.0
2025-03-01,CI-0030,Marketplace,211.0,399.0,84189.0
2025-03-01,CI-0030,Loja própria,173.0,399.0,69027.0
2025-03-01,CI-0030,KA-01,96.0,399.0,38304.0
2025-03-01,CI-0030,KA-02,77.0,399.0,30723.0
2025-03-01,CI-0030,KA-03,67.0,399.0,26733.0
2025-03-01,CI-0030,KA-04,38.0,399.0,15162.0
2025-03-01,CI-0030,KA-05,28.0,399.0,11172.0
2025-04-01,CI-0030,E-commerce,250.0,399.0,9975.0
2025-04-01,CI-0030,Marketplace,196.0,399.0,78204.0
2025-04-01,CI-0030,Loja própria,160.0,399.0,6384.0
2025-04-01,CI-0030,KA-01,89.0,399.0,35511.0
2025-04-01,CI-0030,KA-02,71.0,399.0,28329.0
2025-04-01,CI-0030,KA-03,62.0,399.0,24738.0
2025-04-01,CI-0030,KA-04,35.0,399.0,13965.0
2025-04-01,CI-0030,KA-05,26.0,399.0,10374.0
2025-05-01,CI-0030,E-commerce,267.0,399.0,106533.0
2025-05-01,CI-0030,Marketplace,210.0,399.0,8379.0
2025-05-01,CI-0030,Loja própria,171.0,399.0,68229.0
2025-05-01,CI-0030,KA-01,95.0,399.0,37905.0
2025-05-01,CI-0030,KA-02,76.0,399.0,30324.0
2025-05-01,CI-0030,KA-03,66.0,399.0,26334.0
2025-05-01,CI-0030,KA-04,38.0,399.0,15162.0
2025-05-01,CI-0030,KA-05,28.0,399.0,11172.0
2025-06-01,CI-0030,E-commerce,270.0,399.0,10773.0
2025-06-01,CI-0030,Marketplace,212.0,399.0,84588.0
2025-06-01,CI-0030,Loja própria,173.0,399.0,69027.0
2025-06-01,CI-0030,KA-01,96.0,399.0,38304.0
2025-06-01,CI-0030,KA-02,77.0,399.0,30723.0
2025-06-01,CI-0030,KA-03,67.0,399.0,26733.0
2025-06-01,CI-0030,KA-04,38.0,399.0,15162.0
2025-06-01,CI-0030,KA-05,28.0,399.0,11172.0
2025-07-01,CI-0030,E-commerce,276.0,399.0,110124.0
2025-07-01,CI-0030,Marketplace,216.0,399.0,86184.0
2025-07-01,CI-0030,Loja própria,177.0,399.0,70623.0
2025-07-01,CI-0030,KA-01,98.0,399.0,39102.0
2025-07-01,CI-0030,KA-02,78.0,399.0,31122.0
2025-07-01,CI-0030,KA-03,69.0,399.0,27531.0
2025-07-01,CI-0030,KA-04,39.0,399.0,15561.0
2025-07-01,CI-0030,KA-05,29.0,399.0,11571.0
2025-08-01,CI-0030,E-commerce,233.0,399.0,92967.0
2025-08-01,CI-0030,Marketplace,183.0,399.0,73017.0
2025-08-01,CI-0030,Loja própria,150.0,399.0,5985.0
2025-08-01,CI-0030,KA-01,83.0,399.0,33117.0
2025-08-01,CI-0030,KA-02,66.0,399.0,26334.0
2025-08-01,CI-0030,KA-03,58.0,399.0,23142.0
2025-08-01,CI-0030,KA-04,33.0,399.0,13167.0
2025-08-01,CI-0030,KA-05,25.0,399.0,9975.0
2025-09-01,CI-0030,E-commerce,260.0,399.0,10374.0
2025-09-01,CI-0030,Marketplace,205.0,399.0,81795.0
2025-09-01,CI-0030,Loja própria,167.0,399.0,66633.0
2025-09-01,CI-0030,KA-01,93.0,399.0,37107.0
2025-09-01,CI-0030,KA-02,74.0,399.0,29526.0
2025-09-01,CI-0030,KA-03,65.0,399.0,25935.0
2025-09-01,CI-0030,KA-04,37.0,399.0,14763.0
2025-09-01,CI-0030,KA-05,27.0,399.0,10773.0
2025-10-01,CI-0030,E-commerce,280.0,399.0,11172.0
2025-10-01,CI-0030,Marketplace,220.0,399.0,8778.0
2025-10-01,CI-0030,Loja própria,180.0,399.0,7182.0
2025-10-01,CI-0030,KA-01,100.0,399.0,3990.0
2025-10-01,CI-0030,KA-02,80.0,399.0,3192.0
2025-10-01,CI-0030,KA-03,70.0,399.0,2793.0
2025-10-01,CI-0030,KA-04,40.0,399.0,1596.0
2025-10-01,CI-0030,KA-05,30.0,399.0,1197.0
2025-11-01,CI-0030,E-commerce,310.0,399.0,12369.0
2025-11-01,CI-0030,Marketplace,243.0,399.0,96957.0
2025-11-01,CI-0030,Loja própria,199.0,399.0,79401.0
2025-11-01,CI-0030,KA-01,110.0,399.0,4389.0
2025-11-01,CI-0030,KA-02,88.0,399.0,35112.0
2025-11-01,CI-0030,KA-03,77.0,399.0,30723.0
2025-11-01,CI-0030,KA-04,44.0,399.0,17556.0
2025-11-01,CI-0030,KA-05,33.0,399.0,13167.0
2025-12-01,CI-0030,E-commerce,254.0,399.0,101346.0
2025-12-01,CI-0030,Marketplace,200.0,399.0,7980.0
2025-12-01,CI-0030,Loja própria,163.0,399.0,65037.0
2025-12-01,CI-0030,KA-01,91.0,399.0,36309.0
2025-12-01,CI-0030,KA-02,72.0,399.0,28728.0
2025-12-01,CI-0030,KA-03,63.0,399.0,25137.0
2025-12-01,CI-0030,KA-04,36.0,399.0,14364.0
2025-12-01,CI-0030,KA-05,27.0,399.0,10773.0
2026-01-01,CI-0030,E-commerce,277.0,399.0,110523.0
2026-01-01,CI-0030,Marketplace,218.0,399.0,86982.0
2026-01-01,CI-0030,Loja própria,178.0,399.0,71022.0
2026-01-01,CI-0030,KA-01,99.0,399.0,39501.0
2026-01-01,CI-0030,KA-02,79.0,399.0,31521.0
2026-01-01,CI-0030,KA-03,69.0,399.0,27531.0
2026-01-01,CI-0030,KA-04,39.0,399.0,15561.0
2026-01-01,CI-0030,KA-05,29.0,399.0,11571.0
2026-02-01,CI-0030,E-commerce,257.0,399.0,102543.0
2026-02-01,CI-0030,Marketplace,202.0,399.0,80598.0
2026-02-01,CI-0030,Loja própria,165.0,399.0,65835.0
2026-02-01,CI-0030,KA-01,92.0,399.0,36708.0
2026-02-01,CI-0030,KA-02,73.0,399.0,29127.0
2026-02-01,CI-0030,KA-03,64.0,399.0,25536.0
2026-02-01,CI-0030,KA-04,36.0,399.0,14364.0
2026-02-01,CI-0030,KA-05,27.0,399.0,10773.0
2026-03-01,CI-0030,E-commerce,237.0,399.0,94563.0
2026-03-01,CI-0030,Marketplace,186.0,399.0,74214.0
2026-03-01,CI-0030,Loja própria,152.0,399.0,60648.0
2026-03-01,CI-0030,KA-01,84.0,399.0,33516.0
2026-03-01,CI-0030,KA-02,67.0,399.0,26733.0
2026-03-01,CI-0030,KA-03,59.0,399.0,23541.0
2026-03-01,CI-0030,KA-04,33.0,399.0,13167.0
2026-03-01,CI-0030,KA-05,25.0,399.0,9975.0
2026-04-01,CI-0030,E-commerce,267.0,399.0,106533.0
2026-04-01,CI-0030,Marketplace,210.0,399.0,8379.0
2026-04-01,CI-0030,Loja própria,171.0,399.0,68229.0
2026-04-01,CI-0030,KA-01,95.0,399.0,37905.0
2026-04-01,CI-0030,KA-02,76.0,399.0,30324.0
2026-04-01,CI-0030,KA-03,66.0,399.0,26334.0
2026-04-01,CI-0030,KA-04,38.0,399.0,15162.0
2026-04-01,CI-0030,KA-05,28.0,399.0,11172.0
2026-05-01,CI-0030,E-commerce,256.0,399.0,102144.0
2026-05-01,CI-0030,Marketplace,201.0,399.0,80199.0
2026-05-01,CI-0030,Loja própria,164.0,399.0,65436.0
2026-05-01,CI-0030,KA-01,91.0,399.0,36309.0
2026-05-01,CI-0030,KA-02,73.0,399.0,29127.0
2026-05-01,CI-0030,KA-03,64.0,399.0,25536.0
2026-05-01,CI-0030,KA-04,36.0,399.0,14364.0
2026-05-01,CI-0030,KA-05,27.0,399.0,10773.0
2026-06-01,CI-0030,E-commerce,241.0,399.0,96159.0
2026-06-01,CI-0030,Marketplace,190.0,399.0,7581.0
2026-06-01,CI-0030,Loja própria,155.0,399.0,61845.0
2026-06-01,CI-0030,KA-01,86.0,399.0,34314.0
2026-06-01,CI-0030,KA-02,69.0,399.0,27531.0
2026-06-01,CI-0030,KA-03,60.0,399.0,2394.0
2026-06-01,CI-0030,KA-04,34.0,399.0,13566.0
2026-06-01,CI-0030,KA-05,25.0,399.0,9975.0
2026-07-01,CI-0030,E-commerce,285.0,399.0,113715.0
2026-07-01,CI-0030,Marketplace,224.0,399.0,89376.0
2026-07-01,CI-0030,Loja própria,183.0,399.0,73017.0
2026-07-01,CI-0030,KA-01,102.0,399.0,40698.0
2026-07-01,CI-0030,KA-02,81.0,399.0,32319.0
2026-07-01,CI-0030,KA-03,71.0,399.0,28329.0
2026-07-01,CI-0030,KA-04,40.0,399.0,1596.0
2026-07-01,CI-0030,KA-05,30.0,399.0,1197.0
2026-08-01,CI-0030,E-commerce,238.0,399.0,94962.0
2026-08-01,CI-0030,Marketplace,187.0,399.0,74613.0
2026-08-01,CI-0030,Loja própria,153.0,399.0,61047.0
2026-08-01,CI-0030,KA-01,85.0,399.0,33915.0
2026-08-01,CI-0030,KA-02,68.0,399.0,27132.0
2026-08-01,CI-0030,KA-03,59.0,399.0,23541.0
2026-08-01,CI-0030,KA-04,34.0,399.0,13566.0
2026-08-01,CI-0030,KA-05,25.0,399.0,9975.0
2024-09-01,CI-0031,E-commerce,41.0,199.0,8159.0
2024-09-01,CI-0031,Marketplace,32.0,199.0,6368.0
2024-09-01,CI-0031,Loja própria,26.0,199.0,5174.0
2024-09-01,CI-0031,KA-01,14.0,199.0,2786.0
2024-09-01,CI-0031,KA-02,11.0,199.0,2189.0
2024-09-01,CI-0031,KA-03,10.0,199.0,199.0
2024-09-01,CI-0031,KA-04,5.0,199.0,995.0
2024-09-01,CI-0031,KA-05,4.0,199.0,796.0
2024-10-01,CI-0031,E-commerce,44.0,199.0,8756.0
2024-10-01,CI-0031,Marketplace,34.0,199.0,6766.0
2024-10-01,CI-0031,Loja própria,28.0,199.0,5572.0
2024-10-01,CI-0031,KA-01,15.0,199.0,2985.0
2024-10-01,CI-0031,KA-02,12.0,199.0,2388.0
2024-10-01,CI-0031,KA-03,11.0,199.0,2189.0
2024-10-01,CI-0031,KA-04,6.0,199.0,1194.0
2024-10-01,CI-0031,KA-05,4.0,199.0,796.0
2024-11-01,CI-0031,E-commerce,57.0,199.0,11343.0
2024-11-01,CI-0031,Marketplace,44.0,199.0,8756.0
2024-11-01,CI-0031,Loja própria,36.0,199.0,7164.0
2024-11-01,CI-0031,KA-01,20.0,199.0,398.0
2024-11-01,CI-0031,KA-02,16.0,199.0,3184.0
2024-11-01,CI-0031,KA-03,14.0,199.0,2786.0
2024-11-01,CI-0031,KA-04,8.0,199.0,1592.0
2024-11-01,CI-0031,KA-05,6.0,199.0,1194.0
2024-12-01,CI-0031,E-commerce,42.0,199.0,8358.0
2024-12-01,CI-0031,Marketplace,33.0,199.0,6567.0
2024-12-01,CI-0031,Loja própria,27.0,199.0,5373.0
2024-12-01,CI-0031,KA-01,15.0,199.0,2985.0
2024-12-01,CI-0031,KA-02,12.0,199.0,2388.0
2024-12-01,CI-0031,KA-03,10.0,199.0,199.0
2024-12-01,CI-0031,KA-04,6.0,199.0,1194.0
2024-12-01,CI-0031,KA-05,4.0,199.0,796.0
2025-01-01,CI-0031,E-commerce,41.0,199.0,8159.0
2025-01-01,CI-0031,Marketplace,32.0,199.0,6368.0
2025-01-01,CI-0031,Loja própria,26.0,199.0,5174.0
2025-01-01,CI-0031,KA-01,14.0,199.0,2786.0
2025-01-01,CI-0031,KA-02,11.0,199.0,2189.0
2025-01-01,CI-0031,KA-03,10.0,199.0,199.0
2025-01-01,CI-0031,KA-04,5.0,199.0,995.0
2025-01-01,CI-0031,KA-05,4.0,199.0,796.0
2025-02-01,CI-0031,E-commerce,36.0,199.0,7164.0
2025-02-01,CI-0031,Marketplace,28.0,199.0,5572.0
2025-02-01,CI-0031,Loja própria,23.0,199.0,4577.0
2025-02-01,CI-0031,KA-01,12.0,199.0,2388.0
2025-02-01,CI-0031,KA-02,10.0,199.0,199.0
2025-02-01,CI-0031,KA-03,9.0,199.0,1791.0
2025-02-01,CI-0031,KA-04,5.0,199.0,995.0
2025-02-01,CI-0031,KA-05,3.0,199.0,597.0
2025-03-01,CI-0031,E-commerce,32.0,199.0,6368.0
2025-03-01,CI-0031,Marketplace,25.0,199.0,4975.0
2025-03-01,CI-0031,Loja própria,20.0,199.0,398.0
2025-03-01,CI-0031,KA-01,11.0,199.0,2189.0
2025-03-01,CI-0031,KA-02,9.0,199.0,1791.0
2025-03-01,CI-0031,KA-03,8.0,199.0,1592.0
2025-03-01,CI-0031,KA-04,4.0,199.0,796.0
2025-03-01,CI-0031,KA-05,3.0,199.0,597.0
2025-04-01,CI-0031,E-commerce,36.0,199.0,7164.0
2025-04-01,CI-0031,Marketplace,28.0,199.0,5572.0
2025-04-01,CI-0031,Loja própria,23.0,199.0,4577.0
2025-04-01,CI-0031,KA-01,12.0,199.0,2388.0
2025-04-01,CI-0031,KA-02,10.0,199.0,199.0
2025-04-01,CI-0031,KA-03,9.0,199.0,1791.0
2025-04-01,CI-0031,KA-04,5.0,199.0,995.0
2025-04-01,CI-0031,KA-05,3.0,199.0,597.0
2025-05-01,CI-0031,E-commerce,31.0,199.0,6169.0
2025-05-01,CI-0031,Marketplace,24.0,199.0,4776.0
2025-05-01,CI-0031,Loja própria,19.0,199.0,3781.0
2025-05-01,CI-0031,KA-01,11.0,199.0,2189.0
2025-05-01,CI-0031,KA-02,8.0,199.0,1592.0
2025-05-01,CI-0031,KA-03,7.0,199.0,1393.0
2025-05-01,CI-0031,KA-04,4.0,199.0,796.0
2025-05-01,CI-0031,KA-05,3.0,199.0,597.0
2025-06-01,CI-0031,E-commerce,37.0,199.0,7363.0
2025-06-01,CI-0031,Marketplace,29.0,199.0,5771.0
2025-06-01,CI-0031,Loja própria,23.0,199.0,4577.0
2025-06-01,CI-0031,KA-01,13.0,199.0,2587.0
2025-06-01,CI-0031,KA-02,10.0,199.0,199.0
2025-06-01,CI-0031,KA-03,9.0,199.0,1791.0
2025-06-01,CI-0031,KA-04,5.0,199.0,995.0
2025-06-01,CI-0031,KA-05,3.0,199.0,597.0
2025-07-01,CI-0031,E-commerce,33.0,199.0,6567.0
2025-07-01,CI-0031,Marketplace,25.0,199.0,4975.0
2025-07-01,CI-0031,Loja própria,21.0,199.0,4179.0
2025-07-01,CI-0031,KA-01,11.0,199.0,2189.0
2025-07-01,CI-0031,KA-02,9.0,199.0,1791.0
2025-07-01,CI-0031,KA-03,8.0,199.0,1592.0
2025-07-01,CI-0031,KA-04,4.0,199.0,796.0
2025-07-01,CI-0031,KA-05,3.0,199.0,597.0
2025-08-01,CI-0031,E-commerce,29.0,199.0,5771.0
2025-08-01,CI-0031,Marketplace,22.0,199.0,4378.0
2025-08-01,CI-0031,Loja própria,18.0,199.0,3582.0
2025-08-01,CI-0031,KA-01,10.0,199.0,199.0
2025-08-01,CI-0031,KA-02,8.0,199.0,1592.0
2025-08-01,CI-0031,KA-03,7.0,199.0,1393.0
2025-08-01,CI-0031,KA-04,4.0,199.0,796.0
2025-08-01,CI-0031,KA-05,3.0,199.0,597.0
2025-09-01,CI-0031,E-commerce,33.0,199.0,6567.0
2025-09-01,CI-0031,Marketplace,25.0,199.0,4975.0
2025-09-01,CI-0031,Loja própria,21.0,199.0,4179.0
2025-09-01,CI-0031,KA-01,11.0,199.0,2189.0
2025-09-01,CI-0031,KA-02,9.0,199.0,1791.0
2025-09-01,CI-0031,KA-03,8.0,199.0,1592.0
2025-09-01,CI-0031,KA-04,4.0,199.0,796.0
2025-09-01,CI-0031,KA-05,3.0,199.0,597.0
2025-10-01,CI-0031,E-commerce,31.0,199.0,6169.0
2025-10-01,CI-0031,Marketplace,24.0,199.0,4776.0
2025-10-01,CI-0031,Loja própria,20.0,199.0,398.0
2025-10-01,CI-0031,KA-01,11.0,199.0,2189.0
2025-10-01,CI-0031,KA-02,9.0,199.0,1791.0
2025-10-01,CI-0031,KA-03,7.0,199.0,1393.0
2025-10-01,CI-0031,KA-04,4.0,199.0,796.0
2025-10-01,CI-0031,KA-05,3.0,199.0,597.0
2025-11-01,CI-0031,E-commerce,35.0,199.0,6965.0
2025-11-01,CI-0031,Marketplace,27.0,199.0,5373.0
2025-11-01,CI-0031,Loja própria,22.0,199.0,4378.0
2025-11-01,CI-0031,KA-01,12.0,199.0,2388.0
2025-11-01,CI-0031,KA-02,10.0,199.0,199.0
2025-11-01,CI-0031,KA-03,8.0,199.0,1592.0
2025-11-01,CI-0031,KA-04,5.0,199.0,995.0
2025-11-01,CI-0031,KA-05,3.0,199.0,597.0
2025-12-01,CI-0031,E-commerce,25.0,199.0,4975.0
2025-12-01,CI-0031,Marketplace,20.0,199.0,398.0
2025-12-01,CI-0031,Loja própria,16.0,199.0,3184.0
2025-12-01,CI-0031,KA-01,9.0,199.0,1791.0
2025-12-01,CI-0031,KA-02,7.0,199.0,1393.0
2025-12-01,CI-0031,KA-03,6.0,199.0,1194.0
2025-12-01,CI-0031,KA-04,3.0,199.0,597.0
2025-12-01,CI-0031,KA-05,2.0,199.0,398.0
2026-01-01,CI-0031,E-commerce,29.0,199.0,5771.0
2026-01-01,CI-0031,Marketplace,23.0,199.0,4577.0
2026-01-01,CI-0031,Loja própria,18.0,199.0,3582.0
2026-01-01,CI-0031,KA-01,10.0,199.0,199.0
2026-01-01,CI-0031,KA-02,8.0,199.0,1592.0
2026-01-01,CI-0031,KA-03,7.0,199.0,1393.0
2026-01-01,CI-0031,KA-04,4.0,199.0,796.0
2026-01-01,CI-0031,KA-05,3.0,199.0,597.0
2026-02-01,CI-0031,E-commerce,26.0,199.0,5174.0
2026-02-01,CI-0031,Marketplace,21.0,199.0,4179.0
2026-02-01,CI-0031,Loja própria,17.0,199.0,3383.0
2026-02-01,CI-0031,KA-01,9.0,199.0,1791.0
2026-02-01,CI-0031,KA-02,7.0,199.0,1393.0
2026-02-01,CI-0031,KA-03,6.0,199.0,1194.0
2026-02-01,CI-0031,KA-04,3.0,199.0,597.0
2026-02-01,CI-0031,KA-05,2.0,199.0,398.0
2026-03-01,CI-0031,E-commerce,25.0,199.0,4975.0
2026-03-01,CI-0031,Marketplace,20.0,199.0,398.0
2026-03-01,CI-0031,Loja própria,16.0,199.0,3184.0
2026-03-01,CI-0031,KA-01,9.0,199.0,1791.0
2026-03-01,CI-0031,KA-02,7.0,199.0,1393.0
2026-03-01,CI-0031,KA-03,6.0,199.0,1194.0
2026-03-01,CI-0031,KA-04,3.0,199.0,597.0
2026-03-01,CI-0031,KA-05,2.0,199.0,398.0
2026-04-01,CI-0031,E-commerce,23.0,199.0,4577.0
2026-04-01,CI-0031,Marketplace,18.0,199.0,3582.0
2026-04-01,CI-0031,Loja própria,15.0,199.0,2985.0
2026-04-01,CI-0031,KA-01,8.0,199.0,1592.0
2026-04-01,CI-0031,KA-02,6.0,199.0,1194.0
2026-04-01,CI-0031,KA-03,5.0,199.0,995.0
2026-04-01,CI-0031,KA-04,3.0,199.0,597.0
2026-04-01,CI-0031,KA-05,2.0,199.0,398.0
2026-05-01,CI-0031,E-commerce,21.0,199.0,4179.0
2026-05-01,CI-0031,Marketplace,16.0,199.0,3184.0
2026-05-01,CI-0031,Loja própria,13.0,199.0,2587.0
2026-05-01,CI-0031,KA-01,7.0,199.0,1393.0
2026-05-01,CI-0031,KA-02,6.0,199.0,1194.0
2026-05-01,CI-0031,KA-03,5.0,199.0,995.0
2026-05-01,CI-0031,KA-04,3.0,199.0,597.0
2026-05-01,CI-0031,KA-05,2.0,199.0,398.0
2026-06-01,CI-0031,E-commerce,20.0,199.0,398.0
2026-06-01,CI-0031,Marketplace,15.0,199.0,2985.0
2026-06-01,CI-0031,Loja própria,12.0,199.0,2388.0
2026-06-01,CI-0031,KA-01,7.0,199.0,1393.0
2026-06-01,CI-0031,KA-02,5.0,199.0,995.0
2026-06-01,CI-0031,KA-03,5.0,199.0,995.0
2026-06-01,CI-0031,KA-04,2.0,199.0,398.0
2026-06-01,CI-0031,KA-05,2.0,199.0,398.0
2026-07-01,CI-0031,E-commerce,19.0,199.0,3781.0
2026-07-01,CI-0031,Marketplace,15.0,199.0,2985.0
2026-07-01,CI-0031,Loja própria,12.0,199.0,2388.0
2026-07-01,CI-0031,KA-01,6.0,199.0,1194.0
2026-07-01,CI-0031,KA-02,5.0,199.0,995.0
2026-07-01,CI-0031,KA-03,4.0,199.0,796.0
2026-07-01,CI-0031,KA-04,2.0,199.0,398.0
2026-07-01,CI-0031,KA-05,2.0,199.0,398.0
2026-08-01,CI-0031,E-commerce,18.0,199.0,3582.0
2026-08-01,CI-0031,Marketplace,14.0,199.0,2786.0
2026-08-01,CI-0031,Loja própria,12.0,199.0,2388.0
2026-08-01,CI-0031,KA-01,6.0,199.0,1194.0
2026-08-01,CI-0031,KA-02,5.0,199.0,995.0
2026-08-01,CI-0031,KA-03,4.0,199.0,796.0
2026-08-01,CI-0031,KA-04,2.0,199.0,398.0
2026-08-01,CI-0031,KA-05,2.0,199.0,398.0
2024-09-01,CI-0032,E-commerce,56.0,199.0,11144.0
2024-09-01,CI-0032,Marketplace,44.0,199.0,8756.0
2024-09-01,CI-0032,Loja própria,36.0,199.0,7164.0
2024-09-01,CI-0032,KA-01,20.0,199.0,398.0
2024-09-01,CI-0032,KA-02,16.0,199.0,3184.0
2024-09-01,CI-0032,KA-03,14.0,199.0,2786.0
2024-09-01,CI-0032,KA-04,8.0,199.0,1592.0
2024-09-01,CI-0032,KA-05,6.0,199.0,1194.0
2024-10-01,CI-0032,E-commerce,61.0,199.0,12139.0
2024-10-01,CI-0032,Marketplace,47.0,199.0,9353.0
2024-10-01,CI-0032,Loja própria,39.0,199.0,7761.0
2024-10-01,CI-0032,KA-01,21.0,199.0,4179.0
2024-10-01,CI-0032,KA-02,17.0,199.0,3383.0
2024-10-01,CI-0032,KA-03,15.0,199.0,2985.0
2024-10-01,CI-0032,KA-04,8.0,199.0,1592.0
2024-10-01,CI-0032,KA-05,6.0,199.0,1194.0
2024-11-01,CI-0032,E-commerce,85.0,199.0,16915.0
2024-11-01,CI-0032,Marketplace,66.0,199.0,13134.0
2024-11-01,CI-0032,Loja própria,54.0,199.0,10746.0
2024-11-01,CI-0032,KA-01,30.0,199.0,597.0
2024-11-01,CI-0032,KA-02,24.0,199.0,4776.0
2024-11-01,CI-0032,KA-03,21.0,199.0,4179.0
2024-11-01,CI-0032,KA-04,12.0,199.0,2388.0
2024-11-01,CI-0032,KA-05,9.0,199.0,1791.0
2024-12-01,CI-0032,E-commerce,62.0,199.0,12338.0
2024-12-01,CI-0032,Marketplace,49.0,199.0,9751.0
2024-12-01,CI-0032,Loja própria,40.0,199.0,796.0
2024-12-01,CI-0032,KA-01,22.0,199.0,4378.0
2024-12-01,CI-0032,KA-02,17.0,199.0,3383.0
2024-12-01,CI-0032,KA-03,15.0,199.0,2985.0
2024-12-01,CI-0032,KA-04,8.0,199.0,1592.0
2024-12-01,CI-0032,KA-05,6.0,199.0,1194.0
2025-01-01,CI-0032,E-commerce,53.0,199.0,10547.0
2025-01-01,CI-0032,Marketplace,41.0,199.0,8159.0
2025-01-01,CI-0032,Loja própria,34.0,199.0,6766.0
2025-01-01,CI-0032,KA-01,19.0,199.0,3781.0
2025-01-01,CI-0032,KA-02,15.0,199.0,2985.0
2025-01-01,CI-0032,KA-03,13.0,199.0,2587.0
2025-01-01,CI-0032,KA-04,7.0,199.0,1393.0
2025-01-01,CI-0032,KA-05,5.0,199.0,995.0
2025-02-01,CI-0032,E-commerce,55.0,199.0,10945.0
2025-02-01,CI-0032,Marketplace,43.0,199.0,8557.0
2025-02-01,CI-0032,Loja própria,35.0,199.0,6965.0
2025-02-01,CI-0032,KA-01,19.0,199.0,3781.0
2025-02-01,CI-0032,KA-02,15.0,199.0,2985.0
2025-02-01,CI-0032,KA-03,13.0,199.0,2587.0
2025-02-01,CI-0032,KA-04,7.0,199.0,1393.0
2025-02-01,CI-0032,KA-05,5.0,199.0,995.0
2025-03-01,CI-0032,E-commerce,63.0,199.0,12537.0
2025-03-01,CI-0032,Marketplace,49.0,199.0,9751.0
2025-03-01,CI-0032,Loja própria,40.0,199.0,796.0
2025-03-01,CI-0032,KA-01,22.0,199.0,4378.0
2025-03-01,CI-0032,KA-02,18.0,199.0,3582.0
2025-03-01,CI-0032,KA-03,15.0,199.0,2985.0
2025-03-01,CI-0032,KA-04,9.0,199.0,1791.0
2025-03-01,CI-0032,KA-05,6.0,199.0,1194.0
2025-04-01,CI-0032,E-commerce,53.0,199.0,10547.0
2025-04-01,CI-0032,Marketplace,41.0,199.0,8159.0
2025-04-01,CI-0032,Loja própria,34.0,199.0,6766.0
2025-04-01,CI-0032,KA-01,19.0,199.0,3781.0
2025-04-01,CI-0032,KA-02,15.0,199.0,2985.0
2025-04-01,CI-0032,KA-03,13.0,199.0,2587.0
2025-04-01,CI-0032,KA-04,7.0,199.0,1393.0
2025-04-01,CI-0032,KA-05,5.0,199.0,995.0
2025-05-01,CI-0032,E-commerce,50.0,199.0,995.0
2025-05-01,CI-0032,Marketplace,40.0,199.0,796.0
2025-05-01,CI-0032,Loja própria,32.0,199.0,6368.0
2025-05-01,CI-0032,KA-01,18.0,199.0,3582.0
2025-05-01,CI-0032,KA-02,14.0,199.0,2786.0
2025-05-01,CI-0032,KA-03,12.0,199.0,2388.0
2025-05-01,CI-0032,KA-04,7.0,199.0,1393.0
2025-05-01,CI-0032,KA-05,5.0,199.0,995.0
2025-06-01,CI-0032,E-commerce,63.0,199.0,12537.0
2025-06-01,CI-0032,Marketplace,49.0,199.0,9751.0
2025-06-01,CI-0032,Loja própria,40.0,199.0,796.0
2025-06-01,CI-0032,KA-01,22.0,199.0,4378.0
2025-06-01,CI-0032,KA-02,18.0,199.0,3582.0
2025-06-01,CI-0032,KA-03,15.0,199.0,2985.0
2025-06-01,CI-0032,KA-04,9.0,199.0,1791.0
2025-06-01,CI-0032,KA-05,6.0,199.0,1194.0
2025-07-01,CI-0032,E-commerce,54.0,199.0,10746.0
2025-07-01,CI-0032,Marketplace,42.0,199.0,8358.0
2025-07-01,CI-0032,Loja própria,34.0,199.0,6766.0
2025-07-01,CI-0032,KA-01,19.0,199.0,3781.0
2025-07-01,CI-0032,KA-02,15.0,199.0,2985.0
2025-07-01,CI-0032,KA-03,13.0,199.0,2587.0
2025-07-01,CI-0032,KA-04,7.0,199.0,1393.0
2025-07-01,CI-0032,KA-05,5.0,199.0,995.0
2025-08-01,CI-0032,E-commerce,62.0,199.0,12338.0
2025-08-01,CI-0032,Marketplace,49.0,199.0,9751.0
2025-08-01,CI-0032,Loja própria,40.0,199.0,796.0
2025-08-01,CI-0032,KA-01,22.0,199.0,4378.0
2025-08-01,CI-0032,KA-02,17.0,199.0,3383.0
2025-08-01,CI-0032,KA-03,15.0,199.0,2985.0
2025-08-01,CI-0032,KA-04,8.0,199.0,1592.0
2025-08-01,CI-0032,KA-05,6.0,199.0,1194.0
2025-09-01,CI-0032,E-commerce,57.0,199.0,11343.0
2025-09-01,CI-0032,Marketplace,45.0,199.0,8955.0
2025-09-01,CI-0032,Loja própria,37.0,199.0,7363.0
2025-09-01,CI-0032,KA-01,20.0,199.0,398.0
2025-09-01,CI-0032,KA-02,16.0,199.0,3184.0
2025-09-01,CI-0032,KA-03,14.0,199.0,2786.0
2025-09-01,CI-0032,KA-04,8.0,199.0,1592.0
2025-09-01,CI-0032,KA-05,6.0,199.0,1194.0
2025-10-01,CI-0032,E-commerce,57.0,199.0,11343.0
2025-10-01,CI-0032,Marketplace,45.0,199.0,8955.0
2025-10-01,CI-0032,Loja própria,37.0,199.0,7363.0
2025-10-01,CI-0032,KA-01,20.0,199.0,398.0
2025-10-01,CI-0032,KA-02,16.0,199.0,3184.0
2025-10-01,CI-0032,KA-03,14.0,199.0,2786.0
2025-10-01,CI-0032,KA-04,8.0,199.0,1592.0
2025-10-01,CI-0032,KA-05,6.0,199.0,1194.0
2025-11-01,CI-0032,E-commerce,77.0,199.0,15323.0
2025-11-01,CI-0032,Marketplace,60.0,199.0,1194.0
2025-11-01,CI-0032,Loja própria,49.0,199.0,9751.0
2025-11-01,CI-0032,KA-01,27.0,199.0,5373.0
2025-11-01,CI-0032,KA-02,22.0,199.0,4378.0
2025-11-01,CI-0032,KA-03,19.0,199.0,3781.0
2025-11-01,CI-0032,KA-04,11.0,199.0,2189.0
2025-11-01,CI-0032,KA-05,8.0,199.0,1592.0
2025-12-01,CI-0032,E-commerce,64.0,199.0,12736.0
2025-12-01,CI-0032,Marketplace,50.0,199.0,995.0
2025-12-01,CI-0032,Loja própria,41.0,199.0,8159.0
2025-12-01,CI-0032,KA-01,23.0,199.0,4577.0
2025-12-01,CI-0032,KA-02,18.0,199.0,3582.0
2025-12-01,CI-0032,KA-03,16.0,199.0,3184.0
2025-12-01,CI-0032,KA-04,9.0,199.0,1791.0
2025-12-01,CI-0032,KA-05,6.0,199.0,1194.0
2026-01-01,CI-0032,E-commerce,55.0,199.0,10945.0
2026-01-01,CI-0032,Marketplace,43.0,199.0,8557.0
2026-01-01,CI-0032,Loja própria,35.0,199.0,6965.0
2026-01-01,CI-0032,KA-01,19.0,199.0,3781.0
2026-01-01,CI-0032,KA-02,15.0,199.0,2985.0
2026-01-01,CI-0032,KA-03,13.0,199.0,2587.0
2026-01-01,CI-0032,KA-04,7.0,199.0,1393.0
2026-01-01,CI-0032,KA-05,5.0,199.0,995.0
2026-02-01,CI-0032,E-commerce,53.0,199.0,10547.0
2026-02-01,CI-0032,Marketplace,42.0,199.0,8358.0
2026-02-01,CI-0032,Loja própria,34.0,199.0,6766.0
2026-02-01,CI-0032,KA-01,19.0,199.0,3781.0
2026-02-01,CI-0032,KA-02,15.0,199.0,2985.0
2026-02-01,CI-0032,KA-03,13.0,199.0,2587.0
2026-02-01,CI-0032,KA-04,7.0,199.0,1393.0
2026-02-01,CI-0032,KA-05,5.0,199.0,995.0
2026-03-01,CI-0032,E-commerce,61.0,199.0,12139.0
2026-03-01,CI-0032,Marketplace,48.0,199.0,9552.0
2026-03-01,CI-0032,Loja própria,39.0,199.0,7761.0
2026-03-01,CI-0032,KA-01,22.0,199.0,4378.0
2026-03-01,CI-0032,KA-02,17.0,199.0,3383.0
2026-03-01,CI-0032,KA-03,15.0,199.0,2985.0
2026-03-01,CI-0032,KA-04,8.0,199.0,1592.0
2026-03-01,CI-0032,KA-05,6.0,199.0,1194.0
2026-04-01,CI-0032,E-commerce,62.0,199.0,12338.0
2026-04-01,CI-0032,Marketplace,49.0,199.0,9751.0
2026-04-01,CI-0032,Loja própria,40.0,199.0,796.0
2026-04-01,CI-0032,KA-01,22.0,199.0,4378.0
2026-04-01,CI-0032,KA-02,17.0,199.0,3383.0
2026-04-01,CI-0032,KA-03,15.0,199.0,2985.0
2026-04-01,CI-0032,KA-04,8.0,199.0,1592.0
2026-04-01,CI-0032,KA-05,6.0,199.0,1194.0
2026-05-01,CI-0032,E-commerce,61.0,199.0,12139.0
2026-05-01,CI-0032,Marketplace,47.0,199.0,9353.0
2026-05-01,CI-0032,Loja própria,39.0,199.0,7761.0
2026-05-01,CI-0032,KA-01,21.0,199.0,4179.0
2026-05-01,CI-0032,KA-02,17.0,199.0,3383.0
2026-05-01,CI-0032,KA-03,15.0,199.0,2985.0
2026-05-01,CI-0032,KA-04,8.0,199.0,1592.0
2026-05-01,CI-0032,KA-05,6.0,199.0,1194.0
2026-06-01,CI-0032,E-commerce,66.0,199.0,13134.0
2026-06-01,CI-0032,Marketplace,52.0,199.0,10348.0
2026-06-01,CI-0032,Loja própria,43.0,199.0,8557.0
2026-06-01,CI-0032,KA-01,23.0,199.0,4577.0
2026-06-01,CI-0032,KA-02,19.0,199.0,3781.0
2026-06-01,CI-0032,KA-03,16.0,199.0,3184.0
2026-06-01,CI-0032,KA-04,9.0,199.0,1791.0
2026-06-01,CI-0032,KA-05,7.0,199.0,1393.0
2026-07-01,CI-0032,E-commerce,64.0,199.0,12736.0
2026-07-01,CI-0032,Marketplace,51.0,199.0,10149.0
2026-07-01,CI-0032,Loja própria,41.0,199.0,8159.0
2026-07-01,CI-0032,KA-01,23.0,199.0,4577.0
2026-07-01,CI-0032,KA-02,18.0,199.0,3582.0
2026-07-01,CI-0032,KA-03,16.0,199.0,3184.0
2026-07-01,CI-0032,KA-04,9.0,199.0,1791.0
2026-07-01,CI-0032,KA-05,6.0,199.0,1194.0
2026-08-01,CI-0032,E-commerce,67.0,199.0,13333.0
2026-08-01,CI-0032,Marketplace,53.0,199.0,10547.0
2026-08-01,CI-0032,Loja própria,43.0,199.0,8557.0
2026-08-01,CI-0032,KA-01,24.0,199.0,4776.0
2026-08-01,CI-0032,KA-02,19.0,199.0,3781.0
2026-08-01,CI-0032,KA-03,16.0,199.0,3184.0
2026-08-01,CI-0032,KA-04,9.0,199.0,1791.0
2026-08-01,CI-0032,KA-05,7.0,199.0,1393.0
2024-09-01,CI-0033,E-commerce,68.0,249.0,16932.0
2024-09-01,CI-0033,Marketplace,54.0,249.0,13446.0
2024-09-01,CI-0033,Loja própria,44.0,249.0,10956.0
2024-09-01,CI-0033,KA-01,24.0,249.0,5976.0
2024-09-01,CI-0033,KA-02,19.0,249.0,4731.0
2024-09-01,CI-0033,KA-03,17.0,249.0,4233.0
2024-09-01,CI-0033,KA-04,9.0,249.0,2241.0
2024-09-01,CI-0033,KA-05,7.0,249.0,1743.0
2024-10-01,CI-0033,E-commerce,63.0,249.0,15687.0
2024-10-01,CI-0033,Marketplace,50.0,249.0,1245.0
2024-10-01,CI-0033,Loja própria,41.0,249.0,10209.0
2024-10-01,CI-0033,KA-01,22.0,249.0,5478.0
2024-10-01,CI-0033,KA-02,18.0,249.0,4482.0
2024-10-01,CI-0033,KA-03,15.0,249.0,3735.0
2024-10-01,CI-0033,KA-04,9.0,249.0,2241.0
2024-10-01,CI-0033,KA-05,6.0,249.0,1494.0
2024-11-01,CI-0033,E-commerce,97.0,249.0,24153.0
2024-11-01,CI-0033,Marketplace,76.0,249.0,18924.0
2024-11-01,CI-0033,Loja própria,62.0,249.0,15438.0
2024-11-01,CI-0033,KA-01,34.0,249.0,8466.0
2024-11-01,CI-0033,KA-02,27.0,249.0,6723.0
2024-11-01,CI-0033,KA-03,24.0,249.0,5976.0
2024-11-01,CI-0033,KA-04,13.0,249.0,3237.0
2024-11-01,CI-0033,KA-05,10.0,249.0,249.0
2024-12-01,CI-0033,E-commerce,70.0,249.0,1743.0
2024-12-01,CI-0033,Marketplace,55.0,249.0,13695.0
2024-12-01,CI-0033,Loja própria,45.0,249.0,11205.0
2024-12-01,CI-0033,KA-01,25.0,249.0,6225.0
2024-12-01,CI-0033,KA-02,20.0,249.0,498.0
2024-12-01,CI-0033,KA-03,17.0,249.0,4233.0
2024-12-01,CI-0033,KA-04,10.0,249.0,249.0
2024-12-01,CI-0033,KA-05,7.0,249.0,1743.0
2025-01-01,CI-0033,E-commerce,77.0,249.0,19173.0
2025-01-01,CI-0033,Marketplace,60.0,249.0,1494.0
2025-01-01,CI-0033,Loja própria,49.0,249.0,12201.0
2025-01-01,CI-0033,KA-01,27.0,249.0,6723.0
2025-01-01,CI-0033,KA-02,22.0,249.0,5478.0
2025-01-01,CI-0033,KA-03,19.0,249.0,4731.0
2025-01-01,CI-0033,KA-04,11.0,249.0,2739.0
2025-01-01,CI-0033,KA-05,8.0,249.0,1992.0
2025-02-01,CI-0033,E-commerce,73.0,249.0,18177.0
2025-02-01,CI-0033,Marketplace,57.0,249.0,14193.0
2025-02-01,CI-0033,Loja própria,47.0,249.0,11703.0
2025-02-01,CI-0033,KA-01,26.0,249.0,6474.0
2025-02-01,CI-0033,KA-02,20.0,249.0,498.0
2025-02-01,CI-0033,KA-03,18.0,249.0,4482.0
2025-02-01,CI-0033,KA-04,10.0,249.0,249.0
2025-02-01,CI-0033,KA-05,7.0,249.0,1743.0
2025-03-01,CI-0033,E-commerce,67.0,249.0,16683.0
2025-03-01,CI-0033,Marketplace,52.0,249.0,12948.0
2025-03-01,CI-0033,Loja própria,43.0,249.0,10707.0
2025-03-01,CI-0033,KA-01,24.0,249.0,5976.0
2025-03-01,CI-0033,KA-02,19.0,249.0,4731.0
2025-03-01,CI-0033,KA-03,16.0,249.0,3984.0
2025-03-01,CI-0033,KA-04,9.0,249.0,2241.0
2025-03-01,CI-0033,KA-05,7.0,249.0,1743.0
2025-04-01,CI-0033,E-commerce,67.0,249.0,16683.0
2025-04-01,CI-0033,Marketplace,52.0,249.0,12948.0
2025-04-01,CI-0033,Loja própria,43.0,249.0,10707.0
2025-04-01,CI-0033,KA-01,24.0,249.0,5976.0
2025-04-01,CI-0033,KA-02,19.0,249.0,4731.0
2025-04-01,CI-0033,KA-03,16.0,249.0,3984.0
2025-04-01,CI-0033,KA-04,9.0,249.0,2241.0
2025-04-01,CI-0033,KA-05,7.0,249.0,1743.0
2025-05-01,CI-0033,E-commerce,80.0,249.0,1992.0
2025-05-01,CI-0033,Marketplace,63.0,249.0,15687.0
2025-05-01,CI-0033,Loja própria,51.0,249.0,12699.0
2025-05-01,CI-0033,KA-01,28.0,249.0,6972.0
2025-05-01,CI-0033,KA-02,23.0,249.0,5727.0
2025-05-01,CI-0033,KA-03,20.0,249.0,498.0
2025-05-01,CI-0033,KA-04,11.0,249.0,2739.0
2025-05-01,CI-0033,KA-05,8.0,249.0,1992.0
2025-06-01,CI-0033,E-commerce,79.0,249.0,19671.0
2025-06-01,CI-0033,Marketplace,62.0,249.0,15438.0
2025-06-01,CI-0033,Loja própria,51.0,249.0,12699.0
2025-06-01,CI-0033,KA-01,28.0,249.0,6972.0
2025-06-01,CI-0033,KA-02,22.0,249.0,5478.0
2025-06-01,CI-0033,KA-03,19.0,249.0,4731.0
2025-06-01,CI-0033,KA-04,11.0,249.0,2739.0
2025-06-01,CI-0033,KA-05,8.0,249.0,1992.0
2025-07-01,CI-0033,E-commerce,75.0,249.0,18675.0
2025-07-01,CI-0033,Marketplace,59.0,249.0,14691.0
2025-07-01,CI-0033,Loja própria,48.0,249.0,11952.0
2025-07-01,CI-0033,KA-01,27.0,249.0,6723.0
2025-07-01,CI-0033,KA-02,21.0,249.0,5229.0
2025-07-01,CI-0033,KA-03,18.0,249.0,4482.0
2025-07-01,CI-0033,KA-04,10.0,249.0,249.0
2025-07-01,CI-0033,KA-05,8.0,249.0,1992.0
2025-08-01,CI-0033,E-commerce,65.0,249.0,16185.0
2025-08-01,CI-0033,Marketplace,51.0,249.0,12699.0
2025-08-01,CI-0033,Loja própria,41.0,249.0,10209.0
2025-08-01,CI-0033,KA-01,23.0,249.0,5727.0
2025-08-01,CI-0033,KA-02,18.0,249.0,4482.0
2025-08-01,CI-0033,KA-03,16.0,249.0,3984.0
2025-08-01,CI-0033,KA-04,9.0,249.0,2241.0
2025-08-01,CI-0033,KA-05,6.0,249.0,1494.0
2025-09-01,CI-0033,E-commerce,78.0,249.0,19422.0
2025-09-01,CI-0033,Marketplace,61.0,249.0,15189.0
2025-09-01,CI-0033,Loja própria,50.0,249.0,1245.0
2025-09-01,CI-0033,KA-01,28.0,249.0,6972.0
2025-09-01,CI-0033,KA-02,22.0,249.0,5478.0
2025-09-01,CI-0033,KA-03,19.0,249.0,4731.0
2025-09-01,CI-0033,KA-04,11.0,249.0,2739.0
2025-09-01,CI-0033,KA-05,8.0,249.0,1992.0
2025-10-01,CI-0033,E-commerce,74.0,249.0,18426.0
2025-10-01,CI-0033,Marketplace,58.0,249.0,14442.0
2025-10-01,CI-0033,Loja própria,47.0,249.0,11703.0
2025-10-01,CI-0033,KA-01,26.0,249.0,6474.0
2025-10-01,CI-0033,KA-02,21.0,249.0,5229.0
2025-10-01,CI-0033,KA-03,18.0,249.0,4482.0
2025-10-01,CI-0033,KA-04,10.0,249.0,249.0
2025-10-01,CI-0033,KA-05,7.0,249.0,1743.0
2025-11-01,CI-0033,E-commerce,112.0,249.0,27888.0
2025-11-01,CI-0033,Marketplace,88.0,249.0,21912.0
2025-11-01,CI-0033,Loja própria,72.0,249.0,17928.0
2025-11-01,CI-0033,KA-01,40.0,249.0,996.0
2025-11-01,CI-0033,KA-02,32.0,249.0,7968.0
2025-11-01,CI-0033,KA-03,28.0,249.0,6972.0
2025-11-01,CI-0033,KA-04,16.0,249.0,3984.0
2025-11-01,CI-0033,KA-05,12.0,249.0,2988.0
2025-12-01,CI-0033,E-commerce,70.0,249.0,1743.0
2025-12-01,CI-0033,Marketplace,55.0,249.0,13695.0
2025-12-01,CI-0033,Loja própria,45.0,249.0,11205.0
2025-12-01,CI-0033,KA-01,25.0,249.0,6225.0
2025-12-01,CI-0033,KA-02,20.0,249.0,498.0
2025-12-01,CI-0033,KA-03,17.0,249.0,4233.0
2025-12-01,CI-0033,KA-04,10.0,249.0,249.0
2025-12-01,CI-0033,KA-05,7.0,249.0,1743.0
2026-01-01,CI-0033,E-commerce,78.0,249.0,19422.0
2026-01-01,CI-0033,Marketplace,62.0,249.0,15438.0
2026-01-01,CI-0033,Loja própria,50.0,249.0,1245.0
2026-01-01,CI-0033,KA-01,28.0,249.0,6972.0
2026-01-01,CI-0033,KA-02,22.0,249.0,5478.0
2026-01-01,CI-0033,KA-03,19.0,249.0,4731.0
2026-01-01,CI-0033,KA-04,11.0,249.0,2739.0
2026-01-01,CI-0033,KA-05,8.0,249.0,1992.0
2026-02-01,CI-0033,E-commerce,78.0,249.0,19422.0
2026-02-01,CI-0033,Marketplace,61.0,249.0,15189.0
2026-02-01,CI-0033,Loja própria,50.0,249.0,1245.0
2026-02-01,CI-0033,KA-01,28.0,249.0,6972.0
2026-02-01,CI-0033,KA-02,22.0,249.0,5478.0
2026-02-01,CI-0033,KA-03,19.0,249.0,4731.0
2026-02-01,CI-0033,KA-04,11.0,249.0,2739.0
2026-02-01,CI-0033,KA-05,8.0,249.0,1992.0
2026-03-01,CI-0033,E-commerce,72.0,249.0,17928.0
2026-03-01,CI-0033,Marketplace,56.0,249.0,13944.0
2026-03-01,CI-0033,Loja própria,46.0,249.0,11454.0
2026-03-01,CI-0033,KA-01,25.0,249.0,6225.0
2026-03-01,CI-0033,KA-02,20.0,249.0,498.0
2026-03-01,CI-0033,KA-03,18.0,249.0,4482.0
2026-03-01,CI-0033,KA-04,10.0,249.0,249.0
2026-03-01,CI-0033,KA-05,7.0,249.0,1743.0
2026-04-01,CI-0033,E-commerce,84.0,249.0,20916.0
2026-04-01,CI-0033,Marketplace,66.0,249.0,16434.0
2026-04-01,CI-0033,Loja própria,54.0,249.0,13446.0
2026-04-01,CI-0033,KA-01,30.0,249.0,747.0
2026-04-01,CI-0033,KA-02,24.0,249.0,5976.0
2026-04-01,CI-0033,KA-03,21.0,249.0,5229.0
2026-04-01,CI-0033,KA-04,12.0,249.0,2988.0
2026-04-01,CI-0033,KA-05,9.0,249.0,2241.0
2026-05-01,CI-0033,E-commerce,71.0,249.0,17679.0
2026-05-01,CI-0033,Marketplace,55.0,249.0,13695.0
2026-05-01,CI-0033,Loja própria,45.0,249.0,11205.0
2026-05-01,CI-0033,KA-01,25.0,249.0,6225.0
2026-05-01,CI-0033,KA-02,20.0,249.0,498.0
2026-05-01,CI-0033,KA-03,17.0,249.0,4233.0
2026-05-01,CI-0033,KA-04,10.0,249.0,249.0
2026-05-01,CI-0033,KA-05,7.0,249.0,1743.0
2026-06-01,CI-0033,E-commerce,81.0,249.0,20169.0
2026-06-01,CI-0033,Marketplace,64.0,249.0,15936.0
2026-06-01,CI-0033,Loja própria,52.0,249.0,12948.0
2026-06-01,CI-0033,KA-01,29.0,249.0,7221.0
2026-06-01,CI-0033,KA-02,23.0,249.0,5727.0
2026-06-01,CI-0033,KA-03,20.0,249.0,498.0
2026-06-01,CI-0033,KA-04,11.0,249.0,2739.0
2026-06-01,CI-0033,KA-05,8.0,249.0,1992.0
2026-07-01,CI-0033,E-commerce,75.0,249.0,18675.0
2026-07-01,CI-0033,Marketplace,59.0,249.0,14691.0
2026-07-01,CI-0033,Loja própria,48.0,249.0,11952.0
2026-07-01,CI-0033,KA-01,26.0,249.0,6474.0
2026-07-01,CI-0033,KA-02,21.0,249.0,5229.0
2026-07-01,CI-0033,KA-03,18.0,249.0,4482.0
2026-07-01,CI-0033,KA-04,10.0,249.0,249.0
2026-07-01,CI-0033,KA-05,8.0,249.0,1992.0
2026-08-01,CI-0033,E-commerce,72.0,249.0,17928.0
2026-08-01,CI-0033,Marketplace,57.0,249.0,14193.0
2026-08-01,CI-0033,Loja própria,46.0,249.0,11454.0
2026-08-01,CI-0033,KA-01,26.0,249.0,6474.0
2026-08-01,CI-0033,KA-02,20.0,249.0,498.0
2026-08-01,CI-0033,KA-03,18.0,249.0,4482.0
2026-08-01,CI-0033,KA-04,10.0,249.0,249.0
2026-08-01,CI-0033,KA-05,7.0,249.0,1743.0
2024-09-01,CI-0034,E-commerce,82.0,299.0,24518.0
2024-09-01,CI-0034,Marketplace,65.0,299.0,19435.0
2024-09-01,CI-0034,Loja própria,53.0,299.0,15847.0
2024-09-01,CI-0034,KA-01,29.0,299.0,8671.0
2024-09-01,CI-0034,KA-02,23.0,299.0,6877.0
2024-09-01,CI-0034,KA-03,20.0,299.0,598.0
2024-09-01,CI-0034,KA-04,11.0,299.0,3289.0
2024-09-01,CI-0034,KA-05,8.0,299.0,2392.0
2024-10-01,CI-0034,E-commerce,78.0,299.0,23322.0
2024-10-01,CI-0034,Marketplace,61.0,299.0,18239.0
2024-10-01,CI-0034,Loja própria,50.0,299.0,1495.0
2024-10-01,CI-0034,KA-01,27.0,299.0,8073.0
2024-10-01,CI-0034,KA-02,22.0,299.0,6578.0
2024-10-01,CI-0034,KA-03,19.0,299.0,5681.0
2024-10-01,CI-0034,KA-04,11.0,299.0,3289.0
2024-10-01,CI-0034,KA-05,8.0,299.0,2392.0
2024-11-01,CI-0034,E-commerce,108.0,299.0,32292.0
2024-11-01,CI-0034,Marketplace,84.0,299.0,25116.0
2024-11-01,CI-0034,Loja própria,69.0,299.0,20631.0
2024-11-01,CI-0034,KA-01,38.0,299.0,11362.0
2024-11-01,CI-0034,KA-02,30.0,299.0,897.0
2024-11-01,CI-0034,KA-03,27.0,299.0,8073.0
2024-11-01,CI-0034,KA-04,15.0,299.0,4485.0
2024-11-01,CI-0034,KA-05,11.0,299.0,3289.0
2024-12-01,CI-0034,E-commerce,90.0,299.0,2691.0
2024-12-01,CI-0034,Marketplace,71.0,299.0,21229.0
2024-12-01,CI-0034,Loja própria,58.0,299.0,17342.0
2024-12-01,CI-0034,KA-01,32.0,299.0,9568.0
2024-12-01,CI-0034,KA-02,25.0,299.0,7475.0
2024-12-01,CI-0034,KA-03,22.0,299.0,6578.0
2024-12-01,CI-0034,KA-04,12.0,299.0,3588.0
2024-12-01,CI-0034,KA-05,9.0,299.0,2691.0
2025-01-01,CI-0034,E-commerce,91.0,299.0,27209.0
2025-01-01,CI-0034,Marketplace,71.0,299.0,21229.0
2025-01-01,CI-0034,Loja própria,58.0,299.0,17342.0
2025-01-01,CI-0034,KA-01,32.0,299.0,9568.0
2025-01-01,CI-0034,KA-02,26.0,299.0,7774.0
2025-01-01,CI-0034,KA-03,22.0,299.0,6578.0
2025-01-01,CI-0034,KA-04,13.0,299.0,3887.0
2025-01-01,CI-0034,KA-05,9.0,299.0,2691.0
2025-02-01,CI-0034,E-commerce,79.0,299.0,23621.0
2025-02-01,CI-0034,Marketplace,62.0,299.0,18538.0
2025-02-01,CI-0034,Loja própria,51.0,299.0,15249.0
2025-02-01,CI-0034,KA-01,28.0,299.0,8372.0
2025-02-01,CI-0034,KA-02,22.0,299.0,6578.0
2025-02-01,CI-0034,KA-03,19.0,299.0,5681.0
2025-02-01,CI-0034,KA-04,11.0,299.0,3289.0
2025-02-01,CI-0034,KA-05,8.0,299.0,2392.0
2025-03-01,CI-0034,E-commerce,93.0,299.0,27807.0
2025-03-01,CI-0034,Marketplace,73.0,299.0,21827.0
2025-03-01,CI-0034,Loja própria,59.0,299.0,17641.0
2025-03-01,CI-0034,KA-01,33.0,299.0,9867.0
2025-03-01,CI-0034,KA-02,26.0,299.0,7774.0
2025-03-01,CI-0034,KA-03,23.0,299.0,6877.0
2025-03-01,CI-0034,KA-04,13.0,299.0,3887.0
2025-03-01,CI-0034,KA-05,9.0,299.0,2691.0
2025-04-01,CI-0034,E-commerce,91.0,299.0,27209.0
2025-04-01,CI-0034,Marketplace,72.0,299.0,21528.0
2025-04-01,CI-0034,Loja própria,59.0,299.0,17641.0
2025-04-01,CI-0034,KA-01,32.0,299.0,9568.0
2025-04-01,CI-0034,KA-02,26.0,299.0,7774.0
2025-04-01,CI-0034,KA-03,22.0,299.0,6578.0
2025-04-01,CI-0034,KA-04,13.0,299.0,3887.0
2025-04-01,CI-0034,KA-05,9.0,299.0,2691.0
2025-05-01,CI-0034,E-commerce,94.0,299.0,28106.0
2025-05-01,CI-0034,Marketplace,74.0,299.0,22126.0
2025-05-01,CI-0034,Loja própria,61.0,299.0,18239.0
2025-05-01,CI-0034,KA-01,33.0,299.0,9867.0
2025-05-01,CI-0034,KA-02,27.0,299.0,8073.0
2025-05-01,CI-0034,KA-03,23.0,299.0,6877.0
2025-05-01,CI-0034,KA-04,13.0,299.0,3887.0
2025-05-01,CI-0034,KA-05,10.0,299.0,299.0
2025-06-01,CI-0034,E-commerce,78.0,299.0,23322.0
2025-06-01,CI-0034,Marketplace,62.0,299.0,18538.0
2025-06-01,CI-0034,Loja própria,50.0,299.0,1495.0
2025-06-01,CI-0034,KA-01,28.0,299.0,8372.0
2025-06-01,CI-0034,KA-02,22.0,299.0,6578.0
2025-06-01,CI-0034,KA-03,19.0,299.0,5681.0
2025-06-01,CI-0034,KA-04,11.0,299.0,3289.0
2025-06-01,CI-0034,KA-05,8.0,299.0,2392.0
2025-07-01,CI-0034,E-commerce,86.0,299.0,25714.0
2025-07-01,CI-0034,Marketplace,67.0,299.0,20033.0
2025-07-01,CI-0034,Loja própria,55.0,299.0,16445.0
2025-07-01,CI-0034,KA-01,30.0,299.0,897.0
2025-07-01,CI-0034,KA-02,24.0,299.0,7176.0
2025-07-01,CI-0034,KA-03,21.0,299.0,6279.0
2025-07-01,CI-0034,KA-04,12.0,299.0,3588.0
2025-07-01,CI-0034,KA-05,9.0,299.0,2691.0
2025-08-01,CI-0034,E-commerce,93.0,299.0,27807.0
2025-08-01,CI-0034,Marketplace,73.0,299.0,21827.0
2025-08-01,CI-0034,Loja própria,60.0,299.0,1794.0
2025-08-01,CI-0034,KA-01,33.0,299.0,9867.0
2025-08-01,CI-0034,KA-02,26.0,299.0,7774.0
2025-08-01,CI-0034,KA-03,23.0,299.0,6877.0
2025-08-01,CI-0034,KA-04,13.0,299.0,3887.0
2025-08-01,CI-0034,KA-05,10.0,299.0,299.0
2025-09-01,CI-0034,E-commerce,92.0,299.0,27508.0
2025-09-01,CI-0034,Marketplace,72.0,299.0,21528.0
2025-09-01,CI-0034,Loja própria,59.0,299.0,17641.0
2025-09-01,CI-0034,KA-01,32.0,299.0,9568.0
2025-09-01,CI-0034,KA-02,26.0,299.0,7774.0
2025-09-01,CI-0034,KA-03,23.0,299.0,6877.0
2025-09-01,CI-0034,KA-04,13.0,299.0,3887.0
2025-09-01,CI-0034,KA-05,9.0,299.0,2691.0
2025-10-01,CI-0034,E-commerce,94.0,299.0,28106.0
2025-10-01,CI-0034,Marketplace,74.0,299.0,22126.0
2025-10-01,CI-0034,Loja própria,61.0,299.0,18239.0
2025-10-01,CI-0034,KA-01,33.0,299.0,9867.0
2025-10-01,CI-0034,KA-02,27.0,299.0,8073.0
2025-10-01,CI-0034,KA-03,23.0,299.0,6877.0
2025-10-01,CI-0034,KA-04,13.0,299.0,3887.0
2025-10-01,CI-0034,KA-05,10.0,299.0,299.0
2025-11-01,CI-0034,E-commerce,124.0,299.0,37076.0
2025-11-01,CI-0034,Marketplace,97.0,299.0,29003.0
2025-11-01,CI-0034,Loja própria,79.0,299.0,23621.0
2025-11-01,CI-0034,KA-01,44.0,299.0,13156.0
2025-11-01,CI-0034,KA-02,35.0,299.0,10465.0
2025-11-01,CI-0034,KA-03,31.0,299.0,9269.0
2025-11-01,CI-0034,KA-04,17.0,299.0,5083.0
2025-11-01,CI-0034,KA-05,13.0,299.0,3887.0
2025-12-01,CI-0034,E-commerce,99.0,299.0,29601.0
2025-12-01,CI-0034,Marketplace,77.0,299.0,23023.0
2025-12-01,CI-0034,Loja própria,63.0,299.0,18837.0
2025-12-01,CI-0034,KA-01,35.0,299.0,10465.0
2025-12-01,CI-0034,KA-02,28.0,299.0,8372.0
2025-12-01,CI-0034,KA-03,24.0,299.0,7176.0
2025-12-01,CI-0034,KA-04,14.0,299.0,4186.0
2025-12-01,CI-0034,KA-05,10.0,299.0,299.0
2026-01-01,CI-0034,E-commerce,92.0,299.0,27508.0
2026-01-01,CI-0034,Marketplace,72.0,299.0,21528.0
2026-01-01,CI-0034,Loja própria,59.0,299.0,17641.0
2026-01-01,CI-0034,KA-01,32.0,299.0,9568.0
2026-01-01,CI-0034,KA-02,26.0,299.0,7774.0
2026-01-01,CI-0034,KA-03,23.0,299.0,6877.0
2026-01-01,CI-0034,KA-04,13.0,299.0,3887.0
2026-01-01,CI-0034,KA-05,9.0,299.0,2691.0
2026-02-01,CI-0034,E-commerce,80.0,299.0,2392.0
2026-02-01,CI-0034,Marketplace,63.0,299.0,18837.0
2026-02-01,CI-0034,Loja própria,52.0,299.0,15548.0
2026-02-01,CI-0034,KA-01,28.0,299.0,8372.0
2026-02-01,CI-0034,KA-02,23.0,299.0,6877.0
2026-02-01,CI-0034,KA-03,20.0,299.0,598.0
2026-02-01,CI-0034,KA-04,11.0,299.0,3289.0
2026-02-01,CI-0034,KA-05,8.0,299.0,2392.0
2026-03-01,CI-0034,E-commerce,101.0,299.0,30199.0
2026-03-01,CI-0034,Marketplace,79.0,299.0,23621.0
2026-03-01,CI-0034,Loja própria,65.0,299.0,19435.0
2026-03-01,CI-0034,KA-01,36.0,299.0,10764.0
2026-03-01,CI-0034,KA-02,28.0,299.0,8372.0
2026-03-01,CI-0034,KA-03,25.0,299.0,7475.0
2026-03-01,CI-0034,KA-04,14.0,299.0,4186.0
2026-03-01,CI-0034,KA-05,10.0,299.0,299.0
2026-04-01,CI-0034,E-commerce,91.0,299.0,27209.0
2026-04-01,CI-0034,Marketplace,71.0,299.0,21229.0
2026-04-01,CI-0034,Loja própria,58.0,299.0,17342.0
2026-04-01,CI-0034,KA-01,32.0,299.0,9568.0
2026-04-01,CI-0034,KA-02,26.0,299.0,7774.0
2026-04-01,CI-0034,KA-03,22.0,299.0,6578.0
2026-04-01,CI-0034,KA-04,13.0,299.0,3887.0
2026-04-01,CI-0034,KA-05,9.0,299.0,2691.0
2026-05-01,CI-0034,E-commerce,93.0,299.0,27807.0
2026-05-01,CI-0034,Marketplace,73.0,299.0,21827.0
2026-05-01,CI-0034,Loja própria,60.0,299.0,1794.0
2026-05-01,CI-0034,KA-01,33.0,299.0,9867.0
2026-05-01,CI-0034,KA-02,26.0,299.0,7774.0
2026-05-01,CI-0034,KA-03,23.0,299.0,6877.0
2026-05-01,CI-0034,KA-04,13.0,299.0,3887.0
2026-05-01,CI-0034,KA-05,10.0,299.0,299.0
2026-06-01,CI-0034,E-commerce,80.0,299.0,2392.0
2026-06-01,CI-0034,Marketplace,63.0,299.0,18837.0
2026-06-01,CI-0034,Loja própria,52.0,299.0,15548.0
2026-06-01,CI-0034,KA-01,28.0,299.0,8372.0
2026-06-01,CI-0034,KA-02,23.0,299.0,6877.0
2026-06-01,CI-0034,KA-03,20.0,299.0,598.0
2026-06-01,CI-0034,KA-04,11.0,299.0,3289.0
2026-06-01,CI-0034,KA-05,8.0,299.0,2392.0
2026-07-01,CI-0034,E-commerce,98.0,299.0,29302.0
2026-07-01,CI-0034,Marketplace,77.0,299.0,23023.0
2026-07-01,CI-0034,Loja própria,63.0,299.0,18837.0
2026-07-01,CI-0034,KA-01,35.0,299.0,10465.0
2026-07-01,CI-0034,KA-02,28.0,299.0,8372.0
2026-07-01,CI-0034,KA-03,24.0,299.0,7176.0
2026-07-01,CI-0034,KA-04,14.0,299.0,4186.0
2026-07-01,CI-0034,KA-05,10.0,299.0,299.0
2026-08-01,CI-0034,E-commerce,98.0,299.0,29302.0
2026-08-01,CI-0034,Marketplace,77.0,299.0,23023.0
2026-08-01,CI-0034,Loja própria,63.0,299.0,18837.0
2026-08-01,CI-0034,KA-01,35.0,299.0,10465.0
2026-08-01,CI-0034,KA-02,28.0,299.0,8372.0
2026-08-01,CI-0034,KA-03,24.0,299.0,7176.0
2026-08-01,CI-0034,KA-04,14.0,299.0,4186.0
2026-08-01,CI-0034,KA-05,10.0,299.0,299.0
2024-09-01,CI-0035,E-commerce,96.0,349.0,33504.0
2024-09-01,CI-0035,Marketplace,75.0,349.0,26175.0
2024-09-01,CI-0035,Loja própria,61.0,349.0,21289.0
2024-09-01,CI-0035,KA-01,34.0,349.0,11866.0
2024-09-01,CI-0035,KA-02,27.0,349.0,9423.0
2024-09-01,CI-0035,KA-03,24.0,349.0,8376.0
2024-09-01,CI-0035,KA-04,13.0,349.0,4537.0
2024-09-01,CI-0035,KA-05,10.0,349.0,349.0
2024-10-01,CI-0035,E-commerce,105.0,349.0,36645.0
2024-10-01,CI-0035,Marketplace,83.0,349.0,28967.0
2024-10-01,CI-0035,Loja própria,68.0,349.0,23732.0
2024-10-01,CI-0035,KA-01,37.0,349.0,12913.0
2024-10-01,CI-0035,KA-02,30.0,349.0,1047.0
2024-10-01,CI-0035,KA-03,26.0,349.0,9074.0
2024-10-01,CI-0035,KA-04,15.0,349.0,5235.0
2024-10-01,CI-0035,KA-05,11.0,349.0,3839.0
2024-11-01,CI-0035,E-commerce,123.0,349.0,42927.0
2024-11-01,CI-0035,Marketplace,97.0,349.0,33853.0
2024-11-01,CI-0035,Loja própria,79.0,349.0,27571.0
2024-11-01,CI-0035,KA-01,44.0,349.0,15356.0
2024-11-01,CI-0035,KA-02,35.0,349.0,12215.0
2024-11-01,CI-0035,KA-03,30.0,349.0,1047.0
2024-11-01,CI-0035,KA-04,17.0,349.0,5933.0
2024-11-01,CI-0035,KA-05,13.0,349.0,4537.0
2024-12-01,CI-0035,E-commerce,105.0,349.0,36645.0
2024-12-01,CI-0035,Marketplace,82.0,349.0,28618.0
2024-12-01,CI-0035,Loja própria,67.0,349.0,23383.0
2024-12-01,CI-0035,KA-01,37.0,349.0,12913.0
2024-12-01,CI-0035,KA-02,30.0,349.0,1047.0
2024-12-01,CI-0035,KA-03,26.0,349.0,9074.0
2024-12-01,CI-0035,KA-04,15.0,349.0,5235.0
2024-12-01,CI-0035,KA-05,11.0,349.0,3839.0
2025-01-01,CI-0035,E-commerce,110.0,349.0,3839.0
2025-01-01,CI-0035,Marketplace,86.0,349.0,30014.0
2025-01-01,CI-0035,Loja própria,70.0,349.0,2443.0
2025-01-01,CI-0035,KA-01,39.0,349.0,13611.0
2025-01-01,CI-0035,KA-02,31.0,349.0,10819.0
2025-01-01,CI-0035,KA-03,27.0,349.0,9423.0
2025-01-01,CI-0035,KA-04,15.0,349.0,5235.0
2025-01-01,CI-0035,KA-05,11.0,349.0,3839.0
2025-02-01,CI-0035,E-commerce,102.0,349.0,35598.0
2025-02-01,CI-0035,Marketplace,80.0,349.0,2792.0
2025-02-01,CI-0035,Loja própria,66.0,349.0,23034.0
2025-02-01,CI-0035,KA-01,36.0,349.0,12564.0
2025-02-01,CI-0035,KA-02,29.0,349.0,10121.0
2025-02-01,CI-0035,KA-03,25.0,349.0,8725.0
2025-02-01,CI-0035,KA-04,14.0,349.0,4886.0
2025-02-01,CI-0035,KA-05,11.0,349.0,3839.0
2025-03-01,CI-0035,E-commerce,97.0,349.0,33853.0
2025-03-01,CI-0035,Marketplace,76.0,349.0,26524.0
2025-03-01,CI-0035,Loja própria,62.0,349.0,21638.0
2025-03-01,CI-0035,KA-01,34.0,349.0,11866.0
2025-03-01,CI-0035,KA-02,27.0,349.0,9423.0
2025-03-01,CI-0035,KA-03,24.0,349.0,8376.0
2025-03-01,CI-0035,KA-04,13.0,349.0,4537.0
2025-03-01,CI-0035,KA-05,10.0,349.0,349.0
2025-04-01,CI-0035,E-commerce,101.0,349.0,35249.0
2025-04-01,CI-0035,Marketplace,79.0,349.0,27571.0
2025-04-01,CI-0035,Loja própria,64.0,349.0,22336.0
2025-04-01,CI-0035,KA-01,36.0,349.0,12564.0
2025-04-01,CI-0035,KA-02,28.0,349.0,9772.0
2025-04-01,CI-0035,KA-03,25.0,349.0,8725.0
2025-04-01,CI-0035,KA-04,14.0,349.0,4886.0
2025-04-01,CI-0035,KA-05,10.0,349.0,349.0
2025-05-01,CI-0035,E-commerce,106.0,349.0,36994.0
2025-05-01,CI-0035,Marketplace,83.0,349.0,28967.0
2025-05-01,CI-0035,Loja própria,68.0,349.0,23732.0
2025-05-01,CI-0035,KA-01,37.0,349.0,12913.0
2025-05-01,CI-0035,KA-02,30.0,349.0,1047.0
2025-05-01,CI-0035,KA-03,26.0,349.0,9074.0
2025-05-01,CI-0035,KA-04,15.0,349.0,5235.0
2025-05-01,CI-0035,KA-05,11.0,349.0,3839.0
2025-06-01,CI-0035,E-commerce,99.0,349.0,34551.0
2025-06-01,CI-0035,Marketplace,78.0,349.0,27222.0
2025-06-01,CI-0035,Loja própria,64.0,349.0,22336.0
2025-06-01,CI-0035,KA-01,35.0,349.0,12215.0
2025-06-01,CI-0035,KA-02,28.0,349.0,9772.0
2025-06-01,CI-0035,KA-03,24.0,349.0,8376.0
2025-06-01,CI-0035,KA-04,14.0,349.0,4886.0
2025-06-01,CI-0035,KA-05,10.0,349.0,349.0
2025-07-01,CI-0035,E-commerce,94.0,349.0,32806.0
2025-07-01,CI-0035,Marketplace,74.0,349.0,25826.0
2025-07-01,CI-0035,Loja própria,60.0,349.0,2094.0
2025-07-01,CI-0035,KA-01,33.0,349.0,11517.0
2025-07-01,CI-0035,KA-02,26.0,349.0,9074.0
2025-07-01,CI-0035,KA-03,23.0,349.0,8027.0
2025-07-01,CI-0035,KA-04,13.0,349.0,4537.0
2025-07-01,CI-0035,KA-05,10.0,349.0,349.0
2025-08-01,CI-0035,E-commerce,106.0,349.0,36994.0
2025-08-01,CI-0035,Marketplace,83.0,349.0,28967.0
2025-08-01,CI-0035,Loja própria,68.0,349.0,23732.0
2025-08-01,CI-0035,KA-01,38.0,349.0,13262.0
2025-08-01,CI-0035,KA-02,30.0,349.0,1047.0
2025-08-01,CI-0035,KA-03,26.0,349.0,9074.0
2025-08-01,CI-0035,KA-04,15.0,349.0,5235.0
2025-08-01,CI-0035,KA-05,11.0,349.0,3839.0
2025-09-01,CI-0035,E-commerce,105.0,349.0,36645.0
2025-09-01,CI-0035,Marketplace,82.0,349.0,28618.0
2025-09-01,CI-0035,Loja própria,67.0,349.0,23383.0
2025-09-01,CI-0035,KA-01,37.0,349.0,12913.0
2025-09-01,CI-0035,KA-02,30.0,349.0,1047.0
2025-09-01,CI-0035,KA-03,26.0,349.0,9074.0
2025-09-01,CI-0035,KA-04,15.0,349.0,5235.0
2025-09-01,CI-0035,KA-05,11.0,349.0,3839.0
2025-10-01,CI-0035,E-commerce,116.0,349.0,40484.0
2025-10-01,CI-0035,Marketplace,91.0,349.0,31759.0
2025-10-01,CI-0035,Loja própria,74.0,349.0,25826.0
2025-10-01,CI-0035,KA-01,41.0,349.0,14309.0
2025-10-01,CI-0035,KA-02,33.0,349.0,11517.0
2025-10-01,CI-0035,KA-03,29.0,349.0,10121.0
2025-10-01,CI-0035,KA-04,16.0,349.0,5584.0
2025-10-01,CI-0035,KA-05,12.0,349.0,4188.0
2025-11-01,CI-0035,E-commerce,134.0,349.0,46766.0
2025-11-01,CI-0035,Marketplace,105.0,349.0,36645.0
2025-11-01,CI-0035,Loja própria,86.0,349.0,30014.0
2025-11-01,CI-0035,KA-01,48.0,349.0,16752.0
2025-11-01,CI-0035,KA-02,38.0,349.0,13262.0
2025-11-01,CI-0035,KA-03,33.0,349.0,11517.0
2025-11-01,CI-0035,KA-04,19.0,349.0,6631.0
2025-11-01,CI-0035,KA-05,14.0,349.0,4886.0
2025-12-01,CI-0035,E-commerce,117.0,349.0,40833.0
2025-12-01,CI-0035,Marketplace,92.0,349.0,32108.0
2025-12-01,CI-0035,Loja própria,75.0,349.0,26175.0
2025-12-01,CI-0035,KA-01,41.0,349.0,14309.0
2025-12-01,CI-0035,KA-02,33.0,349.0,11517.0
2025-12-01,CI-0035,KA-03,29.0,349.0,10121.0
2025-12-01,CI-0035,KA-04,16.0,349.0,5584.0
2025-12-01,CI-0035,KA-05,12.0,349.0,4188.0
2026-01-01,CI-0035,E-commerce,107.0,349.0,37343.0
2026-01-01,CI-0035,Marketplace,84.0,349.0,29316.0
2026-01-01,CI-0035,Loja própria,69.0,349.0,24081.0
2026-01-01,CI-0035,KA-01,38.0,349.0,13262.0
2026-01-01,CI-0035,KA-02,30.0,349.0,1047.0
2026-01-01,CI-0035,KA-03,26.0,349.0,9074.0
2026-01-01,CI-0035,KA-04,15.0,349.0,5235.0
2026-01-01,CI-0035,KA-05,11.0,349.0,3839.0
2026-02-01,CI-0035,E-commerce,105.0,349.0,36645.0
2026-02-01,CI-0035,Marketplace,82.0,349.0,28618.0
2026-02-01,CI-0035,Loja própria,67.0,349.0,23383.0
2026-02-01,CI-0035,KA-01,37.0,349.0,12913.0
2026-02-01,CI-0035,KA-02,30.0,349.0,1047.0
2026-02-01,CI-0035,KA-03,26.0,349.0,9074.0
2026-02-01,CI-0035,KA-04,15.0,349.0,5235.0
2026-02-01,CI-0035,KA-05,11.0,349.0,3839.0
2026-03-01,CI-0035,E-commerce,105.0,349.0,36645.0
2026-03-01,CI-0035,Marketplace,82.0,349.0,28618.0
2026-03-01,CI-0035,Loja própria,67.0,349.0,23383.0
2026-03-01,CI-0035,KA-01,37.0,349.0,12913.0
2026-03-01,CI-0035,KA-02,30.0,349.0,1047.0
2026-03-01,CI-0035,KA-03,26.0,349.0,9074.0
2026-03-01,CI-0035,KA-04,15.0,349.0,5235.0
2026-03-01,CI-0035,KA-05,11.0,349.0,3839.0
2026-04-01,CI-0035,E-commerce,97.0,349.0,33853.0
2026-04-01,CI-0035,Marketplace,76.0,349.0,26524.0
2026-04-01,CI-0035,Loja própria,62.0,349.0,21638.0
2026-04-01,CI-0035,KA-01,34.0,349.0,11866.0
2026-04-01,CI-0035,KA-02,27.0,349.0,9423.0
2026-04-01,CI-0035,KA-03,24.0,349.0,8376.0
2026-04-01,CI-0035,KA-04,13.0,349.0,4537.0
2026-04-01,CI-0035,KA-05,10.0,349.0,349.0
2026-05-01,CI-0035,E-commerce,104.0,349.0,36296.0
2026-05-01,CI-0035,Marketplace,81.0,349.0,28269.0
2026-05-01,CI-0035,Loja própria,66.0,349.0,23034.0
2026-05-01,CI-0035,KA-01,37.0,349.0,12913.0
2026-05-01,CI-0035,KA-02,29.0,349.0,10121.0
2026-05-01,CI-0035,KA-03,26.0,349.0,9074.0
2026-05-01,CI-0035,KA-04,14.0,349.0,4886.0
2026-05-01,CI-0035,KA-05,11.0,349.0,3839.0
2026-06-01,CI-0035,E-commerce,105.0,349.0,36645.0
2026-06-01,CI-0035,Marketplace,83.0,349.0,28967.0
2026-06-01,CI-0035,Loja própria,68.0,349.0,23732.0
2026-06-01,CI-0035,KA-01,37.0,349.0,12913.0
2026-06-01,CI-0035,KA-02,30.0,349.0,1047.0
2026-06-01,CI-0035,KA-03,26.0,349.0,9074.0
2026-06-01,CI-0035,KA-04,15.0,349.0,5235.0
2026-06-01,CI-0035,KA-05,11.0,349.0,3839.0
2026-07-01,CI-0035,E-commerce,118.0,349.0,41182.0
2026-07-01,CI-0035,Marketplace,92.0,349.0,32108.0
2026-07-01,CI-0035,Loja própria,75.0,349.0,26175.0
2026-07-01,CI-0035,KA-01,42.0,349.0,14658.0
2026-07-01,CI-0035,KA-02,33.0,349.0,11517.0
2026-07-01,CI-0035,KA-03,29.0,349.0,10121.0
2026-07-01,CI-0035,KA-04,16.0,349.0,5584.0
2026-07-01,CI-0035,KA-05,12.0,349.0,4188.0
2026-08-01,CI-0035,E-commerce,95.0,349.0,33155.0
2026-08-01,CI-0035,Marketplace,75.0,349.0,26175.0
2026-08-01,CI-0035,Loja própria,61.0,349.0,21289.0
2026-08-01,CI-0035,KA-01,34.0,349.0,11866.0
2026-08-01,CI-0035,KA-02,27.0,349.0,9423.0
2026-08-01,CI-0035,KA-03,23.0,349.0,8027.0
2026-08-01,CI-0035,KA-04,13.0,349.0,4537.0
2026-08-01,CI-0035,KA-05,10.0,349.0,349.0
2024-09-01,CI-0036,E-commerce,107.0,799.0,85493.0
2024-09-01,CI-0036,Marketplace,84.0,799.0,67116.0
2024-09-01,CI-0036,Loja própria,69.0,799.0,55131.0
2024-09-01,CI-0036,KA-01,38.0,799.0,30362.0
2024-09-01,CI-0036,KA-02,30.0,799.0,2397.0
2024-09-01,CI-0036,KA-03,26.0,799.0,20774.0
2024-09-01,CI-0036,KA-04,15.0,799.0,11985.0
2024-09-01,CI-0036,KA-05,11.0,799.0,8789.0
2024-10-01,CI-0036,E-commerce,108.0,799.0,86292.0
2024-10-01,CI-0036,Marketplace,85.0,799.0,67915.0
2024-10-01,CI-0036,Loja própria,70.0,799.0,5593.0
2024-10-01,CI-0036,KA-01,38.0,799.0,30362.0
2024-10-01,CI-0036,KA-02,31.0,799.0,24769.0
2024-10-01,CI-0036,KA-03,27.0,799.0,21573.0
2024-10-01,CI-0036,KA-04,15.0,799.0,11985.0
2024-10-01,CI-0036,KA-05,11.0,799.0,8789.0
2024-11-01,CI-0036,E-commerce,170.0,799.0,13583.0
2024-11-01,CI-0036,Marketplace,133.0,799.0,106267.0
2024-11-01,CI-0036,Loja própria,109.0,799.0,87091.0
2024-11-01,CI-0036,KA-01,60.0,799.0,4794.0
2024-11-01,CI-0036,KA-02,48.0,799.0,38352.0
2024-11-01,CI-0036,KA-03,42.0,799.0,33558.0
2024-11-01,CI-0036,KA-04,24.0,799.0,19176.0
2024-11-01,CI-0036,KA-05,18.0,799.0,14382.0
2024-12-01,CI-0036,E-commerce,127.0,799.0,101473.0
2024-12-01,CI-0036,Marketplace,100.0,799.0,7990.0
2024-12-01,CI-0036,Loja própria,82.0,799.0,65518.0
2024-12-01,CI-0036,KA-01,45.0,799.0,35955.0
2024-12-01,CI-0036,KA-02,36.0,799.0,28764.0
2024-12-01,CI-0036,KA-03,31.0,799.0,24769.0
2024-12-01,CI-0036,KA-04,18.0,799.0,14382.0
2024-12-01,CI-0036,KA-05,13.0,799.0,10387.0
2025-01-01,CI-0036,E-commerce,119.0,799.0,95081.0
2025-01-01,CI-0036,Marketplace,93.0,799.0,74307.0
2025-01-01,CI-0036,Loja própria,76.0,799.0,60724.0
2025-01-01,CI-0036,KA-01,42.0,799.0,33558.0
2025-01-01,CI-0036,KA-02,34.0,799.0,27166.0
2025-01-01,CI-0036,KA-03,29.0,799.0,23171.0
2025-01-01,CI-0036,KA-04,17.0,799.0,13583.0
2025-01-01,CI-0036,KA-05,12.0,799.0,9588.0
2025-02-01,CI-0036,E-commerce,108.0,799.0,86292.0
2025-02-01,CI-0036,Marketplace,85.0,799.0,67915.0
2025-02-01,CI-0036,Loja própria,69.0,799.0,55131.0
2025-02-01,CI-0036,KA-01,38.0,799.0,30362.0
2025-02-01,CI-0036,KA-02,30.0,799.0,2397.0
2025-02-01,CI-0036,KA-03,27.0,799.0,21573.0
2025-02-01,CI-0036,KA-04,15.0,799.0,11985.0
2025-02-01,CI-0036,KA-05,11.0,799.0,8789.0
2025-03-01,CI-0036,E-commerce,102.0,799.0,81498.0
2025-03-01,CI-0036,Marketplace,80.0,799.0,6392.0
2025-03-01,CI-0036,Loja própria,65.0,799.0,51935.0
2025-03-01,CI-0036,KA-01,36.0,799.0,28764.0
2025-03-01,CI-0036,KA-02,29.0,799.0,23171.0
2025-03-01,CI-0036,KA-03,25.0,799.0,19975.0
2025-03-01,CI-0036,KA-04,14.0,799.0,11186.0
2025-03-01,CI-0036,KA-05,10.0,799.0,799.0
2025-04-01,CI-0036,E-commerce,117.0,799.0,93483.0
2025-04-01,CI-0036,Marketplace,92.0,799.0,73508.0
2025-04-01,CI-0036,Loja própria,75.0,799.0,59925.0
2025-04-01,CI-0036,KA-01,41.0,799.0,32759.0
2025-04-01,CI-0036,KA-02,33.0,799.0,26367.0
2025-04-01,CI-0036,KA-03,29.0,799.0,23171.0
2025-04-01,CI-0036,KA-04,16.0,799.0,12784.0
2025-04-01,CI-0036,KA-05,12.0,799.0,9588.0
2025-05-01,CI-0036,E-commerce,122.0,799.0,97478.0
2025-05-01,CI-0036,Marketplace,96.0,799.0,76704.0
2025-05-01,CI-0036,Loja própria,79.0,799.0,63121.0
2025-05-01,CI-0036,KA-01,43.0,799.0,34357.0
2025-05-01,CI-0036,KA-02,35.0,799.0,27965.0
2025-05-01,CI-0036,KA-03,30.0,799.0,2397.0
2025-05-01,CI-0036,KA-04,17.0,799.0,13583.0
2025-05-01,CI-0036,KA-05,13.0,799.0,10387.0
2025-06-01,CI-0036,E-commerce,106.0,799.0,84694.0
2025-06-01,CI-0036,Marketplace,83.0,799.0,66317.0
2025-06-01,CI-0036,Loja própria,68.0,799.0,54332.0
2025-06-01,CI-0036,KA-01,38.0,799.0,30362.0
2025-06-01,CI-0036,KA-02,30.0,799.0,2397.0
2025-06-01,CI-0036,KA-03,26.0,799.0,20774.0
2025-06-01,CI-0036,KA-04,15.0,799.0,11985.0
2025-06-01,CI-0036,KA-05,11.0,799.0,8789.0
2025-07-01,CI-0036,E-commerce,105.0,799.0,83895.0
2025-07-01,CI-0036,Marketplace,82.0,799.0,65518.0
2025-07-01,CI-0036,Loja própria,67.0,799.0,53533.0
2025-07-01,CI-0036,KA-01,37.0,799.0,29563.0
2025-07-01,CI-0036,KA-02,30.0,799.0,2397.0
2025-07-01,CI-0036,KA-03,26.0,799.0,20774.0
2025-07-01,CI-0036,KA-04,15.0,799.0,11985.0
2025-07-01,CI-0036,KA-05,11.0,799.0,8789.0
2025-08-01,CI-0036,E-commerce,118.0,799.0,94282.0
2025-08-01,CI-0036,Marketplace,92.0,799.0,73508.0
2025-08-01,CI-0036,Loja própria,75.0,799.0,59925.0
2025-08-01,CI-0036,KA-01,42.0,799.0,33558.0
2025-08-01,CI-0036,KA-02,33.0,799.0,26367.0
2025-08-01,CI-0036,KA-03,29.0,799.0,23171.0
2025-08-01,CI-0036,KA-04,16.0,799.0,12784.0
2025-08-01,CI-0036,KA-05,12.0,799.0,9588.0
2025-09-01,CI-0036,E-commerce,116.0,799.0,92684.0
2025-09-01,CI-0036,Marketplace,91.0,799.0,72709.0
2025-09-01,CI-0036,Loja própria,74.0,799.0,59126.0
2025-09-01,CI-0036,KA-01,41.0,799.0,32759.0
2025-09-01,CI-0036,KA-02,33.0,799.0,26367.0
2025-09-01,CI-0036,KA-03,29.0,799.0,23171.0
2025-09-01,CI-0036,KA-04,16.0,799.0,12784.0
2025-09-01,CI-0036,KA-05,12.0,799.0,9588.0
2025-10-01,CI-0036,E-commerce,114.0,799.0,91086.0
2025-10-01,CI-0036,Marketplace,89.0,799.0,71111.0
2025-10-01,CI-0036,Loja própria,73.0,799.0,58327.0
2025-10-01,CI-0036,KA-01,40.0,799.0,3196.0
2025-10-01,CI-0036,KA-02,32.0,799.0,25568.0
2025-10-01,CI-0036,KA-03,28.0,799.0,22372.0
2025-10-01,CI-0036,KA-04,16.0,799.0,12784.0
2025-10-01,CI-0036,KA-05,12.0,799.0,9588.0
2025-11-01,CI-0036,E-commerce,148.0,799.0,118252.0
2025-11-01,CI-0036,Marketplace,116.0,799.0,92684.0
2025-11-01,CI-0036,Loja própria,95.0,799.0,75905.0
2025-11-01,CI-0036,KA-01,52.0,799.0,41548.0
2025-11-01,CI-0036,KA-02,42.0,799.0,33558.0
2025-11-01,CI-0036,KA-03,37.0,799.0,29563.0
2025-11-01,CI-0036,KA-04,21.0,799.0,16779.0
2025-11-01,CI-0036,KA-05,15.0,799.0,11985.0
2025-12-01,CI-0036,E-commerce,117.0,799.0,93483.0
2025-12-01,CI-0036,Marketplace,92.0,799.0,73508.0
2025-12-01,CI-0036,Loja própria,75.0,799.0,59925.0
2025-12-01,CI-0036,KA-01,42.0,799.0,33558.0
2025-12-01,CI-0036,KA-02,33.0,799.0,26367.0
2025-12-01,CI-0036,KA-03,29.0,799.0,23171.0
2025-12-01,CI-0036,KA-04,16.0,799.0,12784.0
2025-12-01,CI-0036,KA-05,12.0,799.0,9588.0
2026-01-01,CI-0036,E-commerce,122.0,799.0,97478.0
2026-01-01,CI-0036,Marketplace,96.0,799.0,76704.0
2026-01-01,CI-0036,Loja própria,78.0,799.0,62322.0
2026-01-01,CI-0036,KA-01,43.0,799.0,34357.0
2026-01-01,CI-0036,KA-02,34.0,799.0,27166.0
2026-01-01,CI-0036,KA-03,30.0,799.0,2397.0
2026-01-01,CI-0036,KA-04,17.0,799.0,13583.0
2026-01-01,CI-0036,KA-05,13.0,799.0,10387.0
2026-02-01,CI-0036,E-commerce,109.0,799.0,87091.0
2026-02-01,CI-0036,Marketplace,86.0,799.0,68714.0
2026-02-01,CI-0036,Loja própria,70.0,799.0,5593.0
2026-02-01,CI-0036,KA-01,39.0,799.0,31161.0
2026-02-01,CI-0036,KA-02,31.0,799.0,24769.0
2026-02-01,CI-0036,KA-03,27.0,799.0,21573.0
2026-02-01,CI-0036,KA-04,15.0,799.0,11985.0
2026-02-01,CI-0036,KA-05,11.0,799.0,8789.0
2026-03-01,CI-0036,E-commerce,134.0,799.0,107066.0
2026-03-01,CI-0036,Marketplace,106.0,799.0,84694.0
2026-03-01,CI-0036,Loja própria,86.0,799.0,68714.0
2026-03-01,CI-0036,KA-01,48.0,799.0,38352.0
2026-03-01,CI-0036,KA-02,38.0,799.0,30362.0
2026-03-01,CI-0036,KA-03,33.0,799.0,26367.0
2026-03-01,CI-0036,KA-04,19.0,799.0,15181.0
2026-03-01,CI-0036,KA-05,14.0,799.0,11186.0
2026-04-01,CI-0036,E-commerce,129.0,799.0,103071.0
2026-04-01,CI-0036,Marketplace,101.0,799.0,80699.0
2026-04-01,CI-0036,Loja própria,82.0,799.0,65518.0
2026-04-01,CI-0036,KA-01,46.0,799.0,36754.0
2026-04-01,CI-0036,KA-02,36.0,799.0,28764.0
2026-04-01,CI-0036,KA-03,32.0,799.0,25568.0
2026-04-01,CI-0036,KA-04,18.0,799.0,14382.0
2026-04-01,CI-0036,KA-05,13.0,799.0,10387.0
2026-05-01,CI-0036,E-commerce,114.0,799.0,91086.0
2026-05-01,CI-0036,Marketplace,90.0,799.0,7191.0
2026-05-01,CI-0036,Loja própria,73.0,799.0,58327.0
2026-05-01,CI-0036,KA-01,41.0,799.0,32759.0
2026-05-01,CI-0036,KA-02,32.0,799.0,25568.0
2026-05-01,CI-0036,KA-03,28.0,799.0,22372.0
2026-05-01,CI-0036,KA-04,16.0,799.0,12784.0
2026-05-01,CI-0036,KA-05,12.0,799.0,9588.0
2026-06-01,CI-0036,E-commerce,114.0,799.0,91086.0
2026-06-01,CI-0036,Marketplace,89.0,799.0,71111.0
2026-06-01,CI-0036,Loja própria,73.0,799.0,58327.0
2026-06-01,CI-0036,KA-01,40.0,799.0,3196.0
2026-06-01,CI-0036,KA-02,32.0,799.0,25568.0
2026-06-01,CI-0036,KA-03,28.0,799.0,22372.0
2026-06-01,CI-0036,KA-04,16.0,799.0,12784.0
2026-06-01,CI-0036,KA-05,12.0,799.0,9588.0
2026-07-01,CI-0036,E-commerce,136.0,799.0,108664.0
2026-07-01,CI-0036,Marketplace,107.0,799.0,85493.0
2026-07-01,CI-0036,Loja própria,87.0,799.0,69513.0
2026-07-01,CI-0036,KA-01,48.0,799.0,38352.0
2026-07-01,CI-0036,KA-02,39.0,799.0,31161.0
2026-07-01,CI-0036,KA-03,34.0,799.0,27166.0
2026-07-01,CI-0036,KA-04,19.0,799.0,15181.0
2026-07-01,CI-0036,KA-05,14.0,799.0,11186.0
2026-08-01,CI-0036,E-commerce,114.0,799.0,91086.0
2026-08-01,CI-0036,Marketplace,89.0,799.0,71111.0
2026-08-01,CI-0036,Loja própria,73.0,799.0,58327.0
2026-08-01,CI-0036,KA-01,40.0,799.0,3196.0
2026-08-01,CI-0036,KA-02,32.0,799.0,25568.0
2026-08-01,CI-0036,KA-03,28.0,799.0,22372.0
2026-08-01,CI-0036,KA-04,16.0,799.0,12784.0
2026-08-01,CI-0036,KA-05,12.0,799.0,9588.0
2024-09-01,CI-0037,E-commerce,124.0,849.0,105276.0
2024-09-01,CI-0037,Marketplace,97.0,849.0,82353.0
2024-09-01,CI-0037,Loja própria,79.0,849.0,67071.0
2024-09-01,CI-0037,KA-01,44.0,849.0,37356.0
2024-09-01,CI-0037,KA-02,35.0,849.0,29715.0
2024-09-01,CI-0037,KA-03,31.0,849.0,26319.0
2024-09-01,CI-0037,KA-04,17.0,849.0,14433.0
2024-09-01,CI-0037,KA-05,13.0,849.0,11037.0
2024-10-01,CI-0037,E-commerce,115.0,849.0,97635.0
2024-10-01,CI-0037,Marketplace,90.0,849.0,7641.0
2024-10-01,CI-0037,Loja própria,74.0,849.0,62826.0
2024-10-01,CI-0037,KA-01,41.0,849.0,34809.0
2024-10-01,CI-0037,KA-02,32.0,849.0,27168.0
2024-10-01,CI-0037,KA-03,28.0,849.0,23772.0
2024-10-01,CI-0037,KA-04,16.0,849.0,13584.0
2024-10-01,CI-0037,KA-05,12.0,849.0,10188.0
2024-11-01,CI-0037,E-commerce,169.0,849.0,143481.0
2024-11-01,CI-0037,Marketplace,133.0,849.0,112917.0
2024-11-01,CI-0037,Loja própria,108.0,849.0,91692.0
2024-11-01,CI-0037,KA-01,60.0,849.0,5094.0
2024-11-01,CI-0037,KA-02,48.0,849.0,40752.0
2024-11-01,CI-0037,KA-03,42.0,849.0,35658.0
2024-11-01,CI-0037,KA-04,24.0,849.0,20376.0
2024-11-01,CI-0037,KA-05,18.0,849.0,15282.0
2024-12-01,CI-0037,E-commerce,138.0,849.0,117162.0
2024-12-01,CI-0037,Marketplace,109.0,849.0,92541.0
2024-12-01,CI-0037,Loja própria,89.0,849.0,75561.0
2024-12-01,CI-0037,KA-01,49.0,849.0,41601.0
2024-12-01,CI-0037,KA-02,39.0,849.0,33111.0
2024-12-01,CI-0037,KA-03,34.0,849.0,28866.0
2024-12-01,CI-0037,KA-04,19.0,849.0,16131.0
2024-12-01,CI-0037,KA-05,14.0,849.0,11886.0
2025-01-01,CI-0037,E-commerce,114.0,849.0,96786.0
2025-01-01,CI-0037,Marketplace,89.0,849.0,75561.0
2025-01-01,CI-0037,Loja própria,73.0,849.0,61977.0
2025-01-01,CI-0037,KA-01,40.0,849.0,3396.0
2025-01-01,CI-0037,KA-02,32.0,849.0,27168.0
2025-01-01,CI-0037,KA-03,28.0,849.0,23772.0
2025-01-01,CI-0037,KA-04,16.0,849.0,13584.0
2025-01-01,CI-0037,KA-05,12.0,849.0,10188.0
2025-02-01,CI-0037,E-commerce,133.0,849.0,112917.0
2025-02-01,CI-0037,Marketplace,104.0,849.0,88296.0
2025-02-01,CI-0037,Loja própria,85.0,849.0,72165.0
2025-02-01,CI-0037,KA-01,47.0,849.0,39903.0
2025-02-01,CI-0037,KA-02,38.0,849.0,32262.0
2025-02-01,CI-0037,KA-03,33.0,849.0,28017.0
2025-02-01,CI-0037,KA-04,19.0,849.0,16131.0
2025-02-01,CI-0037,KA-05,14.0,849.0,11886.0
2025-03-01,CI-0037,E-commerce,116.0,849.0,98484.0
2025-03-01,CI-0037,Marketplace,91.0,849.0,77259.0
2025-03-01,CI-0037,Loja própria,74.0,849.0,62826.0
2025-03-01,CI-0037,KA-01,41.0,849.0,34809.0
2025-03-01,CI-0037,KA-02,33.0,849.0,28017.0
2025-03-01,CI-0037,KA-03,29.0,849.0,24621.0
2025-03-01,CI-0037,KA-04,16.0,849.0,13584.0
2025-03-01,CI-0037,KA-05,12.0,849.0,10188.0
2025-04-01,CI-0037,E-commerce,140.0,849.0,11886.0
2025-04-01,CI-0037,Marketplace,110.0,849.0,9339.0
2025-04-01,CI-0037,Loja própria,90.0,849.0,7641.0
2025-04-01,CI-0037,KA-01,50.0,849.0,4245.0
2025-04-01,CI-0037,KA-02,40.0,849.0,3396.0
2025-04-01,CI-0037,KA-03,35.0,849.0,29715.0
2025-04-01,CI-0037,KA-04,20.0,849.0,1698.0
2025-04-01,CI-0037,KA-05,15.0,849.0,12735.0
2025-05-01,CI-0037,E-commerce,144.0,849.0,122256.0
2025-05-01,CI-0037,Marketplace,113.0,849.0,95937.0
2025-05-01,CI-0037,Loja própria,93.0,849.0,78957.0
2025-05-01,CI-0037,KA-01,51.0,849.0,43299.0
2025-05-01,CI-0037,KA-02,41.0,849.0,34809.0
2025-05-01,CI-0037,KA-03,36.0,849.0,30564.0
2025-05-01,CI-0037,KA-04,20.0,849.0,1698.0
2025-05-01,CI-0037,KA-05,15.0,849.0,12735.0
2025-06-01,CI-0037,E-commerce,141.0,849.0,119709.0
2025-06-01,CI-0037,Marketplace,111.0,849.0,94239.0
2025-06-01,CI-0037,Loja própria,91.0,849.0,77259.0
2025-06-01,CI-0037,KA-01,50.0,849.0,4245.0
2025-06-01,CI-0037,KA-02,40.0,849.0,3396.0
2025-06-01,CI-0037,KA-03,35.0,849.0,29715.0
2025-06-01,CI-0037,KA-04,20.0,849.0,1698.0
2025-06-01,CI-0037,KA-05,15.0,849.0,12735.0
2025-07-01,CI-0037,E-commerce,140.0,849.0,11886.0
2025-07-01,CI-0037,Marketplace,110.0,849.0,9339.0
2025-07-01,CI-0037,Loja própria,90.0,849.0,7641.0
2025-07-01,CI-0037,KA-01,50.0,849.0,4245.0
2025-07-01,CI-0037,KA-02,40.0,849.0,3396.0
2025-07-01,CI-0037,KA-03,35.0,849.0,29715.0
2025-07-01,CI-0037,KA-04,20.0,849.0,1698.0
2025-07-01,CI-0037,KA-05,15.0,849.0,12735.0
2025-08-01,CI-0037,E-commerce,138.0,849.0,117162.0
2025-08-01,CI-0037,Marketplace,108.0,849.0,91692.0
2025-08-01,CI-0037,Loja própria,89.0,849.0,75561.0
2025-08-01,CI-0037,KA-01,49.0,849.0,41601.0
2025-08-01,CI-0037,KA-02,39.0,849.0,33111.0
2025-08-01,CI-0037,KA-03,34.0,849.0,28866.0
2025-08-01,CI-0037,KA-04,19.0,849.0,16131.0
2025-08-01,CI-0037,KA-05,14.0,849.0,11886.0
2025-09-01,CI-0037,E-commerce,140.0,849.0,11886.0
2025-09-01,CI-0037,Marketplace,110.0,849.0,9339.0
2025-09-01,CI-0037,Loja própria,90.0,849.0,7641.0
2025-09-01,CI-0037,KA-01,50.0,849.0,4245.0
2025-09-01,CI-0037,KA-02,40.0,849.0,3396.0
2025-09-01,CI-0037,KA-03,35.0,849.0,29715.0
2025-09-01,CI-0037,KA-04,20.0,849.0,1698.0
2025-09-01,CI-0037,KA-05,15.0,849.0,12735.0
2025-10-01,CI-0037,E-commerce,138.0,849.0,117162.0
2025-10-01,CI-0037,Marketplace,109.0,849.0,92541.0
2025-10-01,CI-0037,Loja própria,89.0,849.0,75561.0
2025-10-01,CI-0037,KA-01,49.0,849.0,41601.0
2025-10-01,CI-0037,KA-02,39.0,849.0,33111.0
2025-10-01,CI-0037,KA-03,34.0,849.0,28866.0
2025-10-01,CI-0037,KA-04,19.0,849.0,16131.0
2025-10-01,CI-0037,KA-05,14.0,849.0,11886.0
2025-11-01,CI-0037,E-commerce,167.0,849.0,141783.0
2025-11-01,CI-0037,Marketplace,131.0,849.0,111219.0
2025-11-01,CI-0037,Loja própria,107.0,849.0,90843.0
2025-11-01,CI-0037,KA-01,59.0,849.0,50091.0
2025-11-01,CI-0037,KA-02,47.0,849.0,39903.0
2025-11-01,CI-0037,KA-03,41.0,849.0,34809.0
2025-11-01,CI-0037,KA-04,23.0,849.0,19527.0
2025-11-01,CI-0037,KA-05,17.0,849.0,14433.0
2025-12-01,CI-0037,E-commerce,145.0,849.0,123105.0
2025-12-01,CI-0037,Marketplace,114.0,849.0,96786.0
2025-12-01,CI-0037,Loja própria,93.0,849.0,78957.0
2025-12-01,CI-0037,KA-01,52.0,849.0,44148.0
2025-12-01,CI-0037,KA-02,41.0,849.0,34809.0
2025-12-01,CI-0037,KA-03,36.0,849.0,30564.0
2025-12-01,CI-0037,KA-04,20.0,849.0,1698.0
2025-12-01,CI-0037,KA-05,15.0,849.0,12735.0
2026-01-01,CI-0037,E-commerce,137.0,849.0,116313.0
2026-01-01,CI-0037,Marketplace,108.0,849.0,91692.0
2026-01-01,CI-0037,Loja própria,88.0,849.0,74712.0
2026-01-01,CI-0037,KA-01,49.0,849.0,41601.0
2026-01-01,CI-0037,KA-02,39.0,849.0,33111.0
2026-01-01,CI-0037,KA-03,34.0,849.0,28866.0
2026-01-01,CI-0037,KA-04,19.0,849.0,16131.0
2026-01-01,CI-0037,KA-05,14.0,849.0,11886.0
2026-02-01,CI-0037,E-commerce,144.0,849.0,122256.0
2026-02-01,CI-0037,Marketplace,113.0,849.0,95937.0
2026-02-01,CI-0037,Loja própria,92.0,849.0,78108.0
2026-02-01,CI-0037,KA-01,51.0,849.0,43299.0
2026-02-01,CI-0037,KA-02,41.0,849.0,34809.0
2026-02-01,CI-0037,KA-03,36.0,849.0,30564.0
2026-02-01,CI-0037,KA-04,20.0,849.0,1698.0
2026-02-01,CI-0037,KA-05,15.0,849.0,12735.0
2026-03-01,CI-0037,E-commerce,147.0,849.0,124803.0
2026-03-01,CI-0037,Marketplace,115.0,849.0,97635.0
2026-03-01,CI-0037,Loja própria,94.0,849.0,79806.0
2026-03-01,CI-0037,KA-01,52.0,849.0,44148.0
2026-03-01,CI-0037,KA-02,42.0,849.0,35658.0
2026-03-01,CI-0037,KA-03,36.0,849.0,30564.0
2026-03-01,CI-0037,KA-04,21.0,849.0,17829.0
2026-03-01,CI-0037,KA-05,15.0,849.0,12735.0
2026-04-01,CI-0037,E-commerce,150.0,849.0,12735.0
2026-04-01,CI-0037,Marketplace,118.0,849.0,100182.0
2026-04-01,CI-0037,Loja própria,96.0,849.0,81504.0
2026-04-01,CI-0037,KA-01,53.0,849.0,44997.0
2026-04-01,CI-0037,KA-02,43.0,849.0,36507.0
2026-04-01,CI-0037,KA-03,37.0,849.0,31413.0
2026-04-01,CI-0037,KA-04,21.0,849.0,17829.0
2026-04-01,CI-0037,KA-05,16.0,849.0,13584.0
2026-05-01,CI-0037,E-commerce,148.0,849.0,125652.0
2026-05-01,CI-0037,Marketplace,116.0,849.0,98484.0
2026-05-01,CI-0037,Loja própria,95.0,849.0,80655.0
2026-05-01,CI-0037,KA-01,53.0,849.0,44997.0
2026-05-01,CI-0037,KA-02,42.0,849.0,35658.0
2026-05-01,CI-0037,KA-03,37.0,849.0,31413.0
2026-05-01,CI-0037,KA-04,21.0,849.0,17829.0
2026-05-01,CI-0037,KA-05,15.0,849.0,12735.0
2026-06-01,CI-0037,E-commerce,131.0,849.0,111219.0
2026-06-01,CI-0037,Marketplace,102.0,849.0,86598.0
2026-06-01,CI-0037,Loja própria,84.0,849.0,71316.0
2026-06-01,CI-0037,KA-01,46.0,849.0,39054.0
2026-06-01,CI-0037,KA-02,37.0,849.0,31413.0
2026-06-01,CI-0037,KA-03,32.0,849.0,27168.0
2026-06-01,CI-0037,KA-04,18.0,849.0,15282.0
2026-06-01,CI-0037,KA-05,14.0,849.0,11886.0
2026-07-01,CI-0037,E-commerce,154.0,849.0,130746.0
2026-07-01,CI-0037,Marketplace,121.0,849.0,102729.0
2026-07-01,CI-0037,Loja própria,99.0,849.0,84051.0
2026-07-01,CI-0037,KA-01,55.0,849.0,46695.0
2026-07-01,CI-0037,KA-02,44.0,849.0,37356.0
2026-07-01,CI-0037,KA-03,38.0,849.0,32262.0
2026-07-01,CI-0037,KA-04,22.0,849.0,18678.0
2026-07-01,CI-0037,KA-05,16.0,849.0,13584.0
2026-08-01,CI-0037,E-commerce,151.0,849.0,128199.0
2026-08-01,CI-0037,Marketplace,118.0,849.0,100182.0
2026-08-01,CI-0037,Loja própria,97.0,849.0,82353.0
2026-08-01,CI-0037,KA-01,54.0,849.0,45846.0
2026-08-01,CI-0037,KA-02,43.0,849.0,36507.0
2026-08-01,CI-0037,KA-03,37.0,849.0,31413.0
2026-08-01,CI-0037,KA-04,21.0,849.0,17829.0
2026-08-01,CI-0037,KA-05,16.0,849.0,13584.0
2024-09-01,CI-0038,E-commerce,149.0,299.0,44551.0
2024-09-01,CI-0038,Marketplace,117.0,299.0,34983.0
2024-09-01,CI-0038,Loja própria,96.0,299.0,28704.0
2024-09-01,CI-0038,KA-01,53.0,299.0,15847.0
2024-09-01,CI-0038,KA-02,42.0,299.0,12558.0
2024-09-01,CI-0038,KA-03,37.0,299.0,11063.0
2024-09-01,CI-0038,KA-04,21.0,299.0,6279.0
2024-09-01,CI-0038,KA-05,16.0,299.0,4784.0
2024-10-01,CI-0038,E-commerce,159.0,299.0,47541.0
2024-10-01,CI-0038,Marketplace,125.0,299.0,37375.0
2024-10-01,CI-0038,Loja própria,102.0,299.0,30498.0
2024-10-01,CI-0038,KA-01,56.0,299.0,16744.0
2024-10-01,CI-0038,KA-02,45.0,299.0,13455.0
2024-10-01,CI-0038,KA-03,39.0,299.0,11661.0
2024-10-01,CI-0038,KA-04,22.0,299.0,6578.0
2024-10-01,CI-0038,KA-05,17.0,299.0,5083.0
2024-11-01,CI-0038,E-commerce,193.0,299.0,57707.0
2024-11-01,CI-0038,Marketplace,152.0,299.0,45448.0
2024-11-01,CI-0038,Loja própria,124.0,299.0,37076.0
2024-11-01,CI-0038,KA-01,69.0,299.0,20631.0
2024-11-01,CI-0038,KA-02,55.0,299.0,16445.0
2024-11-01,CI-0038,KA-03,48.0,299.0,14352.0
2024-11-01,CI-0038,KA-04,27.0,299.0,8073.0
2024-11-01,CI-0038,KA-05,20.0,299.0,598.0
2024-12-01,CI-0038,E-commerce,146.0,299.0,43654.0
2024-12-01,CI-0038,Marketplace,114.0,299.0,34086.0
2024-12-01,CI-0038,Loja própria,93.0,299.0,27807.0
2024-12-01,CI-0038,KA-01,52.0,299.0,15548.0
2024-12-01,CI-0038,KA-02,41.0,299.0,12259.0
2024-12-01,CI-0038,KA-03,36.0,299.0,10764.0
2024-12-01,CI-0038,KA-04,20.0,299.0,598.0
2024-12-01,CI-0038,KA-05,15.0,299.0,4485.0
2025-01-01,CI-0038,E-commerce,138.0,299.0,41262.0
2025-01-01,CI-0038,Marketplace,109.0,299.0,32591.0
2025-01-01,CI-0038,Loja própria,89.0,299.0,26611.0
2025-01-01,CI-0038,KA-01,49.0,299.0,14651.0
2025-01-01,CI-0038,KA-02,39.0,299.0,11661.0
2025-01-01,CI-0038,KA-03,34.0,299.0,10166.0
2025-01-01,CI-0038,KA-04,19.0,299.0,5681.0
2025-01-01,CI-0038,KA-05,14.0,299.0,4186.0
2025-02-01,CI-0038,E-commerce,136.0,299.0,40664.0
2025-02-01,CI-0038,Marketplace,107.0,299.0,31993.0
2025-02-01,CI-0038,Loja própria,87.0,299.0,26013.0
2025-02-01,CI-0038,KA-01,48.0,299.0,14352.0
2025-02-01,CI-0038,KA-02,39.0,299.0,11661.0
2025-02-01,CI-0038,KA-03,34.0,299.0,10166.0
2025-02-01,CI-0038,KA-04,19.0,299.0,5681.0
2025-02-01,CI-0038,KA-05,14.0,299.0,4186.0
2025-03-01,CI-0038,E-commerce,158.0,299.0,47242.0
2025-03-01,CI-0038,Marketplace,124.0,299.0,37076.0
2025-03-01,CI-0038,Loja própria,101.0,299.0,30199.0
2025-03-01,CI-0038,KA-01,56.0,299.0,16744.0
2025-03-01,CI-0038,KA-02,45.0,299.0,13455.0
2025-03-01,CI-0038,KA-03,39.0,299.0,11661.0
2025-03-01,CI-0038,KA-04,22.0,299.0,6578.0
2025-03-01,CI-0038,KA-05,16.0,299.0,4784.0
2025-04-01,CI-0038,E-commerce,138.0,299.0,41262.0
2025-04-01,CI-0038,Marketplace,108.0,299.0,32292.0
2025-04-01,CI-0038,Loja própria,88.0,299.0,26312.0
2025-04-01,CI-0038,KA-01,49.0,299.0,14651.0
2025-04-01,CI-0038,KA-02,39.0,299.0,11661.0
2025-04-01,CI-0038,KA-03,34.0,299.0,10166.0
2025-04-01,CI-0038,KA-04,19.0,299.0,5681.0
2025-04-01,CI-0038,KA-05,14.0,299.0,4186.0
2025-05-01,CI-0038,E-commerce,158.0,299.0,47242.0
2025-05-01,CI-0038,Marketplace,124.0,299.0,37076.0
2025-05-01,CI-0038,Loja própria,101.0,299.0,30199.0
2025-05-01,CI-0038,KA-01,56.0,299.0,16744.0
2025-05-01,CI-0038,KA-02,45.0,299.0,13455.0
2025-05-01,CI-0038,KA-03,39.0,299.0,11661.0
2025-05-01,CI-0038,KA-04,22.0,299.0,6578.0
2025-05-01,CI-0038,KA-05,16.0,299.0,4784.0
2025-06-01,CI-0038,E-commerce,157.0,299.0,46943.0
2025-06-01,CI-0038,Marketplace,123.0,299.0,36777.0
2025-06-01,CI-0038,Loja própria,101.0,299.0,30199.0
2025-06-01,CI-0038,KA-01,56.0,299.0,16744.0
2025-06-01,CI-0038,KA-02,44.0,299.0,13156.0
2025-06-01,CI-0038,KA-03,39.0,299.0,11661.0
2025-06-01,CI-0038,KA-04,22.0,299.0,6578.0
2025-06-01,CI-0038,KA-05,16.0,299.0,4784.0
2025-07-01,CI-0038,E-commerce,147.0,299.0,43953.0
2025-07-01,CI-0038,Marketplace,115.0,299.0,34385.0
2025-07-01,CI-0038,Loja própria,94.0,299.0,28106.0
2025-07-01,CI-0038,KA-01,52.0,299.0,15548.0
2025-07-01,CI-0038,KA-02,42.0,299.0,12558.0
2025-07-01,CI-0038,KA-03,36.0,299.0,10764.0
2025-07-01,CI-0038,KA-04,21.0,299.0,6279.0
2025-07-01,CI-0038,KA-05,15.0,299.0,4485.0
2025-08-01,CI-0038,E-commerce,164.0,299.0,49036.0
2025-08-01,CI-0038,Marketplace,129.0,299.0,38571.0
2025-08-01,CI-0038,Loja própria,105.0,299.0,31395.0
2025-08-01,CI-0038,KA-01,58.0,299.0,17342.0
2025-08-01,CI-0038,KA-02,47.0,299.0,14053.0
2025-08-01,CI-0038,KA-03,41.0,299.0,12259.0
2025-08-01,CI-0038,KA-04,23.0,299.0,6877.0
2025-08-01,CI-0038,KA-05,17.0,299.0,5083.0
2025-09-01,CI-0038,E-commerce,158.0,299.0,47242.0
2025-09-01,CI-0038,Marketplace,124.0,299.0,37076.0
2025-09-01,CI-0038,Loja própria,101.0,299.0,30199.0
2025-09-01,CI-0038,KA-01,56.0,299.0,16744.0
2025-09-01,CI-0038,KA-02,45.0,299.0,13455.0
2025-09-01,CI-0038,KA-03,39.0,299.0,11661.0
2025-09-01,CI-0038,KA-04,22.0,299.0,6578.0
2025-09-01,CI-0038,KA-05,16.0,299.0,4784.0
2025-10-01,CI-0038,E-commerce,133.0,299.0,39767.0
2025-10-01,CI-0038,Marketplace,104.0,299.0,31096.0
2025-10-01,CI-0038,Loja própria,85.0,299.0,25415.0
2025-10-01,CI-0038,KA-01,47.0,299.0,14053.0
2025-10-01,CI-0038,KA-02,38.0,299.0,11362.0
2025-10-01,CI-0038,KA-03,33.0,299.0,9867.0
2025-10-01,CI-0038,KA-04,19.0,299.0,5681.0
2025-10-01,CI-0038,KA-05,14.0,299.0,4186.0
2025-11-01,CI-0038,E-commerce,184.0,299.0,55016.0
2025-11-01,CI-0038,Marketplace,145.0,299.0,43355.0
2025-11-01,CI-0038,Loja própria,118.0,299.0,35282.0
2025-11-01,CI-0038,KA-01,66.0,299.0,19734.0
2025-11-01,CI-0038,KA-02,52.0,299.0,15548.0
2025-11-01,CI-0038,KA-03,46.0,299.0,13754.0
2025-11-01,CI-0038,KA-04,26.0,299.0,7774.0
2025-11-01,CI-0038,KA-05,19.0,299.0,5681.0
2025-12-01,CI-0038,E-commerce,135.0,299.0,40365.0
2025-12-01,CI-0038,Marketplace,106.0,299.0,31694.0
2025-12-01,CI-0038,Loja própria,87.0,299.0,26013.0
2025-12-01,CI-0038,KA-01,48.0,299.0,14352.0
2025-12-01,CI-0038,KA-02,38.0,299.0,11362.0
2025-12-01,CI-0038,KA-03,33.0,299.0,9867.0
2025-12-01,CI-0038,KA-04,19.0,299.0,5681.0
2025-12-01,CI-0038,KA-05,14.0,299.0,4186.0
2026-01-01,CI-0038,E-commerce,149.0,299.0,44551.0
2026-01-01,CI-0038,Marketplace,117.0,299.0,34983.0
2026-01-01,CI-0038,Loja própria,96.0,299.0,28704.0
2026-01-01,CI-0038,KA-01,53.0,299.0,15847.0
2026-01-01,CI-0038,KA-02,42.0,299.0,12558.0
2026-01-01,CI-0038,KA-03,37.0,299.0,11063.0
2026-01-01,CI-0038,KA-04,21.0,299.0,6279.0
2026-01-01,CI-0038,KA-05,16.0,299.0,4784.0
2026-02-01,CI-0038,E-commerce,141.0,299.0,42159.0
2026-02-01,CI-0038,Marketplace,111.0,299.0,33189.0
2026-02-01,CI-0038,Loja própria,90.0,299.0,2691.0
2026-02-01,CI-0038,KA-01,50.0,299.0,1495.0
2026-02-01,CI-0038,KA-02,40.0,299.0,1196.0
2026-02-01,CI-0038,KA-03,35.0,299.0,10465.0
2026-02-01,CI-0038,KA-04,20.0,299.0,598.0
2026-02-01,CI-0038,KA-05,15.0,299.0,4485.0
2026-03-01,CI-0038,E-commerce,148.0,299.0,44252.0
2026-03-01,CI-0038,Marketplace,116.0,299.0,34684.0
2026-03-01,CI-0038,Loja própria,95.0,299.0,28405.0
2026-03-01,CI-0038,KA-01,52.0,299.0,15548.0
2026-03-01,CI-0038,KA-02,42.0,299.0,12558.0
2026-03-01,CI-0038,KA-03,37.0,299.0,11063.0
2026-03-01,CI-0038,KA-04,21.0,299.0,6279.0
2026-03-01,CI-0038,KA-05,15.0,299.0,4485.0
2026-04-01,CI-0038,E-commerce,168.0,299.0,50232.0
2026-04-01,CI-0038,Marketplace,132.0,299.0,39468.0
2026-04-01,CI-0038,Loja própria,108.0,299.0,32292.0
2026-04-01,CI-0038,KA-01,60.0,299.0,1794.0
2026-04-01,CI-0038,KA-02,48.0,299.0,14352.0
2026-04-01,CI-0038,KA-03,42.0,299.0,12558.0
2026-04-01,CI-0038,KA-04,24.0,299.0,7176.0
2026-04-01,CI-0038,KA-05,18.0,299.0,5382.0
2026-05-01,CI-0038,E-commerce,134.0,299.0,40066.0
2026-05-01,CI-0038,Marketplace,106.0,299.0,31694.0
2026-05-01,CI-0038,Loja própria,86.0,299.0,25714.0
2026-05-01,CI-0038,KA-01,48.0,299.0,14352.0
2026-05-01,CI-0038,KA-02,38.0,299.0,11362.0
2026-05-01,CI-0038,KA-03,33.0,299.0,9867.0
2026-05-01,CI-0038,KA-04,19.0,299.0,5681.0
2026-05-01,CI-0038,KA-05,14.0,299.0,4186.0
2026-06-01,CI-0038,E-commerce,165.0,299.0,49335.0
2026-06-01,CI-0038,Marketplace,130.0,299.0,3887.0
2026-06-01,CI-0038,Loja própria,106.0,299.0,31694.0
2026-06-01,CI-0038,KA-01,59.0,299.0,17641.0
2026-06-01,CI-0038,KA-02,47.0,299.0,14053.0
2026-06-01,CI-0038,KA-03,41.0,299.0,12259.0
2026-06-01,CI-0038,KA-04,23.0,299.0,6877.0
2026-06-01,CI-0038,KA-05,17.0,299.0,5083.0
2026-07-01,CI-0038,E-commerce,146.0,299.0,43654.0
2026-07-01,CI-0038,Marketplace,115.0,299.0,34385.0
2026-07-01,CI-0038,Loja própria,94.0,299.0,28106.0
2026-07-01,CI-0038,KA-01,52.0,299.0,15548.0
2026-07-01,CI-0038,KA-02,41.0,299.0,12259.0
2026-07-01,CI-0038,KA-03,36.0,299.0,10764.0
2026-07-01,CI-0038,KA-04,20.0,299.0,598.0
2026-07-01,CI-0038,KA-05,15.0,299.0,4485.0
2026-08-01,CI-0038,E-commerce,154.0,299.0,46046.0
2026-08-01,CI-0038,Marketplace,121.0,299.0,36179.0
2026-08-01,CI-0038,Loja própria,99.0,299.0,29601.0
2026-08-01,CI-0038,KA-01,55.0,299.0,16445.0
2026-08-01,CI-0038,KA-02,44.0,299.0,13156.0
2026-08-01,CI-0038,KA-03,38.0,299.0,11362.0
2026-08-01,CI-0038,KA-04,22.0,299.0,6578.0
2026-08-01,CI-0038,KA-05,16.0,299.0,4784.0
2024-09-01,CI-0039,E-commerce,159.0,849.0,134991.0
2024-09-01,CI-0039,Marketplace,125.0,849.0,106125.0
2024-09-01,CI-0039,Loja própria,102.0,849.0,86598.0
2024-09-01,CI-0039,KA-01,56.0,849.0,47544.0
2024-09-01,CI-0039,KA-02,45.0,849.0,38205.0
2024-09-01,CI-0039,KA-03,39.0,849.0,33111.0
2024-09-01,CI-0039,KA-04,22.0,849.0,18678.0
2024-09-01,CI-0039,KA-05,17.0,849.0,14433.0
2024-10-01,CI-0039,E-commerce,156.0,849.0,132444.0
2024-10-01,CI-0039,Marketplace,122.0,849.0,103578.0
2024-10-01,CI-0039,Loja própria,100.0,849.0,8490.0
2024-10-01,CI-0039,KA-01,55.0,849.0,46695.0
2024-10-01,CI-0039,KA-02,44.0,849.0,37356.0
2024-10-01,CI-0039,KA-03,39.0,849.0,33111.0
2024-10-01,CI-0039,KA-04,22.0,849.0,18678.0
2024-10-01,CI-0039,KA-05,16.0,849.0,13584.0
2024-11-01,CI-0039,E-commerce,201.0,849.0,170649.0
2024-11-01,CI-0039,Marketplace,158.0,849.0,134142.0
2024-11-01,CI-0039,Loja própria,129.0,849.0,109521.0
2024-11-01,CI-0039,KA-01,72.0,849.0,61128.0
2024-11-01,CI-0039,KA-02,57.0,849.0,48393.0
2024-11-01,CI-0039,KA-03,50.0,849.0,4245.0
2024-11-01,CI-0039,KA-04,28.0,849.0,23772.0
2024-11-01,CI-0039,KA-05,21.0,849.0,17829.0
2024-12-01,CI-0039,E-commerce,175.0,849.0,148575.0
2024-12-01,CI-0039,Marketplace,137.0,849.0,116313.0
2024-12-01,CI-0039,Loja própria,112.0,849.0,95088.0
2024-12-01,CI-0039,KA-01,62.0,849.0,52638.0
2024-12-01,CI-0039,KA-02,50.0,849.0,4245.0
2024-12-01,CI-0039,KA-03,43.0,849.0,36507.0
2024-12-01,CI-0039,KA-04,25.0,849.0,21225.0
2024-12-01,CI-0039,KA-05,18.0,849.0,15282.0
2025-01-01,CI-0039,E-commerce,366.0,849.0,310734.0
2025-01-01,CI-0039,Marketplace,288.0,849.0,244512.0
2025-01-01,CI-0039,Loja própria,235.0,849.0,199515.0
2025-01-01,CI-0039,KA-01,131.0,849.0,111219.0
2025-01-01,CI-0039,KA-02,104.0,849.0,88296.0
2025-01-01,CI-0039,KA-03,91.0,849.0,77259.0
2025-01-01,CI-0039,KA-04,52.0,849.0,44148.0
2025-01-01,CI-0039,KA-05,39.0,849.0,33111.0
2025-02-01,CI-0039,E-commerce,376.0,849.0,319224.0
2025-02-01,CI-0039,Marketplace,296.0,849.0,251304.0
2025-02-01,CI-0039,Loja própria,242.0,849.0,205458.0
2025-02-01,CI-0039,KA-01,134.0,849.0,113766.0
2025-02-01,CI-0039,KA-02,107.0,849.0,90843.0
2025-02-01,CI-0039,KA-03,94.0,849.0,79806.0
2025-02-01,CI-0039,KA-04,53.0,849.0,44997.0
2025-02-01,CI-0039,KA-05,40.0,849.0,3396.0
2025-03-01,CI-0039,E-commerce,156.0,849.0,132444.0
2025-03-01,CI-0039,Marketplace,122.0,849.0,103578.0
2025-03-01,CI-0039,Loja própria,100.0,849.0,8490.0
2025-03-01,CI-0039,KA-01,55.0,849.0,46695.0
2025-03-01,CI-0039,KA-02,44.0,849.0,37356.0
2025-03-01,CI-0039,KA-03,39.0,849.0,33111.0
2025-03-01,CI-0039,KA-04,22.0,849.0,18678.0
2025-03-01,CI-0039,KA-05,16.0,849.0,13584.0
2025-04-01,CI-0039,E-commerce,165.0,849.0,140085.0
2025-04-01,CI-0039,Marketplace,130.0,849.0,11037.0
2025-04-01,CI-0039,Loja própria,106.0,849.0,89994.0
2025-04-01,CI-0039,KA-01,59.0,849.0,50091.0
2025-04-01,CI-0039,KA-02,47.0,849.0,39903.0
2025-04-01,CI-0039,KA-03,41.0,849.0,34809.0
2025-04-01,CI-0039,KA-04,23.0,849.0,19527.0
2025-04-01,CI-0039,KA-05,17.0,849.0,14433.0
2025-05-01,CI-0039,E-commerce,176.0,849.0,149424.0
2025-05-01,CI-0039,Marketplace,138.0,849.0,117162.0
2025-05-01,CI-0039,Loja própria,113.0,849.0,95937.0
2025-05-01,CI-0039,KA-01,63.0,849.0,53487.0
2025-05-01,CI-0039,KA-02,50.0,849.0,4245.0
2025-05-01,CI-0039,KA-03,44.0,849.0,37356.0
2025-05-01,CI-0039,KA-04,25.0,849.0,21225.0
2025-05-01,CI-0039,KA-05,18.0,849.0,15282.0
2025-06-01,CI-0039,E-commerce,144.0,849.0,122256.0
2025-06-01,CI-0039,Marketplace,113.0,849.0,95937.0
2025-06-01,CI-0039,Loja própria,93.0,849.0,78957.0
2025-06-01,CI-0039,KA-01,51.0,849.0,43299.0
2025-06-01,CI-0039,KA-02,41.0,849.0,34809.0
2025-06-01,CI-0039,KA-03,36.0,849.0,30564.0
2025-06-01,CI-0039,KA-04,20.0,849.0,1698.0
2025-06-01,CI-0039,KA-05,15.0,849.0,12735.0
2025-07-01,CI-0039,E-commerce,161.0,849.0,136689.0
2025-07-01,CI-0039,Marketplace,126.0,849.0,106974.0
2025-07-01,CI-0039,Loja própria,103.0,849.0,87447.0
2025-07-01,CI-0039,KA-01,57.0,849.0,48393.0
2025-07-01,CI-0039,KA-02,46.0,849.0,39054.0
2025-07-01,CI-0039,KA-03,40.0,849.0,3396.0
2025-07-01,CI-0039,KA-04,23.0,849.0,19527.0
2025-07-01,CI-0039,KA-05,17.0,849.0,14433.0
2025-08-01,CI-0039,E-commerce,166.0,849.0,140934.0
2025-08-01,CI-0039,Marketplace,130.0,849.0,11037.0
2025-08-01,CI-0039,Loja própria,107.0,849.0,90843.0
2025-08-01,CI-0039,KA-01,59.0,849.0,50091.0
2025-08-01,CI-0039,KA-02,47.0,849.0,39903.0
2025-08-01,CI-0039,KA-03,41.0,849.0,34809.0
2025-08-01,CI-0039,KA-04,23.0,849.0,19527.0
2025-08-01,CI-0039,KA-05,17.0,849.0,14433.0
2025-09-01,CI-0039,E-commerce,163.0,849.0,138387.0
2025-09-01,CI-0039,Marketplace,128.0,849.0,108672.0
2025-09-01,CI-0039,Loja própria,105.0,849.0,89145.0
2025-09-01,CI-0039,KA-01,58.0,849.0,49242.0
2025-09-01,CI-0039,KA-02,46.0,849.0,39054.0
2025-09-01,CI-0039,KA-03,40.0,849.0,3396.0
2025-09-01,CI-0039,KA-04,23.0,849.0,19527.0
2025-09-01,CI-0039,KA-05,17.0,849.0,14433.0
2025-10-01,CI-0039,E-commerce,160.0,849.0,13584.0
2025-10-01,CI-0039,Marketplace,126.0,849.0,106974.0
2025-10-01,CI-0039,Loja própria,103.0,849.0,87447.0
2025-10-01,CI-0039,KA-01,57.0,849.0,48393.0
2025-10-01,CI-0039,KA-02,45.0,849.0,38205.0
2025-10-01,CI-0039,KA-03,40.0,849.0,3396.0
2025-10-01,CI-0039,KA-04,22.0,849.0,18678.0
2025-10-01,CI-0039,KA-05,17.0,849.0,14433.0
2025-11-01,CI-0039,E-commerce,233.0,849.0,197817.0
2025-11-01,CI-0039,Marketplace,183.0,849.0,155367.0
2025-11-01,CI-0039,Loja própria,150.0,849.0,12735.0
2025-11-01,CI-0039,KA-01,83.0,849.0,70467.0
2025-11-01,CI-0039,KA-02,66.0,849.0,56034.0
2025-11-01,CI-0039,KA-03,58.0,849.0,49242.0
2025-11-01,CI-0039,KA-04,33.0,849.0,28017.0
2025-11-01,CI-0039,KA-05,25.0,849.0,21225.0
2025-12-01,CI-0039,E-commerce,178.0,849.0,151122.0
2025-12-01,CI-0039,Marketplace,140.0,849.0,11886.0
2025-12-01,CI-0039,Loja própria,114.0,849.0,96786.0
2025-12-01,CI-0039,KA-01,63.0,849.0,53487.0
2025-12-01,CI-0039,KA-02,51.0,849.0,43299.0
2025-12-01,CI-0039,KA-03,44.0,849.0,37356.0
2025-12-01,CI-0039,KA-04,25.0,849.0,21225.0
2025-12-01,CI-0039,KA-05,19.0,849.0,16131.0
2026-01-01,CI-0039,E-commerce,357.0,849.0,303093.0
2026-01-01,CI-0039,Marketplace,281.0,849.0,238569.0
2026-01-01,CI-0039,Loja própria,230.0,849.0,19527.0
2026-01-01,CI-0039,KA-01,127.0,849.0,107823.0
2026-01-01,CI-0039,KA-02,102.0,849.0,86598.0
2026-01-01,CI-0039,KA-03,89.0,849.0,75561.0
2026-01-01,CI-0039,KA-04,51.0,849.0,43299.0
2026-01-01,CI-0039,KA-05,38.0,849.0,32262.0
2026-02-01,CI-0039,E-commerce,357.0,849.0,303093.0
2026-02-01,CI-0039,Marketplace,280.0,849.0,23772.0
2026-02-01,CI-0039,Loja própria,229.0,849.0,194421.0
2026-02-01,CI-0039,KA-01,127.0,849.0,107823.0
2026-02-01,CI-0039,KA-02,102.0,849.0,86598.0
2026-02-01,CI-0039,KA-03,89.0,849.0,75561.0
2026-02-01,CI-0039,KA-04,51.0,849.0,43299.0
2026-02-01,CI-0039,KA-05,38.0,849.0,32262.0
2026-03-01,CI-0039,E-commerce,168.0,849.0,142632.0
2026-03-01,CI-0039,Marketplace,132.0,849.0,112068.0
2026-03-01,CI-0039,Loja própria,108.0,849.0,91692.0
2026-03-01,CI-0039,KA-01,60.0,849.0,5094.0
2026-03-01,CI-0039,KA-02,48.0,849.0,40752.0
2026-03-01,CI-0039,KA-03,42.0,849.0,35658.0
2026-03-01,CI-0039,KA-04,24.0,849.0,20376.0
2026-03-01,CI-0039,KA-05,18.0,849.0,15282.0
2026-04-01,CI-0039,E-commerce,181.0,849.0,153669.0
2026-04-01,CI-0039,Marketplace,142.0,849.0,120558.0
2026-04-01,CI-0039,Loja própria,116.0,849.0,98484.0
2026-04-01,CI-0039,KA-01,64.0,849.0,54336.0
2026-04-01,CI-0039,KA-02,51.0,849.0,43299.0
2026-04-01,CI-0039,KA-03,45.0,849.0,38205.0
2026-04-01,CI-0039,KA-04,25.0,849.0,21225.0
2026-04-01,CI-0039,KA-05,19.0,849.0,16131.0
2026-05-01,CI-0039,E-commerce,172.0,849.0,146028.0
2026-05-01,CI-0039,Marketplace,135.0,849.0,114615.0
2026-05-01,CI-0039,Loja própria,110.0,849.0,9339.0
2026-05-01,CI-0039,KA-01,61.0,849.0,51789.0
2026-05-01,CI-0039,KA-02,49.0,849.0,41601.0
2026-05-01,CI-0039,KA-03,43.0,849.0,36507.0
2026-05-01,CI-0039,KA-04,24.0,849.0,20376.0
2026-05-01,CI-0039,KA-05,18.0,849.0,15282.0
2026-06-01,CI-0039,E-commerce,180.0,849.0,15282.0
2026-06-01,CI-0039,Marketplace,141.0,849.0,119709.0
2026-06-01,CI-0039,Loja própria,115.0,849.0,97635.0
2026-06-01,CI-0039,KA-01,64.0,849.0,54336.0
2026-06-01,CI-0039,KA-02,51.0,849.0,43299.0
2026-06-01,CI-0039,KA-03,45.0,849.0,38205.0
2026-06-01,CI-0039,KA-04,25.0,849.0,21225.0
2026-06-01,CI-0039,KA-05,19.0,849.0,16131.0
2026-07-01,CI-0039,E-commerce,187.0,849.0,158763.0
2026-07-01,CI-0039,Marketplace,147.0,849.0,124803.0
2026-07-01,CI-0039,Loja própria,120.0,849.0,10188.0
2026-07-01,CI-0039,KA-01,66.0,849.0,56034.0
2026-07-01,CI-0039,KA-02,53.0,849.0,44997.0
2026-07-01,CI-0039,KA-03,46.0,849.0,39054.0
2026-07-01,CI-0039,KA-04,26.0,849.0,22074.0
2026-07-01,CI-0039,KA-05,20.0,849.0,1698.0
2026-08-01,CI-0039,E-commerce,168.0,849.0,142632.0
2026-08-01,CI-0039,Marketplace,132.0,849.0,112068.0
2026-08-01,CI-0039,Loja própria,108.0,849.0,91692.0
2026-08-01,CI-0039,KA-01,60.0,849.0,5094.0
2026-08-01,CI-0039,KA-02,48.0,849.0,40752.0
2026-08-01,CI-0039,KA-03,42.0,849.0,35658.0
2026-08-01,CI-0039,KA-04,24.0,849.0,20376.0
2026-08-01,CI-0039,KA-05,18.0,849.0,15282.0
2024-09-01,CI-0040,E-commerce,184.0,1299.0,239016.0
2024-09-01,CI-0040,Marketplace,144.0,1299.0,187056.0
2024-09-01,CI-0040,Loja própria,118.0,1299.0,153282.0
2024-09-01,CI-0040,KA-01,65.0,1299.0,84435.0
2024-09-01,CI-0040,KA-02,52.0,1299.0,67548.0
2024-09-01,CI-0040,KA-03,46.0,1299.0,59754.0
2024-09-01,CI-0040,KA-04,26.0,1299.0,33774.0
2024-09-01,CI-0040,KA-05,19.0,1299.0,24681.0
2024-10-01,CI-0040,E-commerce,150.0,1299.0,19485.0
2024-10-01,CI-0040,Marketplace,118.0,1299.0,153282.0
2024-10-01,CI-0040,Loja própria,96.0,1299.0,124704.0
2024-10-01,CI-0040,KA-01,53.0,1299.0,68847.0
2024-10-01,CI-0040,KA-02,43.0,1299.0,55857.0
2024-10-01,CI-0040,KA-03,37.0,1299.0,48063.0
2024-10-01,CI-0040,KA-04,21.0,1299.0,27279.0
2024-10-01,CI-0040,KA-05,16.0,1299.0,20784.0
2024-11-01,CI-0040,E-commerce,215.0,1299.0,279285.0
2024-11-01,CI-0040,Marketplace,169.0,1299.0,219531.0
2024-11-01,CI-0040,Loja própria,138.0,1299.0,179262.0
2024-11-01,CI-0040,KA-01,77.0,1299.0,100023.0
2024-11-01,CI-0040,KA-02,61.0,1299.0,79239.0
2024-11-01,CI-0040,KA-03,53.0,1299.0,68847.0
2024-11-01,CI-0040,KA-04,30.0,1299.0,3897.0
2024-11-01,CI-0040,KA-05,23.0,1299.0,29877.0
2024-12-01,CI-0040,E-commerce,160.0,1299.0,20784.0
2024-12-01,CI-0040,Marketplace,126.0,1299.0,163674.0
2024-12-01,CI-0040,Loja própria,103.0,1299.0,133797.0
2024-12-01,CI-0040,KA-01,57.0,1299.0,74043.0
2024-12-01,CI-0040,KA-02,45.0,1299.0,58455.0
2024-12-01,CI-0040,KA-03,40.0,1299.0,5196.0
2024-12-01,CI-0040,KA-04,22.0,1299.0,28578.0
2024-12-01,CI-0040,KA-05,17.0,1299.0,22083.0
2025-01-01,CI-0040,E-commerce,155.0,1299.0,201345.0
2025-01-01,CI-0040,Marketplace,122.0,1299.0,158478.0
2025-01-01,CI-0040,Loja própria,100.0,1299.0,12990.0
2025-01-01,CI-0040,KA-01,55.0,1299.0,71445.0
2025-01-01,CI-0040,KA-02,44.0,1299.0,57156.0
2025-01-01,CI-0040,KA-03,38.0,1299.0,49362.0
2025-01-01,CI-0040,KA-04,22.0,1299.0,28578.0
2025-01-01,CI-0040,KA-05,16.0,1299.0,20784.0
2025-02-01,CI-0040,E-commerce,157.0,1299.0,203943.0
2025-02-01,CI-0040,Marketplace,123.0,1299.0,159777.0
2025-02-01,CI-0040,Loja própria,101.0,1299.0,131199.0
2025-02-01,CI-0040,KA-01,56.0,1299.0,72744.0
2025-02-01,CI-0040,KA-02,45.0,1299.0,58455.0
2025-02-01,CI-0040,KA-03,39.0,1299.0,50661.0
2025-02-01,CI-0040,KA-04,22.0,1299.0,28578.0
2025-02-01,CI-0040,KA-05,16.0,1299.0,20784.0
2025-03-01,CI-0040,E-commerce,148.0,1299.0,192252.0
2025-03-01,CI-0040,Marketplace,116.0,1299.0,150684.0
2025-03-01,CI-0040,Loja própria,95.0,1299.0,123405.0
2025-03-01,CI-0040,KA-01,53.0,1299.0,68847.0
2025-03-01,CI-0040,KA-02,42.0,1299.0,54558.0
2025-03-01,CI-0040,KA-03,37.0,1299.0,48063.0
2025-03-01,CI-0040,KA-04,21.0,1299.0,27279.0
2025-03-01,CI-0040,KA-05,15.0,1299.0,19485.0
2025-04-01,CI-0040,E-commerce,151.0,1299.0,196149.0
2025-04-01,CI-0040,Marketplace,119.0,1299.0,154581.0
2025-04-01,CI-0040,Loja própria,97.0,1299.0,126003.0
2025-04-01,CI-0040,KA-01,54.0,1299.0,70146.0
2025-04-01,CI-0040,KA-02,43.0,1299.0,55857.0
2025-04-01,CI-0040,KA-03,37.0,1299.0,48063.0
2025-04-01,CI-0040,KA-04,21.0,1299.0,27279.0
2025-04-01,CI-0040,KA-05,16.0,1299.0,20784.0
2025-05-01,CI-0040,E-commerce,146.0,1299.0,189654.0
2025-05-01,CI-0040,Marketplace,115.0,1299.0,149385.0
2025-05-01,CI-0040,Loja própria,94.0,1299.0,122106.0
2025-05-01,CI-0040,KA-01,52.0,1299.0,67548.0
2025-05-01,CI-0040,KA-02,41.0,1299.0,53259.0
2025-05-01,CI-0040,KA-03,36.0,1299.0,46764.0
2025-05-01,CI-0040,KA-04,20.0,1299.0,2598.0
2025-05-01,CI-0040,KA-05,15.0,1299.0,19485.0
2025-06-01,CI-0040,E-commerce,140.0,1299.0,18186.0
2025-06-01,CI-0040,Marketplace,110.0,1299.0,14289.0
2025-06-01,CI-0040,Loja própria,90.0,1299.0,11691.0
2025-06-01,CI-0040,KA-01,50.0,1299.0,6495.0
2025-06-01,CI-0040,KA-02,40.0,1299.0,5196.0
2025-06-01,CI-0040,KA-03,35.0,1299.0,45465.0
2025-06-01,CI-0040,KA-04,20.0,1299.0,2598.0
2025-06-01,CI-0040,KA-05,15.0,1299.0,19485.0
2025-07-01,CI-0040,E-commerce,135.0,1299.0,175365.0
2025-07-01,CI-0040,Marketplace,106.0,1299.0,137694.0
2025-07-01,CI-0040,Loja própria,86.0,1299.0,111714.0
2025-07-01,CI-0040,KA-01,48.0,1299.0,62352.0
2025-07-01,CI-0040,KA-02,38.0,1299.0,49362.0
2025-07-01,CI-0040,KA-03,33.0,1299.0,42867.0
2025-07-01,CI-0040,KA-04,19.0,1299.0,24681.0
2025-07-01,CI-0040,KA-05,14.0,1299.0,18186.0
2025-08-01,CI-0040,E-commerce,119.0,1299.0,154581.0
2025-08-01,CI-0040,Marketplace,93.0,1299.0,120807.0
2025-08-01,CI-0040,Loja própria,76.0,1299.0,98724.0
2025-08-01,CI-0040,KA-01,42.0,1299.0,54558.0
2025-08-01,CI-0040,KA-02,34.0,1299.0,44166.0
2025-08-01,CI-0040,KA-03,29.0,1299.0,37671.0
2025-08-01,CI-0040,KA-04,17.0,1299.0,22083.0
2025-08-01,CI-0040,KA-05,12.0,1299.0,15588.0
2025-09-01,CI-0040,E-commerce,128.0,1299.0,166272.0
2025-09-01,CI-0040,Marketplace,100.0,1299.0,12990.0
2025-09-01,CI-0040,Loja própria,82.0,1299.0,106518.0
2025-09-01,CI-0040,KA-01,45.0,1299.0,58455.0
2025-09-01,CI-0040,KA-02,36.0,1299.0,46764.0
2025-09-01,CI-0040,KA-03,32.0,1299.0,41568.0
2025-09-01,CI-0040,KA-04,18.0,1299.0,23382.0
2025-09-01,CI-0040,KA-05,13.0,1299.0,16887.0
2025-10-01,CI-0040,E-commerce,122.0,1299.0,158478.0
2025-10-01,CI-0040,Marketplace,96.0,1299.0,124704.0
2025-10-01,CI-0040,Loja própria,79.0,1299.0,102621.0
2025-10-01,CI-0040,KA-01,43.0,1299.0,55857.0
2025-10-01,CI-0040,KA-02,35.0,1299.0,45465.0
2025-10-01,CI-0040,KA-03,30.0,1299.0,3897.0
2025-10-01,CI-0040,KA-04,17.0,1299.0,22083.0
2025-10-01,CI-0040,KA-05,13.0,1299.0,16887.0
2025-11-01,CI-0040,E-commerce,172.0,1299.0,223428.0
2025-11-01,CI-0040,Marketplace,135.0,1299.0,175365.0
2025-11-01,CI-0040,Loja própria,110.0,1299.0,14289.0
2025-11-01,CI-0040,KA-01,61.0,1299.0,79239.0
2025-11-01,CI-0040,KA-02,49.0,1299.0,63651.0
2025-11-01,CI-0040,KA-03,43.0,1299.0,55857.0
2025-11-01,CI-0040,KA-04,24.0,1299.0,31176.0
2025-11-01,CI-0040,KA-05,18.0,1299.0,23382.0
2025-12-01,CI-0040,E-commerce,118.0,1299.0,153282.0
2025-12-01,CI-0040,Marketplace,93.0,1299.0,120807.0
2025-12-01,CI-0040,Loja própria,76.0,1299.0,98724.0
2025-12-01,CI-0040,KA-01,42.0,1299.0,54558.0
2025-12-01,CI-0040,KA-02,33.0,1299.0,42867.0
2025-12-01,CI-0040,KA-03,29.0,1299.0,37671.0
2025-12-01,CI-0040,KA-04,16.0,1299.0,20784.0
2025-12-01,CI-0040,KA-05,12.0,1299.0,15588.0
2026-01-01,CI-0040,E-commerce,122.0,1299.0,158478.0
2026-01-01,CI-0040,Marketplace,96.0,1299.0,124704.0
2026-01-01,CI-0040,Loja própria,78.0,1299.0,101322.0
2026-01-01,CI-0040,KA-01,43.0,1299.0,55857.0
2026-01-01,CI-0040,KA-02,34.0,1299.0,44166.0
2026-01-01,CI-0040,KA-03,30.0,1299.0,3897.0
2026-01-01,CI-0040,KA-04,17.0,1299.0,22083.0
2026-01-01,CI-0040,KA-05,13.0,1299.0,16887.0
2026-02-01,CI-0040,E-commerce,103.0,1299.0,133797.0
2026-02-01,CI-0040,Marketplace,81.0,1299.0,105219.0
2026-02-01,CI-0040,Loja própria,66.0,1299.0,85734.0
2026-02-01,CI-0040,KA-01,36.0,1299.0,46764.0
2026-02-01,CI-0040,KA-02,29.0,1299.0,37671.0
2026-02-01,CI-0040,KA-03,25.0,1299.0,32475.0
2026-02-01,CI-0040,KA-04,14.0,1299.0,18186.0
2026-02-01,CI-0040,KA-05,11.0,1299.0,14289.0
2026-03-01,CI-0040,E-commerce,99.0,1299.0,128601.0
2026-03-01,CI-0040,Marketplace,77.0,1299.0,100023.0
2026-03-01,CI-0040,Loja própria,63.0,1299.0,81837.0
2026-03-01,CI-0040,KA-01,35.0,1299.0,45465.0
2026-03-01,CI-0040,KA-02,28.0,1299.0,36372.0
2026-03-01,CI-0040,KA-03,24.0,1299.0,31176.0
2026-03-01,CI-0040,KA-04,14.0,1299.0,18186.0
2026-03-01,CI-0040,KA-05,10.0,1299.0,1299.0
2026-04-01,CI-0040,E-commerce,104.0,1299.0,135096.0
2026-04-01,CI-0040,Marketplace,82.0,1299.0,106518.0
2026-04-01,CI-0040,Loja própria,67.0,1299.0,87033.0
2026-04-01,CI-0040,KA-01,37.0,1299.0,48063.0
2026-04-01,CI-0040,KA-02,29.0,1299.0,37671.0
2026-04-01,CI-0040,KA-03,26.0,1299.0,33774.0
2026-04-01,CI-0040,KA-04,14.0,1299.0,18186.0
2026-04-01,CI-0040,KA-05,11.0,1299.0,14289.0
2026-05-01,CI-0040,E-commerce,99.0,1299.0,128601.0
2026-05-01,CI-0040,Marketplace,78.0,1299.0,101322.0
2026-05-01,CI-0040,Loja própria,64.0,1299.0,83136.0
2026-05-01,CI-0040,KA-01,35.0,1299.0,45465.0
2026-05-01,CI-0040,KA-02,28.0,1299.0,36372.0
2026-05-01,CI-0040,KA-03,24.0,1299.0,31176.0
2026-05-01,CI-0040,KA-04,14.0,1299.0,18186.0
2026-05-01,CI-0040,KA-05,10.0,1299.0,1299.0
2026-06-01,CI-0040,E-commerce,100.0,1299.0,12990.0
2026-06-01,CI-0040,Marketplace,78.0,1299.0,101322.0
2026-06-01,CI-0040,Loja própria,64.0,1299.0,83136.0
2026-06-01,CI-0040,KA-01,35.0,1299.0,45465.0
2026-06-01,CI-0040,KA-02,28.0,1299.0,36372.0
2026-06-01,CI-0040,KA-03,25.0,1299.0,32475.0
2026-06-01,CI-0040,KA-04,14.0,1299.0,18186.0
2026-06-01,CI-0040,KA-05,10.0,1299.0,1299.0
2026-07-01,CI-0040,E-commerce,87.0,1299.0,113013.0
2026-07-01,CI-0040,Marketplace,68.0,1299.0,88332.0
2026-07-01,CI-0040,Loja própria,56.0,1299.0,72744.0
2026-07-01,CI-0040,KA-01,31.0,1299.0,40269.0
2026-07-01,CI-0040,KA-02,25.0,1299.0,32475.0
2026-07-01,CI-0040,KA-03,21.0,1299.0,27279.0
2026-07-01,CI-0040,KA-04,12.0,1299.0,15588.0
2026-07-01,CI-0040,KA-05,9.0,1299.0,11691.0
2026-08-01,CI-0040,E-commerce,80.0,1299.0,10392.0
2026-08-01,CI-0040,Marketplace,63.0,1299.0,81837.0
2026-08-01,CI-0040,Loja própria,52.0,1299.0,67548.0
2026-08-01,CI-0040,KA-01,28.0,1299.0,36372.0
2026-08-01,CI-0040,KA-02,23.0,1299.0,29877.0
2026-08-01,CI-0040,KA-03,20.0,1299.0,2598.0
2026-08-01,CI-0040,KA-04,11.0,1299.0,14289.0
2026-08-01,CI-0040,KA-05,8.0,1299.0,10392.0
2024-09-01,CI-0041,E-commerce,169.0,699.0,118131.0
2024-09-01,CI-0041,Marketplace,133.0,699.0,92967.0
2024-09-01,CI-0041,Loja própria,109.0,699.0,76191.0
2024-09-01,CI-0041,KA-01,60.0,699.0,4194.0
2024-09-01,CI-0041,KA-02,48.0,699.0,33552.0
2024-09-01,CI-0041,KA-03,42.0,699.0,29358.0
2024-09-01,CI-0041,KA-04,24.0,699.0,16776.0
2024-09-01,CI-0041,KA-05,18.0,699.0,12582.0
2024-10-01,CI-0041,E-commerce,183.0,699.0,127917.0
2024-10-01,CI-0041,Marketplace,144.0,699.0,100656.0
2024-10-01,CI-0041,Loja própria,117.0,699.0,81783.0
2024-10-01,CI-0041,KA-01,65.0,699.0,45435.0
2024-10-01,CI-0041,KA-02,52.0,699.0,36348.0
2024-10-01,CI-0041,KA-03,45.0,699.0,31455.0
2024-10-01,CI-0041,KA-04,26.0,699.0,18174.0
2024-10-01,CI-0041,KA-05,19.0,699.0,13281.0
2024-11-01,CI-0041,E-commerce,256.0,699.0,178944.0
2024-11-01,CI-0041,Marketplace,201.0,699.0,140499.0
2024-11-01,CI-0041,Loja própria,164.0,699.0,114636.0
2024-11-01,CI-0041,KA-01,91.0,699.0,63609.0
2024-11-01,CI-0041,KA-02,73.0,699.0,51027.0
2024-11-01,CI-0041,KA-03,64.0,699.0,44736.0
2024-11-01,CI-0041,KA-04,36.0,699.0,25164.0
2024-11-01,CI-0041,KA-05,27.0,699.0,18873.0
2024-12-01,CI-0041,E-commerce,184.0,699.0,128616.0
2024-12-01,CI-0041,Marketplace,144.0,699.0,100656.0
2024-12-01,CI-0041,Loja própria,118.0,699.0,82482.0
2024-12-01,CI-0041,KA-01,65.0,699.0,45435.0
2024-12-01,CI-0041,KA-02,52.0,699.0,36348.0
2024-12-01,CI-0041,KA-03,46.0,699.0,32154.0
2024-12-01,CI-0041,KA-04,26.0,699.0,18174.0
2024-12-01,CI-0041,KA-05,19.0,699.0,13281.0
2025-01-01,CI-0041,E-commerce,468.0,699.0,327132.0
2025-01-01,CI-0041,Marketplace,368.0,699.0,257232.0
2025-01-01,CI-0041,Loja própria,301.0,699.0,210399.0
2025-01-01,CI-0041,KA-01,167.0,699.0,116733.0
2025-01-01,CI-0041,KA-02,133.0,699.0,92967.0
2025-01-01,CI-0041,KA-03,117.0,699.0,81783.0
2025-01-01,CI-0041,KA-04,66.0,699.0,46134.0
2025-01-01,CI-0041,KA-05,50.0,699.0,3495.0
2025-02-01,CI-0041,E-commerce,465.0,699.0,325035.0
2025-02-01,CI-0041,Marketplace,365.0,699.0,255135.0
2025-02-01,CI-0041,Loja própria,299.0,699.0,209001.0
2025-02-01,CI-0041,KA-01,166.0,699.0,116034.0
2025-02-01,CI-0041,KA-02,132.0,699.0,92268.0
2025-02-01,CI-0041,KA-03,116.0,699.0,81084.0
2025-02-01,CI-0041,KA-04,66.0,699.0,46134.0
2025-02-01,CI-0041,KA-05,49.0,699.0,34251.0
2025-03-01,CI-0041,E-commerce,207.0,699.0,144693.0
2025-03-01,CI-0041,Marketplace,163.0,699.0,113937.0
2025-03-01,CI-0041,Loja própria,133.0,699.0,92967.0
2025-03-01,CI-0041,KA-01,74.0,699.0,51726.0
2025-03-01,CI-0041,KA-02,59.0,699.0,41241.0
2025-03-01,CI-0041,KA-03,51.0,699.0,35649.0
2025-03-01,CI-0041,KA-04,29.0,699.0,20271.0
2025-03-01,CI-0041,KA-05,22.0,699.0,15378.0
2025-04-01,CI-0041,E-commerce,168.0,699.0,117432.0
2025-04-01,CI-0041,Marketplace,132.0,699.0,92268.0
2025-04-01,CI-0041,Loja própria,108.0,699.0,75492.0
2025-04-01,CI-0041,KA-01,60.0,699.0,4194.0
2025-04-01,CI-0041,KA-02,48.0,699.0,33552.0
2025-04-01,CI-0041,KA-03,42.0,699.0,29358.0
2025-04-01,CI-0041,KA-04,24.0,699.0,16776.0
2025-04-01,CI-0041,KA-05,18.0,699.0,12582.0
2025-05-01,CI-0041,E-commerce,193.0,699.0,134907.0
2025-05-01,CI-0041,Marketplace,152.0,699.0,106248.0
2025-05-01,CI-0041,Loja própria,124.0,699.0,86676.0
2025-05-01,CI-0041,KA-01,69.0,699.0,48231.0
2025-05-01,CI-0041,KA-02,55.0,699.0,38445.0
2025-05-01,CI-0041,KA-03,48.0,699.0,33552.0
2025-05-01,CI-0041,KA-04,27.0,699.0,18873.0
2025-05-01,CI-0041,KA-05,20.0,699.0,1398.0
2025-06-01,CI-0041,E-commerce,168.0,699.0,117432.0
2025-06-01,CI-0041,Marketplace,132.0,699.0,92268.0
2025-06-01,CI-0041,Loja própria,108.0,699.0,75492.0
2025-06-01,CI-0041,KA-01,60.0,699.0,4194.0
2025-06-01,CI-0041,KA-02,48.0,699.0,33552.0
2025-06-01,CI-0041,KA-03,42.0,699.0,29358.0
2025-06-01,CI-0041,KA-04,24.0,699.0,16776.0
2025-06-01,CI-0041,KA-05,18.0,699.0,12582.0
2025-07-01,CI-0041,E-commerce,190.0,699.0,13281.0
2025-07-01,CI-0041,Marketplace,149.0,699.0,104151.0
2025-07-01,CI-0041,Loja própria,122.0,699.0,85278.0
2025-07-01,CI-0041,KA-01,68.0,699.0,47532.0
2025-07-01,CI-0041,KA-02,54.0,699.0,37746.0
2025-07-01,CI-0041,KA-03,47.0,699.0,32853.0
2025-07-01,CI-0041,KA-04,27.0,699.0,18873.0
2025-07-01,CI-0041,KA-05,20.0,699.0,1398.0
2025-08-01,CI-0041,E-commerce,214.0,699.0,149586.0
2025-08-01,CI-0041,Marketplace,168.0,699.0,117432.0
2025-08-01,CI-0041,Loja própria,137.0,699.0,95763.0
2025-08-01,CI-0041,KA-01,76.0,699.0,53124.0
2025-08-01,CI-0041,KA-02,61.0,699.0,42639.0
2025-08-01,CI-0041,KA-03,53.0,699.0,37047.0
2025-08-01,CI-0041,KA-04,30.0,699.0,2097.0
2025-08-01,CI-0041,KA-05,22.0,699.0,15378.0
2025-09-01,CI-0041,E-commerce,195.0,699.0,136305.0
2025-09-01,CI-0041,Marketplace,153.0,699.0,106947.0
2025-09-01,CI-0041,Loja própria,125.0,699.0,87375.0
2025-09-01,CI-0041,KA-01,69.0,699.0,48231.0
2025-09-01,CI-0041,KA-02,55.0,699.0,38445.0
2025-09-01,CI-0041,KA-03,48.0,699.0,33552.0
2025-09-01,CI-0041,KA-04,27.0,699.0,18873.0
2025-09-01,CI-0041,KA-05,20.0,699.0,1398.0
2025-10-01,CI-0041,E-commerce,177.0,699.0,123723.0
2025-10-01,CI-0041,Marketplace,139.0,699.0,97161.0
2025-10-01,CI-0041,Loja própria,114.0,699.0,79686.0
2025-10-01,CI-0041,KA-01,63.0,699.0,44037.0
2025-10-01,CI-0041,KA-02,50.0,699.0,3495.0
2025-10-01,CI-0041,KA-03,44.0,699.0,30756.0
2025-10-01,CI-0041,KA-04,25.0,699.0,17475.0
2025-10-01,CI-0041,KA-05,19.0,699.0,13281.0
2025-11-01,CI-0041,E-commerce,292.0,699.0,204108.0
2025-11-01,CI-0041,Marketplace,229.0,699.0,160071.0
2025-11-01,CI-0041,Loja própria,188.0,699.0,131412.0
2025-11-01,CI-0041,KA-01,104.0,699.0,72696.0
2025-11-01,CI-0041,KA-02,83.0,699.0,58017.0
2025-11-01,CI-0041,KA-03,73.0,699.0,51027.0
2025-11-01,CI-0041,KA-04,41.0,699.0,28659.0
2025-11-01,CI-0041,KA-05,31.0,699.0,21669.0
2025-12-01,CI-0041,E-commerce,196.0,699.0,137004.0
2025-12-01,CI-0041,Marketplace,154.0,699.0,107646.0
2025-12-01,CI-0041,Loja própria,126.0,699.0,88074.0
2025-12-01,CI-0041,KA-01,70.0,699.0,4893.0
2025-12-01,CI-0041,KA-02,56.0,699.0,39144.0
2025-12-01,CI-0041,KA-03,49.0,699.0,34251.0
2025-12-01,CI-0041,KA-04,28.0,699.0,19572.0
2025-12-01,CI-0041,KA-05,21.0,699.0,14679.0
2026-01-01,CI-0041,E-commerce,526.0,699.0,367674.0
2026-01-01,CI-0041,Marketplace,413.0,699.0,288687.0
2026-01-01,CI-0041,Loja própria,338.0,699.0,236262.0
2026-01-01,CI-0041,KA-01,188.0,699.0,131412.0
2026-01-01,CI-0041,KA-02,150.0,699.0,10485.0
2026-01-01,CI-0041,KA-03,131.0,699.0,91569.0
2026-01-01,CI-0041,KA-04,75.0,699.0,52425.0
2026-01-01,CI-0041,KA-05,56.0,699.0,39144.0
2026-02-01,CI-0041,E-commerce,529.0,699.0,369771.0
2026-02-01,CI-0041,Marketplace,415.0,699.0,290085.0
2026-02-01,CI-0041,Loja própria,340.0,699.0,23766.0
2026-02-01,CI-0041,KA-01,189.0,699.0,132111.0
2026-02-01,CI-0041,KA-02,151.0,699.0,105549.0
2026-02-01,CI-0041,KA-03,132.0,699.0,92268.0
2026-02-01,CI-0041,KA-04,75.0,699.0,52425.0
2026-02-01,CI-0041,KA-05,56.0,699.0,39144.0
2026-03-01,CI-0041,E-commerce,203.0,699.0,141897.0
2026-03-01,CI-0041,Marketplace,159.0,699.0,111141.0
2026-03-01,CI-0041,Loja própria,130.0,699.0,9087.0
2026-03-01,CI-0041,KA-01,72.0,699.0,50328.0
2026-03-01,CI-0041,KA-02,58.0,699.0,40542.0
2026-03-01,CI-0041,KA-03,50.0,699.0,3495.0
2026-03-01,CI-0041,KA-04,29.0,699.0,20271.0
2026-03-01,CI-0041,KA-05,21.0,699.0,14679.0
2026-04-01,CI-0041,E-commerce,197.0,699.0,137703.0
2026-04-01,CI-0041,Marketplace,154.0,699.0,107646.0
2026-04-01,CI-0041,Loja própria,126.0,699.0,88074.0
2026-04-01,CI-0041,KA-01,70.0,699.0,4893.0
2026-04-01,CI-0041,KA-02,56.0,699.0,39144.0
2026-04-01,CI-0041,KA-03,49.0,699.0,34251.0
2026-04-01,CI-0041,KA-04,28.0,699.0,19572.0
2026-04-01,CI-0041,KA-05,21.0,699.0,14679.0
2026-05-01,CI-0041,E-commerce,201.0,699.0,140499.0
2026-05-01,CI-0041,Marketplace,158.0,699.0,110442.0
2026-05-01,CI-0041,Loja própria,129.0,699.0,90171.0
2026-05-01,CI-0041,KA-01,71.0,699.0,49629.0
2026-05-01,CI-0041,KA-02,57.0,699.0,39843.0
2026-05-01,CI-0041,KA-03,50.0,699.0,3495.0
2026-05-01,CI-0041,KA-04,28.0,699.0,19572.0
2026-05-01,CI-0041,KA-05,21.0,699.0,14679.0
2026-06-01,CI-0041,E-commerce,224.0,699.0,156576.0
2026-06-01,CI-0041,Marketplace,176.0,699.0,123024.0
2026-06-01,CI-0041,Loja própria,144.0,699.0,100656.0
2026-06-01,CI-0041,KA-01,80.0,699.0,5592.0
2026-06-01,CI-0041,KA-02,64.0,699.0,44736.0
2026-06-01,CI-0041,KA-03,56.0,699.0,39144.0
2026-06-01,CI-0041,KA-04,32.0,699.0,22368.0
2026-06-01,CI-0041,KA-05,24.0,699.0,16776.0
2026-07-01,CI-0041,E-commerce,198.0,699.0,138402.0
2026-07-01,CI-0041,Marketplace,156.0,699.0,109044.0
2026-07-01,CI-0041,Loja própria,127.0,699.0,88773.0
2026-07-01,CI-0041,KA-01,71.0,699.0,49629.0
2026-07-01,CI-0041,KA-02,56.0,699.0,39144.0
2026-07-01,CI-0041,KA-03,49.0,699.0,34251.0
2026-07-01,CI-0041,KA-04,28.0,699.0,19572.0
2026-07-01,CI-0041,KA-05,21.0,699.0,14679.0
2026-08-01,CI-0041,E-commerce,213.0,699.0,148887.0
2026-08-01,CI-0041,Marketplace,167.0,699.0,116733.0
2026-08-01,CI-0041,Loja própria,137.0,699.0,95763.0
2026-08-01,CI-0041,KA-01,76.0,699.0,53124.0
2026-08-01,CI-0041,KA-02,60.0,699.0,4194.0
2026-08-01,CI-0041,KA-03,53.0,699.0,37047.0
2026-08-01,CI-0041,KA-04,30.0,699.0,2097.0
2026-08-01,CI-0041,KA-05,22.0,699.0,15378.0
2024-09-01,CI-0042,E-commerce,199.0,949.0,188851.0
2024-09-01,CI-0042,Marketplace,156.0,949.0,148044.0
2024-09-01,CI-0042,Loja própria,127.0,949.0,120523.0
2024-09-01,CI-0042,KA-01,71.0,949.0,67379.0
2024-09-01,CI-0042,KA-02,56.0,949.0,53144.0
2024-09-01,CI-0042,KA-03,49.0,949.0,46501.0
2024-09-01,CI-0042,KA-04,28.0,949.0,26572.0
2024-09-01,CI-0042,KA-05,21.0,949.0,19929.0
2024-10-01,CI-0042,E-commerce,192.0,949.0,182208.0
2024-10-01,CI-0042,Marketplace,150.0,949.0,14235.0
2024-10-01,CI-0042,Loja própria,123.0,949.0,116727.0
2024-10-01,CI-0042,KA-01,68.0,949.0,64532.0
2024-10-01,CI-0042,KA-02,54.0,949.0,51246.0
2024-10-01,CI-0042,KA-03,48.0,949.0,45552.0
2024-10-01,CI-0042,KA-04,27.0,949.0,25623.0
2024-10-01,CI-0042,KA-05,20.0,949.0,1898.0
2024-11-01,CI-0042,E-commerce,363.0,949.0,344487.0
2024-11-01,CI-0042,Marketplace,285.0,949.0,270465.0
2024-11-01,CI-0042,Loja própria,233.0,949.0,221117.0
2024-11-01,CI-0042,KA-01,129.0,949.0,122421.0
2024-11-01,CI-0042,KA-02,103.0,949.0,97747.0
2024-11-01,CI-0042,KA-03,90.0,949.0,8541.0
2024-11-01,CI-0042,KA-04,51.0,949.0,48399.0
2024-11-01,CI-0042,KA-05,38.0,949.0,36062.0
2024-12-01,CI-0042,E-commerce,360.0,949.0,34164.0
2024-12-01,CI-0042,Marketplace,283.0,949.0,268567.0
2024-12-01,CI-0042,Loja própria,231.0,949.0,219219.0
2024-12-01,CI-0042,KA-01,128.0,949.0,121472.0
2024-12-01,CI-0042,KA-02,103.0,949.0,97747.0
2024-12-01,CI-0042,KA-03,90.0,949.0,8541.0
2024-12-01,CI-0042,KA-04,51.0,949.0,48399.0
2024-12-01,CI-0042,KA-05,38.0,949.0,36062.0
2025-01-01,CI-0042,E-commerce,297.0,949.0,281853.0
2025-01-01,CI-0042,Marketplace,233.0,949.0,221117.0
2025-01-01,CI-0042,Loja própria,191.0,949.0,181259.0
2025-01-01,CI-0042,KA-01,106.0,949.0,100594.0
2025-01-01,CI-0042,KA-02,84.0,949.0,79716.0
2025-01-01,CI-0042,KA-03,74.0,949.0,70226.0
2025-01-01,CI-0042,KA-04,42.0,949.0,39858.0
2025-01-01,CI-0042,KA-05,31.0,949.0,29419.0
2025-02-01,CI-0042,E-commerce,185.0,949.0,175565.0
2025-02-01,CI-0042,Marketplace,145.0,949.0,137605.0
2025-02-01,CI-0042,Loja própria,119.0,949.0,112931.0
2025-02-01,CI-0042,KA-01,66.0,949.0,62634.0
2025-02-01,CI-0042,KA-02,53.0,949.0,50297.0
2025-02-01,CI-0042,KA-03,46.0,949.0,43654.0
2025-02-01,CI-0042,KA-04,26.0,949.0,24674.0
2025-02-01,CI-0042,KA-05,19.0,949.0,18031.0
2025-03-01,CI-0042,E-commerce,199.0,949.0,188851.0
2025-03-01,CI-0042,Marketplace,157.0,949.0,148993.0
2025-03-01,CI-0042,Loja própria,128.0,949.0,121472.0
2025-03-01,CI-0042,KA-01,71.0,949.0,67379.0
2025-03-01,CI-0042,KA-02,57.0,949.0,54093.0
2025-03-01,CI-0042,KA-03,49.0,949.0,46501.0
2025-03-01,CI-0042,KA-04,28.0,949.0,26572.0
2025-03-01,CI-0042,KA-05,21.0,949.0,19929.0
2025-04-01,CI-0042,E-commerce,202.0,949.0,191698.0
2025-04-01,CI-0042,Marketplace,159.0,949.0,150891.0
2025-04-01,CI-0042,Loja própria,130.0,949.0,12337.0
2025-04-01,CI-0042,KA-01,72.0,949.0,68328.0
2025-04-01,CI-0042,KA-02,57.0,949.0,54093.0
2025-04-01,CI-0042,KA-03,50.0,949.0,4745.0
2025-04-01,CI-0042,KA-04,28.0,949.0,26572.0
2025-04-01,CI-0042,KA-05,21.0,949.0,19929.0
2025-05-01,CI-0042,E-commerce,205.0,949.0,194545.0
2025-05-01,CI-0042,Marketplace,161.0,949.0,152789.0
2025-05-01,CI-0042,Loja própria,131.0,949.0,124319.0
2025-05-01,CI-0042,KA-01,73.0,949.0,69277.0
2025-05-01,CI-0042,KA-02,58.0,949.0,55042.0
2025-05-01,CI-0042,KA-03,51.0,949.0,48399.0
2025-05-01,CI-0042,KA-04,29.0,949.0,27521.0
2025-05-01,CI-0042,KA-05,21.0,949.0,19929.0
2025-06-01,CI-0042,E-commerce,181.0,949.0,171769.0
2025-06-01,CI-0042,Marketplace,142.0,949.0,134758.0
2025-06-01,CI-0042,Loja própria,116.0,949.0,110084.0
2025-06-01,CI-0042,KA-01,64.0,949.0,60736.0
2025-06-01,CI-0042,KA-02,51.0,949.0,48399.0
2025-06-01,CI-0042,KA-03,45.0,949.0,42705.0
2025-06-01,CI-0042,KA-04,25.0,949.0,23725.0
2025-06-01,CI-0042,KA-05,19.0,949.0,18031.0
2025-07-01,CI-0042,E-commerce,219.0,949.0,207831.0
2025-07-01,CI-0042,Marketplace,172.0,949.0,163228.0
2025-07-01,CI-0042,Loja própria,141.0,949.0,133809.0
2025-07-01,CI-0042,KA-01,78.0,949.0,74022.0
2025-07-01,CI-0042,KA-02,62.0,949.0,58838.0
2025-07-01,CI-0042,KA-03,54.0,949.0,51246.0
2025-07-01,CI-0042,KA-04,31.0,949.0,29419.0
2025-07-01,CI-0042,KA-05,23.0,949.0,21827.0
2025-08-01,CI-0042,E-commerce,211.0,949.0,200239.0
2025-08-01,CI-0042,Marketplace,166.0,949.0,157534.0
2025-08-01,CI-0042,Loja própria,136.0,949.0,129064.0
2025-08-01,CI-0042,KA-01,75.0,949.0,71175.0
2025-08-01,CI-0042,KA-02,60.0,949.0,5694.0
2025-08-01,CI-0042,KA-03,52.0,949.0,49348.0
2025-08-01,CI-0042,KA-04,30.0,949.0,2847.0
2025-08-01,CI-0042,KA-05,22.0,949.0,20878.0
2025-09-01,CI-0042,E-commerce,225.0,949.0,213525.0
2025-09-01,CI-0042,Marketplace,177.0,949.0,167973.0
2025-09-01,CI-0042,Loja própria,145.0,949.0,137605.0
2025-09-01,CI-0042,KA-01,80.0,949.0,7592.0
2025-09-01,CI-0042,KA-02,64.0,949.0,60736.0
2025-09-01,CI-0042,KA-03,56.0,949.0,53144.0
2025-09-01,CI-0042,KA-04,32.0,949.0,30368.0
2025-09-01,CI-0042,KA-05,24.0,949.0,22776.0
2025-10-01,CI-0042,E-commerce,233.0,949.0,221117.0
2025-10-01,CI-0042,Marketplace,183.0,949.0,173667.0
2025-10-01,CI-0042,Loja própria,150.0,949.0,14235.0
2025-10-01,CI-0042,KA-01,83.0,949.0,78767.0
2025-10-01,CI-0042,KA-02,66.0,949.0,62634.0
2025-10-01,CI-0042,KA-03,58.0,949.0,55042.0
2025-10-01,CI-0042,KA-04,33.0,949.0,31317.0
2025-10-01,CI-0042,KA-05,25.0,949.0,23725.0
2025-11-01,CI-0042,E-commerce,361.0,949.0,342589.0
2025-11-01,CI-0042,Marketplace,283.0,949.0,268567.0
2025-11-01,CI-0042,Loja própria,232.0,949.0,220168.0
2025-11-01,CI-0042,KA-01,129.0,949.0,122421.0
2025-11-01,CI-0042,KA-02,103.0,949.0,97747.0
2025-11-01,CI-0042,KA-03,90.0,949.0,8541.0
2025-11-01,CI-0042,KA-04,51.0,949.0,48399.0
2025-11-01,CI-0042,KA-05,38.0,949.0,36062.0
2025-12-01,CI-0042,E-commerce,381.0,949.0,361569.0
2025-12-01,CI-0042,Marketplace,299.0,949.0,283751.0
2025-12-01,CI-0042,Loja própria,245.0,949.0,232505.0
2025-12-01,CI-0042,KA-01,136.0,949.0,129064.0
2025-12-01,CI-0042,KA-02,108.0,949.0,102492.0
2025-12-01,CI-0042,KA-03,95.0,949.0,90155.0
2025-12-01,CI-0042,KA-04,54.0,949.0,51246.0
2025-12-01,CI-0042,KA-05,40.0,949.0,3796.0
2026-01-01,CI-0042,E-commerce,315.0,949.0,298935.0
2026-01-01,CI-0042,Marketplace,247.0,949.0,234403.0
2026-01-01,CI-0042,Loja própria,202.0,949.0,191698.0
2026-01-01,CI-0042,KA-01,112.0,949.0,106288.0
2026-01-01,CI-0042,KA-02,90.0,949.0,8541.0
2026-01-01,CI-0042,KA-03,78.0,949.0,74022.0
2026-01-01,CI-0042,KA-04,45.0,949.0,42705.0
2026-01-01,CI-0042,KA-05,33.0,949.0,31317.0
2026-02-01,CI-0042,E-commerce,210.0,949.0,19929.0
2026-02-01,CI-0042,Marketplace,165.0,949.0,156585.0
2026-02-01,CI-0042,Loja própria,135.0,949.0,128115.0
2026-02-01,CI-0042,KA-01,75.0,949.0,71175.0
2026-02-01,CI-0042,KA-02,60.0,949.0,5694.0
2026-02-01,CI-0042,KA-03,52.0,949.0,49348.0
2026-02-01,CI-0042,KA-04,30.0,949.0,2847.0
2026-02-01,CI-0042,KA-05,22.0,949.0,20878.0
2026-03-01,CI-0042,E-commerce,220.0,949.0,20878.0
2026-03-01,CI-0042,Marketplace,173.0,949.0,164177.0
2026-03-01,CI-0042,Loja própria,142.0,949.0,134758.0
2026-03-01,CI-0042,KA-01,78.0,949.0,74022.0
2026-03-01,CI-0042,KA-02,63.0,949.0,59787.0
2026-03-01,CI-0042,KA-03,55.0,949.0,52195.0
2026-03-01,CI-0042,KA-04,31.0,949.0,29419.0
2026-03-01,CI-0042,KA-05,23.0,949.0,21827.0
2026-04-01,CI-0042,E-commerce,218.0,949.0,206882.0
2026-04-01,CI-0042,Marketplace,171.0,949.0,162279.0
2026-04-01,CI-0042,Loja própria,140.0,949.0,13286.0
2026-04-01,CI-0042,KA-01,78.0,949.0,74022.0
2026-04-01,CI-0042,KA-02,62.0,949.0,58838.0
2026-04-01,CI-0042,KA-03,54.0,949.0,51246.0
2026-04-01,CI-0042,KA-04,31.0,949.0,29419.0
2026-04-01,CI-0042,KA-05,23.0,949.0,21827.0
2026-05-01,CI-0042,E-commerce,221.0,949.0,209729.0
2026-05-01,CI-0042,Marketplace,173.0,949.0,164177.0
2026-05-01,CI-0042,Loja própria,142.0,949.0,134758.0
2026-05-01,CI-0042,KA-01,79.0,949.0,74971.0
2026-05-01,CI-0042,KA-02,63.0,949.0,59787.0
2026-05-01,CI-0042,KA-03,55.0,949.0,52195.0
2026-05-01,CI-0042,KA-04,31.0,949.0,29419.0
2026-05-01,CI-0042,KA-05,23.0,949.0,21827.0
2026-06-01,CI-0042,E-commerce,209.0,949.0,198341.0
2026-06-01,CI-0042,Marketplace,164.0,949.0,155636.0
2026-06-01,CI-0042,Loja própria,134.0,949.0,127166.0
2026-06-01,CI-0042,KA-01,74.0,949.0,70226.0
2026-06-01,CI-0042,KA-02,59.0,949.0,55991.0
2026-06-01,CI-0042,KA-03,52.0,949.0,49348.0
2026-06-01,CI-0042,KA-04,29.0,949.0,27521.0
2026-06-01,CI-0042,KA-05,22.0,949.0,20878.0
2026-07-01,CI-0042,E-commerce,238.0,949.0,225862.0
2026-07-01,CI-0042,Marketplace,187.0,949.0,177463.0
2026-07-01,CI-0042,Loja própria,153.0,949.0,145197.0
2026-07-01,CI-0042,KA-01,85.0,949.0,80665.0
2026-07-01,CI-0042,KA-02,68.0,949.0,64532.0
2026-07-01,CI-0042,KA-03,59.0,949.0,55991.0
2026-07-01,CI-0042,KA-04,34.0,949.0,32266.0
2026-07-01,CI-0042,KA-05,25.0,949.0,23725.0
2026-08-01,CI-0042,E-commerce,237.0,949.0,224913.0
2026-08-01,CI-0042,Marketplace,186.0,949.0,176514.0
2026-08-01,CI-0042,Loja própria,152.0,949.0,144248.0
2026-08-01,CI-0042,KA-01,84.0,949.0,79716.0
2026-08-01,CI-0042,KA-02,67.0,949.0,63583.0
2026-08-01,CI-0042,KA-03,59.0,949.0,55991.0
2026-08-01,CI-0042,KA-04,33.0,949.0,31317.0
2026-08-01,CI-0042,KA-05,25.0,949.0,23725.0
2024-09-01,CI-0043,E-commerce,224.0,299.0,66976.0
2024-09-01,CI-0043,Marketplace,176.0,299.0,52624.0
2024-09-01,CI-0043,Loja própria,144.0,299.0,43056.0
2024-09-01,CI-0043,KA-01,80.0,299.0,2392.0
2024-09-01,CI-0043,KA-02,64.0,299.0,19136.0
2024-09-01,CI-0043,KA-03,56.0,299.0,16744.0
2024-09-01,CI-0043,KA-04,32.0,299.0,9568.0
2024-09-01,CI-0043,KA-05,24.0,299.0,7176.0
2024-10-01,CI-0043,E-commerce,216.0,299.0,64584.0
2024-10-01,CI-0043,Marketplace,170.0,299.0,5083.0
2024-10-01,CI-0043,Loja própria,139.0,299.0,41561.0
2024-10-01,CI-0043,KA-01,77.0,299.0,23023.0
2024-10-01,CI-0043,KA-02,61.0,299.0,18239.0
2024-10-01,CI-0043,KA-03,54.0,299.0,16146.0
2024-10-01,CI-0043,KA-04,30.0,299.0,897.0
2024-10-01,CI-0043,KA-05,23.0,299.0,6877.0
2024-11-01,CI-0043,E-commerce,297.0,299.0,88803.0
2024-11-01,CI-0043,Marketplace,233.0,299.0,69667.0
2024-11-01,CI-0043,Loja própria,190.0,299.0,5681.0
2024-11-01,CI-0043,KA-01,106.0,299.0,31694.0
2024-11-01,CI-0043,KA-02,84.0,299.0,25116.0
2024-11-01,CI-0043,KA-03,74.0,299.0,22126.0
2024-11-01,CI-0043,KA-04,42.0,299.0,12558.0
2024-11-01,CI-0043,KA-05,31.0,299.0,9269.0
2024-12-01,CI-0043,E-commerce,218.0,299.0,65182.0
2024-12-01,CI-0043,Marketplace,172.0,299.0,51428.0
2024-12-01,CI-0043,Loja própria,140.0,299.0,4186.0
2024-12-01,CI-0043,KA-01,78.0,299.0,23322.0
2024-12-01,CI-0043,KA-02,62.0,299.0,18538.0
2024-12-01,CI-0043,KA-03,54.0,299.0,16146.0
2024-12-01,CI-0043,KA-04,31.0,299.0,9269.0
2024-12-01,CI-0043,KA-05,23.0,299.0,6877.0
2025-01-01,CI-0043,E-commerce,225.0,299.0,67275.0
2025-01-01,CI-0043,Marketplace,177.0,299.0,52923.0
2025-01-01,CI-0043,Loja própria,145.0,299.0,43355.0
2025-01-01,CI-0043,KA-01,80.0,299.0,2392.0
2025-01-01,CI-0043,KA-02,64.0,299.0,19136.0
2025-01-01,CI-0043,KA-03,56.0,299.0,16744.0
2025-01-01,CI-0043,KA-04,32.0,299.0,9568.0
2025-01-01,CI-0043,KA-05,24.0,299.0,7176.0
2025-02-01,CI-0043,E-commerce,219.0,299.0,65481.0
2025-02-01,CI-0043,Marketplace,172.0,299.0,51428.0
2025-02-01,CI-0043,Loja própria,141.0,299.0,42159.0
2025-02-01,CI-0043,KA-01,78.0,299.0,23322.0
2025-02-01,CI-0043,KA-02,62.0,299.0,18538.0
2025-02-01,CI-0043,KA-03,54.0,299.0,16146.0
2025-02-01,CI-0043,KA-04,31.0,299.0,9269.0
2025-02-01,CI-0043,KA-05,23.0,299.0,6877.0
2025-03-01,CI-0043,E-commerce,223.0,299.0,66677.0
2025-03-01,CI-0043,Marketplace,175.0,299.0,52325.0
2025-03-01,CI-0043,Loja própria,143.0,299.0,42757.0
2025-03-01,CI-0043,KA-01,79.0,299.0,23621.0
2025-03-01,CI-0043,KA-02,63.0,299.0,18837.0
2025-03-01,CI-0043,KA-03,55.0,299.0,16445.0
2025-03-01,CI-0043,KA-04,31.0,299.0,9269.0
2025-03-01,CI-0043,KA-05,23.0,299.0,6877.0
2025-04-01,CI-0043,E-commerce,238.0,299.0,71162.0
2025-04-01,CI-0043,Marketplace,187.0,299.0,55913.0
2025-04-01,CI-0043,Loja própria,153.0,299.0,45747.0
2025-04-01,CI-0043,KA-01,85.0,299.0,25415.0
2025-04-01,CI-0043,KA-02,68.0,299.0,20332.0
2025-04-01,CI-0043,KA-03,59.0,299.0,17641.0
2025-04-01,CI-0043,KA-04,34.0,299.0,10166.0
2025-04-01,CI-0043,KA-05,25.0,299.0,7475.0
2025-05-01,CI-0043,E-commerce,217.0,299.0,64883.0
2025-05-01,CI-0043,Marketplace,171.0,299.0,51129.0
2025-05-01,CI-0043,Loja própria,140.0,299.0,4186.0
2025-05-01,CI-0043,KA-01,77.0,299.0,23023.0
2025-05-01,CI-0043,KA-02,62.0,299.0,18538.0
2025-05-01,CI-0043,KA-03,54.0,299.0,16146.0
2025-05-01,CI-0043,KA-04,31.0,299.0,9269.0
2025-05-01,CI-0043,KA-05,23.0,299.0,6877.0
2025-06-01,CI-0043,E-commerce,215.0,299.0,64285.0
2025-06-01,CI-0043,Marketplace,169.0,299.0,50531.0
2025-06-01,CI-0043,Loja própria,138.0,299.0,41262.0
2025-06-01,CI-0043,KA-01,77.0,299.0,23023.0
2025-06-01,CI-0043,KA-02,61.0,299.0,18239.0
2025-06-01,CI-0043,KA-03,53.0,299.0,15847.0
2025-06-01,CI-0043,KA-04,30.0,299.0,897.0
2025-06-01,CI-0043,KA-05,23.0,299.0,6877.0
2025-07-01,CI-0043,E-commerce,207.0,299.0,61893.0
2025-07-01,CI-0043,Marketplace,163.0,299.0,48737.0
2025-07-01,CI-0043,Loja própria,133.0,299.0,39767.0
2025-07-01,CI-0043,KA-01,74.0,299.0,22126.0
2025-07-01,CI-0043,KA-02,59.0,299.0,17641.0
2025-07-01,CI-0043,KA-03,51.0,299.0,15249.0
2025-07-01,CI-0043,KA-04,29.0,299.0,8671.0
2025-07-01,CI-0043,KA-05,22.0,299.0,6578.0
2025-08-01,CI-0043,E-commerce,244.0,299.0,72956.0
2025-08-01,CI-0043,Marketplace,191.0,299.0,57109.0
2025-08-01,CI-0043,Loja própria,156.0,299.0,46644.0
2025-08-01,CI-0043,KA-01,87.0,299.0,26013.0
2025-08-01,CI-0043,KA-02,69.0,299.0,20631.0
2025-08-01,CI-0043,KA-03,61.0,299.0,18239.0
2025-08-01,CI-0043,KA-04,34.0,299.0,10166.0
2025-08-01,CI-0043,KA-05,26.0,299.0,7774.0
2025-09-01,CI-0043,E-commerce,248.0,299.0,74152.0
2025-09-01,CI-0043,Marketplace,194.0,299.0,58006.0
2025-09-01,CI-0043,Loja própria,159.0,299.0,47541.0
2025-09-01,CI-0043,KA-01,88.0,299.0,26312.0
2025-09-01,CI-0043,KA-02,70.0,299.0,2093.0
2025-09-01,CI-0043,KA-03,62.0,299.0,18538.0
2025-09-01,CI-0043,KA-04,35.0,299.0,10465.0
2025-09-01,CI-0043,KA-05,26.0,299.0,7774.0
2025-10-01,CI-0043,E-commerce,197.0,299.0,58903.0
2025-10-01,CI-0043,Marketplace,155.0,299.0,46345.0
2025-10-01,CI-0043,Loja própria,126.0,299.0,37674.0
2025-10-01,CI-0043,KA-01,70.0,299.0,2093.0
2025-10-01,CI-0043,KA-02,56.0,299.0,16744.0
2025-10-01,CI-0043,KA-03,49.0,299.0,14651.0
2025-10-01,CI-0043,KA-04,28.0,299.0,8372.0
2025-10-01,CI-0043,KA-05,21.0,299.0,6279.0
2025-11-01,CI-0043,E-commerce,308.0,299.0,92092.0
2025-11-01,CI-0043,Marketplace,242.0,299.0,72358.0
2025-11-01,CI-0043,Loja própria,198.0,299.0,59202.0
2025-11-01,CI-0043,KA-01,110.0,299.0,3289.0
2025-11-01,CI-0043,KA-02,88.0,299.0,26312.0
2025-11-01,CI-0043,KA-03,77.0,299.0,23023.0
2025-11-01,CI-0043,KA-04,44.0,299.0,13156.0
2025-11-01,CI-0043,KA-05,33.0,299.0,9867.0
2025-12-01,CI-0043,E-commerce,225.0,299.0,67275.0
2025-12-01,CI-0043,Marketplace,177.0,299.0,52923.0
2025-12-01,CI-0043,Loja própria,145.0,299.0,43355.0
2025-12-01,CI-0043,KA-01,80.0,299.0,2392.0
2025-12-01,CI-0043,KA-02,64.0,299.0,19136.0
2025-12-01,CI-0043,KA-03,56.0,299.0,16744.0
2025-12-01,CI-0043,KA-04,32.0,299.0,9568.0
2025-12-01,CI-0043,KA-05,24.0,299.0,7176.0
2026-01-01,CI-0043,E-commerce,228.0,299.0,68172.0
2026-01-01,CI-0043,Marketplace,179.0,299.0,53521.0
2026-01-01,CI-0043,Loja própria,146.0,299.0,43654.0
2026-01-01,CI-0043,KA-01,81.0,299.0,24219.0
2026-01-01,CI-0043,KA-02,65.0,299.0,19435.0
2026-01-01,CI-0043,KA-03,57.0,299.0,17043.0
2026-01-01,CI-0043,KA-04,32.0,299.0,9568.0
2026-01-01,CI-0043,KA-05,24.0,299.0,7176.0
2026-02-01,CI-0043,E-commerce,249.0,299.0,74451.0
2026-02-01,CI-0043,Marketplace,195.0,299.0,58305.0
2026-02-01,CI-0043,Loja própria,160.0,299.0,4784.0
2026-02-01,CI-0043,KA-01,89.0,299.0,26611.0
2026-02-01,CI-0043,KA-02,71.0,299.0,21229.0
2026-02-01,CI-0043,KA-03,62.0,299.0,18538.0
2026-02-01,CI-0043,KA-04,35.0,299.0,10465.0
2026-02-01,CI-0043,KA-05,26.0,299.0,7774.0
2026-03-01,CI-0043,E-commerce,217.0,299.0,64883.0
2026-03-01,CI-0043,Marketplace,170.0,299.0,5083.0
2026-03-01,CI-0043,Loja própria,139.0,299.0,41561.0
2026-03-01,CI-0043,KA-01,77.0,299.0,23023.0
2026-03-01,CI-0043,KA-02,62.0,299.0,18538.0
2026-03-01,CI-0043,KA-03,54.0,299.0,16146.0
2026-03-01,CI-0043,KA-04,31.0,299.0,9269.0
2026-03-01,CI-0043,KA-05,23.0,299.0,6877.0
2026-04-01,CI-0043,E-commerce,230.0,299.0,6877.0
2026-04-01,CI-0043,Marketplace,180.0,299.0,5382.0
2026-04-01,CI-0043,Loja própria,147.0,299.0,43953.0
2026-04-01,CI-0043,KA-01,82.0,299.0,24518.0
2026-04-01,CI-0043,KA-02,65.0,299.0,19435.0
2026-04-01,CI-0043,KA-03,57.0,299.0,17043.0
2026-04-01,CI-0043,KA-04,32.0,299.0,9568.0
2026-04-01,CI-0043,KA-05,24.0,299.0,7176.0
2026-05-01,CI-0043,E-commerce,213.0,299.0,63687.0
2026-05-01,CI-0043,Marketplace,167.0,299.0,49933.0
2026-05-01,CI-0043,Loja própria,137.0,299.0,40963.0
2026-05-01,CI-0043,KA-01,76.0,299.0,22724.0
2026-05-01,CI-0043,KA-02,60.0,299.0,1794.0
2026-05-01,CI-0043,KA-03,53.0,299.0,15847.0
2026-05-01,CI-0043,KA-04,30.0,299.0,897.0
2026-05-01,CI-0043,KA-05,22.0,299.0,6578.0
2026-06-01,CI-0043,E-commerce,231.0,299.0,69069.0
2026-06-01,CI-0043,Marketplace,181.0,299.0,54119.0
2026-06-01,CI-0043,Loja própria,148.0,299.0,44252.0
2026-06-01,CI-0043,KA-01,82.0,299.0,24518.0
2026-06-01,CI-0043,KA-02,66.0,299.0,19734.0
2026-06-01,CI-0043,KA-03,57.0,299.0,17043.0
2026-06-01,CI-0043,KA-04,33.0,299.0,9867.0
2026-06-01,CI-0043,KA-05,24.0,299.0,7176.0
2026-07-01,CI-0043,E-commerce,218.0,299.0,65182.0
2026-07-01,CI-0043,Marketplace,171.0,299.0,51129.0
2026-07-01,CI-0043,Loja própria,140.0,299.0,4186.0
2026-07-01,CI-0043,KA-01,78.0,299.0,23322.0
2026-07-01,CI-0043,KA-02,62.0,299.0,18538.0
2026-07-01,CI-0043,KA-03,54.0,299.0,16146.0
2026-07-01,CI-0043,KA-04,31.0,299.0,9269.0
2026-07-01,CI-0043,KA-05,23.0,299.0,6877.0
2026-08-01,CI-0043,E-commerce,209.0,299.0,62491.0
2026-08-01,CI-0043,Marketplace,164.0,299.0,49036.0
2026-08-01,CI-0043,Loja própria,134.0,299.0,40066.0
2026-08-01,CI-0043,KA-01,74.0,299.0,22126.0
2026-08-01,CI-0043,KA-02,59.0,299.0,17641.0
2026-08-01,CI-0043,KA-03,52.0,299.0,15548.0
2026-08-01,CI-0043,KA-04,29.0,299.0,8671.0
2026-08-01,CI-0043,KA-05,22.0,299.0,6578.0
2024-09-01,CI-0044,E-commerce,203.0,299.0,60697.0
2024-09-01,CI-0044,Marketplace,160.0,299.0,4784.0
2024-09-01,CI-0044,Loja própria,131.0,299.0,39169.0
2024-09-01,CI-0044,KA-01,72.0,299.0,21528.0
2024-09-01,CI-0044,KA-02,58.0,299.0,17342.0
2024-09-01,CI-0044,KA-03,50.0,299.0,1495.0
2024-09-01,CI-0044,KA-04,29.0,299.0,8671.0
2024-09-01,CI-0044,KA-05,21.0,299.0,6279.0
2024-10-01,CI-0044,E-commerce,201.0,299.0,60099.0
2024-10-01,CI-0044,Marketplace,158.0,299.0,47242.0
2024-10-01,CI-0044,Loja própria,129.0,299.0,38571.0
2024-10-01,CI-0044,KA-01,71.0,299.0,21229.0
2024-10-01,CI-0044,KA-02,57.0,299.0,17043.0
2024-10-01,CI-0044,KA-03,50.0,299.0,1495.0
2024-10-01,CI-0044,KA-04,28.0,299.0,8372.0
2024-10-01,CI-0044,KA-05,21.0,299.0,6279.0
2024-11-01,CI-0044,E-commerce,320.0,299.0,9568.0
2024-11-01,CI-0044,Marketplace,251.0,299.0,75049.0
2024-11-01,CI-0044,Loja própria,206.0,299.0,61594.0
2024-11-01,CI-0044,KA-01,114.0,299.0,34086.0
2024-11-01,CI-0044,KA-02,91.0,299.0,27209.0
2024-11-01,CI-0044,KA-03,80.0,299.0,2392.0
2024-11-01,CI-0044,KA-04,45.0,299.0,13455.0
2024-11-01,CI-0044,KA-05,34.0,299.0,10166.0
2024-12-01,CI-0044,E-commerce,218.0,299.0,65182.0
2024-12-01,CI-0044,Marketplace,171.0,299.0,51129.0
2024-12-01,CI-0044,Loja própria,140.0,299.0,4186.0
2024-12-01,CI-0044,KA-01,77.0,299.0,23023.0
2024-12-01,CI-0044,KA-02,62.0,299.0,18538.0
2024-12-01,CI-0044,KA-03,54.0,299.0,16146.0
2024-12-01,CI-0044,KA-04,31.0,299.0,9269.0
2024-12-01,CI-0044,KA-05,23.0,299.0,6877.0
2025-01-01,CI-0044,E-commerce,220.0,299.0,6578.0
2025-01-01,CI-0044,Marketplace,173.0,299.0,51727.0
2025-01-01,CI-0044,Loja própria,141.0,299.0,42159.0
2025-01-01,CI-0044,KA-01,78.0,299.0,23322.0
2025-01-01,CI-0044,KA-02,63.0,299.0,18837.0
2025-01-01,CI-0044,KA-03,55.0,299.0,16445.0
2025-01-01,CI-0044,KA-04,31.0,299.0,9269.0
2025-01-01,CI-0044,KA-05,23.0,299.0,6877.0
2025-02-01,CI-0044,E-commerce,228.0,299.0,68172.0
2025-02-01,CI-0044,Marketplace,179.0,299.0,53521.0
2025-02-01,CI-0044,Loja própria,146.0,299.0,43654.0
2025-02-01,CI-0044,KA-01,81.0,299.0,24219.0
2025-02-01,CI-0044,KA-02,65.0,299.0,19435.0
2025-02-01,CI-0044,KA-03,57.0,299.0,17043.0
2025-02-01,CI-0044,KA-04,32.0,299.0,9568.0
2025-02-01,CI-0044,KA-05,24.0,299.0,7176.0
2025-03-01,CI-0044,E-commerce,220.0,299.0,6578.0
2025-03-01,CI-0044,Marketplace,173.0,299.0,51727.0
2025-03-01,CI-0044,Loja própria,141.0,299.0,42159.0
2025-03-01,CI-0044,KA-01,78.0,299.0,23322.0
2025-03-01,CI-0044,KA-02,62.0,299.0,18538.0
2025-03-01,CI-0044,KA-03,55.0,299.0,16445.0
2025-03-01,CI-0044,KA-04,31.0,299.0,9269.0
2025-03-01,CI-0044,KA-05,23.0,299.0,6877.0
2025-04-01,CI-0044,E-commerce,241.0,299.0,72059.0
2025-04-01,CI-0044,Marketplace,189.0,299.0,56511.0
2025-04-01,CI-0044,Loja própria,154.0,299.0,46046.0
2025-04-01,CI-0044,KA-01,86.0,299.0,25714.0
2025-04-01,CI-0044,KA-02,68.0,299.0,20332.0
2025-04-01,CI-0044,KA-03,60.0,299.0,1794.0
2025-04-01,CI-0044,KA-04,34.0,299.0,10166.0
2025-04-01,CI-0044,KA-05,25.0,299.0,7475.0
2025-05-01,CI-0044,E-commerce,217.0,299.0,64883.0
2025-05-01,CI-0044,Marketplace,170.0,299.0,5083.0
2025-05-01,CI-0044,Loja própria,139.0,299.0,41561.0
2025-05-01,CI-0044,KA-01,77.0,299.0,23023.0
2025-05-01,CI-0044,KA-02,62.0,299.0,18538.0
2025-05-01,CI-0044,KA-03,54.0,299.0,16146.0
2025-05-01,CI-0044,KA-04,31.0,299.0,9269.0
2025-05-01,CI-0044,KA-05,23.0,299.0,6877.0
2025-06-01,CI-0044,E-commerce,222.0,299.0,66378.0
2025-06-01,CI-0044,Marketplace,174.0,299.0,52026.0
2025-06-01,CI-0044,Loja própria,143.0,299.0,42757.0
2025-06-01,CI-0044,KA-01,79.0,299.0,23621.0
2025-06-01,CI-0044,KA-02,63.0,299.0,18837.0
2025-06-01,CI-0044,KA-03,55.0,299.0,16445.0
2025-06-01,CI-0044,KA-04,31.0,299.0,9269.0
2025-06-01,CI-0044,KA-05,23.0,299.0,6877.0
2025-07-01,CI-0044,E-commerce,223.0,299.0,66677.0
2025-07-01,CI-0044,Marketplace,175.0,299.0,52325.0
2025-07-01,CI-0044,Loja própria,143.0,299.0,42757.0
2025-07-01,CI-0044,KA-01,79.0,299.0,23621.0
2025-07-01,CI-0044,KA-02,63.0,299.0,18837.0
2025-07-01,CI-0044,KA-03,55.0,299.0,16445.0
2025-07-01,CI-0044,KA-04,31.0,299.0,9269.0
2025-07-01,CI-0044,KA-05,23.0,299.0,6877.0
2025-08-01,CI-0044,E-commerce,225.0,299.0,67275.0
2025-08-01,CI-0044,Marketplace,177.0,299.0,52923.0
2025-08-01,CI-0044,Loja própria,145.0,299.0,43355.0
2025-08-01,CI-0044,KA-01,80.0,299.0,2392.0
2025-08-01,CI-0044,KA-02,64.0,299.0,19136.0
2025-08-01,CI-0044,KA-03,56.0,299.0,16744.0
2025-08-01,CI-0044,KA-04,32.0,299.0,9568.0
2025-08-01,CI-0044,KA-05,24.0,299.0,7176.0
2025-09-01,CI-0044,E-commerce,263.0,299.0,78637.0
2025-09-01,CI-0044,Marketplace,207.0,299.0,61893.0
2025-09-01,CI-0044,Loja própria,169.0,299.0,50531.0
2025-09-01,CI-0044,KA-01,94.0,299.0,28106.0
2025-09-01,CI-0044,KA-02,75.0,299.0,22425.0
2025-09-01,CI-0044,KA-03,65.0,299.0,19435.0
2025-09-01,CI-0044,KA-04,37.0,299.0,11063.0
2025-09-01,CI-0044,KA-05,28.0,299.0,8372.0
2025-10-01,CI-0044,E-commerce,230.0,299.0,6877.0
2025-10-01,CI-0044,Marketplace,181.0,299.0,54119.0
2025-10-01,CI-0044,Loja própria,148.0,299.0,44252.0
2025-10-01,CI-0044,KA-01,82.0,299.0,24518.0
2025-10-01,CI-0044,KA-02,65.0,299.0,19435.0
2025-10-01,CI-0044,KA-03,57.0,299.0,17043.0
2025-10-01,CI-0044,KA-04,32.0,299.0,9568.0
2025-10-01,CI-0044,KA-05,24.0,299.0,7176.0
2025-11-01,CI-0044,E-commerce,287.0,299.0,85813.0
2025-11-01,CI-0044,Marketplace,225.0,299.0,67275.0
2025-11-01,CI-0044,Loja própria,184.0,299.0,55016.0
2025-11-01,CI-0044,KA-01,102.0,299.0,30498.0
2025-11-01,CI-0044,KA-02,82.0,299.0,24518.0
2025-11-01,CI-0044,KA-03,71.0,299.0,21229.0
2025-11-01,CI-0044,KA-04,41.0,299.0,12259.0
2025-11-01,CI-0044,KA-05,30.0,299.0,897.0
2025-12-01,CI-0044,E-commerce,227.0,299.0,67873.0
2025-12-01,CI-0044,Marketplace,178.0,299.0,53222.0
2025-12-01,CI-0044,Loja própria,145.0,299.0,43355.0
2025-12-01,CI-0044,KA-01,81.0,299.0,24219.0
2025-12-01,CI-0044,KA-02,64.0,299.0,19136.0
2025-12-01,CI-0044,KA-03,56.0,299.0,16744.0
2025-12-01,CI-0044,KA-04,32.0,299.0,9568.0
2025-12-01,CI-0044,KA-05,24.0,299.0,7176.0
2026-01-01,CI-0044,E-commerce,216.0,299.0,64584.0
2026-01-01,CI-0044,Marketplace,169.0,299.0,50531.0
2026-01-01,CI-0044,Loja própria,138.0,299.0,41262.0
2026-01-01,CI-0044,KA-01,77.0,299.0,23023.0
2026-01-01,CI-0044,KA-02,61.0,299.0,18239.0
2026-01-01,CI-0044,KA-03,54.0,299.0,16146.0
2026-01-01,CI-0044,KA-04,30.0,299.0,897.0
2026-01-01,CI-0044,KA-05,23.0,299.0,6877.0
2026-02-01,CI-0044,E-commerce,253.0,299.0,75647.0
2026-02-01,CI-0044,Marketplace,199.0,299.0,59501.0
2026-02-01,CI-0044,Loja própria,163.0,299.0,48737.0
2026-02-01,CI-0044,KA-01,90.0,299.0,2691.0
2026-02-01,CI-0044,KA-02,72.0,299.0,21528.0
2026-02-01,CI-0044,KA-03,63.0,299.0,18837.0
2026-02-01,CI-0044,KA-04,36.0,299.0,10764.0
2026-02-01,CI-0044,KA-05,27.0,299.0,8073.0
2026-03-01,CI-0044,E-commerce,270.0,299.0,8073.0
2026-03-01,CI-0044,Marketplace,212.0,299.0,63388.0
2026-03-01,CI-0044,Loja própria,173.0,299.0,51727.0
2026-03-01,CI-0044,KA-01,96.0,299.0,28704.0
2026-03-01,CI-0044,KA-02,77.0,299.0,23023.0
2026-03-01,CI-0044,KA-03,67.0,299.0,20033.0
2026-03-01,CI-0044,KA-04,38.0,299.0,11362.0
2026-03-01,CI-0044,KA-05,28.0,299.0,8372.0
2026-04-01,CI-0044,E-commerce,241.0,299.0,72059.0
2026-04-01,CI-0044,Marketplace,189.0,299.0,56511.0
2026-04-01,CI-0044,Loja própria,155.0,299.0,46345.0
2026-04-01,CI-0044,KA-01,86.0,299.0,25714.0
2026-04-01,CI-0044,KA-02,68.0,299.0,20332.0
2026-04-01,CI-0044,KA-03,60.0,299.0,1794.0
2026-04-01,CI-0044,KA-04,34.0,299.0,10166.0
2026-04-01,CI-0044,KA-05,25.0,299.0,7475.0
2026-05-01,CI-0044,E-commerce,226.0,299.0,67574.0
2026-05-01,CI-0044,Marketplace,178.0,299.0,53222.0
2026-05-01,CI-0044,Loja própria,145.0,299.0,43355.0
2026-05-01,CI-0044,KA-01,81.0,299.0,24219.0
2026-05-01,CI-0044,KA-02,64.0,299.0,19136.0
2026-05-01,CI-0044,KA-03,56.0,299.0,16744.0
2026-05-01,CI-0044,KA-04,32.0,299.0,9568.0
2026-05-01,CI-0044,KA-05,24.0,299.0,7176.0
2026-06-01,CI-0044,E-commerce,221.0,299.0,66079.0
2026-06-01,CI-0044,Marketplace,174.0,299.0,52026.0
2026-06-01,CI-0044,Loja própria,142.0,299.0,42458.0
2026-06-01,CI-0044,KA-01,79.0,299.0,23621.0
2026-06-01,CI-0044,KA-02,63.0,299.0,18837.0
2026-06-01,CI-0044,KA-03,55.0,299.0,16445.0
2026-06-01,CI-0044,KA-04,31.0,299.0,9269.0
2026-06-01,CI-0044,KA-05,23.0,299.0,6877.0
2026-07-01,CI-0044,E-commerce,275.0,299.0,82225.0
2026-07-01,CI-0044,Marketplace,216.0,299.0,64584.0
2026-07-01,CI-0044,Loja própria,176.0,299.0,52624.0
2026-07-01,CI-0044,KA-01,98.0,299.0,29302.0
2026-07-01,CI-0044,KA-02,78.0,299.0,23322.0
2026-07-01,CI-0044,KA-03,68.0,299.0,20332.0
2026-07-01,CI-0044,KA-04,39.0,299.0,11661.0
2026-07-01,CI-0044,KA-05,29.0,299.0,8671.0
2026-08-01,CI-0044,E-commerce,276.0,299.0,82524.0
2026-08-01,CI-0044,Marketplace,217.0,299.0,64883.0
2026-08-01,CI-0044,Loja própria,177.0,299.0,52923.0
2026-08-01,CI-0044,KA-01,98.0,299.0,29302.0
2026-08-01,CI-0044,KA-02,79.0,299.0,23621.0
2026-08-01,CI-0044,KA-03,69.0,299.0,20631.0
2026-08-01,CI-0044,KA-04,39.0,299.0,11661.0
2026-08-01,CI-0044,KA-05,29.0,299.0,8671.0
2024-09-01,CI-0045,E-commerce,267.0,349.0,93183.0
2024-09-01,CI-0045,Marketplace,210.0,349.0,7329.0
2024-09-01,CI-0045,Loja própria,172.0,349.0,60028.0
2024-09-01,CI-0045,KA-01,95.0,349.0,33155.0
2024-09-01,CI-0045,KA-02,76.0,349.0,26524.0
2024-09-01,CI-0045,KA-03,66.0,349.0,23034.0
2024-09-01,CI-0045,KA-04,38.0,349.0,13262.0
2024-09-01,CI-0045,KA-05,28.0,349.0,9772.0
2024-10-01,CI-0045,E-commerce,260.0,349.0,9074.0
2024-10-01,CI-0045,Marketplace,204.0,349.0,71196.0
2024-10-01,CI-0045,Loja própria,167.0,349.0,58283.0
2024-10-01,CI-0045,KA-01,92.0,349.0,32108.0
2024-10-01,CI-0045,KA-02,74.0,349.0,25826.0
2024-10-01,CI-0045,KA-03,65.0,349.0,22685.0
2024-10-01,CI-0045,KA-04,37.0,349.0,12913.0
2024-10-01,CI-0045,KA-05,27.0,349.0,9423.0
2024-11-01,CI-0045,E-commerce,350.0,349.0,12215.0
2024-11-01,CI-0045,Marketplace,275.0,349.0,95975.0
2024-11-01,CI-0045,Loja própria,225.0,349.0,78525.0
2024-11-01,CI-0045,KA-01,125.0,349.0,43625.0
2024-11-01,CI-0045,KA-02,100.0,349.0,3490.0
2024-11-01,CI-0045,KA-03,87.0,349.0,30363.0
2024-11-01,CI-0045,KA-04,50.0,349.0,1745.0
2024-11-01,CI-0045,KA-05,37.0,349.0,12913.0
2024-12-01,CI-0045,E-commerce,231.0,349.0,80619.0
2024-12-01,CI-0045,Marketplace,181.0,349.0,63169.0
2024-12-01,CI-0045,Loja própria,148.0,349.0,51652.0
2024-12-01,CI-0045,KA-01,82.0,349.0,28618.0
2024-12-01,CI-0045,KA-02,66.0,349.0,23034.0
2024-12-01,CI-0045,KA-03,57.0,349.0,19893.0
2024-12-01,CI-0045,KA-04,33.0,349.0,11517.0
2024-12-01,CI-0045,KA-05,24.0,349.0,8376.0
2025-01-01,CI-0045,E-commerce,271.0,349.0,94579.0
2025-01-01,CI-0045,Marketplace,213.0,349.0,74337.0
2025-01-01,CI-0045,Loja própria,174.0,349.0,60726.0
2025-01-01,CI-0045,KA-01,96.0,349.0,33504.0
2025-01-01,CI-0045,KA-02,77.0,349.0,26873.0
2025-01-01,CI-0045,KA-03,67.0,349.0,23383.0
2025-01-01,CI-0045,KA-04,38.0,349.0,13262.0
2025-01-01,CI-0045,KA-05,29.0,349.0,10121.0
2025-02-01,CI-0045,E-commerce,254.0,349.0,88646.0
2025-02-01,CI-0045,Marketplace,199.0,349.0,69451.0
2025-02-01,CI-0045,Loja própria,163.0,349.0,56887.0
2025-02-01,CI-0045,KA-01,90.0,349.0,3141.0
2025-02-01,CI-0045,KA-02,72.0,349.0,25128.0
2025-02-01,CI-0045,KA-03,63.0,349.0,21987.0
2025-02-01,CI-0045,KA-04,36.0,349.0,12564.0
2025-02-01,CI-0045,KA-05,27.0,349.0,9423.0
2025-03-01,CI-0045,E-commerce,221.0,349.0,77129.0
2025-03-01,CI-0045,Marketplace,173.0,349.0,60377.0
2025-03-01,CI-0045,Loja própria,142.0,349.0,49558.0
2025-03-01,CI-0045,KA-01,79.0,349.0,27571.0
2025-03-01,CI-0045,KA-02,63.0,349.0,21987.0
2025-03-01,CI-0045,KA-03,55.0,349.0,19195.0
2025-03-01,CI-0045,KA-04,31.0,349.0,10819.0
2025-03-01,CI-0045,KA-05,23.0,349.0,8027.0
2025-04-01,CI-0045,E-commerce,275.0,349.0,95975.0
2025-04-01,CI-0045,Marketplace,216.0,349.0,75384.0
2025-04-01,CI-0045,Loja própria,176.0,349.0,61424.0
2025-04-01,CI-0045,KA-01,98.0,349.0,34202.0
2025-04-01,CI-0045,KA-02,78.0,349.0,27222.0
2025-04-01,CI-0045,KA-03,68.0,349.0,23732.0
2025-04-01,CI-0045,KA-04,39.0,349.0,13611.0
2025-04-01,CI-0045,KA-05,29.0,349.0,10121.0
2025-05-01,CI-0045,E-commerce,262.0,349.0,91438.0
2025-05-01,CI-0045,Marketplace,206.0,349.0,71894.0
2025-05-01,CI-0045,Loja própria,168.0,349.0,58632.0
2025-05-01,CI-0045,KA-01,93.0,349.0,32457.0
2025-05-01,CI-0045,KA-02,74.0,349.0,25826.0
2025-05-01,CI-0045,KA-03,65.0,349.0,22685.0
2025-05-01,CI-0045,KA-04,37.0,349.0,12913.0
2025-05-01,CI-0045,KA-05,28.0,349.0,9772.0
2025-06-01,CI-0045,E-commerce,245.0,349.0,85505.0
2025-06-01,CI-0045,Marketplace,192.0,349.0,67008.0
2025-06-01,CI-0045,Loja própria,157.0,349.0,54793.0
2025-06-01,CI-0045,KA-01,87.0,349.0,30363.0
2025-06-01,CI-0045,KA-02,70.0,349.0,2443.0
2025-06-01,CI-0045,KA-03,61.0,349.0,21289.0
2025-06-01,CI-0045,KA-04,35.0,349.0,12215.0
2025-06-01,CI-0045,KA-05,26.0,349.0,9074.0
2025-07-01,CI-0045,E-commerce,281.0,349.0,98069.0
2025-07-01,CI-0045,Marketplace,221.0,349.0,77129.0
2025-07-01,CI-0045,Loja própria,180.0,349.0,6282.0
2025-07-01,CI-0045,KA-01,100.0,349.0,3490.0
2025-07-01,CI-0045,KA-02,80.0,349.0,2792.0
2025-07-01,CI-0045,KA-03,70.0,349.0,2443.0
2025-07-01,CI-0045,KA-04,40.0,349.0,1396.0
2025-07-01,CI-0045,KA-05,30.0,349.0,1047.0
2025-08-01,CI-0045,E-commerce,274.0,349.0,95626.0
2025-08-01,CI-0045,Marketplace,215.0,349.0,75035.0
2025-08-01,CI-0045,Loja própria,176.0,349.0,61424.0
2025-08-01,CI-0045,KA-01,97.0,349.0,33853.0
2025-08-01,CI-0045,KA-02,78.0,349.0,27222.0
2025-08-01,CI-0045,KA-03,68.0,349.0,23732.0
2025-08-01,CI-0045,KA-04,39.0,349.0,13611.0
2025-08-01,CI-0045,KA-05,29.0,349.0,10121.0
2025-09-01,CI-0045,E-commerce,267.0,349.0,93183.0
2025-09-01,CI-0045,Marketplace,210.0,349.0,7329.0
2025-09-01,CI-0045,Loja própria,171.0,349.0,59679.0
2025-09-01,CI-0045,KA-01,95.0,349.0,33155.0
2025-09-01,CI-0045,KA-02,76.0,349.0,26524.0
2025-09-01,CI-0045,KA-03,66.0,349.0,23034.0
2025-09-01,CI-0045,KA-04,38.0,349.0,13262.0
2025-09-01,CI-0045,KA-05,28.0,349.0,9772.0
2025-10-01,CI-0045,E-commerce,240.0,349.0,8376.0
2025-10-01,CI-0045,Marketplace,188.0,349.0,65612.0
2025-10-01,CI-0045,Loja própria,154.0,349.0,53746.0
2025-10-01,CI-0045,KA-01,85.0,349.0,29665.0
2025-10-01,CI-0045,KA-02,68.0,349.0,23732.0
2025-10-01,CI-0045,KA-03,60.0,349.0,2094.0
2025-10-01,CI-0045,KA-04,34.0,349.0,11866.0
2025-10-01,CI-0045,KA-05,25.0,349.0,8725.0
2025-11-01,CI-0045,E-commerce,384.0,349.0,134016.0
2025-11-01,CI-0045,Marketplace,302.0,349.0,105398.0
2025-11-01,CI-0045,Loja própria,247.0,349.0,86203.0
2025-11-01,CI-0045,KA-01,137.0,349.0,47813.0
2025-11-01,CI-0045,KA-02,109.0,349.0,38041.0
2025-11-01,CI-0045,KA-03,96.0,349.0,33504.0
2025-11-01,CI-0045,KA-04,54.0,349.0,18846.0
2025-11-01,CI-0045,KA-05,41.0,349.0,14309.0
2025-12-01,CI-0045,E-commerce,240.0,349.0,8376.0
2025-12-01,CI-0045,Marketplace,188.0,349.0,65612.0
2025-12-01,CI-0045,Loja própria,154.0,349.0,53746.0
2025-12-01,CI-0045,KA-01,85.0,349.0,29665.0
2025-12-01,CI-0045,KA-02,68.0,349.0,23732.0
2025-12-01,CI-0045,KA-03,60.0,349.0,2094.0
2025-12-01,CI-0045,KA-04,34.0,349.0,11866.0
2025-12-01,CI-0045,KA-05,25.0,349.0,8725.0
2026-01-01,CI-0045,E-commerce,279.0,349.0,97371.0
2026-01-01,CI-0045,Marketplace,219.0,349.0,76431.0
2026-01-01,CI-0045,Loja própria,179.0,349.0,62471.0
2026-01-01,CI-0045,KA-01,99.0,349.0,34551.0
2026-01-01,CI-0045,KA-02,79.0,349.0,27571.0
2026-01-01,CI-0045,KA-03,69.0,349.0,24081.0
2026-01-01,CI-0045,KA-04,39.0,349.0,13611.0
2026-01-01,CI-0045,KA-05,29.0,349.0,10121.0
2026-02-01,CI-0045,E-commerce,246.0,349.0,85854.0
2026-02-01,CI-0045,Marketplace,193.0,349.0,67357.0
2026-02-01,CI-0045,Loja própria,158.0,349.0,55142.0
2026-02-01,CI-0045,KA-01,87.0,349.0,30363.0
2026-02-01,CI-0045,KA-02,70.0,349.0,2443.0
2026-02-01,CI-0045,KA-03,61.0,349.0,21289.0
2026-02-01,CI-0045,KA-04,35.0,349.0,12215.0
2026-02-01,CI-0045,KA-05,26.0,349.0,9074.0
2026-03-01,CI-0045,E-commerce,235.0,349.0,82015.0
2026-03-01,CI-0045,Marketplace,185.0,349.0,64565.0
2026-03-01,CI-0045,Loja própria,151.0,349.0,52699.0
2026-03-01,CI-0045,KA-01,84.0,349.0,29316.0
2026-03-01,CI-0045,KA-02,67.0,349.0,23383.0
2026-03-01,CI-0045,KA-03,58.0,349.0,20242.0
2026-03-01,CI-0045,KA-04,33.0,349.0,11517.0
2026-03-01,CI-0045,KA-05,25.0,349.0,8725.0
2026-04-01,CI-0045,E-commerce,264.0,349.0,92136.0
2026-04-01,CI-0045,Marketplace,207.0,349.0,72243.0
2026-04-01,CI-0045,Loja própria,169.0,349.0,58981.0
2026-04-01,CI-0045,KA-01,94.0,349.0,32806.0
2026-04-01,CI-0045,KA-02,75.0,349.0,26175.0
2026-04-01,CI-0045,KA-03,66.0,349.0,23034.0
2026-04-01,CI-0045,KA-04,37.0,349.0,12913.0
2026-04-01,CI-0045,KA-05,28.0,349.0,9772.0
2026-05-01,CI-0045,E-commerce,251.0,349.0,87599.0
2026-05-01,CI-0045,Marketplace,197.0,349.0,68753.0
2026-05-01,CI-0045,Loja própria,161.0,349.0,56189.0
2026-05-01,CI-0045,KA-01,89.0,349.0,31061.0
2026-05-01,CI-0045,KA-02,71.0,349.0,24779.0
2026-05-01,CI-0045,KA-03,62.0,349.0,21638.0
2026-05-01,CI-0045,KA-04,35.0,349.0,12215.0
2026-05-01,CI-0045,KA-05,26.0,349.0,9074.0
2026-06-01,CI-0045,E-commerce,281.0,349.0,98069.0
2026-06-01,CI-0045,Marketplace,221.0,349.0,77129.0
2026-06-01,CI-0045,Loja própria,181.0,349.0,63169.0
2026-06-01,CI-0045,KA-01,100.0,349.0,3490.0
2026-06-01,CI-0045,KA-02,80.0,349.0,2792.0
2026-06-01,CI-0045,KA-03,70.0,349.0,2443.0
2026-06-01,CI-0045,KA-04,40.0,349.0,1396.0
2026-06-01,CI-0045,KA-05,30.0,349.0,1047.0
2026-07-01,CI-0045,E-commerce,294.0,349.0,102606.0
2026-07-01,CI-0045,Marketplace,231.0,349.0,80619.0
2026-07-01,CI-0045,Loja própria,189.0,349.0,65961.0
2026-07-01,CI-0045,KA-01,105.0,349.0,36645.0
2026-07-01,CI-0045,KA-02,84.0,349.0,29316.0
2026-07-01,CI-0045,KA-03,73.0,349.0,25477.0
2026-07-01,CI-0045,KA-04,42.0,349.0,14658.0
2026-07-01,CI-0045,KA-05,31.0,349.0,10819.0
2026-08-01,CI-0045,E-commerce,290.0,349.0,10121.0
2026-08-01,CI-0045,Marketplace,227.0,349.0,79223.0
2026-08-01,CI-0045,Loja própria,186.0,349.0,64914.0
2026-08-01,CI-0045,KA-01,103.0,349.0,35947.0
2026-08-01,CI-0045,KA-02,82.0,349.0,28618.0
2026-08-01,CI-0045,KA-03,72.0,349.0,25128.0
2026-08-01,CI-0045,KA-04,41.0,349.0,14309.0
2026-08-01,CI-0045,KA-05,31.0,349.0,10819.0
2024-09-01,CI-0046,E-commerce,38.0,799.0,30362.0
2024-09-01,CI-0046,Marketplace,29.0,799.0,23171.0
2024-09-01,CI-0046,Loja própria,24.0,799.0,19176.0
2024-09-01,CI-0046,KA-01,13.0,799.0,10387.0
2024-09-01,CI-0046,KA-02,10.0,799.0,799.0
2024-09-01,CI-0046,KA-03,9.0,799.0,7191.0
2024-09-01,CI-0046,KA-04,5.0,799.0,3995.0
2024-09-01,CI-0046,KA-05,4.0,799.0,3196.0
2024-10-01,CI-0046,E-commerce,37.0,799.0,29563.0
2024-10-01,CI-0046,Marketplace,29.0,799.0,23171.0
2024-10-01,CI-0046,Loja própria,24.0,799.0,19176.0
2024-10-01,CI-0046,KA-01,13.0,799.0,10387.0
2024-10-01,CI-0046,KA-02,10.0,799.0,799.0
2024-10-01,CI-0046,KA-03,9.0,799.0,7191.0
2024-10-01,CI-0046,KA-04,5.0,799.0,3995.0
2024-10-01,CI-0046,KA-05,4.0,799.0,3196.0
2024-11-01,CI-0046,E-commerce,63.0,799.0,50337.0
2024-11-01,CI-0046,Marketplace,49.0,799.0,39151.0
2024-11-01,CI-0046,Loja própria,40.0,799.0,3196.0
2024-11-01,CI-0046,KA-01,22.0,799.0,17578.0
2024-11-01,CI-0046,KA-02,18.0,799.0,14382.0
2024-11-01,CI-0046,KA-03,15.0,799.0,11985.0
2024-11-01,CI-0046,KA-04,9.0,799.0,7191.0
2024-11-01,CI-0046,KA-05,6.0,799.0,4794.0
2024-12-01,CI-0046,E-commerce,43.0,799.0,34357.0
2024-12-01,CI-0046,Marketplace,33.0,799.0,26367.0
2024-12-01,CI-0046,Loja própria,27.0,799.0,21573.0
2024-12-01,CI-0046,KA-01,15.0,799.0,11985.0
2024-12-01,CI-0046,KA-02,12.0,799.0,9588.0
2024-12-01,CI-0046,KA-03,10.0,799.0,799.0
2024-12-01,CI-0046,KA-04,6.0,799.0,4794.0
2024-12-01,CI-0046,KA-05,4.0,799.0,3196.0
2025-01-01,CI-0046,E-commerce,40.0,799.0,3196.0
2025-01-01,CI-0046,Marketplace,31.0,799.0,24769.0
2025-01-01,CI-0046,Loja própria,26.0,799.0,20774.0
2025-01-01,CI-0046,KA-01,14.0,799.0,11186.0
2025-01-01,CI-0046,KA-02,11.0,799.0,8789.0
2025-01-01,CI-0046,KA-03,10.0,799.0,799.0
2025-01-01,CI-0046,KA-04,5.0,799.0,3995.0
2025-01-01,CI-0046,KA-05,4.0,799.0,3196.0
2025-02-01,CI-0046,E-commerce,42.0,799.0,33558.0
2025-02-01,CI-0046,Marketplace,33.0,799.0,26367.0
2025-02-01,CI-0046,Loja própria,27.0,799.0,21573.0
2025-02-01,CI-0046,KA-01,15.0,799.0,11985.0
2025-02-01,CI-0046,KA-02,12.0,799.0,9588.0
2025-02-01,CI-0046,KA-03,10.0,799.0,799.0
2025-02-01,CI-0046,KA-04,6.0,799.0,4794.0
2025-02-01,CI-0046,KA-05,4.0,799.0,3196.0
2025-03-01,CI-0046,E-commerce,41.0,799.0,32759.0
2025-03-01,CI-0046,Marketplace,32.0,799.0,25568.0
2025-03-01,CI-0046,Loja própria,26.0,799.0,20774.0
2025-03-01,CI-0046,KA-01,14.0,799.0,11186.0
2025-03-01,CI-0046,KA-02,11.0,799.0,8789.0
2025-03-01,CI-0046,KA-03,10.0,799.0,799.0
2025-03-01,CI-0046,KA-04,5.0,799.0,3995.0
2025-03-01,CI-0046,KA-05,4.0,799.0,3196.0
2025-04-01,CI-0046,E-commerce,39.0,799.0,31161.0
2025-04-01,CI-0046,Marketplace,30.0,799.0,2397.0
2025-04-01,CI-0046,Loja própria,25.0,799.0,19975.0
2025-04-01,CI-0046,KA-01,14.0,799.0,11186.0
2025-04-01,CI-0046,KA-02,11.0,799.0,8789.0
2025-04-01,CI-0046,KA-03,9.0,799.0,7191.0
2025-04-01,CI-0046,KA-04,5.0,799.0,3995.0
2025-04-01,CI-0046,KA-05,4.0,799.0,3196.0
2025-05-01,CI-0046,E-commerce,42.0,799.0,33558.0
2025-05-01,CI-0046,Marketplace,33.0,799.0,26367.0
2025-05-01,CI-0046,Loja própria,27.0,799.0,21573.0
2025-05-01,CI-0046,KA-01,15.0,799.0,11985.0
2025-05-01,CI-0046,KA-02,12.0,799.0,9588.0
2025-05-01,CI-0046,KA-03,10.0,799.0,799.0
2025-05-01,CI-0046,KA-04,6.0,799.0,4794.0
2025-05-01,CI-0046,KA-05,4.0,799.0,3196.0
2025-06-01,CI-0046,E-commerce,40.0,799.0,3196.0
2025-06-01,CI-0046,Marketplace,32.0,799.0,25568.0
2025-06-01,CI-0046,Loja própria,26.0,799.0,20774.0
2025-06-01,CI-0046,KA-01,14.0,799.0,11186.0
2025-06-01,CI-0046,KA-02,11.0,799.0,8789.0
2025-06-01,CI-0046,KA-03,10.0,799.0,799.0
2025-06-01,CI-0046,KA-04,5.0,799.0,3995.0
2025-06-01,CI-0046,KA-05,4.0,799.0,3196.0
2025-07-01,CI-0046,E-commerce,40.0,799.0,3196.0
2025-07-01,CI-0046,Marketplace,31.0,799.0,24769.0
2025-07-01,CI-0046,Loja própria,26.0,799.0,20774.0
2025-07-01,CI-0046,KA-01,14.0,799.0,11186.0
2025-07-01,CI-0046,KA-02,11.0,799.0,8789.0
2025-07-01,CI-0046,KA-03,10.0,799.0,799.0
2025-07-01,CI-0046,KA-04,5.0,799.0,3995.0
2025-07-01,CI-0046,KA-05,4.0,799.0,3196.0
2025-08-01,CI-0046,E-commerce,44.0,799.0,35156.0
2025-08-01,CI-0046,Marketplace,35.0,799.0,27965.0
2025-08-01,CI-0046,Loja própria,28.0,799.0,22372.0
2025-08-01,CI-0046,KA-01,16.0,799.0,12784.0
2025-08-01,CI-0046,KA-02,12.0,799.0,9588.0
2025-08-01,CI-0046,KA-03,11.0,799.0,8789.0
2025-08-01,CI-0046,KA-04,6.0,799.0,4794.0
2025-08-01,CI-0046,KA-05,4.0,799.0,3196.0
2025-09-01,CI-0046,E-commerce,43.0,799.0,34357.0
2025-09-01,CI-0046,Marketplace,34.0,799.0,27166.0
2025-09-01,CI-0046,Loja própria,28.0,799.0,22372.0
2025-09-01,CI-0046,KA-01,15.0,799.0,11985.0
2025-09-01,CI-0046,KA-02,12.0,799.0,9588.0
2025-09-01,CI-0046,KA-03,10.0,799.0,799.0
2025-09-01,CI-0046,KA-04,6.0,799.0,4794.0
2025-09-01,CI-0046,KA-05,4.0,799.0,3196.0
2025-10-01,CI-0046,E-commerce,45.0,799.0,35955.0
2025-10-01,CI-0046,Marketplace,35.0,799.0,27965.0
2025-10-01,CI-0046,Loja própria,29.0,799.0,23171.0
2025-10-01,CI-0046,KA-01,16.0,799.0,12784.0
2025-10-01,CI-0046,KA-02,13.0,799.0,10387.0
2025-10-01,CI-0046,KA-03,11.0,799.0,8789.0
2025-10-01,CI-0046,KA-04,6.0,799.0,4794.0
2025-10-01,CI-0046,KA-05,4.0,799.0,3196.0
2025-11-01,CI-0046,E-commerce,53.0,799.0,42347.0
2025-11-01,CI-0046,Marketplace,42.0,799.0,33558.0
2025-11-01,CI-0046,Loja própria,34.0,799.0,27166.0
2025-11-01,CI-0046,KA-01,19.0,799.0,15181.0
2025-11-01,CI-0046,KA-02,15.0,799.0,11985.0
2025-11-01,CI-0046,KA-03,13.0,799.0,10387.0
2025-11-01,CI-0046,KA-04,7.0,799.0,5593.0
2025-11-01,CI-0046,KA-05,5.0,799.0,3995.0
2025-12-01,CI-0046,E-commerce,41.0,799.0,32759.0
2025-12-01,CI-0046,Marketplace,32.0,799.0,25568.0
2025-12-01,CI-0046,Loja própria,26.0,799.0,20774.0
2025-12-01,CI-0046,KA-01,14.0,799.0,11186.0
2025-12-01,CI-0046,KA-02,11.0,799.0,8789.0
2025-12-01,CI-0046,KA-03,10.0,799.0,799.0
2025-12-01,CI-0046,KA-04,5.0,799.0,3995.0
2025-12-01,CI-0046,KA-05,4.0,799.0,3196.0
2026-01-01,CI-0046,E-commerce,44.0,799.0,35156.0
2026-01-01,CI-0046,Marketplace,34.0,799.0,27166.0
2026-01-01,CI-0046,Loja própria,28.0,799.0,22372.0
2026-01-01,CI-0046,KA-01,15.0,799.0,11985.0
2026-01-01,CI-0046,KA-02,12.0,799.0,9588.0
2026-01-01,CI-0046,KA-03,11.0,799.0,8789.0
2026-01-01,CI-0046,KA-04,6.0,799.0,4794.0
2026-01-01,CI-0046,KA-05,4.0,799.0,3196.0
2026-02-01,CI-0046,E-commerce,43.0,799.0,34357.0
2026-02-01,CI-0046,Marketplace,33.0,799.0,26367.0
2026-02-01,CI-0046,Loja própria,27.0,799.0,21573.0
2026-02-01,CI-0046,KA-01,15.0,799.0,11985.0
2026-02-01,CI-0046,KA-02,12.0,799.0,9588.0
2026-02-01,CI-0046,KA-03,10.0,799.0,799.0
2026-02-01,CI-0046,KA-04,6.0,799.0,4794.0
2026-02-01,CI-0046,KA-05,4.0,799.0,3196.0
2026-03-01,CI-0046,E-commerce,43.0,799.0,34357.0
2026-03-01,CI-0046,Marketplace,34.0,799.0,27166.0
2026-03-01,CI-0046,Loja própria,28.0,799.0,22372.0
2026-03-01,CI-0046,KA-01,15.0,799.0,11985.0
2026-03-01,CI-0046,KA-02,12.0,799.0,9588.0
2026-03-01,CI-0046,KA-03,10.0,799.0,799.0
2026-03-01,CI-0046,KA-04,6.0,799.0,4794.0
2026-03-01,CI-0046,KA-05,4.0,799.0,3196.0
2026-04-01,CI-0046,E-commerce,43.0,799.0,34357.0
2026-04-01,CI-0046,Marketplace,34.0,799.0,27166.0
2026-04-01,CI-0046,Loja própria,28.0,799.0,22372.0
2026-04-01,CI-0046,KA-01,15.0,799.0,11985.0
2026-04-01,CI-0046,KA-02,12.0,799.0,9588.0
2026-04-01,CI-0046,KA-03,10.0,799.0,799.0
2026-04-01,CI-0046,KA-04,6.0,799.0,4794.0
2026-04-01,CI-0046,KA-05,4.0,799.0,3196.0
2026-05-01,CI-0046,E-commerce,47.0,799.0,37553.0
2026-05-01,CI-0046,Marketplace,37.0,799.0,29563.0
2026-05-01,CI-0046,Loja própria,30.0,799.0,2397.0
2026-05-01,CI-0046,KA-01,16.0,799.0,12784.0
2026-05-01,CI-0046,KA-02,13.0,799.0,10387.0
2026-05-01,CI-0046,KA-03,11.0,799.0,8789.0
2026-05-01,CI-0046,KA-04,6.0,799.0,4794.0
2026-05-01,CI-0046,KA-05,5.0,799.0,3995.0
2026-06-01,CI-0046,E-commerce,46.0,799.0,36754.0
2026-06-01,CI-0046,Marketplace,36.0,799.0,28764.0
2026-06-01,CI-0046,Loja própria,30.0,799.0,2397.0
2026-06-01,CI-0046,KA-01,16.0,799.0,12784.0
2026-06-01,CI-0046,KA-02,13.0,799.0,10387.0
2026-06-01,CI-0046,KA-03,11.0,799.0,8789.0
2026-06-01,CI-0046,KA-04,6.0,799.0,4794.0
2026-06-01,CI-0046,KA-05,5.0,799.0,3995.0
2026-07-01,CI-0046,E-commerce,45.0,799.0,35955.0
2026-07-01,CI-0046,Marketplace,35.0,799.0,27965.0
2026-07-01,CI-0046,Loja própria,29.0,799.0,23171.0
2026-07-01,CI-0046,KA-01,16.0,799.0,12784.0
2026-07-01,CI-0046,KA-02,13.0,799.0,10387.0
2026-07-01,CI-0046,KA-03,11.0,799.0,8789.0
2026-07-01,CI-0046,KA-04,6.0,799.0,4794.0
2026-07-01,CI-0046,KA-05,4.0,799.0,3196.0
2026-08-01,CI-0046,E-commerce,41.0,799.0,32759.0
2026-08-01,CI-0046,Marketplace,32.0,799.0,25568.0
2026-08-01,CI-0046,Loja própria,26.0,799.0,20774.0
2026-08-01,CI-0046,KA-01,14.0,799.0,11186.0
2026-08-01,CI-0046,KA-02,11.0,799.0,8789.0
2026-08-01,CI-0046,KA-03,10.0,799.0,799.0
2026-08-01,CI-0046,KA-04,5.0,799.0,3995.0
2026-08-01,CI-0046,KA-05,4.0,799.0,3196.0
2024-09-01,CI-0047,E-commerce,55.0,1149.0,63195.0
2024-09-01,CI-0047,Marketplace,43.0,1149.0,49407.0
2024-09-01,CI-0047,Loja própria,35.0,1149.0,40215.0
2024-09-01,CI-0047,KA-01,19.0,1149.0,21831.0
2024-09-01,CI-0047,KA-02,15.0,1149.0,17235.0
2024-09-01,CI-0047,KA-03,13.0,1149.0,14937.0
2024-09-01,CI-0047,KA-04,7.0,1149.0,8043.0
2024-09-01,CI-0047,KA-05,5.0,1149.0,5745.0
2024-10-01,CI-0047,E-commerce,52.0,1149.0,59748.0
2024-10-01,CI-0047,Marketplace,41.0,1149.0,47109.0
2024-10-01,CI-0047,Loja própria,34.0,1149.0,39066.0
2024-10-01,CI-0047,KA-01,18.0,1149.0,20682.0
2024-10-01,CI-0047,KA-02,15.0,1149.0,17235.0
2024-10-01,CI-0047,KA-03,13.0,1149.0,14937.0
2024-10-01,CI-0047,KA-04,7.0,1149.0,8043.0
2024-10-01,CI-0047,KA-05,5.0,1149.0,5745.0
2024-11-01,CI-0047,E-commerce,80.0,1149.0,9192.0
2024-11-01,CI-0047,Marketplace,63.0,1149.0,72387.0
2024-11-01,CI-0047,Loja própria,51.0,1149.0,58599.0
2024-11-01,CI-0047,KA-01,28.0,1149.0,32172.0
2024-11-01,CI-0047,KA-02,22.0,1149.0,25278.0
2024-11-01,CI-0047,KA-03,20.0,1149.0,2298.0
2024-11-01,CI-0047,KA-04,11.0,1149.0,12639.0
2024-11-01,CI-0047,KA-05,8.0,1149.0,9192.0
2024-12-01,CI-0047,E-commerce,61.0,1149.0,70089.0
2024-12-01,CI-0047,Marketplace,48.0,1149.0,55152.0
2024-12-01,CI-0047,Loja própria,39.0,1149.0,44811.0
2024-12-01,CI-0047,KA-01,21.0,1149.0,24129.0
2024-12-01,CI-0047,KA-02,17.0,1149.0,19533.0
2024-12-01,CI-0047,KA-03,15.0,1149.0,17235.0
2024-12-01,CI-0047,KA-04,8.0,1149.0,9192.0
2024-12-01,CI-0047,KA-05,6.0,1149.0,6894.0
2025-01-01,CI-0047,E-commerce,52.0,1149.0,59748.0
2025-01-01,CI-0047,Marketplace,41.0,1149.0,47109.0
2025-01-01,CI-0047,Loja própria,34.0,1149.0,39066.0
2025-01-01,CI-0047,KA-01,18.0,1149.0,20682.0
2025-01-01,CI-0047,KA-02,15.0,1149.0,17235.0
2025-01-01,CI-0047,KA-03,13.0,1149.0,14937.0
2025-01-01,CI-0047,KA-04,7.0,1149.0,8043.0
2025-01-01,CI-0047,KA-05,5.0,1149.0,5745.0
2025-02-01,CI-0047,E-commerce,53.0,1149.0,60897.0
2025-02-01,CI-0047,Marketplace,42.0,1149.0,48258.0
2025-02-01,CI-0047,Loja própria,34.0,1149.0,39066.0
2025-02-01,CI-0047,KA-01,19.0,1149.0,21831.0
2025-02-01,CI-0047,KA-02,15.0,1149.0,17235.0
2025-02-01,CI-0047,KA-03,13.0,1149.0,14937.0
2025-02-01,CI-0047,KA-04,7.0,1149.0,8043.0
2025-02-01,CI-0047,KA-05,5.0,1149.0,5745.0
2025-03-01,CI-0047,E-commerce,62.0,1149.0,71238.0
2025-03-01,CI-0047,Marketplace,49.0,1149.0,56301.0
2025-03-01,CI-0047,Loja própria,40.0,1149.0,4596.0
2025-03-01,CI-0047,KA-01,22.0,1149.0,25278.0
2025-03-01,CI-0047,KA-02,17.0,1149.0,19533.0
2025-03-01,CI-0047,KA-03,15.0,1149.0,17235.0
2025-03-01,CI-0047,KA-04,8.0,1149.0,9192.0
2025-03-01,CI-0047,KA-05,6.0,1149.0,6894.0
2025-04-01,CI-0047,E-commerce,55.0,1149.0,63195.0
2025-04-01,CI-0047,Marketplace,43.0,1149.0,49407.0
2025-04-01,CI-0047,Loja própria,35.0,1149.0,40215.0
2025-04-01,CI-0047,KA-01,19.0,1149.0,21831.0
2025-04-01,CI-0047,KA-02,15.0,1149.0,17235.0
2025-04-01,CI-0047,KA-03,13.0,1149.0,14937.0
2025-04-01,CI-0047,KA-04,7.0,1149.0,8043.0
2025-04-01,CI-0047,KA-05,5.0,1149.0,5745.0
2025-05-01,CI-0047,E-commerce,59.0,1149.0,67791.0
2025-05-01,CI-0047,Marketplace,46.0,1149.0,52854.0
2025-05-01,CI-0047,Loja própria,38.0,1149.0,43662.0
2025-05-01,CI-0047,KA-01,21.0,1149.0,24129.0
2025-05-01,CI-0047,KA-02,16.0,1149.0,18384.0
2025-05-01,CI-0047,KA-03,14.0,1149.0,16086.0
2025-05-01,CI-0047,KA-04,8.0,1149.0,9192.0
2025-05-01,CI-0047,KA-05,6.0,1149.0,6894.0
2025-06-01,CI-0047,E-commerce,53.0,1149.0,60897.0
2025-06-01,CI-0047,Marketplace,42.0,1149.0,48258.0
2025-06-01,CI-0047,Loja própria,34.0,1149.0,39066.0
2025-06-01,CI-0047,KA-01,19.0,1149.0,21831.0
2025-06-01,CI-0047,KA-02,15.0,1149.0,17235.0
2025-06-01,CI-0047,KA-03,13.0,1149.0,14937.0
2025-06-01,CI-0047,KA-04,7.0,1149.0,8043.0
2025-06-01,CI-0047,KA-05,5.0,1149.0,5745.0
2025-07-01,CI-0047,E-commerce,63.0,1149.0,72387.0
2025-07-01,CI-0047,Marketplace,50.0,1149.0,5745.0
2025-07-01,CI-0047,Loja própria,41.0,1149.0,47109.0
2025-07-01,CI-0047,KA-01,22.0,1149.0,25278.0
2025-07-01,CI-0047,KA-02,18.0,1149.0,20682.0
2025-07-01,CI-0047,KA-03,15.0,1149.0,17235.0
2025-07-01,CI-0047,KA-04,9.0,1149.0,10341.0
2025-07-01,CI-0047,KA-05,6.0,1149.0,6894.0
2025-08-01,CI-0047,E-commerce,51.0,1149.0,58599.0
2025-08-01,CI-0047,Marketplace,40.0,1149.0,4596.0
2025-08-01,CI-0047,Loja própria,33.0,1149.0,37917.0
2025-08-01,CI-0047,KA-01,18.0,1149.0,20682.0
2025-08-01,CI-0047,KA-02,14.0,1149.0,16086.0
2025-08-01,CI-0047,KA-03,12.0,1149.0,13788.0
2025-08-01,CI-0047,KA-04,7.0,1149.0,8043.0
2025-08-01,CI-0047,KA-05,5.0,1149.0,5745.0
2025-09-01,CI-0047,E-commerce,64.0,1149.0,73536.0
2025-09-01,CI-0047,Marketplace,51.0,1149.0,58599.0
2025-09-01,CI-0047,Loja própria,41.0,1149.0,47109.0
2025-09-01,CI-0047,KA-01,23.0,1149.0,26427.0
2025-09-01,CI-0047,KA-02,18.0,1149.0,20682.0
2025-09-01,CI-0047,KA-03,16.0,1149.0,18384.0
2025-09-01,CI-0047,KA-04,9.0,1149.0,10341.0
2025-09-01,CI-0047,KA-05,6.0,1149.0,6894.0
2025-10-01,CI-0047,E-commerce,55.0,1149.0,63195.0
2025-10-01,CI-0047,Marketplace,43.0,1149.0,49407.0
2025-10-01,CI-0047,Loja própria,35.0,1149.0,40215.0
2025-10-01,CI-0047,KA-01,19.0,1149.0,21831.0
2025-10-01,CI-0047,KA-02,15.0,1149.0,17235.0
2025-10-01,CI-0047,KA-03,13.0,1149.0,14937.0
2025-10-01,CI-0047,KA-04,7.0,1149.0,8043.0
2025-10-01,CI-0047,KA-05,5.0,1149.0,5745.0
2025-11-01,CI-0047,E-commerce,78.0,1149.0,89622.0
2025-11-01,CI-0047,Marketplace,62.0,1149.0,71238.0
2025-11-01,CI-0047,Loja própria,50.0,1149.0,5745.0
2025-11-01,CI-0047,KA-01,28.0,1149.0,32172.0
2025-11-01,CI-0047,KA-02,22.0,1149.0,25278.0
2025-11-01,CI-0047,KA-03,19.0,1149.0,21831.0
2025-11-01,CI-0047,KA-04,11.0,1149.0,12639.0
2025-11-01,CI-0047,KA-05,8.0,1149.0,9192.0
2025-12-01,CI-0047,E-commerce,64.0,1149.0,73536.0
2025-12-01,CI-0047,Marketplace,51.0,1149.0,58599.0
2025-12-01,CI-0047,Loja própria,41.0,1149.0,47109.0
2025-12-01,CI-0047,KA-01,23.0,1149.0,26427.0
2025-12-01,CI-0047,KA-02,18.0,1149.0,20682.0
2025-12-01,CI-0047,KA-03,16.0,1149.0,18384.0
2025-12-01,CI-0047,KA-04,9.0,1149.0,10341.0
2025-12-01,CI-0047,KA-05,6.0,1149.0,6894.0
2026-01-01,CI-0047,E-commerce,60.0,1149.0,6894.0
2026-01-01,CI-0047,Marketplace,47.0,1149.0,54003.0
2026-01-01,CI-0047,Loja própria,38.0,1149.0,43662.0
2026-01-01,CI-0047,KA-01,21.0,1149.0,24129.0
2026-01-01,CI-0047,KA-02,17.0,1149.0,19533.0
2026-01-01,CI-0047,KA-03,15.0,1149.0,17235.0
2026-01-01,CI-0047,KA-04,8.0,1149.0,9192.0
2026-01-01,CI-0047,KA-05,6.0,1149.0,6894.0
2026-02-01,CI-0047,E-commerce,58.0,1149.0,66642.0
2026-02-01,CI-0047,Marketplace,46.0,1149.0,52854.0
2026-02-01,CI-0047,Loja própria,37.0,1149.0,42513.0
2026-02-01,CI-0047,KA-01,21.0,1149.0,24129.0
2026-02-01,CI-0047,KA-02,16.0,1149.0,18384.0
2026-02-01,CI-0047,KA-03,14.0,1149.0,16086.0
2026-02-01,CI-0047,KA-04,8.0,1149.0,9192.0
2026-02-01,CI-0047,KA-05,6.0,1149.0,6894.0
2026-03-01,CI-0047,E-commerce,60.0,1149.0,6894.0
2026-03-01,CI-0047,Marketplace,47.0,1149.0,54003.0
2026-03-01,CI-0047,Loja própria,38.0,1149.0,43662.0
2026-03-01,CI-0047,KA-01,21.0,1149.0,24129.0
2026-03-01,CI-0047,KA-02,17.0,1149.0,19533.0
2026-03-01,CI-0047,KA-03,15.0,1149.0,17235.0
2026-03-01,CI-0047,KA-04,8.0,1149.0,9192.0
2026-03-01,CI-0047,KA-05,6.0,1149.0,6894.0
2026-04-01,CI-0047,E-commerce,59.0,1149.0,67791.0
2026-04-01,CI-0047,Marketplace,46.0,1149.0,52854.0
2026-04-01,CI-0047,Loja própria,38.0,1149.0,43662.0
2026-04-01,CI-0047,KA-01,21.0,1149.0,24129.0
2026-04-01,CI-0047,KA-02,16.0,1149.0,18384.0
2026-04-01,CI-0047,KA-03,14.0,1149.0,16086.0
2026-04-01,CI-0047,KA-04,8.0,1149.0,9192.0
2026-04-01,CI-0047,KA-05,6.0,1149.0,6894.0
2026-05-01,CI-0047,E-commerce,57.0,1149.0,65493.0
2026-05-01,CI-0047,Marketplace,45.0,1149.0,51705.0
2026-05-01,CI-0047,Loja própria,37.0,1149.0,42513.0
2026-05-01,CI-0047,KA-01,20.0,1149.0,2298.0
2026-05-01,CI-0047,KA-02,16.0,1149.0,18384.0
2026-05-01,CI-0047,KA-03,14.0,1149.0,16086.0
2026-05-01,CI-0047,KA-04,8.0,1149.0,9192.0
2026-05-01,CI-0047,KA-05,6.0,1149.0,6894.0
2026-06-01,CI-0047,E-commerce,58.0,1149.0,66642.0
2026-06-01,CI-0047,Marketplace,46.0,1149.0,52854.0
2026-06-01,CI-0047,Loja própria,37.0,1149.0,42513.0
2026-06-01,CI-0047,KA-01,21.0,1149.0,24129.0
2026-06-01,CI-0047,KA-02,16.0,1149.0,18384.0
2026-06-01,CI-0047,KA-03,14.0,1149.0,16086.0
2026-06-01,CI-0047,KA-04,8.0,1149.0,9192.0
2026-06-01,CI-0047,KA-05,6.0,1149.0,6894.0
2026-07-01,CI-0047,E-commerce,56.0,1149.0,64344.0
2026-07-01,CI-0047,Marketplace,44.0,1149.0,50556.0
2026-07-01,CI-0047,Loja própria,36.0,1149.0,41364.0
2026-07-01,CI-0047,KA-01,20.0,1149.0,2298.0
2026-07-01,CI-0047,KA-02,16.0,1149.0,18384.0
2026-07-01,CI-0047,KA-03,14.0,1149.0,16086.0
2026-07-01,CI-0047,KA-04,8.0,1149.0,9192.0
2026-07-01,CI-0047,KA-05,6.0,1149.0,6894.0
2026-08-01,CI-0047,E-commerce,55.0,1149.0,63195.0
2026-08-01,CI-0047,Marketplace,43.0,1149.0,49407.0
2026-08-01,CI-0047,Loja própria,35.0,1149.0,40215.0
2026-08-01,CI-0047,KA-01,19.0,1149.0,21831.0
2026-08-01,CI-0047,KA-02,15.0,1149.0,17235.0
2026-08-01,CI-0047,KA-03,13.0,1149.0,14937.0
2026-08-01,CI-0047,KA-04,7.0,1149.0,8043.0
2026-08-01,CI-0047,KA-05,5.0,1149.0,5745.0
2024-09-01,CI-0048,E-commerce,67.0,299.0,20033.0
2024-09-01,CI-0048,Marketplace,52.0,299.0,15548.0
2024-09-01,CI-0048,Loja própria,43.0,299.0,12857.0
2024-09-01,CI-0048,KA-01,24.0,299.0,7176.0
2024-09-01,CI-0048,KA-02,19.0,299.0,5681.0
2024-09-01,CI-0048,KA-03,16.0,299.0,4784.0
2024-09-01,CI-0048,KA-04,9.0,299.0,2691.0
2024-09-01,CI-0048,KA-05,7.0,299.0,2093.0
2024-10-01,CI-0048,E-commerce,63.0,299.0,18837.0
2024-10-01,CI-0048,Marketplace,49.0,299.0,14651.0
2024-10-01,CI-0048,Loja própria,40.0,299.0,1196.0
2024-10-01,CI-0048,KA-01,22.0,299.0,6578.0
2024-10-01,CI-0048,KA-02,18.0,299.0,5382.0
2024-10-01,CI-0048,KA-03,15.0,299.0,4485.0
2024-10-01,CI-0048,KA-04,9.0,299.0,2691.0
2024-10-01,CI-0048,KA-05,6.0,299.0,1794.0
2024-11-01,CI-0048,E-commerce,97.0,299.0,29003.0
2024-11-01,CI-0048,Marketplace,76.0,299.0,22724.0
2024-11-01,CI-0048,Loja própria,62.0,299.0,18538.0
2024-11-01,CI-0048,KA-01,34.0,299.0,10166.0
2024-11-01,CI-0048,KA-02,27.0,299.0,8073.0
2024-11-01,CI-0048,KA-03,24.0,299.0,7176.0
2024-11-01,CI-0048,KA-04,13.0,299.0,3887.0
2024-11-01,CI-0048,KA-05,10.0,299.0,299.0
2024-12-01,CI-0048,E-commerce,73.0,299.0,21827.0
2024-12-01,CI-0048,Marketplace,57.0,299.0,17043.0
2024-12-01,CI-0048,Loja própria,46.0,299.0,13754.0
2024-12-01,CI-0048,KA-01,26.0,299.0,7774.0
2024-12-01,CI-0048,KA-02,20.0,299.0,598.0
2024-12-01,CI-0048,KA-03,18.0,299.0,5382.0
2024-12-01,CI-0048,KA-04,10.0,299.0,299.0
2024-12-01,CI-0048,KA-05,7.0,299.0,2093.0
2025-01-01,CI-0048,E-commerce,77.0,299.0,23023.0
2025-01-01,CI-0048,Marketplace,60.0,299.0,1794.0
2025-01-01,CI-0048,Loja própria,49.0,299.0,14651.0
2025-01-01,CI-0048,KA-01,27.0,299.0,8073.0
2025-01-01,CI-0048,KA-02,22.0,299.0,6578.0
2025-01-01,CI-0048,KA-03,19.0,299.0,5681.0
2025-01-01,CI-0048,KA-04,11.0,299.0,3289.0
2025-01-01,CI-0048,KA-05,8.0,299.0,2392.0
2025-02-01,CI-0048,E-commerce,64.0,299.0,19136.0
2025-02-01,CI-0048,Marketplace,51.0,299.0,15249.0
2025-02-01,CI-0048,Loja própria,41.0,299.0,12259.0
2025-02-01,CI-0048,KA-01,23.0,299.0,6877.0
2025-02-01,CI-0048,KA-02,18.0,299.0,5382.0
2025-02-01,CI-0048,KA-03,16.0,299.0,4784.0
2025-02-01,CI-0048,KA-04,9.0,299.0,2691.0
2025-02-01,CI-0048,KA-05,6.0,299.0,1794.0
2025-03-01,CI-0048,E-commerce,63.0,299.0,18837.0
2025-03-01,CI-0048,Marketplace,50.0,299.0,1495.0
2025-03-01,CI-0048,Loja própria,41.0,299.0,12259.0
2025-03-01,CI-0048,KA-01,22.0,299.0,6578.0
2025-03-01,CI-0048,KA-02,18.0,299.0,5382.0
2025-03-01,CI-0048,KA-03,15.0,299.0,4485.0
2025-03-01,CI-0048,KA-04,9.0,299.0,2691.0
2025-03-01,CI-0048,KA-05,6.0,299.0,1794.0
2025-04-01,CI-0048,E-commerce,74.0,299.0,22126.0
2025-04-01,CI-0048,Marketplace,58.0,299.0,17342.0
2025-04-01,CI-0048,Loja própria,48.0,299.0,14352.0
2025-04-01,CI-0048,KA-01,26.0,299.0,7774.0
2025-04-01,CI-0048,KA-02,21.0,299.0,6279.0
2025-04-01,CI-0048,KA-03,18.0,299.0,5382.0
2025-04-01,CI-0048,KA-04,10.0,299.0,299.0
2025-04-01,CI-0048,KA-05,8.0,299.0,2392.0
2025-05-01,CI-0048,E-commerce,66.0,299.0,19734.0
2025-05-01,CI-0048,Marketplace,51.0,299.0,15249.0
2025-05-01,CI-0048,Loja própria,42.0,299.0,12558.0
2025-05-01,CI-0048,KA-01,23.0,299.0,6877.0
2025-05-01,CI-0048,KA-02,18.0,299.0,5382.0
2025-05-01,CI-0048,KA-03,16.0,299.0,4784.0
2025-05-01,CI-0048,KA-04,9.0,299.0,2691.0
2025-05-01,CI-0048,KA-05,7.0,299.0,2093.0
2025-06-01,CI-0048,E-commerce,65.0,299.0,19435.0
2025-06-01,CI-0048,Marketplace,51.0,299.0,15249.0
2025-06-01,CI-0048,Loja própria,42.0,299.0,12558.0
2025-06-01,CI-0048,KA-01,23.0,299.0,6877.0
2025-06-01,CI-0048,KA-02,18.0,299.0,5382.0
2025-06-01,CI-0048,KA-03,16.0,299.0,4784.0
2025-06-01,CI-0048,KA-04,9.0,299.0,2691.0
2025-06-01,CI-0048,KA-05,7.0,299.0,2093.0
2025-07-01,CI-0048,E-commerce,68.0,299.0,20332.0
2025-07-01,CI-0048,Marketplace,53.0,299.0,15847.0
2025-07-01,CI-0048,Loja própria,43.0,299.0,12857.0
2025-07-01,CI-0048,KA-01,24.0,299.0,7176.0
2025-07-01,CI-0048,KA-02,19.0,299.0,5681.0
2025-07-01,CI-0048,KA-03,17.0,299.0,5083.0
2025-07-01,CI-0048,KA-04,9.0,299.0,2691.0
2025-07-01,CI-0048,KA-05,7.0,299.0,2093.0
2025-08-01,CI-0048,E-commerce,69.0,299.0,20631.0
2025-08-01,CI-0048,Marketplace,54.0,299.0,16146.0
2025-08-01,CI-0048,Loja própria,44.0,299.0,13156.0
2025-08-01,CI-0048,KA-01,24.0,299.0,7176.0
2025-08-01,CI-0048,KA-02,19.0,299.0,5681.0
2025-08-01,CI-0048,KA-03,17.0,299.0,5083.0
2025-08-01,CI-0048,KA-04,9.0,299.0,2691.0
2025-08-01,CI-0048,KA-05,7.0,299.0,2093.0
2025-09-01,CI-0048,E-commerce,81.0,299.0,24219.0
2025-09-01,CI-0048,Marketplace,64.0,299.0,19136.0
2025-09-01,CI-0048,Loja própria,52.0,299.0,15548.0
2025-09-01,CI-0048,KA-01,29.0,299.0,8671.0
2025-09-01,CI-0048,KA-02,23.0,299.0,6877.0
2025-09-01,CI-0048,KA-03,20.0,299.0,598.0
2025-09-01,CI-0048,KA-04,11.0,299.0,3289.0
2025-09-01,CI-0048,KA-05,8.0,299.0,2392.0
2025-10-01,CI-0048,E-commerce,71.0,299.0,21229.0
2025-10-01,CI-0048,Marketplace,56.0,299.0,16744.0
2025-10-01,CI-0048,Loja própria,46.0,299.0,13754.0
2025-10-01,CI-0048,KA-01,25.0,299.0,7475.0
2025-10-01,CI-0048,KA-02,20.0,299.0,598.0
2025-10-01,CI-0048,KA-03,17.0,299.0,5083.0
2025-10-01,CI-0048,KA-04,10.0,299.0,299.0
2025-10-01,CI-0048,KA-05,7.0,299.0,2093.0
2025-11-01,CI-0048,E-commerce,89.0,299.0,26611.0
2025-11-01,CI-0048,Marketplace,69.0,299.0,20631.0
2025-11-01,CI-0048,Loja própria,57.0,299.0,17043.0
2025-11-01,CI-0048,KA-01,31.0,299.0,9269.0
2025-11-01,CI-0048,KA-02,25.0,299.0,7475.0
2025-11-01,CI-0048,KA-03,22.0,299.0,6578.0
2025-11-01,CI-0048,KA-04,12.0,299.0,3588.0
2025-11-01,CI-0048,KA-05,9.0,299.0,2691.0
2025-12-01,CI-0048,E-commerce,66.0,299.0,19734.0
2025-12-01,CI-0048,Marketplace,52.0,299.0,15548.0
2025-12-01,CI-0048,Loja própria,42.0,299.0,12558.0
2025-12-01,CI-0048,KA-01,23.0,299.0,6877.0
2025-12-01,CI-0048,KA-02,18.0,299.0,5382.0
2025-12-01,CI-0048,KA-03,16.0,299.0,4784.0
2025-12-01,CI-0048,KA-04,9.0,299.0,2691.0
2025-12-01,CI-0048,KA-05,7.0,299.0,2093.0
2026-01-01,CI-0048,E-commerce,68.0,299.0,20332.0
2026-01-01,CI-0048,Marketplace,53.0,299.0,15847.0
2026-01-01,CI-0048,Loja própria,43.0,299.0,12857.0
2026-01-01,CI-0048,KA-01,24.0,299.0,7176.0
2026-01-01,CI-0048,KA-02,19.0,299.0,5681.0
2026-01-01,CI-0048,KA-03,17.0,299.0,5083.0
2026-01-01,CI-0048,KA-04,9.0,299.0,2691.0
2026-01-01,CI-0048,KA-05,7.0,299.0,2093.0
2026-02-01,CI-0048,E-commerce,77.0,299.0,23023.0
2026-02-01,CI-0048,Marketplace,60.0,299.0,1794.0
2026-02-01,CI-0048,Loja própria,49.0,299.0,14651.0
2026-02-01,CI-0048,KA-01,27.0,299.0,8073.0
2026-02-01,CI-0048,KA-02,22.0,299.0,6578.0
2026-02-01,CI-0048,KA-03,19.0,299.0,5681.0
2026-02-01,CI-0048,KA-04,11.0,299.0,3289.0
2026-02-01,CI-0048,KA-05,8.0,299.0,2392.0
2026-03-01,CI-0048,E-commerce,76.0,299.0,22724.0
2026-03-01,CI-0048,Marketplace,60.0,299.0,1794.0
2026-03-01,CI-0048,Loja própria,49.0,299.0,14651.0
2026-03-01,CI-0048,KA-01,27.0,299.0,8073.0
2026-03-01,CI-0048,KA-02,21.0,299.0,6279.0
2026-03-01,CI-0048,KA-03,19.0,299.0,5681.0
2026-03-01,CI-0048,KA-04,10.0,299.0,299.0
2026-03-01,CI-0048,KA-05,8.0,299.0,2392.0
2026-04-01,CI-0048,E-commerce,75.0,299.0,22425.0
2026-04-01,CI-0048,Marketplace,58.0,299.0,17342.0
2026-04-01,CI-0048,Loja própria,48.0,299.0,14352.0
2026-04-01,CI-0048,KA-01,26.0,299.0,7774.0
2026-04-01,CI-0048,KA-02,21.0,299.0,6279.0
2026-04-01,CI-0048,KA-03,18.0,299.0,5382.0
2026-04-01,CI-0048,KA-04,10.0,299.0,299.0
2026-04-01,CI-0048,KA-05,8.0,299.0,2392.0
2026-05-01,CI-0048,E-commerce,82.0,299.0,24518.0
2026-05-01,CI-0048,Marketplace,64.0,299.0,19136.0
2026-05-01,CI-0048,Loja própria,52.0,299.0,15548.0
2026-05-01,CI-0048,KA-01,29.0,299.0,8671.0
2026-05-01,CI-0048,KA-02,23.0,299.0,6877.0
2026-05-01,CI-0048,KA-03,20.0,299.0,598.0
2026-05-01,CI-0048,KA-04,11.0,299.0,3289.0
2026-05-01,CI-0048,KA-05,8.0,299.0,2392.0
2026-06-01,CI-0048,E-commerce,85.0,299.0,25415.0
2026-06-01,CI-0048,Marketplace,66.0,299.0,19734.0
2026-06-01,CI-0048,Loja própria,54.0,299.0,16146.0
2026-06-01,CI-0048,KA-01,30.0,299.0,897.0
2026-06-01,CI-0048,KA-02,24.0,299.0,7176.0
2026-06-01,CI-0048,KA-03,21.0,299.0,6279.0
2026-06-01,CI-0048,KA-04,12.0,299.0,3588.0
2026-06-01,CI-0048,KA-05,9.0,299.0,2691.0
2026-07-01,CI-0048,E-commerce,75.0,299.0,22425.0
2026-07-01,CI-0048,Marketplace,59.0,299.0,17641.0
2026-07-01,CI-0048,Loja própria,48.0,299.0,14352.0
2026-07-01,CI-0048,KA-01,27.0,299.0,8073.0
2026-07-01,CI-0048,KA-02,21.0,299.0,6279.0
2026-07-01,CI-0048,KA-03,18.0,299.0,5382.0
2026-07-01,CI-0048,KA-04,10.0,299.0,299.0
2026-07-01,CI-0048,KA-05,8.0,299.0,2392.0
2026-08-01,CI-0048,E-commerce,72.0,299.0,21528.0
2026-08-01,CI-0048,Marketplace,57.0,299.0,17043.0
2026-08-01,CI-0048,Loja própria,46.0,299.0,13754.0
2026-08-01,CI-0048,KA-01,26.0,299.0,7774.0
2026-08-01,CI-0048,KA-02,20.0,299.0,598.0
2026-08-01,CI-0048,KA-03,18.0,299.0,5382.0
2026-08-01,CI-0048,KA-04,10.0,299.0,299.0
2026-08-01,CI-0048,KA-05,7.0,299.0,2093.0
2024-09-01,CI-0049,E-commerce,91.0,299.0,27209.0
2024-09-01,CI-0049,Marketplace,71.0,299.0,21229.0
2024-09-01,CI-0049,Loja própria,58.0,299.0,17342.0
2024-09-01,CI-0049,KA-01,32.0,299.0,9568.0
2024-09-01,CI-0049,KA-02,26.0,299.0,7774.0
2024-09-01,CI-0049,KA-03,22.0,299.0,6578.0
2024-09-01,CI-0049,KA-04,13.0,299.0,3887.0
2024-09-01,CI-0049,KA-05,9.0,299.0,2691.0
2024-10-01,CI-0049,E-commerce,94.0,299.0,28106.0
2024-10-01,CI-0049,Marketplace,74.0,299.0,22126.0
2024-10-01,CI-0049,Loja própria,60.0,299.0,1794.0
2024-10-01,CI-0049,KA-01,33.0,299.0,9867.0
2024-10-01,CI-0049,KA-02,27.0,299.0,8073.0
2024-10-01,CI-0049,KA-03,23.0,299.0,6877.0
2024-10-01,CI-0049,KA-04,13.0,299.0,3887.0
2024-10-01,CI-0049,KA-05,10.0,299.0,299.0
2024-11-01,CI-0049,E-commerce,113.0,299.0,33787.0
2024-11-01,CI-0049,Marketplace,89.0,299.0,26611.0
2024-11-01,CI-0049,Loja própria,72.0,299.0,21528.0
2024-11-01,CI-0049,KA-01,40.0,299.0,1196.0
2024-11-01,CI-0049,KA-02,32.0,299.0,9568.0
2024-11-01,CI-0049,KA-03,28.0,299.0,8372.0
2024-11-01,CI-0049,KA-04,16.0,299.0,4784.0
2024-11-01,CI-0049,KA-05,12.0,299.0,3588.0
2024-12-01,CI-0049,E-commerce,87.0,299.0,26013.0
2024-12-01,CI-0049,Marketplace,68.0,299.0,20332.0
2024-12-01,CI-0049,Loja própria,55.0,299.0,16445.0
2024-12-01,CI-0049,KA-01,31.0,299.0,9269.0
2024-12-01,CI-0049,KA-02,24.0,299.0,7176.0
2024-12-01,CI-0049,KA-03,21.0,299.0,6279.0
2024-12-01,CI-0049,KA-04,12.0,299.0,3588.0
2024-12-01,CI-0049,KA-05,9.0,299.0,2691.0
2025-01-01,CI-0049,E-commerce,89.0,299.0,26611.0
2025-01-01,CI-0049,Marketplace,70.0,299.0,2093.0
2025-01-01,CI-0049,Loja própria,57.0,299.0,17043.0
2025-01-01,CI-0049,KA-01,32.0,299.0,9568.0
2025-01-01,CI-0049,KA-02,25.0,299.0,7475.0
2025-01-01,CI-0049,KA-03,22.0,299.0,6578.0
2025-01-01,CI-0049,KA-04,12.0,299.0,3588.0
2025-01-01,CI-0049,KA-05,9.0,299.0,2691.0
2025-02-01,CI-0049,E-commerce,86.0,299.0,25714.0
2025-02-01,CI-0049,Marketplace,67.0,299.0,20033.0
2025-02-01,CI-0049,Loja própria,55.0,299.0,16445.0
2025-02-01,CI-0049,KA-01,30.0,299.0,897.0
2025-02-01,CI-0049,KA-02,24.0,299.0,7176.0
2025-02-01,CI-0049,KA-03,21.0,299.0,6279.0
2025-02-01,CI-0049,KA-04,12.0,299.0,3588.0
2025-02-01,CI-0049,KA-05,9.0,299.0,2691.0
2025-03-01,CI-0049,E-commerce,82.0,299.0,24518.0
2025-03-01,CI-0049,Marketplace,64.0,299.0,19136.0
2025-03-01,CI-0049,Loja própria,52.0,299.0,15548.0
2025-03-01,CI-0049,KA-01,29.0,299.0,8671.0
2025-03-01,CI-0049,KA-02,23.0,299.0,6877.0
2025-03-01,CI-0049,KA-03,20.0,299.0,598.0
2025-03-01,CI-0049,KA-04,11.0,299.0,3289.0
2025-03-01,CI-0049,KA-05,8.0,299.0,2392.0
2025-04-01,CI-0049,E-commerce,85.0,299.0,25415.0
2025-04-01,CI-0049,Marketplace,66.0,299.0,19734.0
2025-04-01,CI-0049,Loja própria,54.0,299.0,16146.0
2025-04-01,CI-0049,KA-01,30.0,299.0,897.0
2025-04-01,CI-0049,KA-02,24.0,299.0,7176.0
2025-04-01,CI-0049,KA-03,21.0,299.0,6279.0
2025-04-01,CI-0049,KA-04,12.0,299.0,3588.0
2025-04-01,CI-0049,KA-05,9.0,299.0,2691.0
2025-05-01,CI-0049,E-commerce,89.0,299.0,26611.0
2025-05-01,CI-0049,Marketplace,70.0,299.0,2093.0
2025-05-01,CI-0049,Loja própria,57.0,299.0,17043.0
2025-05-01,CI-0049,KA-01,32.0,299.0,9568.0
2025-05-01,CI-0049,KA-02,25.0,299.0,7475.0
2025-05-01,CI-0049,KA-03,22.0,299.0,6578.0
2025-05-01,CI-0049,KA-04,12.0,299.0,3588.0
2025-05-01,CI-0049,KA-05,9.0,299.0,2691.0
2025-06-01,CI-0049,E-commerce,90.0,299.0,2691.0
2025-06-01,CI-0049,Marketplace,71.0,299.0,21229.0
2025-06-01,CI-0049,Loja própria,58.0,299.0,17342.0
2025-06-01,CI-0049,KA-01,32.0,299.0,9568.0
2025-06-01,CI-0049,KA-02,25.0,299.0,7475.0
2025-06-01,CI-0049,KA-03,22.0,299.0,6578.0
2025-06-01,CI-0049,KA-04,12.0,299.0,3588.0
2025-06-01,CI-0049,KA-05,9.0,299.0,2691.0
2025-07-01,CI-0049,E-commerce,98.0,299.0,29302.0
2025-07-01,CI-0049,Marketplace,77.0,299.0,23023.0
2025-07-01,CI-0049,Loja própria,63.0,299.0,18837.0
2025-07-01,CI-0049,KA-01,35.0,299.0,10465.0
2025-07-01,CI-0049,KA-02,28.0,299.0,8372.0
2025-07-01,CI-0049,KA-03,24.0,299.0,7176.0
2025-07-01,CI-0049,KA-04,14.0,299.0,4186.0
2025-07-01,CI-0049,KA-05,10.0,299.0,299.0
2025-08-01,CI-0049,E-commerce,94.0,299.0,28106.0
2025-08-01,CI-0049,Marketplace,74.0,299.0,22126.0
2025-08-01,CI-0049,Loja própria,60.0,299.0,1794.0
2025-08-01,CI-0049,KA-01,33.0,299.0,9867.0
2025-08-01,CI-0049,KA-02,27.0,299.0,8073.0
2025-08-01,CI-0049,KA-03,23.0,299.0,6877.0
2025-08-01,CI-0049,KA-04,13.0,299.0,3887.0
2025-08-01,CI-0049,KA-05,10.0,299.0,299.0
2025-09-01,CI-0049,E-commerce,87.0,299.0,26013.0
2025-09-01,CI-0049,Marketplace,68.0,299.0,20332.0
2025-09-01,CI-0049,Loja própria,56.0,299.0,16744.0
2025-09-01,CI-0049,KA-01,31.0,299.0,9269.0
2025-09-01,CI-0049,KA-02,24.0,299.0,7176.0
2025-09-01,CI-0049,KA-03,21.0,299.0,6279.0
2025-09-01,CI-0049,KA-04,12.0,299.0,3588.0
2025-09-01,CI-0049,KA-05,9.0,299.0,2691.0
2025-10-01,CI-0049,E-commerce,99.0,299.0,29601.0
2025-10-01,CI-0049,Marketplace,77.0,299.0,23023.0
2025-10-01,CI-0049,Loja própria,63.0,299.0,18837.0
2025-10-01,CI-0049,KA-01,35.0,299.0,10465.0
2025-10-01,CI-0049,KA-02,28.0,299.0,8372.0
2025-10-01,CI-0049,KA-03,24.0,299.0,7176.0
2025-10-01,CI-0049,KA-04,14.0,299.0,4186.0
2025-10-01,CI-0049,KA-05,10.0,299.0,299.0
2025-11-01,CI-0049,E-commerce,127.0,299.0,37973.0
2025-11-01,CI-0049,Marketplace,100.0,299.0,2990.0
2025-11-01,CI-0049,Loja própria,82.0,299.0,24518.0
2025-11-01,CI-0049,KA-01,45.0,299.0,13455.0
2025-11-01,CI-0049,KA-02,36.0,299.0,10764.0
2025-11-01,CI-0049,KA-03,31.0,299.0,9269.0
2025-11-01,CI-0049,KA-04,18.0,299.0,5382.0
2025-11-01,CI-0049,KA-05,13.0,299.0,3887.0
2025-12-01,CI-0049,E-commerce,80.0,299.0,2392.0
2025-12-01,CI-0049,Marketplace,63.0,299.0,18837.0
2025-12-01,CI-0049,Loja própria,51.0,299.0,15249.0
2025-12-01,CI-0049,KA-01,28.0,299.0,8372.0
2025-12-01,CI-0049,KA-02,23.0,299.0,6877.0
2025-12-01,CI-0049,KA-03,20.0,299.0,598.0
2025-12-01,CI-0049,KA-04,11.0,299.0,3289.0
2025-12-01,CI-0049,KA-05,8.0,299.0,2392.0
2026-01-01,CI-0049,E-commerce,87.0,299.0,26013.0
2026-01-01,CI-0049,Marketplace,68.0,299.0,20332.0
2026-01-01,CI-0049,Loja própria,56.0,299.0,16744.0
2026-01-01,CI-0049,KA-01,31.0,299.0,9269.0
2026-01-01,CI-0049,KA-02,25.0,299.0,7475.0
2026-01-01,CI-0049,KA-03,21.0,299.0,6279.0
2026-01-01,CI-0049,KA-04,12.0,299.0,3588.0
2026-01-01,CI-0049,KA-05,9.0,299.0,2691.0
2026-02-01,CI-0049,E-commerce,80.0,299.0,2392.0
2026-02-01,CI-0049,Marketplace,63.0,299.0,18837.0
2026-02-01,CI-0049,Loja própria,51.0,299.0,15249.0
2026-02-01,CI-0049,KA-01,28.0,299.0,8372.0
2026-02-01,CI-0049,KA-02,23.0,299.0,6877.0
2026-02-01,CI-0049,KA-03,20.0,299.0,598.0
2026-02-01,CI-0049,KA-04,11.0,299.0,3289.0
2026-02-01,CI-0049,KA-05,8.0,299.0,2392.0
2026-03-01,CI-0049,E-commerce,99.0,299.0,29601.0
2026-03-01,CI-0049,Marketplace,78.0,299.0,23322.0
2026-03-01,CI-0049,Loja própria,64.0,299.0,19136.0
2026-03-01,CI-0049,KA-01,35.0,299.0,10465.0
2026-03-01,CI-0049,KA-02,28.0,299.0,8372.0
2026-03-01,CI-0049,KA-03,24.0,299.0,7176.0
2026-03-01,CI-0049,KA-04,14.0,299.0,4186.0
2026-03-01,CI-0049,KA-05,10.0,299.0,299.0
2026-04-01,CI-0049,E-commerce,89.0,299.0,26611.0
2026-04-01,CI-0049,Marketplace,70.0,299.0,2093.0
2026-04-01,CI-0049,Loja própria,57.0,299.0,17043.0
2026-04-01,CI-0049,KA-01,32.0,299.0,9568.0
2026-04-01,CI-0049,KA-02,25.0,299.0,7475.0
2026-04-01,CI-0049,KA-03,22.0,299.0,6578.0
2026-04-01,CI-0049,KA-04,12.0,299.0,3588.0
2026-04-01,CI-0049,KA-05,9.0,299.0,2691.0
2026-05-01,CI-0049,E-commerce,97.0,299.0,29003.0
2026-05-01,CI-0049,Marketplace,76.0,299.0,22724.0
2026-05-01,CI-0049,Loja própria,62.0,299.0,18538.0
2026-05-01,CI-0049,KA-01,34.0,299.0,10166.0
2026-05-01,CI-0049,KA-02,27.0,299.0,8073.0
2026-05-01,CI-0049,KA-03,24.0,299.0,7176.0
2026-05-01,CI-0049,KA-04,13.0,299.0,3887.0
2026-05-01,CI-0049,KA-05,10.0,299.0,299.0
2026-06-01,CI-0049,E-commerce,86.0,299.0,25714.0
2026-06-01,CI-0049,Marketplace,67.0,299.0,20033.0
2026-06-01,CI-0049,Loja própria,55.0,299.0,16445.0
2026-06-01,CI-0049,KA-01,30.0,299.0,897.0
2026-06-01,CI-0049,KA-02,24.0,299.0,7176.0
2026-06-01,CI-0049,KA-03,21.0,299.0,6279.0
2026-06-01,CI-0049,KA-04,12.0,299.0,3588.0
2026-06-01,CI-0049,KA-05,9.0,299.0,2691.0
2026-07-01,CI-0049,E-commerce,92.0,299.0,27508.0
2026-07-01,CI-0049,Marketplace,72.0,299.0,21528.0
2026-07-01,CI-0049,Loja própria,59.0,299.0,17641.0
2026-07-01,CI-0049,KA-01,32.0,299.0,9568.0
2026-07-01,CI-0049,KA-02,26.0,299.0,7774.0
2026-07-01,CI-0049,KA-03,23.0,299.0,6877.0
2026-07-01,CI-0049,KA-04,13.0,299.0,3887.0
2026-07-01,CI-0049,KA-05,9.0,299.0,2691.0
2026-08-01,CI-0049,E-commerce,87.0,299.0,26013.0
2026-08-01,CI-0049,Marketplace,68.0,299.0,20332.0
2026-08-01,CI-0049,Loja própria,55.0,299.0,16445.0
2026-08-01,CI-0049,KA-01,31.0,299.0,9269.0
2026-08-01,CI-0049,KA-02,24.0,299.0,7176.0
2026-08-01,CI-0049,KA-03,21.0,299.0,6279.0
2026-08-01,CI-0049,KA-04,12.0,299.0,3588.0
2026-08-01,CI-0049,KA-05,9.0,299.0,2691.0
2024-09-01,CI-0050,E-commerce,106.0,899.0,95294.0
2024-09-01,CI-0050,Marketplace,83.0,899.0,74617.0
2024-09-01,CI-0050,Loja própria,68.0,899.0,61132.0
2024-09-01,CI-0050,KA-01,37.0,899.0,33263.0
2024-09-01,CI-0050,KA-02,30.0,899.0,2697.0
2024-09-01,CI-0050,KA-03,26.0,899.0,23374.0
2024-09-01,CI-0050,KA-04,15.0,899.0,13485.0
2024-09-01,CI-0050,KA-05,11.0,899.0,9889.0
2024-10-01,CI-0050,E-commerce,99.0,899.0,89001.0
2024-10-01,CI-0050,Marketplace,77.0,899.0,69223.0
2024-10-01,CI-0050,Loja própria,63.0,899.0,56637.0
2024-10-01,CI-0050,KA-01,35.0,899.0,31465.0
2024-10-01,CI-0050,KA-02,28.0,899.0,25172.0
2024-10-01,CI-0050,KA-03,24.0,899.0,21576.0
2024-10-01,CI-0050,KA-04,14.0,899.0,12586.0
2024-10-01,CI-0050,KA-05,10.0,899.0,899.0
2024-11-01,CI-0050,E-commerce,134.0,899.0,120466.0
2024-11-01,CI-0050,Marketplace,106.0,899.0,95294.0
2024-11-01,CI-0050,Loja própria,86.0,899.0,77314.0
2024-11-01,CI-0050,KA-01,48.0,899.0,43152.0
2024-11-01,CI-0050,KA-02,38.0,899.0,34162.0
2024-11-01,CI-0050,KA-03,33.0,899.0,29667.0
2024-11-01,CI-0050,KA-04,19.0,899.0,17081.0
2024-11-01,CI-0050,KA-05,14.0,899.0,12586.0
2024-12-01,CI-0050,E-commerce,110.0,899.0,9889.0
2024-12-01,CI-0050,Marketplace,86.0,899.0,77314.0
2024-12-01,CI-0050,Loja própria,70.0,899.0,6293.0
2024-12-01,CI-0050,KA-01,39.0,899.0,35061.0
2024-12-01,CI-0050,KA-02,31.0,899.0,27869.0
2024-12-01,CI-0050,KA-03,27.0,899.0,24273.0
2024-12-01,CI-0050,KA-04,15.0,899.0,13485.0
2024-12-01,CI-0050,KA-05,11.0,899.0,9889.0
2025-01-01,CI-0050,E-commerce,253.0,899.0,227447.0
2025-01-01,CI-0050,Marketplace,198.0,899.0,178002.0
2025-01-01,CI-0050,Loja própria,162.0,899.0,145638.0
2025-01-01,CI-0050,KA-01,90.0,899.0,8091.0
2025-01-01,CI-0050,KA-02,72.0,899.0,64728.0
2025-01-01,CI-0050,KA-03,63.0,899.0,56637.0
2025-01-01,CI-0050,KA-04,36.0,899.0,32364.0
2025-01-01,CI-0050,KA-05,27.0,899.0,24273.0
2025-02-01,CI-0050,E-commerce,257.0,899.0,231043.0
2025-02-01,CI-0050,Marketplace,201.0,899.0,180699.0
2025-02-01,CI-0050,Loja própria,165.0,899.0,148335.0
2025-02-01,CI-0050,KA-01,91.0,899.0,81809.0
2025-02-01,CI-0050,KA-02,73.0,899.0,65627.0
2025-02-01,CI-0050,KA-03,64.0,899.0,57536.0
2025-02-01,CI-0050,KA-04,36.0,899.0,32364.0
2025-02-01,CI-0050,KA-05,27.0,899.0,24273.0
2025-03-01,CI-0050,E-commerce,99.0,899.0,89001.0
2025-03-01,CI-0050,Marketplace,77.0,899.0,69223.0
2025-03-01,CI-0050,Loja própria,63.0,899.0,56637.0
2025-03-01,CI-0050,KA-01,35.0,899.0,31465.0
2025-03-01,CI-0050,KA-02,28.0,899.0,25172.0
2025-03-01,CI-0050,KA-03,24.0,899.0,21576.0
2025-03-01,CI-0050,KA-04,14.0,899.0,12586.0
2025-03-01,CI-0050,KA-05,10.0,899.0,899.0
2025-04-01,CI-0050,E-commerce,110.0,899.0,9889.0
2025-04-01,CI-0050,Marketplace,86.0,899.0,77314.0
2025-04-01,CI-0050,Loja própria,70.0,899.0,6293.0
2025-04-01,CI-0050,KA-01,39.0,899.0,35061.0
2025-04-01,CI-0050,KA-02,31.0,899.0,27869.0
2025-04-01,CI-0050,KA-03,27.0,899.0,24273.0
2025-04-01,CI-0050,KA-04,15.0,899.0,13485.0
2025-04-01,CI-0050,KA-05,11.0,899.0,9889.0
2025-05-01,CI-0050,E-commerce,104.0,899.0,93496.0
2025-05-01,CI-0050,Marketplace,82.0,899.0,73718.0
2025-05-01,CI-0050,Loja própria,67.0,899.0,60233.0
2025-05-01,CI-0050,KA-01,37.0,899.0,33263.0
2025-05-01,CI-0050,KA-02,29.0,899.0,26071.0
2025-05-01,CI-0050,KA-03,26.0,899.0,23374.0
2025-05-01,CI-0050,KA-04,14.0,899.0,12586.0
2025-05-01,CI-0050,KA-05,11.0,899.0,9889.0
2025-06-01,CI-0050,E-commerce,97.0,899.0,87203.0
2025-06-01,CI-0050,Marketplace,76.0,899.0,68324.0
2025-06-01,CI-0050,Loja própria,62.0,899.0,55738.0
2025-06-01,CI-0050,KA-01,34.0,899.0,30566.0
2025-06-01,CI-0050,KA-02,27.0,899.0,24273.0
2025-06-01,CI-0050,KA-03,24.0,899.0,21576.0
2025-06-01,CI-0050,KA-04,13.0,899.0,11687.0
2025-06-01,CI-0050,KA-05,10.0,899.0,899.0
2025-07-01,CI-0050,E-commerce,115.0,899.0,103385.0
2025-07-01,CI-0050,Marketplace,90.0,899.0,8091.0
2025-07-01,CI-0050,Loja própria,73.0,899.0,65627.0
2025-07-01,CI-0050,KA-01,41.0,899.0,36859.0
2025-07-01,CI-0050,KA-02,32.0,899.0,28768.0
2025-07-01,CI-0050,KA-03,28.0,899.0,25172.0
2025-07-01,CI-0050,KA-04,16.0,899.0,14384.0
2025-07-01,CI-0050,KA-05,12.0,899.0,10788.0
2025-08-01,CI-0050,E-commerce,97.0,899.0,87203.0
2025-08-01,CI-0050,Marketplace,76.0,899.0,68324.0
2025-08-01,CI-0050,Loja própria,62.0,899.0,55738.0
2025-08-01,CI-0050,KA-01,34.0,899.0,30566.0
2025-08-01,CI-0050,KA-02,27.0,899.0,24273.0
2025-08-01,CI-0050,KA-03,24.0,899.0,21576.0
2025-08-01,CI-0050,KA-04,13.0,899.0,11687.0
2025-08-01,CI-0050,KA-05,10.0,899.0,899.0
2025-09-01,CI-0050,E-commerce,96.0,899.0,86304.0
2025-09-01,CI-0050,Marketplace,76.0,899.0,68324.0
2025-09-01,CI-0050,Loja própria,62.0,899.0,55738.0
2025-09-01,CI-0050,KA-01,34.0,899.0,30566.0
2025-09-01,CI-0050,KA-02,27.0,899.0,24273.0
2025-09-01,CI-0050,KA-03,24.0,899.0,21576.0
2025-09-01,CI-0050,KA-04,13.0,899.0,11687.0
2025-09-01,CI-0050,KA-05,10.0,899.0,899.0
2025-10-01,CI-0050,E-commerce,92.0,899.0,82708.0
2025-10-01,CI-0050,Marketplace,72.0,899.0,64728.0
2025-10-01,CI-0050,Loja própria,59.0,899.0,53041.0
2025-10-01,CI-0050,KA-01,32.0,899.0,28768.0
2025-10-01,CI-0050,KA-02,26.0,899.0,23374.0
2025-10-01,CI-0050,KA-03,23.0,899.0,20677.0
2025-10-01,CI-0050,KA-04,13.0,899.0,11687.0
2025-10-01,CI-0050,KA-05,9.0,899.0,8091.0
2025-11-01,CI-0050,E-commerce,141.0,899.0,126759.0
2025-11-01,CI-0050,Marketplace,111.0,899.0,99789.0
2025-11-01,CI-0050,Loja própria,91.0,899.0,81809.0
2025-11-01,CI-0050,KA-01,50.0,899.0,4495.0
2025-11-01,CI-0050,KA-02,40.0,899.0,3596.0
2025-11-01,CI-0050,KA-03,35.0,899.0,31465.0
2025-11-01,CI-0050,KA-04,20.0,899.0,1798.0
2025-11-01,CI-0050,KA-05,15.0,899.0,13485.0
2025-12-01,CI-0050,E-commerce,105.0,899.0,94395.0
2025-12-01,CI-0050,Marketplace,82.0,899.0,73718.0
2025-12-01,CI-0050,Loja própria,67.0,899.0,60233.0
2025-12-01,CI-0050,KA-01,37.0,899.0,33263.0
2025-12-01,CI-0050,KA-02,30.0,899.0,2697.0
2025-12-01,CI-0050,KA-03,26.0,899.0,23374.0
2025-12-01,CI-0050,KA-04,15.0,899.0,13485.0
2025-12-01,CI-0050,KA-05,11.0,899.0,9889.0
2026-01-01,CI-0050,E-commerce,272.0,899.0,244528.0
2026-01-01,CI-0050,Marketplace,214.0,899.0,192386.0
2026-01-01,CI-0050,Loja própria,175.0,899.0,157325.0
2026-01-01,CI-0050,KA-01,97.0,899.0,87203.0
2026-01-01,CI-0050,KA-02,77.0,899.0,69223.0
2026-01-01,CI-0050,KA-03,68.0,899.0,61132.0
2026-01-01,CI-0050,KA-04,38.0,899.0,34162.0
2026-01-01,CI-0050,KA-05,29.0,899.0,26071.0
2026-02-01,CI-0050,E-commerce,239.0,899.0,214861.0
2026-02-01,CI-0050,Marketplace,187.0,899.0,168113.0
2026-02-01,CI-0050,Loja própria,153.0,899.0,137547.0
2026-02-01,CI-0050,KA-01,85.0,899.0,76415.0
2026-02-01,CI-0050,KA-02,68.0,899.0,61132.0
2026-02-01,CI-0050,KA-03,59.0,899.0,53041.0
2026-02-01,CI-0050,KA-04,34.0,899.0,30566.0
2026-02-01,CI-0050,KA-05,25.0,899.0,22475.0
2026-03-01,CI-0050,E-commerce,95.0,899.0,85405.0
2026-03-01,CI-0050,Marketplace,75.0,899.0,67425.0
2026-03-01,CI-0050,Loja própria,61.0,899.0,54839.0
2026-03-01,CI-0050,KA-01,34.0,899.0,30566.0
2026-03-01,CI-0050,KA-02,27.0,899.0,24273.0
2026-03-01,CI-0050,KA-03,23.0,899.0,20677.0
2026-03-01,CI-0050,KA-04,13.0,899.0,11687.0
2026-03-01,CI-0050,KA-05,10.0,899.0,899.0
2026-04-01,CI-0050,E-commerce,117.0,899.0,105183.0
2026-04-01,CI-0050,Marketplace,91.0,899.0,81809.0
2026-04-01,CI-0050,Loja própria,75.0,899.0,67425.0
2026-04-01,CI-0050,KA-01,41.0,899.0,36859.0
2026-04-01,CI-0050,KA-02,33.0,899.0,29667.0
2026-04-01,CI-0050,KA-03,29.0,899.0,26071.0
2026-04-01,CI-0050,KA-04,16.0,899.0,14384.0
2026-04-01,CI-0050,KA-05,12.0,899.0,10788.0
2026-05-01,CI-0050,E-commerce,97.0,899.0,87203.0
2026-05-01,CI-0050,Marketplace,76.0,899.0,68324.0
2026-05-01,CI-0050,Loja própria,62.0,899.0,55738.0
2026-05-01,CI-0050,KA-01,34.0,899.0,30566.0
2026-05-01,CI-0050,KA-02,27.0,899.0,24273.0
2026-05-01,CI-0050,KA-03,24.0,899.0,21576.0
2026-05-01,CI-0050,KA-04,13.0,899.0,11687.0
2026-05-01,CI-0050,KA-05,10.0,899.0,899.0
2026-06-01,CI-0050,E-commerce,104.0,899.0,93496.0
2026-06-01,CI-0050,Marketplace,82.0,899.0,73718.0
2026-06-01,CI-0050,Loja própria,67.0,899.0,60233.0
2026-06-01,CI-0050,KA-01,37.0,899.0,33263.0
2026-06-01,CI-0050,KA-02,29.0,899.0,26071.0
2026-06-01,CI-0050,KA-03,26.0,899.0,23374.0
2026-06-01,CI-0050,KA-04,14.0,899.0,12586.0
2026-06-01,CI-0050,KA-05,11.0,899.0,9889.0
2026-07-01,CI-0050,E-commerce,97.0,899.0,87203.0
2026-07-01,CI-0050,Marketplace,76.0,899.0,68324.0
2026-07-01,CI-0050,Loja própria,62.0,899.0,55738.0
2026-07-01,CI-0050,KA-01,34.0,899.0,30566.0
2026-07-01,CI-0050,KA-02,27.0,899.0,24273.0
2026-07-01,CI-0050,KA-03,24.0,899.0,21576.0
2026-07-01,CI-0050,KA-04,13.0,899.0,11687.0
2026-07-01,CI-0050,KA-05,10.0,899.0,899.0
2026-08-01,CI-0050,E-commerce,114.0,899.0,102486.0
2026-08-01,CI-0050,Marketplace,89.0,899.0,80011.0
2026-08-01,CI-0050,Loja própria,73.0,899.0,65627.0
2026-08-01,CI-0050,KA-01,40.0,899.0,3596.0
2026-08-01,CI-0050,KA-02,32.0,899.0,28768.0
2026-08-01,CI-0050,KA-03,28.0,899.0,25172.0
2026-08-01,CI-0050,KA-04,16.0,899.0,14384.0
2026-08-01,CI-0050,KA-05,12.0,899.0,10788.0
