CADERNO INTELIGENTE — DADOS FICTÍCIOS | Vendas faturadas — últimos 24 meses,Unnamed: 1,Unnamed: 2,Unnamed: 3,Unnamed: 4,Unnamed: 5
,,,,,
Mês,SKU,Cliente/Canal,Quantidade faturada,Preço unitário (R$),Valor faturado (R$)
2024-09,CI-0001,E-commerce,45,79.9,3595.5
2024-09,CI-0001,Marketplace,35,79.9,2796.5
2024-09,CI-0001,Loja própria,29,79.9,2317.1
2024-09,CI-0001,KA-01,16,79.9,1278.4
2024-09,CI-0001,KA-02,13,79.9,1038.7
2024-09,CI-0001,KA-03,11,79.9,878.9
2024-09,CI-0001,KA-04,6,79.9,479.4
2024-09,CI-0001,KA-05,4,79.9,319.6
2024-10,CI-0001,E-commerce,45,79.9,3595.5
2024-10,CI-0001,Marketplace,36,79.9,2876.4
2024-10,CI-0001,Loja própria,29,79.9,2317.1
2024-10,CI-0001,KA-01,16,79.9,1278.4
2024-10,CI-0001,KA-02,13,79.9,1038.7
2024-10,CI-0001,KA-03,11,79.9,878.9
2024-10,CI-0001,KA-04,6,79.9,479.4
2024-10,CI-0001,KA-05,4,79.9,319.6
2024-11,CI-0001,E-commerce,65,79.9,5193.5
2024-11,CI-0001,Marketplace,51,79.9,4074.9
2024-11,CI-0001,Loja própria,42,79.9,3355.8
2024-11,CI-0001,KA-01,23,79.9,1837.7
2024-11,CI-0001,KA-02,18,79.9,1438.2
2024-11,CI-0001,KA-03,16,79.9,1278.4
2024-11,CI-0001,KA-04,9,79.9,719.1
2024-11,CI-0001,KA-05,7,79.9,559.3
2024-12,CI-0001,E-commerce,47,79.9,3755.3
2024-12,CI-0001,Marketplace,37,79.9,2956.3
2024-12,CI-0001,Loja própria,30,79.9,2397
2024-12,CI-0001,KA-01,16,79.9,1278.4
2024-12,CI-0001,KA-02,13,79.9,1038.7
2024-12,CI-0001,KA-03,11,79.9,878.9
2024-12,CI-0001,KA-04,6,79.9,479.4
2024-12,CI-0001,KA-05,5,79.9,399.5
2025-01,CI-0001,E-commerce,50,79.9,3995
2025-01,CI-0001,Marketplace,39,79.9,3116.1
2025-01,CI-0001,Loja própria,32,79.9,2556.8
2025-01,CI-0001,KA-01,18,79.9,1438.2
2025-01,CI-0001,KA-02,14,79.9,1118.6
2025-01,CI-0001,KA-03,12,79.9,958.8
2025-01,CI-0001,KA-04,7,79.9,559.3
2025-01,CI-0001,KA-05,5,79.9,399.5
2025-02,CI-0001,E-commerce,51,79.9,4074.9
2025-02,CI-0001,Marketplace,40,79.9,3196
2025-02,CI-0001,Loja própria,32,79.9,2556.8
2025-02,CI-0001,KA-01,18,79.9,1438.2
2025-02,CI-0001,KA-02,14,79.9,1118.6
2025-02,CI-0001,KA-03,12,79.9,958.8
2025-02,CI-0001,KA-04,7,79.9,559.3
2025-02,CI-0001,KA-05,5,79.9,399.5
2025-03,CI-0001,E-commerce,48,79.9,3835.2
2025-03,CI-0001,Marketplace,37,79.9,2956.3
2025-03,CI-0001,Loja própria,30,79.9,2397
2025-03,CI-0001,KA-01,17,79.9,1358.3
2025-03,CI-0001,KA-02,13,79.9,1038.7
2025-03,CI-0001,KA-03,12,79.9,958.8
2025-03,CI-0001,KA-04,6,79.9,479.4
2025-03,CI-0001,KA-05,5,79.9,399.5
2025-04,CI-0001,E-commerce,54,79.9,4314.6
2025-04,CI-0001,Marketplace,42,79.9,3355.8
2025-04,CI-0001,Loja própria,34,79.9,2716.6
2025-04,CI-0001,KA-01,19,79.9,1518.1
2025-04,CI-0001,KA-02,15,79.9,1198.5
2025-04,CI-0001,KA-03,13,79.9,1038.7
2025-04,CI-0001,KA-04,7,79.9,559.3
2025-04,CI-0001,KA-05,5,79.9,399.5
2025-05,CI-0001,E-commerce,49,79.9,3915.1
2025-05,CI-0001,Marketplace,38,79.9,3036.2
2025-05,CI-0001,Loja própria,31,79.9,2476.9
2025-05,CI-0001,KA-01,17,79.9,1358.3
2025-05,CI-0001,KA-02,14,79.9,1118.6
2025-05,CI-0001,KA-03,12,79.9,958.8
2025-05,CI-0001,KA-04,7,79.9,559.3
2025-05,CI-0001,KA-05,5,79.9,399.5
2025-06,CI-0001,E-commerce,46,79.9,3675.4
2025-06,CI-0001,Marketplace,36,79.9,2876.4
2025-06,CI-0001,Loja própria,29,79.9,2317.1
2025-06,CI-0001,KA-01,16,79.9,1278.4
2025-06,CI-0001,KA-02,13,79.9,1038.7
2025-06,CI-0001,KA-03,11,79.9,878.9
2025-06,CI-0001,KA-04,6,79.9,479.4
2025-06,CI-0001,KA-05,4,79.9,319.6
2025-07,CI-0001,E-commerce,54,79.9,4314.6
2025-07,CI-0001,Marketplace,42,79.9,3355.8
2025-07,CI-0001,Loja própria,35,79.9,2796.5
2025-07,CI-0001,KA-01,19,79.9,1518.1
2025-07,CI-0001,KA-02,15,79.9,1198.5
2025-07,CI-0001,KA-03,13,79.9,1038.7
2025-07,CI-0001,KA-04,7,79.9,559.3
2025-07,CI-0001,KA-05,5,79.9,399.5
2025-08,CI-0001,E-commerce,55,79.9,4394.5
2025-08,CI-0001,Marketplace,43,79.9,3435.7
2025-08,CI-0001,Loja própria,35,79.9,2796.5
2025-08,CI-0001,KA-01,19,79.9,1518.1
2025-08,CI-0001,KA-02,15,79.9,1198.5
2025-08,CI-0001,KA-03,13,79.9,1038.7
2025-08,CI-0001,KA-04,7,79.9,559.3
2025-08,CI-0001,KA-05,5,79.9,399.5
2025-09,CI-0001,E-commerce,50,79.9,3995
2025-09,CI-0001,Marketplace,39,79.9,3116.1
2025-09,CI-0001,Loja própria,32,79.9,2556.8
2025-09,CI-0001,KA-01,18,79.9,1438.2
2025-09,CI-0001,KA-02,14,79.9,1118.6
2025-09,CI-0001,KA-03,12,79.9,958.8
2025-09,CI-0001,KA-04,7,79.9,559.3
2025-09,CI-0001,KA-05,5,79.9,399.5
2025-10,CI-0001,E-commerce,56,79.9,4474.4
2025-10,CI-0001,Marketplace,44,79.9,3515.6
2025-10,CI-0001,Loja própria,36,79.9,2876.4
2025-10,CI-0001,KA-01,20,79.9,1598
2025-10,CI-0001,KA-02,16,79.9,1278.4
2025-10,CI-0001,KA-03,14,79.9,1118.6
2025-10,CI-0001,KA-04,8,79.9,639.2
2025-10,CI-0001,KA-05,6,79.9,479.4
2025-11,CI-0001,E-commerce,75,79.9,5992.5
2025-11,CI-0001,Marketplace,59,79.9,4714.1
2025-11,CI-0001,Loja própria,48,79.9,3835.2
2025-11,CI-0001,KA-01,26,79.9,2077.4
2025-11,CI-0001,KA-02,21,79.9,1677.9
2025-11,CI-0001,KA-03,18,79.9,1438.2
2025-11,CI-0001,KA-04,10,79.9,799
2025-11,CI-0001,KA-05,8,79.9,639.2
2025-12,CI-0001,E-commerce,61,79.9,4873.9
2025-12,CI-0001,Marketplace,48,79.9,3835.2
2025-12,CI-0001,Loja própria,39,79.9,3116.1
2025-12,CI-0001,KA-01,21,79.9,1677.9
2025-12,CI-0001,KA-02,17,79.9,1358.3
2025-12,CI-0001,KA-03,15,79.9,1198.5
2025-12,CI-0001,KA-04,8,79.9,639.2
2025-12,CI-0001,KA-05,6,79.9,479.4
2026-01,CI-0001,E-commerce,64,79.9,5113.6
2026-01,CI-0001,Marketplace,50,79.9,3995
2026-01,CI-0001,Loja própria,41,79.9,3275.9
2026-01,CI-0001,KA-01,22,79.9,1757.8
2026-01,CI-0001,KA-02,18,79.9,1438.2
2026-01,CI-0001,KA-03,16,79.9,1278.4
2026-01,CI-0001,KA-04,9,79.9,719.1
2026-01,CI-0001,KA-05,6,79.9,479.4
2026-02,CI-0001,E-commerce,64,79.9,5113.6
2026-02,CI-0001,Marketplace,50,79.9,3995
2026-02,CI-0001,Loja própria,41,79.9,3275.9
2026-02,CI-0001,KA-01,22,79.9,1757.8
2026-02,CI-0001,KA-02,18,79.9,1438.2
2026-02,CI-0001,KA-03,16,79.9,1278.4
2026-02,CI-0001,KA-04,9,79.9,719.1
2026-02,CI-0001,KA-05,6,79.9,479.4
2026-03,CI-0001,E-commerce,61,79.9,4873.9
2026-03,CI-0001,Marketplace,48,79.9,3835.2
2026-03,CI-0001,Loja própria,39,79.9,3116.1
2026-03,CI-0001,KA-01,22,79.9,1757.8
2026-03,CI-0001,KA-02,17,79.9,1358.3
2026-03,CI-0001,KA-03,15,79.9,1198.5
2026-03,CI-0001,KA-04,8,79.9,639.2
2026-03,CI-0001,KA-05,6,79.9,479.4
2026-04,CI-0001,E-commerce,59,79.9,4714.1
2026-04,CI-0001,Marketplace,46,79.9,3675.4
2026-04,CI-0001,Loja própria,38,79.9,3036.2
2026-04,CI-0001,KA-01,21,79.9,1677.9
2026-04,CI-0001,KA-02,17,79.9,1358.3
2026-04,CI-0001,KA-03,14,79.9,1118.6
2026-04,CI-0001,KA-04,8,79.9,639.2
2026-04,CI-0001,KA-05,6,79.9,479.4
2026-05,CI-0001,E-commerce,59,79.9,4714.1
2026-05,CI-0001,Marketplace,47,79.9,3755.3
2026-05,CI-0001,Loja própria,38,79.9,3036.2
2026-05,CI-0001,KA-01,21,79.9,1677.9
2026-05,CI-0001,KA-02,17,79.9,1358.3
2026-05,CI-0001,KA-03,14,79.9,1118.6
2026-05,CI-0001,KA-04,8,79.9,639.2
2026-05,CI-0001,KA-05,6,79.9,479.4
2026-06,CI-0001,E-commerce,57,79.9,4554.3
2026-06,CI-0001,Marketplace,44,79.9,3515.6
2026-06,CI-0001,Loja própria,36,79.9,2876.4
2026-06,CI-0001,KA-01,20,79.9,1598
2026-06,CI-0001,KA-02,16,79.9,1278.4
2026-06,CI-0001,KA-03,14,79.9,1118.6
2026-06,CI-0001,KA-04,8,79.9,639.2
2026-06,CI-0001,KA-05,6,79.9,479.4
2026-07,CI-0001,E-commerce,58,79.9,4634.2
2026-07,CI-0001,Marketplace,46,79.9,3675.4
2026-07,CI-0001,Loja própria,37,79.9,2956.3
2026-07,CI-0001,KA-01,21,79.9,1677.9
2026-07,CI-0001,KA-02,16,79.9,1278.4
2026-07,CI-0001,KA-03,14,79.9,1118.6
2026-07,CI-0001,KA-04,8,79.9,639.2
2026-07,CI-0001,KA-05,6,79.9,479.4
2026-08,CI-0001,E-commerce,64,79.9,5113.6
2026-08,CI-0001,Marketplace,51,79.9,4074.9
2026-08,CI-0001,Loja própria,41,79.9,3275.9
2026-08,CI-0001,KA-01,23,79.9,1837.7
2026-08,CI-0001,KA-02,18,79.9,1438.2
2026-08,CI-0001,KA-03,16,79.9,1278.4
2026-08,CI-0001,KA-04,9,79.9,719.1
2026-08,CI-0001,KA-05,6,79.9,479.4
2024-09,CI-0002,E-commerce,60,84.9,5094
2024-09,CI-0002,Marketplace,47,84.9,3990.3
2024-09,CI-0002,Loja própria,39,84.9,3311.1
2024-09,CI-0002,KA-01,21,84.9,1782.9
2024-09,CI-0002,KA-02,17,84.9,1443.3
2024-09,CI-0002,KA-03,15,84.9,1273.5
2024-09,CI-0002,KA-04,8,84.9,679.2
2024-09,CI-0002,KA-05,6,84.9,509.4
2024-10,CI-0002,E-commerce,58,84.9,4924.2
2024-10,CI-0002,Marketplace,45,84.9,3820.5
2024-10,CI-0002,Loja própria,37,84.9,3141.3
2024-10,CI-0002,KA-01,20,84.9,1698
2024-10,CI-0002,KA-02,16,84.9,1358.4
2024-10,CI-0002,KA-03,14,84.9,1188.6
2024-10,CI-0002,KA-04,8,84.9,679.2
2024-10,CI-0002,KA-05,6,84.9,509.4
2024-11,CI-0002,E-commerce,85,84.9,7216.5
2024-11,CI-0002,Marketplace,66,84.9,5603.4
2024-11,CI-0002,Loja própria,54,84.9,4584.6
2024-11,CI-0002,KA-01,30,84.9,2547
2024-11,CI-0002,KA-02,24,84.9,2037.6
2024-11,CI-0002,KA-03,21,84.9,1782.9
2024-11,CI-0002,KA-04,12,84.9,1018.8
2024-11,CI-0002,KA-05,9,84.9,764.1
2024-12,CI-0002,E-commerce,54,84.9,4584.6
2024-12,CI-0002,Marketplace,43,84.9,3650.7
2024-12,CI-0002,Loja própria,35,84.9,2971.5
2024-12,CI-0002,KA-01,19,84.9,1613.1
2024-12,CI-0002,KA-02,15,84.9,1273.5
2024-12,CI-0002,KA-03,13,84.9,1103.7
2024-12,CI-0002,KA-04,7,84.9,594.3
2024-12,CI-0002,KA-05,5,84.9,424.5
2025-01,CI-0002,E-commerce,52,84.9,4414.8
2025-01,CI-0002,Marketplace,41,84.9,3480.9
2025-01,CI-0002,Loja própria,33,84.9,2801.7
2025-01,CI-0002,KA-01,18,84.9,1528.2
2025-01,CI-0002,KA-02,14,84.9,1188.6
2025-01,CI-0002,KA-03,13,84.9,1103.7
2025-01,CI-0002,KA-04,7,84.9,594.3
2025-01,CI-0002,KA-05,5,84.9,424.5
2025-02,CI-0002,E-commerce,61,84.9,5178.9
2025-02,CI-0002,Marketplace,47,84.9,3990.3
2025-02,CI-0002,Loja própria,39,84.9,3311.1
2025-02,CI-0002,KA-01,21,84.9,1782.9
2025-02,CI-0002,KA-02,17,84.9,1443.3
2025-02,CI-0002,KA-03,15,84.9,1273.5
2025-02,CI-0002,KA-04,8,84.9,679.2
2025-02,CI-0002,KA-05,6,84.9,509.4
2025-03,CI-0002,E-commerce,51,84.9,4329.9
2025-03,CI-0002,Marketplace,40,84.9,3396
2025-03,CI-0002,Loja própria,33,84.9,2801.7
2025-03,CI-0002,KA-01,18,84.9,1528.2
2025-03,CI-0002,KA-02,14,84.9,1188.6
2025-03,CI-0002,KA-03,12,84.9,1018.8
2025-03,CI-0002,KA-04,7,84.9,594.3
2025-03,CI-0002,KA-05,5,84.9,424.5
2025-04,CI-0002,E-commerce,54,84.9,4584.6
2025-04,CI-0002,Marketplace,42,84.9,3565.8
2025-04,CI-0002,Loja própria,34,84.9,2886.6
2025-04,CI-0002,KA-01,19,84.9,1613.1
2025-04,CI-0002,KA-02,15,84.9,1273.5
2025-04,CI-0002,KA-03,13,84.9,1103.7
2025-04,CI-0002,KA-04,7,84.9,594.3
2025-04,CI-0002,KA-05,5,84.9,424.5
2025-05,CI-0002,E-commerce,52,84.9,4414.8
2025-05,CI-0002,Marketplace,41,84.9,3480.9
2025-05,CI-0002,Loja própria,33,84.9,2801.7
2025-05,CI-0002,KA-01,18,84.9,1528.2
2025-05,CI-0002,KA-02,15,84.9,1273.5
2025-05,CI-0002,KA-03,13,84.9,1103.7
2025-05,CI-0002,KA-04,7,84.9,594.3
2025-05,CI-0002,KA-05,5,84.9,424.5
2025-06,CI-0002,E-commerce,64,84.9,5433.6
2025-06,CI-0002,Marketplace,50,84.9,4245
2025-06,CI-0002,Loja própria,41,84.9,3480.9
2025-06,CI-0002,KA-01,23,84.9,1952.7
2025-06,CI-0002,KA-02,18,84.9,1528.2
2025-06,CI-0002,KA-03,16,84.9,1358.4
2025-06,CI-0002,KA-04,9,84.9,764.1
2025-06,CI-0002,KA-05,6,84.9,509.4
2025-07,CI-0002,E-commerce,64,84.9,5433.6
2025-07,CI-0002,Marketplace,50,84.9,4245
2025-07,CI-0002,Loja própria,41,84.9,3480.9
2025-07,CI-0002,KA-01,23,84.9,1952.7
2025-07,CI-0002,KA-02,18,84.9,1528.2
2025-07,CI-0002,KA-03,16,84.9,1358.4
2025-07,CI-0002,KA-04,9,84.9,764.1
2025-07,CI-0002,KA-05,6,84.9,509.4
2025-08,CI-0002,E-commerce,63,84.9,5348.7
2025-08,CI-0002,Marketplace,49,84.9,4160.1
2025-08,CI-0002,Loja própria,40,84.9,3396
2025-08,CI-0002,KA-01,22,84.9,1867.8
2025-08,CI-0002,KA-02,18,84.9,1528.2
2025-08,CI-0002,KA-03,15,84.9,1273.5
2025-08,CI-0002,KA-04,9,84.9,764.1
2025-08,CI-0002,KA-05,6,84.9,509.4
2025-09,CI-0002,E-commerce,57,84.9,4839.3
2025-09,CI-0002,Marketplace,45,84.9,3820.5
2025-09,CI-0002,Loja própria,37,84.9,3141.3
2025-09,CI-0002,KA-01,20,84.9,1698
2025-09,CI-0002,KA-02,16,84.9,1358.4
2025-09,CI-0002,KA-03,14,84.9,1188.6
2025-09,CI-0002,KA-04,8,84.9,679.2
2025-09,CI-0002,KA-05,6,84.9,509.4
2025-10,CI-0002,E-commerce,62,84.9,5263.8
2025-10,CI-0002,Marketplace,48,84.9,4075.2
2025-10,CI-0002,Loja própria,39,84.9,3311.1
2025-10,CI-0002,KA-01,22,84.9,1867.8
2025-10,CI-0002,KA-02,17,84.9,1443.3
2025-10,CI-0002,KA-03,15,84.9,1273.5
2025-10,CI-0002,KA-04,8,84.9,679.2
2025-10,CI-0002,KA-05,6,84.9,509.4
2025-11,CI-0002,E-commerce,71,84.9,6027.9
2025-11,CI-0002,Marketplace,56,84.9,4754.4
2025-11,CI-0002,Loja própria,46,84.9,3905.4
2025-11,CI-0002,KA-01,25,84.9,2122.5
2025-11,CI-0002,KA-02,20,84.9,1698
2025-11,CI-0002,KA-03,17,84.9,1443.3
2025-11,CI-0002,KA-04,10,84.9,849
2025-11,CI-0002,KA-05,7,84.9,594.3
2025-12,CI-0002,E-commerce,52,84.9,4414.8
2025-12,CI-0002,Marketplace,41,84.9,3480.9
2025-12,CI-0002,Loja própria,34,84.9,2886.6
2025-12,CI-0002,KA-01,18,84.9,1528.2
2025-12,CI-0002,KA-02,15,84.9,1273.5
2025-12,CI-0002,KA-03,13,84.9,1103.7
2025-12,CI-0002,KA-04,7,84.9,594.3
2025-12,CI-0002,KA-05,5,84.9,424.5
2026-01,CI-0002,E-commerce,63,84.9,5348.7
2026-01,CI-0002,Marketplace,49,84.9,4160.1
2026-01,CI-0002,Loja própria,40,84.9,3396
2026-01,CI-0002,KA-01,22,84.9,1867.8
2026-01,CI-0002,KA-02,18,84.9,1528.2
2026-01,CI-0002,KA-03,15,84.9,1273.5
2026-01,CI-0002,KA-04,9,84.9,764.1
2026-01,CI-0002,KA-05,6,84.9,509.4
2026-02,CI-0002,E-commerce,54,84.9,4584.6
2026-02,CI-0002,Marketplace,42,84.9,3565.8
2026-02,CI-0002,Loja própria,34,84.9,2886.6
2026-02,CI-0002,KA-01,19,84.9,1613.1
2026-02,CI-0002,KA-02,15,84.9,1273.5
2026-02,CI-0002,KA-03,13,84.9,1103.7
2026-02,CI-0002,KA-04,7,84.9,594.3
2026-02,CI-0002,KA-05,5,84.9,424.5
2026-03,CI-0002,E-commerce,62,84.9,5263.8
2026-03,CI-0002,Marketplace,48,84.9,4075.2
2026-03,CI-0002,Loja própria,39,84.9,3311.1
2026-03,CI-0002,KA-01,22,84.9,1867.8
2026-03,CI-0002,KA-02,17,84.9,1443.3
2026-03,CI-0002,KA-03,15,84.9,1273.5
2026-03,CI-0002,KA-04,8,84.9,679.2
2026-03,CI-0002,KA-05,6,84.9,509.4
2026-04,CI-0002,E-commerce,56,84.9,4754.4
2026-04,CI-0002,Marketplace,44,84.9,3735.6
2026-04,CI-0002,Loja própria,36,84.9,3056.4
2026-04,CI-0002,KA-01,20,84.9,1698
2026-04,CI-0002,KA-02,16,84.9,1358.4
2026-04,CI-0002,KA-03,14,84.9,1188.6
2026-04,CI-0002,KA-04,8,84.9,679.2
2026-04,CI-0002,KA-05,6,84.9,509.4
2026-05,CI-0002,E-commerce,60,84.9,5094
2026-05,CI-0002,Marketplace,47,84.9,3990.3
2026-05,CI-0002,Loja própria,38,84.9,3226.2
2026-05,CI-0002,KA-01,21,84.9,1782.9
2026-05,CI-0002,KA-02,17,84.9,1443.3
2026-05,CI-0002,KA-03,15,84.9,1273.5
2026-05,CI-0002,KA-04,8,84.9,679.2
2026-05,CI-0002,KA-05,6,84.9,509.4
2026-06,CI-0002,E-commerce,68,84.9,5773.2
2026-06,CI-0002,Marketplace,53,84.9,4499.7
2026-06,CI-0002,Loja própria,43,84.9,3650.7
2026-06,CI-0002,KA-01,24,84.9,2037.6
2026-06,CI-0002,KA-02,19,84.9,1613.1
2026-06,CI-0002,KA-03,17,84.9,1443.3
2026-06,CI-0002,KA-04,9,84.9,764.1
2026-06,CI-0002,KA-05,7,84.9,594.3
2026-07,CI-0002,E-commerce,63,84.9,5348.7
2026-07,CI-0002,Marketplace,49,84.9,4160.1
2026-07,CI-0002,Loja própria,40,84.9,3396
2026-07,CI-0002,KA-01,22,84.9,1867.8
2026-07,CI-0002,KA-02,18,84.9,1528.2
2026-07,CI-0002,KA-03,15,84.9,1273.5
2026-07,CI-0002,KA-04,9,84.9,764.1
2026-07,CI-0002,KA-05,6,84.9,509.4
2026-08,CI-0002,E-commerce,58,84.9,4924.2
2026-08,CI-0002,Marketplace,46,84.9,3905.4
2026-08,CI-0002,Loja própria,37,84.9,3141.3
2026-08,CI-0002,KA-01,21,84.9,1782.9
2026-08,CI-0002,KA-02,16,84.9,1358.4
2026-08,CI-0002,KA-03,14,84.9,1188.6
2026-08,CI-0002,KA-04,8,84.9,679.2
2026-08,CI-0002,KA-05,6,84.9,509.4
2024-09,CI-0003,E-commerce,65,89.9,5843.5
2024-09,CI-0003,Marketplace,51,89.9,4584.9
2024-09,CI-0003,Loja própria,42,89.9,3775.8
2024-09,CI-0003,KA-01,23,89.9,2067.7
2024-09,CI-0003,KA-02,18,89.9,1618.2
2024-09,CI-0003,KA-03,16,89.9,1438.4
2024-09,CI-0003,KA-04,9,89.9,809.1
2024-09,CI-0003,KA-05,7,89.9,629.3
2024-10,CI-0003,E-commerce,63,89.9,5663.7
2024-10,CI-0003,Marketplace,49,89.9,4405.1
2024-10,CI-0003,Loja própria,40,89.9,3596
2024-10,CI-0003,KA-01,22,89.9,1977.8
2024-10,CI-0003,KA-02,18,89.9,1618.2
2024-10,CI-0003,KA-03,15,89.9,1348.5
2024-10,CI-0003,KA-04,9,89.9,809.1
2024-10,CI-0003,KA-05,6,89.9,539.4
2024-11,CI-0003,E-commerce,91,89.9,8180.9
2024-11,CI-0003,Marketplace,71,89.9,6382.9
2024-11,CI-0003,Loja própria,58,89.9,5214.2
2024-11,CI-0003,KA-01,32,89.9,2876.8
2024-11,CI-0003,KA-02,26,89.9,2337.4
2024-11,CI-0003,KA-03,22,89.9,1977.8
2024-11,CI-0003,KA-04,13,89.9,1168.7
2024-11,CI-0003,KA-05,9,89.9,809.1
2024-12,CI-0003,E-commerce,77,89.9,6922.3
2024-12,CI-0003,Marketplace,60,89.9,5394
2024-12,CI-0003,Loja própria,49,89.9,4405.1
2024-12,CI-0003,KA-01,27,89.9,2427.3
2024-12,CI-0003,KA-02,22,89.9,1977.8
2024-12,CI-0003,KA-03,19,89.9,1708.1
2024-12,CI-0003,KA-04,11,89.9,988.9
2024-12,CI-0003,KA-05,8,89.9,719.2
2025-01,CI-0003,E-commerce,78,89.9,7012.2
2025-01,CI-0003,Marketplace,62,89.9,5573.8
2025-01,CI-0003,Loja própria,50,89.9,4495
2025-01,CI-0003,KA-01,28,89.9,2517.2
2025-01,CI-0003,KA-02,22,89.9,1977.8
2025-01,CI-0003,KA-03,19,89.9,1708.1
2025-01,CI-0003,KA-04,11,89.9,988.9
2025-01,CI-0003,KA-05,8,89.9,719.2
2025-02,CI-0003,E-commerce,65,89.9,5843.5
2025-02,CI-0003,Marketplace,51,89.9,4584.9
2025-02,CI-0003,Loja própria,42,89.9,3775.8
2025-02,CI-0003,KA-01,23,89.9,2067.7
2025-02,CI-0003,KA-02,18,89.9,1618.2
2025-02,CI-0003,KA-03,16,89.9,1438.4
2025-02,CI-0003,KA-04,9,89.9,809.1
2025-02,CI-0003,KA-05,7,89.9,629.3
2025-03,CI-0003,E-commerce,63,89.9,5663.7
2025-03,CI-0003,Marketplace,50,89.9,4495
2025-03,CI-0003,Loja própria,41,89.9,3685.9
2025-03,CI-0003,KA-01,22,89.9,1977.8
2025-03,CI-0003,KA-02,18,89.9,1618.2
2025-03,CI-0003,KA-03,15,89.9,1348.5
2025-03,CI-0003,KA-04,9,89.9,809.1
2025-03,CI-0003,KA-05,6,89.9,539.4
2025-04,CI-0003,E-commerce,76,89.9,6832.4
2025-04,CI-0003,Marketplace,59,89.9,5304.1
2025-04,CI-0003,Loja própria,48,89.9,4315.2
2025-04,CI-0003,KA-01,27,89.9,2427.3
2025-04,CI-0003,KA-02,21,89.9,1887.9
2025-04,CI-0003,KA-03,19,89.9,1708.1
2025-04,CI-0003,KA-04,10,89.9,899
2025-04,CI-0003,KA-05,8,89.9,719.2
2025-05,CI-0003,E-commerce,78,89.9,7012.2
2025-05,CI-0003,Marketplace,61,89.9,5483.9
2025-05,CI-0003,Loja própria,50,89.9,4495
2025-05,CI-0003,KA-01,28,89.9,2517.2
2025-05,CI-0003,KA-02,22,89.9,1977.8
2025-05,CI-0003,KA-03,19,89.9,1708.1
2025-05,CI-0003,KA-04,11,89.9,988.9
2025-05,CI-0003,KA-05,8,89.9,719.2
2025-06,CI-0003,E-commerce,71,89.9,6382.9
2025-06,CI-0003,Marketplace,56,89.9,5034.4
2025-06,CI-0003,Loja própria,45,89.9,4045.5
2025-06,CI-0003,KA-01,25,89.9,2247.5
2025-06,CI-0003,KA-02,20,89.9,1798
2025-06,CI-0003,KA-03,17,89.9,1528.3
2025-06,CI-0003,KA-04,10,89.9,899
2025-06,CI-0003,KA-05,7,89.9,629.3
2025-07,CI-0003,E-commerce,75,89.9,6742.5
2025-07,CI-0003,Marketplace,59,89.9,5304.1
2025-07,CI-0003,Loja própria,48,89.9,4315.2
2025-07,CI-0003,KA-01,27,89.9,2427.3
2025-07,CI-0003,KA-02,21,89.9,1887.9
2025-07,CI-0003,KA-03,18,89.9,1618.2
2025-07,CI-0003,KA-04,10,89.9,899
2025-07,CI-0003,KA-05,8,89.9,719.2
2025-08,CI-0003,E-commerce,76,89.9,6832.4
2025-08,CI-0003,Marketplace,60,89.9,5394
2025-08,CI-0003,Loja própria,49,89.9,4405.1
2025-08,CI-0003,KA-01,27,89.9,2427.3
2025-08,CI-0003,KA-02,21,89.9,1887.9
2025-08,CI-0003,KA-03,19,89.9,1708.1
2025-08,CI-0003,KA-04,10,89.9,899
2025-08,CI-0003,KA-05,8,89.9,719.2
2025-09,CI-0003,E-commerce,65,89.9,5843.5
2025-09,CI-0003,Marketplace,51,89.9,4584.9
2025-09,CI-0003,Loja própria,41,89.9,3685.9
2025-09,CI-0003,KA-01,23,89.9,2067.7
2025-09,CI-0003,KA-02,18,89.9,1618.2
2025-09,CI-0003,KA-03,16,89.9,1438.4
2025-09,CI-0003,KA-04,9,89.9,809.1
2025-09,CI-0003,KA-05,6,89.9,539.4
2025-10,CI-0003,E-commerce,80,89.9,7192
2025-10,CI-0003,Marketplace,63,89.9,5663.7
2025-10,CI-0003,Loja própria,52,89.9,4674.8
2025-10,CI-0003,KA-01,28,89.9,2517.2
2025-10,CI-0003,KA-02,23,89.9,2067.7
2025-10,CI-0003,KA-03,20,89.9,1798
2025-10,CI-0003,KA-04,11,89.9,988.9
2025-10,CI-0003,KA-05,8,89.9,719.2
2025-11,CI-0003,E-commerce,106,89.9,9529.4
2025-11,CI-0003,Marketplace,83,89.9,7461.7
2025-11,CI-0003,Loja própria,68,89.9,6113.2
2025-11,CI-0003,KA-01,38,89.9,3416.2
2025-11,CI-0003,KA-02,30,89.9,2697
2025-11,CI-0003,KA-03,26,89.9,2337.4
2025-11,CI-0003,KA-04,15,89.9,1348.5
2025-11,CI-0003,KA-05,11,89.9,988.9
2025-12,CI-0003,E-commerce,75,89.9,6742.5
2025-12,CI-0003,Marketplace,58,89.9,5214.2
2025-12,CI-0003,Loja própria,48,89.9,4315.2
2025-12,CI-0003,KA-01,26,89.9,2337.4
2025-12,CI-0003,KA-02,21,89.9,1887.9
2025-12,CI-0003,KA-03,18,89.9,1618.2
2025-12,CI-0003,KA-04,10,89.9,899
2025-12,CI-0003,KA-05,8,89.9,719.2
2026-01,CI-0003,E-commerce,83,89.9,7461.7
2026-01,CI-0003,Marketplace,65,89.9,5843.5
2026-01,CI-0003,Loja própria,53,89.9,4764.7
2026-01,CI-0003,KA-01,29,89.9,2607.1
2026-01,CI-0003,KA-02,23,89.9,2067.7
2026-01,CI-0003,KA-03,20,89.9,1798
2026-01,CI-0003,KA-04,11,89.9,988.9
2026-01,CI-0003,KA-05,8,89.9,719.2
2026-02,CI-0003,E-commerce,78,89.9,7012.2
2026-02,CI-0003,Marketplace,61,89.9,5483.9
2026-02,CI-0003,Loja própria,50,89.9,4495
2026-02,CI-0003,KA-01,27,89.9,2427.3
2026-02,CI-0003,KA-02,22,89.9,1977.8
2026-02,CI-0003,KA-03,19,89.9,1708.1
2026-02,CI-0003,KA-04,11,89.9,988.9
2026-02,CI-0003,KA-05,8,89.9,719.2
2026-03,CI-0003,E-commerce,84,89.9,7551.6
2026-03,CI-0003,Marketplace,66,89.9,5933.4
2026-03,CI-0003,Loja própria,54,89.9,4854.6
2026-03,CI-0003,KA-01,30,89.9,2697
2026-03,CI-0003,KA-02,24,89.9,2157.6
2026-03,CI-0003,KA-03,21,89.9,1887.9
2026-03,CI-0003,KA-04,12,89.9,1078.8
2026-03,CI-0003,KA-05,9,89.9,809.1
2026-04,CI-0003,E-commerce,73,89.9,6562.7
2026-04,CI-0003,Marketplace,57,89.9,5124.3
2026-04,CI-0003,Loja própria,47,89.9,4225.3
2026-04,CI-0003,KA-01,26,89.9,2337.4
2026-04,CI-0003,KA-02,21,89.9,1887.9
2026-04,CI-0003,KA-03,18,89.9,1618.2
2026-04,CI-0003,KA-04,10,89.9,899
2026-04,CI-0003,KA-05,7,89.9,629.3
2026-05,CI-0003,E-commerce,81,89.9,7281.9
2026-05,CI-0003,Marketplace,64,89.9,5753.6
2026-05,CI-0003,Loja própria,52,89.9,4674.8
2026-05,CI-0003,KA-01,29,89.9,2607.1
2026-05,CI-0003,KA-02,23,89.9,2067.7
2026-05,CI-0003,KA-03,20,89.9,1798
2026-05,CI-0003,KA-04,11,89.9,988.9
2026-05,CI-0003,KA-05,8,89.9,719.2
2026-06,CI-0003,E-commerce,82,89.9,7371.8
2026-06,CI-0003,Marketplace,64,89.9,5753.6
2026-06,CI-0003,Loja própria,52,89.9,4674.8
2026-06,CI-0003,KA-01,29,89.9,2607.1
2026-06,CI-0003,KA-02,23,89.9,2067.7
2026-06,CI-0003,KA-03,20,89.9,1798
2026-06,CI-0003,KA-04,11,89.9,988.9
2026-06,CI-0003,KA-05,8,89.9,719.2
2026-07,CI-0003,E-commerce,68,89.9,6113.2
2026-07,CI-0003,Marketplace,54,89.9,4854.6
2026-07,CI-0003,Loja própria,44,89.9,3955.6
2026-07,CI-0003,KA-01,24,89.9,2157.6
2026-07,CI-0003,KA-02,19,89.9,1708.1
2026-07,CI-0003,KA-03,17,89.9,1528.3
2026-07,CI-0003,KA-04,9,89.9,809.1
2026-07,CI-0003,KA-05,7,89.9,629.3
2026-08,CI-0003,E-commerce,78,89.9,7012.2
2026-08,CI-0003,Marketplace,62,89.9,5573.8
2026-08,CI-0003,Loja própria,50,89.9,4495
2026-08,CI-0003,KA-01,28,89.9,2517.2
2026-08,CI-0003,KA-02,22,89.9,1977.8
2026-08,CI-0003,KA-03,19,89.9,1708.1
2026-08,CI-0003,KA-04,11,89.9,988.9
2026-08,CI-0003,KA-05,8,89.9,719.2
2024-09,CI-0004,E-commerce,79,104.9,8287.1
2024-09,CI-0004,Marketplace,62,104.9,6503.8
2024-09,CI-0004,Loja própria,51,104.9,5349.9
2024-09,CI-0004,KA-01,28,104.9,2937.2
2024-09,CI-0004,KA-02,22,104.9,2307.8
2024-09,CI-0004,KA-03,19,104.9,1993.1
2024-09,CI-0004,KA-04,11,104.9,1153.9
2024-09,CI-0004,KA-05,8,104.9,839.2
2024-10,CI-0004,E-commerce,84,104.9,8811.6
2024-10,CI-0004,Marketplace,66,104.9,6923.4
2024-10,CI-0004,Loja própria,54,104.9,5664.6
2024-10,CI-0004,KA-01,30,104.9,3147
2024-10,CI-0004,KA-02,24,104.9,2517.6
2024-10,CI-0004,KA-03,21,104.9,2202.9
2024-10,CI-0004,KA-04,12,104.9,1258.8
2024-10,CI-0004,KA-05,9,104.9,944.1
2024-11,CI-0004,E-commerce,136,104.9,14266.4
2024-11,CI-0004,Marketplace,106,104.9,11119.4
2024-11,CI-0004,Loja própria,87,104.9,9126.3
2024-11,CI-0004,KA-01,48,104.9,5035.2
2024-11,CI-0004,KA-02,38,104.9,3986.2
2024-11,CI-0004,KA-03,34,104.9,3566.6
2024-11,CI-0004,KA-04,19,104.9,1993.1
2024-11,CI-0004,KA-05,14,104.9,1468.6
2024-12,CI-0004,E-commerce,159,104.9,16679.1
2024-12,CI-0004,Marketplace,125,104.9,13112.5
2024-12,CI-0004,Loja própria,102,104.9,10699.8
2024-12,CI-0004,KA-01,57,104.9,5979.3
2024-12,CI-0004,KA-02,45,104.9,4720.5
2024-12,CI-0004,KA-03,39,104.9,4091.1
2024-12,CI-0004,KA-04,22,104.9,2307.8
2024-12,CI-0004,KA-05,17,104.9,1783.3
2025-01,CI-0004,E-commerce,148,104.9,15525.2
2025-01,CI-0004,Marketplace,116,104.9,12168.4
2025-01,CI-0004,Loja própria,95,104.9,9965.5
2025-01,CI-0004,KA-01,52,104.9,5454.8
2025-01,CI-0004,KA-02,42,104.9,4405.8
2025-01,CI-0004,KA-03,37,104.9,3881.3
2025-01,CI-0004,KA-04,21,104.9,2202.9
2025-01,CI-0004,KA-05,15,104.9,1573.5
2025-02,CI-0004,E-commerce,94,104.9,9860.6
2025-02,CI-0004,Marketplace,73,104.9,7657.7
2025-02,CI-0004,Loja própria,60,104.9,6294
2025-02,CI-0004,KA-01,33,104.9,3461.7
2025-02,CI-0004,KA-02,26,104.9,2727.4
2025-02,CI-0004,KA-03,23,104.9,2412.7
2025-02,CI-0004,KA-04,13,104.9,1363.7
2025-02,CI-0004,KA-05,10,104.9,1049
2025-03,CI-0004,E-commerce,95,104.9,9965.5
2025-03,CI-0004,Marketplace,74,104.9,7762.6
2025-03,CI-0004,Loja própria,61,104.9,6398.9
2025-03,CI-0004,KA-01,34,104.9,3566.6
2025-03,CI-0004,KA-02,27,104.9,2832.3
2025-03,CI-0004,KA-03,23,104.9,2412.7
2025-03,CI-0004,KA-04,13,104.9,1363.7
2025-03,CI-0004,KA-05,10,104.9,1049
2025-04,CI-0004,E-commerce,96,104.9,10070.4
2025-04,CI-0004,Marketplace,76,104.9,7972.4
2025-04,CI-0004,Loja própria,62,104.9,6503.8
2025-04,CI-0004,KA-01,34,104.9,3566.6
2025-04,CI-0004,KA-02,27,104.9,2832.3
2025-04,CI-0004,KA-03,24,104.9,2517.6
2025-04,CI-0004,KA-04,13,104.9,1363.7
2025-04,CI-0004,KA-05,10,104.9,1049
2025-05,CI-0004,E-commerce,111,104.9,11643.9
2025-05,CI-0004,Marketplace,87,104.9,9126.3
2025-05,CI-0004,Loja própria,71,104.9,7447.9
2025-05,CI-0004,KA-01,39,104.9,4091.1
2025-05,CI-0004,KA-02,31,104.9,3251.9
2025-05,CI-0004,KA-03,27,104.9,2832.3
2025-05,CI-0004,KA-04,15,104.9,1573.5
2025-05,CI-0004,KA-05,11,104.9,1153.9
2025-06,CI-0004,E-commerce,98,104.9,10280.2
2025-06,CI-0004,Marketplace,77,104.9,8077.3
2025-06,CI-0004,Loja própria,63,104.9,6608.7
2025-06,CI-0004,KA-01,35,104.9,3671.5
2025-06,CI-0004,KA-02,28,104.9,2937.2
2025-06,CI-0004,KA-03,24,104.9,2517.6
2025-06,CI-0004,KA-04,14,104.9,1468.6
2025-06,CI-0004,KA-05,10,104.9,1049
2025-07,CI-0004,E-commerce,106,104.9,11119.4
2025-07,CI-0004,Marketplace,83,104.9,8706.7
2025-07,CI-0004,Loja própria,68,104.9,7133.2
2025-07,CI-0004,KA-01,38,104.9,3986.2
2025-07,CI-0004,KA-02,30,104.9,3147
2025-07,CI-0004,KA-03,26,104.9,2727.4
2025-07,CI-0004,KA-04,15,104.9,1573.5
2025-07,CI-0004,KA-05,11,104.9,1153.9
2025-08,CI-0004,E-commerce,113,104.9,11853.7
2025-08,CI-0004,Marketplace,89,104.9,9336.1
2025-08,CI-0004,Loja própria,73,104.9,7657.7
2025-08,CI-0004,KA-01,40,104.9,4196
2025-08,CI-0004,KA-02,32,104.9,3356.8
2025-08,CI-0004,KA-03,28,104.9,2937.2
2025-08,CI-0004,KA-04,16,104.9,1678.4
2025-08,CI-0004,KA-05,12,104.9,1258.8
2025-09,CI-0004,E-commerce,104,104.9,10909.6
2025-09,CI-0004,Marketplace,81,104.9,8496.9
2025-09,CI-0004,Loja própria,66,104.9,6923.4
2025-09,CI-0004,KA-01,37,104.9,3881.3
2025-09,CI-0004,KA-02,29,104.9,3042.1
2025-09,CI-0004,KA-03,26,104.9,2727.4
2025-09,CI-0004,KA-04,14,104.9,1468.6
2025-09,CI-0004,KA-05,11,104.9,1153.9
2025-10,CI-0004,E-commerce,117,104.9,12273.3
2025-10,CI-0004,Marketplace,91,104.9,9545.9
2025-10,CI-0004,Loja própria,75,104.9,7867.5
2025-10,CI-0004,KA-01,41,104.9,4300.9
2025-10,CI-0004,KA-02,33,104.9,3461.7
2025-10,CI-0004,KA-03,29,104.9,3042.1
2025-10,CI-0004,KA-04,16,104.9,1678.4
2025-10,CI-0004,KA-05,12,104.9,1258.8
2025-11,CI-0004,E-commerce,170,104.9,17833
2025-11,CI-0004,Marketplace,133,104.9,13951.7
2025-11,CI-0004,Loja própria,109,104.9,11434.1
2025-11,CI-0004,KA-01,60,104.9,6294
2025-11,CI-0004,KA-02,48,104.9,5035.2
2025-11,CI-0004,KA-03,42,104.9,4405.8
2025-11,CI-0004,KA-04,24,104.9,2517.6
2025-11,CI-0004,KA-05,18,104.9,1888.2
2025-12,CI-0004,E-commerce,192,104.9,20140.8
2025-12,CI-0004,Marketplace,151,104.9,15839.9
2025-12,CI-0004,Loja própria,124,104.9,13007.6
2025-12,CI-0004,KA-01,68,104.9,7133.2
2025-12,CI-0004,KA-02,55,104.9,5769.5
2025-12,CI-0004,KA-03,48,104.9,5035.2
2025-12,CI-0004,KA-04,27,104.9,2832.3
2025-12,CI-0004,KA-05,20,104.9,2098
2026-01,CI-0004,E-commerce,197,104.9,20665.3
2026-01,CI-0004,Marketplace,155,104.9,16259.5
2026-01,CI-0004,Loja própria,127,104.9,13322.3
2026-01,CI-0004,KA-01,70,104.9,7343
2026-01,CI-0004,KA-02,56,104.9,5874.4
2026-01,CI-0004,KA-03,49,104.9,5140.1
2026-01,CI-0004,KA-04,28,104.9,2937.2
2026-01,CI-0004,KA-05,21,104.9,2202.9
2026-02,CI-0004,E-commerce,127,104.9,13322.3
2026-02,CI-0004,Marketplace,99,104.9,10385.1
2026-02,CI-0004,Loja própria,81,104.9,8496.9
2026-02,CI-0004,KA-01,45,104.9,4720.5
2026-02,CI-0004,KA-02,36,104.9,3776.4
2026-02,CI-0004,KA-03,31,104.9,3251.9
2026-02,CI-0004,KA-04,18,104.9,1888.2
2026-02,CI-0004,KA-05,13,104.9,1363.7
2026-03,CI-0004,E-commerce,119,104.9,12483.1
2026-03,CI-0004,Marketplace,93,104.9,9755.7
2026-03,CI-0004,Loja própria,76,104.9,7972.4
2026-03,CI-0004,KA-01,42,104.9,4405.8
2026-03,CI-0004,KA-02,34,104.9,3566.6
2026-03,CI-0004,KA-03,29,104.9,3042.1
2026-03,CI-0004,KA-04,17,104.9,1783.3
2026-03,CI-0004,KA-05,12,104.9,1258.8
2026-04,CI-0004,E-commerce,112,104.9,11748.8
2026-04,CI-0004,Marketplace,88,104.9,9231.2
2026-04,CI-0004,Loja própria,72,104.9,7552.8
2026-04,CI-0004,KA-01,40,104.9,4196
2026-04,CI-0004,KA-02,32,104.9,3356.8
2026-04,CI-0004,KA-03,28,104.9,2937.2
2026-04,CI-0004,KA-04,16,104.9,1678.4
2026-04,CI-0004,KA-05,12,104.9,1258.8
2026-05,CI-0004,E-commerce,141,104.9,14790.9
2026-05,CI-0004,Marketplace,111,104.9,11643.9
2026-05,CI-0004,Loja própria,91,104.9,9545.9
2026-05,CI-0004,KA-01,50,104.9,5245
2026-05,CI-0004,KA-02,40,104.9,4196
2026-05,CI-0004,KA-03,35,104.9,3671.5
2026-05,CI-0004,KA-04,20,104.9,2098
2026-05,CI-0004,KA-05,15,104.9,1573.5
2026-06,CI-0004,E-commerce,140,104.9,14686
2026-06,CI-0004,Marketplace,110,104.9,11539
2026-06,CI-0004,Loja própria,90,104.9,9441
2026-06,CI-0004,KA-01,50,104.9,5245
2026-06,CI-0004,KA-02,40,104.9,4196
2026-06,CI-0004,KA-03,35,104.9,3671.5
2026-06,CI-0004,KA-04,20,104.9,2098
2026-06,CI-0004,KA-05,15,104.9,1573.5
2026-07,CI-0004,E-commerce,143,104.9,15000.7
2026-07,CI-0004,Marketplace,113,104.9,11853.7
2026-07,CI-0004,Loja própria,92,104.9,9650.8
2026-07,CI-0004,KA-01,51,104.9,5349.9
2026-07,CI-0004,KA-02,41,104.9,4300.9
2026-07,CI-0004,KA-03,35,104.9,3671.5
2026-07,CI-0004,KA-04,20,104.9,2098
2026-07,CI-0004,KA-05,15,104.9,1573.5
2026-08,CI-0004,E-commerce,139,104.9,14581.1
2026-08,CI-0004,Marketplace,109,104.9,11434.1
2026-08,CI-0004,Loja própria,89,104.9,9336.1
2026-08,CI-0004,KA-01,49,104.9,5140.1
2026-08,CI-0004,KA-02,39,104.9,4091.1
2026-08,CI-0004,KA-03,34,104.9,3566.6
2026-08,CI-0004,KA-04,19,104.9,1993.1
2026-08,CI-0004,KA-05,14,104.9,1468.6
2024-09,CI-0005,E-commerce,98,39.9,3910.2
2024-09,CI-0005,Marketplace,77,39.9,3072.3
2024-09,CI-0005,Loja própria,63,39.9,2513.7
2024-09,CI-0005,KA-01,35,39.9,1396.5
2024-09,CI-0005,KA-02,28,39.9,1117.2
2024-09,CI-0005,KA-03,24,39.9,957.6
2024-09,CI-0005,KA-04,14,39.9,558.6
2024-09,CI-0005,KA-05,10,39.9,399
2024-10,CI-0005,E-commerce,108,39.9,4309.2
2024-10,CI-0005,Marketplace,84,39.9,3351.6
2024-10,CI-0005,Loja própria,69,39.9,2753.1
2024-10,CI-0005,KA-01,38,39.9,1516.2
2024-10,CI-0005,KA-02,30,39.9,1197
2024-10,CI-0005,KA-03,27,39.9,1077.3
2024-10,CI-0005,KA-04,15,39.9,598.5
2024-10,CI-0005,KA-05,11,39.9,438.9
2024-11,CI-0005,E-commerce,125,39.9,4987.5
2024-11,CI-0005,Marketplace,98,39.9,3910.2
2024-11,CI-0005,Loja própria,80,39.9,3192
2024-11,CI-0005,KA-01,44,39.9,1755.6
2024-11,CI-0005,KA-02,35,39.9,1396.5
2024-11,CI-0005,KA-03,31,39.9,1236.9
2024-11,CI-0005,KA-04,17,39.9,678.3
2024-11,CI-0005,KA-05,13,39.9,518.7
2024-12,CI-0005,E-commerce,112,39.9,4468.8
2024-12,CI-0005,Marketplace,88,39.9,3511.2
2024-12,CI-0005,Loja própria,72,39.9,2872.8
2024-12,CI-0005,KA-01,40,39.9,1596
2024-12,CI-0005,KA-02,32,39.9,1276.8
2024-12,CI-0005,KA-03,28,39.9,1117.2
2024-12,CI-0005,KA-04,16,39.9,638.4
2024-12,CI-0005,KA-05,12,39.9,478.8
2025-01,CI-0005,E-commerce,112,39.9,4468.8
2025-01,CI-0005,Marketplace,88,39.9,3511.2
2025-01,CI-0005,Loja própria,72,39.9,2872.8
2025-01,CI-0005,KA-01,40,39.9,1596
2025-01,CI-0005,KA-02,32,39.9,1276.8
2025-01,CI-0005,KA-03,28,39.9,1117.2
2025-01,CI-0005,KA-04,16,39.9,638.4
2025-01,CI-0005,KA-05,12,39.9,478.8
2025-02,CI-0005,E-commerce,99,39.9,3950.1
2025-02,CI-0005,Marketplace,78,39.9,3112.2
2025-02,CI-0005,Loja própria,63,39.9,2513.7
2025-02,CI-0005,KA-01,35,39.9,1396.5
2025-02,CI-0005,KA-02,28,39.9,1117.2
2025-02,CI-0005,KA-03,24,39.9,957.6
2025-02,CI-0005,KA-04,14,39.9,558.6
2025-02,CI-0005,KA-05,10,39.9,399
2025-03,CI-0005,E-commerce,106,39.9,4229.4
2025-03,CI-0005,Marketplace,83,39.9,3311.7
2025-03,CI-0005,Loja própria,68,39.9,2713.2
2025-03,CI-0005,KA-01,37,39.9,1476.3
2025-03,CI-0005,KA-02,30,39.9,1197
2025-03,CI-0005,KA-03,26,39.9,1037.4
2025-03,CI-0005,KA-04,15,39.9,598.5
2025-03,CI-0005,KA-05,11,39.9,438.9
2025-04,CI-0005,E-commerce,110,39.9,4389
2025-04,CI-0005,Marketplace,86,39.9,3431.4
2025-04,CI-0005,Loja própria,70,39.9,2793
2025-04,CI-0005,KA-01,39,39.9,1556.1
2025-04,CI-0005,KA-02,31,39.9,1236.9
2025-04,CI-0005,KA-03,27,39.9,1077.3
2025-04,CI-0005,KA-04,15,39.9,598.5
2025-04,CI-0005,KA-05,11,39.9,438.9
2025-05,CI-0005,E-commerce,119,39.9,4748.1
2025-05,CI-0005,Marketplace,93,39.9,3710.7
2025-05,CI-0005,Loja própria,76,39.9,3032.4
2025-05,CI-0005,KA-01,42,39.9,1675.8
2025-05,CI-0005,KA-02,34,39.9,1356.6
2025-05,CI-0005,KA-03,29,39.9,1157.1
2025-05,CI-0005,KA-04,17,39.9,678.3
2025-05,CI-0005,KA-05,12,39.9,478.8
2025-06,CI-0005,E-commerce,126,39.9,5027.4
2025-06,CI-0005,Marketplace,99,39.9,3950.1
2025-06,CI-0005,Loja própria,81,39.9,3231.9
2025-06,CI-0005,KA-01,45,39.9,1795.5
2025-06,CI-0005,KA-02,36,39.9,1436.4
2025-06,CI-0005,KA-03,31,39.9,1236.9
2025-06,CI-0005,KA-04,18,39.9,718.2
2025-06,CI-0005,KA-05,13,39.9,518.7
2025-07,CI-0005,E-commerce,112,39.9,4468.8
2025-07,CI-0005,Marketplace,88,39.9,3511.2
2025-07,CI-0005,Loja própria,72,39.9,2872.8
2025-07,CI-0005,KA-01,40,39.9,1596
2025-07,CI-0005,KA-02,32,39.9,1276.8
2025-07,CI-0005,KA-03,28,39.9,1117.2
2025-07,CI-0005,KA-04,16,39.9,638.4
2025-07,CI-0005,KA-05,12,39.9,478.8
2025-08,CI-0005,E-commerce,126,39.9,5027.4
2025-08,CI-0005,Marketplace,99,39.9,3950.1
2025-08,CI-0005,Loja própria,81,39.9,3231.9
2025-08,CI-0005,KA-01,45,39.9,1795.5
2025-08,CI-0005,KA-02,36,39.9,1436.4
2025-08,CI-0005,KA-03,31,39.9,1236.9
2025-08,CI-0005,KA-04,18,39.9,718.2
2025-08,CI-0005,KA-05,13,39.9,518.7
2025-09,CI-0005,E-commerce,124,39.9,4947.6
2025-09,CI-0005,Marketplace,97,39.9,3870.3
2025-09,CI-0005,Loja própria,80,39.9,3192
2025-09,CI-0005,KA-01,44,39.9,1755.6
2025-09,CI-0005,KA-02,35,39.9,1396.5
2025-09,CI-0005,KA-03,31,39.9,1236.9
2025-09,CI-0005,KA-04,17,39.9,678.3
2025-09,CI-0005,KA-05,13,39.9,518.7
2025-10,CI-0005,E-commerce,140,39.9,5586
2025-10,CI-0005,Marketplace,110,39.9,4389
2025-10,CI-0005,Loja própria,90,39.9,3591
2025-10,CI-0005,KA-01,50,39.9,1995
2025-10,CI-0005,KA-02,40,39.9,1596
2025-10,CI-0005,KA-03,35,39.9,1396.5
2025-10,CI-0005,KA-04,20,39.9,798
2025-10,CI-0005,KA-05,15,39.9,598.5
2025-11,CI-0005,E-commerce,186,39.9,7421.4
2025-11,CI-0005,Marketplace,146,39.9,5825.4
2025-11,CI-0005,Loja própria,119,39.9,4748.1
2025-11,CI-0005,KA-01,66,39.9,2633.4
2025-11,CI-0005,KA-02,53,39.9,2114.7
2025-11,CI-0005,KA-03,46,39.9,1835.4
2025-11,CI-0005,KA-04,26,39.9,1037.4
2025-11,CI-0005,KA-05,19,39.9,758.1
2025-12,CI-0005,E-commerce,119,39.9,4748.1
2025-12,CI-0005,Marketplace,94,39.9,3750.6
2025-12,CI-0005,Loja própria,77,39.9,3072.3
2025-12,CI-0005,KA-01,42,39.9,1675.8
2025-12,CI-0005,KA-02,34,39.9,1356.6
2025-12,CI-0005,KA-03,29,39.9,1157.1
2025-12,CI-0005,KA-04,17,39.9,678.3
2025-12,CI-0005,KA-05,12,39.9,478.8
2026-01,CI-0005,E-commerce,122,39.9,4867.8
2026-01,CI-0005,Marketplace,95,39.9,3790.5
2026-01,CI-0005,Loja própria,78,39.9,3112.2
2026-01,CI-0005,KA-01,43,39.9,1715.7
2026-01,CI-0005,KA-02,34,39.9,1356.6
2026-01,CI-0005,KA-03,30,39.9,1197
2026-01,CI-0005,KA-04,17,39.9,678.3
2026-01,CI-0005,KA-05,13,39.9,518.7
2026-02,CI-0005,E-commerce,154,39.9,6144.6
2026-02,CI-0005,Marketplace,121,39.9,4827.9
2026-02,CI-0005,Loja própria,99,39.9,3950.1
2026-02,CI-0005,KA-01,55,39.9,2194.5
2026-02,CI-0005,KA-02,44,39.9,1755.6
2026-02,CI-0005,KA-03,38,39.9,1516.2
2026-02,CI-0005,KA-04,22,39.9,877.8
2026-02,CI-0005,KA-05,16,39.9,638.4
2026-03,CI-0005,E-commerce,144,39.9,5745.6
2026-03,CI-0005,Marketplace,113,39.9,4508.7
2026-03,CI-0005,Loja própria,92,39.9,3670.8
2026-03,CI-0005,KA-01,51,39.9,2034.9
2026-03,CI-0005,KA-02,41,39.9,1635.9
2026-03,CI-0005,KA-03,36,39.9,1436.4
2026-03,CI-0005,KA-04,20,39.9,798
2026-03,CI-0005,KA-05,15,39.9,598.5
2026-04,CI-0005,E-commerce,132,39.9,5266.8
2026-04,CI-0005,Marketplace,104,39.9,4149.6
2026-04,CI-0005,Loja própria,85,39.9,3391.5
2026-04,CI-0005,KA-01,47,39.9,1875.3
2026-04,CI-0005,KA-02,37,39.9,1476.3
2026-04,CI-0005,KA-03,33,39.9,1316.7
2026-04,CI-0005,KA-04,18,39.9,718.2
2026-04,CI-0005,KA-05,14,39.9,558.6
2026-05,CI-0005,E-commerce,155,39.9,6184.5
2026-05,CI-0005,Marketplace,122,39.9,4867.8
2026-05,CI-0005,Loja própria,100,39.9,3990
2026-05,CI-0005,KA-01,55,39.9,2194.5
2026-05,CI-0005,KA-02,44,39.9,1755.6
2026-05,CI-0005,KA-03,38,39.9,1516.2
2026-05,CI-0005,KA-04,22,39.9,877.8
2026-05,CI-0005,KA-05,16,39.9,638.4
2026-06,CI-0005,E-commerce,162,39.9,6463.8
2026-06,CI-0005,Marketplace,127,39.9,5067.3
2026-06,CI-0005,Loja própria,104,39.9,4149.6
2026-06,CI-0005,KA-01,57,39.9,2274.3
2026-06,CI-0005,KA-02,46,39.9,1835.4
2026-06,CI-0005,KA-03,40,39.9,1596
2026-06,CI-0005,KA-04,23,39.9,917.7
2026-06,CI-0005,KA-05,17,39.9,678.3
2026-07,CI-0005,E-commerce,151,39.9,6024.9
2026-07,CI-0005,Marketplace,119,39.9,4748.1
2026-07,CI-0005,Loja própria,97,39.9,3870.3
2026-07,CI-0005,KA-01,54,39.9,2154.6
2026-07,CI-0005,KA-02,43,39.9,1715.7
2026-07,CI-0005,KA-03,37,39.9,1476.3
2026-07,CI-0005,KA-04,21,39.9,837.9
2026-07,CI-0005,KA-05,16,39.9,638.4
2026-08,CI-0005,E-commerce,165,39.9,6583.5
2026-08,CI-0005,Marketplace,130,39.9,5187
2026-08,CI-0005,Loja própria,106,39.9,4229.4
2026-08,CI-0005,KA-01,59,39.9,2354.1
2026-08,CI-0005,KA-02,47,39.9,1875.3
2026-08,CI-0005,KA-03,41,39.9,1635.9
2026-08,CI-0005,KA-04,23,39.9,917.7
2026-08,CI-0005,KA-05,17,39.9,678.3
2024-09,CI-0006,E-commerce,115,19.9,2288.5
2024-09,CI-0006,Marketplace,90,19.9,1791
2024-09,CI-0006,Loja própria,74,19.9,1472.6
2024-09,CI-0006,KA-01,41,19.9,815.9
2024-09,CI-0006,KA-02,32,19.9,636.8
2024-09,CI-0006,KA-03,28,19.9,557.2
2024-09,CI-0006,KA-04,16,19.9,318.4
2024-09,CI-0006,KA-05,12,19.9,238.8
2024-10,CI-0006,E-commerce,104,19.9,2069.6
2024-10,CI-0006,Marketplace,82,19.9,1631.8
2024-10,CI-0006,Loja própria,67,19.9,1333.3
2024-10,CI-0006,KA-01,37,19.9,736.3
2024-10,CI-0006,KA-02,29,19.9,577.1
2024-10,CI-0006,KA-03,26,19.9,517.4
2024-10,CI-0006,KA-04,14,19.9,278.6
2024-10,CI-0006,KA-05,11,19.9,218.9
2024-11,CI-0006,E-commerce,141,19.9,2805.9
2024-11,CI-0006,Marketplace,110,19.9,2189
2024-11,CI-0006,Loja própria,90,19.9,1791
2024-11,CI-0006,KA-01,50,19.9,995
2024-11,CI-0006,KA-02,40,19.9,796
2024-11,CI-0006,KA-03,35,19.9,696.5
2024-11,CI-0006,KA-04,20,19.9,398
2024-11,CI-0006,KA-05,15,19.9,298.5
2024-12,CI-0006,E-commerce,101,19.9,2009.9
2024-12,CI-0006,Marketplace,79,19.9,1572.1
2024-12,CI-0006,Loja própria,65,19.9,1293.5
2024-12,CI-0006,KA-01,36,19.9,716.4
2024-12,CI-0006,KA-02,29,19.9,577.1
2024-12,CI-0006,KA-03,25,19.9,497.5
2024-12,CI-0006,KA-04,14,19.9,278.6
2024-12,CI-0006,KA-05,10,19.9,199
2025-01,CI-0006,E-commerce,101,19.9,2009.9
2025-01,CI-0006,Marketplace,79,19.9,1572.1
2025-01,CI-0006,Loja própria,65,19.9,1293.5
2025-01,CI-0006,KA-01,36,19.9,716.4
2025-01,CI-0006,KA-02,28,19.9,557.2
2025-01,CI-0006,KA-03,25,19.9,497.5
2025-01,CI-0006,KA-04,14,19.9,278.6
2025-01,CI-0006,KA-05,10,19.9,199
2025-02,CI-0006,E-commerce,111,19.9,2208.9
2025-02,CI-0006,Marketplace,87,19.9,1731.3
2025-02,CI-0006,Loja própria,71,19.9,1412.9
2025-02,CI-0006,KA-01,39,19.9,776.1
2025-02,CI-0006,KA-02,31,19.9,616.9
2025-02,CI-0006,KA-03,27,19.9,537.3
2025-02,CI-0006,KA-04,15,19.9,298.5
2025-02,CI-0006,KA-05,11,19.9,218.9
2025-03,CI-0006,E-commerce,105,19.9,2089.5
2025-03,CI-0006,Marketplace,82,19.9,1631.8
2025-03,CI-0006,Loja própria,67,19.9,1333.3
2025-03,CI-0006,KA-01,37,19.9,736.3
2025-03,CI-0006,KA-02,30,19.9,597
2025-03,CI-0006,KA-03,26,19.9,517.4
2025-03,CI-0006,KA-04,15,19.9,298.5
2025-03,CI-0006,KA-05,11,19.9,218.9
2025-04,CI-0006,E-commerce,113,19.9,2248.7
2025-04,CI-0006,Marketplace,89,19.9,1771.1
2025-04,CI-0006,Loja própria,73,19.9,1452.7
2025-04,CI-0006,KA-01,40,19.9,796
2025-04,CI-0006,KA-02,32,19.9,636.8
2025-04,CI-0006,KA-03,28,19.9,557.2
2025-04,CI-0006,KA-04,16,19.9,318.4
2025-04,CI-0006,KA-05,12,19.9,238.8
2025-05,CI-0006,E-commerce,129,19.9,2567.1
2025-05,CI-0006,Marketplace,102,19.9,2029.8
2025-05,CI-0006,Loja própria,83,19.9,1651.7
2025-05,CI-0006,KA-01,46,19.9,915.4
2025-05,CI-0006,KA-02,37,19.9,736.3
2025-05,CI-0006,KA-03,32,19.9,636.8
2025-05,CI-0006,KA-04,18,19.9,358.2
2025-05,CI-0006,KA-05,13,19.9,258.7
2025-06,CI-0006,E-commerce,122,19.9,2427.8
2025-06,CI-0006,Marketplace,96,19.9,1910.4
2025-06,CI-0006,Loja própria,78,19.9,1552.2
2025-06,CI-0006,KA-01,43,19.9,855.7
2025-06,CI-0006,KA-02,34,19.9,676.6
2025-06,CI-0006,KA-03,30,19.9,597
2025-06,CI-0006,KA-04,17,19.9,338.3
2025-06,CI-0006,KA-05,13,19.9,258.7
2025-07,CI-0006,E-commerce,106,19.9,2109.4
2025-07,CI-0006,Marketplace,83,19.9,1651.7
2025-07,CI-0006,Loja própria,68,19.9,1353.2
2025-07,CI-0006,KA-01,37,19.9,736.3
2025-07,CI-0006,KA-02,30,19.9,597
2025-07,CI-0006,KA-03,26,19.9,517.4
2025-07,CI-0006,KA-04,15,19.9,298.5
2025-07,CI-0006,KA-05,11,19.9,218.9
2025-08,CI-0006,E-commerce,122,19.9,2427.8
2025-08,CI-0006,Marketplace,96,19.9,1910.4
2025-08,CI-0006,Loja própria,78,19.9,1552.2
2025-08,CI-0006,KA-01,43,19.9,855.7
2025-08,CI-0006,KA-02,34,19.9,676.6
2025-08,CI-0006,KA-03,30,19.9,597
2025-08,CI-0006,KA-04,17,19.9,338.3
2025-08,CI-0006,KA-05,13,19.9,258.7
2025-09,CI-0006,E-commerce,132,19.9,2626.8
2025-09,CI-0006,Marketplace,104,19.9,2069.6
2025-09,CI-0006,Loja própria,85,19.9,1691.5
2025-09,CI-0006,KA-01,47,19.9,935.3
2025-09,CI-0006,KA-02,37,19.9,736.3
2025-09,CI-0006,KA-03,33,19.9,656.7
2025-09,CI-0006,KA-04,18,19.9,358.2
2025-09,CI-0006,KA-05,14,19.9,278.6
2025-10,CI-0006,E-commerce,129,19.9,2567.1
2025-10,CI-0006,Marketplace,101,19.9,2009.9
2025-10,CI-0006,Loja própria,82,19.9,1631.8
2025-10,CI-0006,KA-01,46,19.9,915.4
2025-10,CI-0006,KA-02,36,19.9,716.4
2025-10,CI-0006,KA-03,32,19.9,636.8
2025-10,CI-0006,KA-04,18,19.9,358.2
2025-10,CI-0006,KA-05,13,19.9,258.7
2025-11,CI-0006,E-commerce,150,19.9,2985
2025-11,CI-0006,Marketplace,118,19.9,2348.2
2025-11,CI-0006,Loja própria,96,19.9,1910.4
2025-11,CI-0006,KA-01,53,19.9,1054.7
2025-11,CI-0006,KA-02,43,19.9,855.7
2025-11,CI-0006,KA-03,37,19.9,736.3
2025-11,CI-0006,KA-04,21,19.9,417.9
2025-11,CI-0006,KA-05,16,19.9,318.4
2025-12,CI-0006,E-commerce,126,19.9,2507.4
2025-12,CI-0006,Marketplace,99,19.9,1970.1
2025-12,CI-0006,Loja própria,81,19.9,1611.9
2025-12,CI-0006,KA-01,45,19.9,895.5
2025-12,CI-0006,KA-02,36,19.9,716.4
2025-12,CI-0006,KA-03,31,19.9,616.9
2025-12,CI-0006,KA-04,18,19.9,358.2
2025-12,CI-0006,KA-05,13,19.9,258.7
2026-01,CI-0006,E-commerce,124,19.9,2467.6
2026-01,CI-0006,Marketplace,97,19.9,1930.3
2026-01,CI-0006,Loja própria,80,19.9,1592
2026-01,CI-0006,KA-01,44,19.9,875.6
2026-01,CI-0006,KA-02,35,19.9,696.5
2026-01,CI-0006,KA-03,31,19.9,616.9
2026-01,CI-0006,KA-04,17,19.9,338.3
2026-01,CI-0006,KA-05,13,19.9,258.7
2026-02,CI-0006,E-commerce,116,19.9,2308.4
2026-02,CI-0006,Marketplace,91,19.9,1810.9
2026-02,CI-0006,Loja própria,74,19.9,1472.6
2026-02,CI-0006,KA-01,41,19.9,815.9
2026-02,CI-0006,KA-02,33,19.9,656.7
2026-02,CI-0006,KA-03,29,19.9,577.1
2026-02,CI-0006,KA-04,16,19.9,318.4
2026-02,CI-0006,KA-05,12,19.9,238.8
2026-03,CI-0006,E-commerce,124,19.9,2467.6
2026-03,CI-0006,Marketplace,97,19.9,1930.3
2026-03,CI-0006,Loja própria,79,19.9,1572.1
2026-03,CI-0006,KA-01,44,19.9,875.6
2026-03,CI-0006,KA-02,35,19.9,696.5
2026-03,CI-0006,KA-03,31,19.9,616.9
2026-03,CI-0006,KA-04,17,19.9,338.3
2026-03,CI-0006,KA-05,13,19.9,258.7
2026-04,CI-0006,E-commerce,114,19.9,2268.6
2026-04,CI-0006,Marketplace,90,19.9,1791
2026-04,CI-0006,Loja própria,73,19.9,1452.7
2026-04,CI-0006,KA-01,41,19.9,815.9
2026-04,CI-0006,KA-02,32,19.9,636.8
2026-04,CI-0006,KA-03,28,19.9,557.2
2026-04,CI-0006,KA-04,16,19.9,318.4
2026-04,CI-0006,KA-05,12,19.9,238.8
2026-05,CI-0006,E-commerce,113,19.9,2248.7
2026-05,CI-0006,Marketplace,89,19.9,1771.1
2026-05,CI-0006,Loja própria,73,19.9,1452.7
2026-05,CI-0006,KA-01,40,19.9,796
2026-05,CI-0006,KA-02,32,19.9,636.8
2026-05,CI-0006,KA-03,28,19.9,557.2
2026-05,CI-0006,KA-04,16,19.9,318.4
2026-05,CI-0006,KA-05,12,19.9,238.8
2026-06,CI-0006,E-commerce,116,19.9,2308.4
2026-06,CI-0006,Marketplace,91,19.9,1810.9
2026-06,CI-0006,Loja própria,74,19.9,1472.6
2026-06,CI-0006,KA-01,41,19.9,815.9
2026-06,CI-0006,KA-02,33,19.9,656.7
2026-06,CI-0006,KA-03,29,19.9,577.1
2026-06,CI-0006,KA-04,16,19.9,318.4
2026-06,CI-0006,KA-05,12,19.9,238.8
2026-07,CI-0006,E-commerce,129,19.9,2567.1
2026-07,CI-0006,Marketplace,101,19.9,2009.9
2026-07,CI-0006,Loja própria,82,19.9,1631.8
2026-07,CI-0006,KA-01,46,19.9,915.4
2026-07,CI-0006,KA-02,36,19.9,716.4
2026-07,CI-0006,KA-03,32,19.9,636.8
2026-07,CI-0006,KA-04,18,19.9,358.2
2026-07,CI-0006,KA-05,13,19.9,258.7
2026-08,CI-0006,E-commerce,123,19.9,2447.7
2026-08,CI-0006,Marketplace,97,19.9,1930.3
2026-08,CI-0006,Loja própria,79,19.9,1572.1
2026-08,CI-0006,KA-01,44,19.9,875.6
2026-08,CI-0006,KA-02,35,19.9,696.5
2026-08,CI-0006,KA-03,30,19.9,597
2026-08,CI-0006,KA-04,17,19.9,338.3
2026-08,CI-0006,KA-05,13,19.9,258.7
2024-09,CI-0007,E-commerce,119,19.9,2368.1
2024-09,CI-0007,Marketplace,93,19.9,1850.7
2024-09,CI-0007,Loja própria,76,19.9,1512.4
2024-09,CI-0007,KA-01,42,19.9,835.8
2024-09,CI-0007,KA-02,34,19.9,676.6
2024-09,CI-0007,KA-03,29,19.9,577.1
2024-09,CI-0007,KA-04,17,19.9,338.3
2024-09,CI-0007,KA-05,12,19.9,238.8
2024-10,CI-0007,E-commerce,138,19.9,2746.2
2024-10,CI-0007,Marketplace,108,19.9,2149.2
2024-10,CI-0007,Loja própria,89,19.9,1771.1
2024-10,CI-0007,KA-01,49,19.9,975.1
2024-10,CI-0007,KA-02,39,19.9,776.1
2024-10,CI-0007,KA-03,34,19.9,676.6
2024-10,CI-0007,KA-04,19,19.9,378.1
2024-10,CI-0007,KA-05,14,19.9,278.6
2024-11,CI-0007,E-commerce,182,19.9,3621.8
2024-11,CI-0007,Marketplace,143,19.9,2845.7
2024-11,CI-0007,Loja própria,117,19.9,2328.3
2024-11,CI-0007,KA-01,65,19.9,1293.5
2024-11,CI-0007,KA-02,52,19.9,1034.8
2024-11,CI-0007,KA-03,45,19.9,895.5
2024-11,CI-0007,KA-04,26,19.9,517.4
2024-11,CI-0007,KA-05,19,19.9,378.1
2024-12,CI-0007,E-commerce,140,19.9,2786
2024-12,CI-0007,Marketplace,110,19.9,2189
2024-12,CI-0007,Loja própria,90,19.9,1791
2024-12,CI-0007,KA-01,50,19.9,995
2024-12,CI-0007,KA-02,40,19.9,796
2024-12,CI-0007,KA-03,35,19.9,696.5
2024-12,CI-0007,KA-04,20,19.9,398
2024-12,CI-0007,KA-05,15,19.9,298.5
2025-01,CI-0007,E-commerce,137,19.9,2726.3
2025-01,CI-0007,Marketplace,107,19.9,2129.3
2025-01,CI-0007,Loja própria,88,19.9,1751.2
2025-01,CI-0007,KA-01,49,19.9,975.1
2025-01,CI-0007,KA-02,39,19.9,776.1
2025-01,CI-0007,KA-03,34,19.9,676.6
2025-01,CI-0007,KA-04,19,19.9,378.1
2025-01,CI-0007,KA-05,14,19.9,278.6
2025-02,CI-0007,E-commerce,129,19.9,2567.1
2025-02,CI-0007,Marketplace,102,19.9,2029.8
2025-02,CI-0007,Loja própria,83,19.9,1651.7
2025-02,CI-0007,KA-01,46,19.9,915.4
2025-02,CI-0007,KA-02,37,19.9,736.3
2025-02,CI-0007,KA-03,32,19.9,636.8
2025-02,CI-0007,KA-04,18,19.9,358.2
2025-02,CI-0007,KA-05,13,19.9,258.7
2025-03,CI-0007,E-commerce,144,19.9,2865.6
2025-03,CI-0007,Marketplace,113,19.9,2248.7
2025-03,CI-0007,Loja própria,92,19.9,1830.8
2025-03,CI-0007,KA-01,51,19.9,1014.9
2025-03,CI-0007,KA-02,41,19.9,815.9
2025-03,CI-0007,KA-03,36,19.9,716.4
2025-03,CI-0007,KA-04,20,19.9,398
2025-03,CI-0007,KA-05,15,19.9,298.5
2025-04,CI-0007,E-commerce,121,19.9,2407.9
2025-04,CI-0007,Marketplace,95,19.9,1890.5
2025-04,CI-0007,Loja própria,78,19.9,1552.2
2025-04,CI-0007,KA-01,43,19.9,855.7
2025-04,CI-0007,KA-02,34,19.9,676.6
2025-04,CI-0007,KA-03,30,19.9,597
2025-04,CI-0007,KA-04,17,19.9,338.3
2025-04,CI-0007,KA-05,13,19.9,258.7
2025-05,CI-0007,E-commerce,133,19.9,2646.7
2025-05,CI-0007,Marketplace,104,19.9,2069.6
2025-05,CI-0007,Loja própria,85,19.9,1691.5
2025-05,CI-0007,KA-01,47,19.9,935.3
2025-05,CI-0007,KA-02,38,19.9,756.2
2025-05,CI-0007,KA-03,33,19.9,656.7
2025-05,CI-0007,KA-04,19,19.9,378.1
2025-05,CI-0007,KA-05,14,19.9,278.6
2025-06,CI-0007,E-commerce,116,19.9,2308.4
2025-06,CI-0007,Marketplace,91,19.9,1810.9
2025-06,CI-0007,Loja própria,75,19.9,1492.5
2025-06,CI-0007,KA-01,41,19.9,815.9
2025-06,CI-0007,KA-02,33,19.9,656.7
2025-06,CI-0007,KA-03,29,19.9,577.1
2025-06,CI-0007,KA-04,16,19.9,318.4
2025-06,CI-0007,KA-05,12,19.9,238.8
2025-07,CI-0007,E-commerce,124,19.9,2467.6
2025-07,CI-0007,Marketplace,97,19.9,1930.3
2025-07,CI-0007,Loja própria,80,19.9,1592
2025-07,CI-0007,KA-01,44,19.9,875.6
2025-07,CI-0007,KA-02,35,19.9,696.5
2025-07,CI-0007,KA-03,31,19.9,616.9
2025-07,CI-0007,KA-04,17,19.9,338.3
2025-07,CI-0007,KA-05,13,19.9,258.7
2025-08,CI-0007,E-commerce,124,19.9,2467.6
2025-08,CI-0007,Marketplace,97,19.9,1930.3
2025-08,CI-0007,Loja própria,79,19.9,1572.1
2025-08,CI-0007,KA-01,44,19.9,875.6
2025-08,CI-0007,KA-02,35,19.9,696.5
2025-08,CI-0007,KA-03,31,19.9,616.9
2025-08,CI-0007,KA-04,17,19.9,338.3
2025-08,CI-0007,KA-05,13,19.9,258.7
2025-09,CI-0007,E-commerce,139,19.9,2766.1
2025-09,CI-0007,Marketplace,109,19.9,2169.1
2025-09,CI-0007,Loja própria,89,19.9,1771.1
2025-09,CI-0007,KA-01,49,19.9,975.1
2025-09,CI-0007,KA-02,39,19.9,776.1
2025-09,CI-0007,KA-03,34,19.9,676.6
2025-09,CI-0007,KA-04,19,19.9,378.1
2025-09,CI-0007,KA-05,14,19.9,278.6
2025-10,CI-0007,E-commerce,128,19.9,2547.2
2025-10,CI-0007,Marketplace,100,19.9,1990
2025-10,CI-0007,Loja própria,82,19.9,1631.8
2025-10,CI-0007,KA-01,45,19.9,895.5
2025-10,CI-0007,KA-02,36,19.9,716.4
2025-10,CI-0007,KA-03,32,19.9,636.8
2025-10,CI-0007,KA-04,18,19.9,358.2
2025-10,CI-0007,KA-05,13,19.9,258.7
2025-11,CI-0007,E-commerce,191,19.9,3800.9
2025-11,CI-0007,Marketplace,150,19.9,2985
2025-11,CI-0007,Loja própria,123,19.9,2447.7
2025-11,CI-0007,KA-01,68,19.9,1353.2
2025-11,CI-0007,KA-02,54,19.9,1074.6
2025-11,CI-0007,KA-03,47,19.9,935.3
2025-11,CI-0007,KA-04,27,19.9,537.3
2025-11,CI-0007,KA-05,20,19.9,398
2025-12,CI-0007,E-commerce,121,19.9,2407.9
2025-12,CI-0007,Marketplace,95,19.9,1890.5
2025-12,CI-0007,Loja própria,77,19.9,1532.3
2025-12,CI-0007,KA-01,43,19.9,855.7
2025-12,CI-0007,KA-02,34,19.9,676.6
2025-12,CI-0007,KA-03,30,19.9,597
2025-12,CI-0007,KA-04,17,19.9,338.3
2025-12,CI-0007,KA-05,12,19.9,238.8
2026-01,CI-0007,E-commerce,146,19.9,2905.4
2026-01,CI-0007,Marketplace,114,19.9,2268.6
2026-01,CI-0007,Loja própria,93,19.9,1850.7
2026-01,CI-0007,KA-01,52,19.9,1034.8
2026-01,CI-0007,KA-02,41,19.9,815.9
2026-01,CI-0007,KA-03,36,19.9,716.4
2026-01,CI-0007,KA-04,20,19.9,398
2026-01,CI-0007,KA-05,15,19.9,298.5
2026-02,CI-0007,E-commerce,145,19.9,2885.5
2026-02,CI-0007,Marketplace,114,19.9,2268.6
2026-02,CI-0007,Loja própria,93,19.9,1850.7
2026-02,CI-0007,KA-01,52,19.9,1034.8
2026-02,CI-0007,KA-02,41,19.9,815.9
2026-02,CI-0007,KA-03,36,19.9,716.4
2026-02,CI-0007,KA-04,20,19.9,398
2026-02,CI-0007,KA-05,15,19.9,298.5
2026-03,CI-0007,E-commerce,127,19.9,2527.3
2026-03,CI-0007,Marketplace,100,19.9,1990
2026-03,CI-0007,Loja própria,81,19.9,1611.9
2026-03,CI-0007,KA-01,45,19.9,895.5
2026-03,CI-0007,KA-02,36,19.9,716.4
2026-03,CI-0007,KA-03,31,19.9,616.9
2026-03,CI-0007,KA-04,18,19.9,358.2
2026-03,CI-0007,KA-05,13,19.9,258.7
2026-04,CI-0007,E-commerce,140,19.9,2786
2026-04,CI-0007,Marketplace,110,19.9,2189
2026-04,CI-0007,Loja própria,90,19.9,1791
2026-04,CI-0007,KA-01,50,19.9,995
2026-04,CI-0007,KA-02,40,19.9,796
2026-04,CI-0007,KA-03,35,19.9,696.5
2026-04,CI-0007,KA-04,20,19.9,398
2026-04,CI-0007,KA-05,15,19.9,298.5
2026-05,CI-0007,E-commerce,145,19.9,2885.5
2026-05,CI-0007,Marketplace,114,19.9,2268.6
2026-05,CI-0007,Loja própria,93,19.9,1850.7
2026-05,CI-0007,KA-01,52,19.9,1034.8
2026-05,CI-0007,KA-02,41,19.9,815.9
2026-05,CI-0007,KA-03,36,19.9,716.4
2026-05,CI-0007,KA-04,20,19.9,398
2026-05,CI-0007,KA-05,15,19.9,298.5
2026-06,CI-0007,E-commerce,125,19.9,2487.5
2026-06,CI-0007,Marketplace,98,19.9,1950.2
2026-06,CI-0007,Loja própria,80,19.9,1592
2026-06,CI-0007,KA-01,44,19.9,875.6
2026-06,CI-0007,KA-02,35,19.9,696.5
2026-06,CI-0007,KA-03,31,19.9,616.9
2026-06,CI-0007,KA-04,17,19.9,338.3
2026-06,CI-0007,KA-05,13,19.9,258.7
2026-07,CI-0007,E-commerce,136,19.9,2706.4
2026-07,CI-0007,Marketplace,107,19.9,2129.3
2026-07,CI-0007,Loja própria,87,19.9,1731.3
2026-07,CI-0007,KA-01,48,19.9,955.2
2026-07,CI-0007,KA-02,38,19.9,756.2
2026-07,CI-0007,KA-03,34,19.9,676.6
2026-07,CI-0007,KA-04,19,19.9,378.1
2026-07,CI-0007,KA-05,14,19.9,278.6
2026-08,CI-0007,E-commerce,127,19.9,2527.3
2026-08,CI-0007,Marketplace,100,19.9,1990
2026-08,CI-0007,Loja própria,82,19.9,1631.8
2026-08,CI-0007,KA-01,45,19.9,895.5
2026-08,CI-0007,KA-02,36,19.9,716.4
2026-08,CI-0007,KA-03,31,19.9,616.9
2026-08,CI-0007,KA-04,18,19.9,358.2
2026-08,CI-0007,KA-05,13,19.9,258.7
2024-09,CI-0008,E-commerce,138,24.9,3436.2
2024-09,CI-0008,Marketplace,108,24.9,2689.2
2024-09,CI-0008,Loja própria,89,24.9,2216.1
2024-09,CI-0008,KA-01,49,24.9,1220.1
2024-09,CI-0008,KA-02,39,24.9,971.1
2024-09,CI-0008,KA-03,34,24.9,846.6
2024-09,CI-0008,KA-04,19,24.9,473.1
2024-09,CI-0008,KA-05,14,24.9,348.6
2024-10,CI-0008,E-commerce,134,24.9,3336.6
2024-10,CI-0008,Marketplace,105,24.9,2614.5
2024-10,CI-0008,Loja própria,86,24.9,2141.4
2024-10,CI-0008,KA-01,47,24.9,1170.3
2024-10,CI-0008,KA-02,38,24.9,946.2
2024-10,CI-0008,KA-03,33,24.9,821.7
2024-10,CI-0008,KA-04,19,24.9,473.1
2024-10,CI-0008,KA-05,14,24.9,348.6
2024-11,CI-0008,E-commerce,212,24.9,5278.8
2024-11,CI-0008,Marketplace,167,24.9,4158.3
2024-11,CI-0008,Loja própria,136,24.9,3386.4
2024-11,CI-0008,KA-01,76,24.9,1892.4
2024-11,CI-0008,KA-02,60,24.9,1494
2024-11,CI-0008,KA-03,53,24.9,1319.7
2024-11,CI-0008,KA-04,30,24.9,747
2024-11,CI-0008,KA-05,22,24.9,547.8
2024-12,CI-0008,E-commerce,151,24.9,3759.9
2024-12,CI-0008,Marketplace,119,24.9,2963.1
2024-12,CI-0008,Loja própria,97,24.9,2415.3
2024-12,CI-0008,KA-01,54,24.9,1344.6
2024-12,CI-0008,KA-02,43,24.9,1070.7
2024-12,CI-0008,KA-03,37,24.9,921.3
2024-12,CI-0008,KA-04,21,24.9,522.9
2024-12,CI-0008,KA-05,16,24.9,398.4
2025-01,CI-0008,E-commerce,159,24.9,3959.1
2025-01,CI-0008,Marketplace,125,24.9,3112.5
2025-01,CI-0008,Loja própria,102,24.9,2539.8
2025-01,CI-0008,KA-01,57,24.9,1419.3
2025-01,CI-0008,KA-02,45,24.9,1120.5
2025-01,CI-0008,KA-03,39,24.9,971.1
2025-01,CI-0008,KA-04,22,24.9,547.8
2025-01,CI-0008,KA-05,17,24.9,423.3
2025-02,CI-0008,E-commerce,135,24.9,3361.5
2025-02,CI-0008,Marketplace,106,24.9,2639.4
2025-02,CI-0008,Loja própria,87,24.9,2166.3
2025-02,CI-0008,KA-01,48,24.9,1195.2
2025-02,CI-0008,KA-02,38,24.9,946.2
2025-02,CI-0008,KA-03,33,24.9,821.7
2025-02,CI-0008,KA-04,19,24.9,473.1
2025-02,CI-0008,KA-05,14,24.9,348.6
2025-03,CI-0008,E-commerce,147,24.9,3660.3
2025-03,CI-0008,Marketplace,116,24.9,2888.4
2025-03,CI-0008,Loja própria,95,24.9,2365.5
2025-03,CI-0008,KA-01,52,24.9,1294.8
2025-03,CI-0008,KA-02,42,24.9,1045.8
2025-03,CI-0008,KA-03,36,24.9,896.4
2025-03,CI-0008,KA-04,21,24.9,522.9
2025-03,CI-0008,KA-05,15,24.9,373.5
2025-04,CI-0008,E-commerce,135,24.9,3361.5
2025-04,CI-0008,Marketplace,106,24.9,2639.4
2025-04,CI-0008,Loja própria,86,24.9,2141.4
2025-04,CI-0008,KA-01,48,24.9,1195.2
2025-04,CI-0008,KA-02,38,24.9,946.2
2025-04,CI-0008,KA-03,33,24.9,821.7
2025-04,CI-0008,KA-04,19,24.9,473.1
2025-04,CI-0008,KA-05,14,24.9,348.6
2025-05,CI-0008,E-commerce,144,24.9,3585.6
2025-05,CI-0008,Marketplace,113,24.9,2813.7
2025-05,CI-0008,Loja própria,92,24.9,2290.8
2025-05,CI-0008,KA-01,51,24.9,1269.9
2025-05,CI-0008,KA-02,41,24.9,1020.9
2025-05,CI-0008,KA-03,36,24.9,896.4
2025-05,CI-0008,KA-04,20,24.9,498
2025-05,CI-0008,KA-05,15,24.9,373.5
2025-06,CI-0008,E-commerce,152,24.9,3784.8
2025-06,CI-0008,Marketplace,119,24.9,2963.1
2025-06,CI-0008,Loja própria,98,24.9,2440.2
2025-06,CI-0008,KA-01,54,24.9,1344.6
2025-06,CI-0008,KA-02,43,24.9,1070.7
2025-06,CI-0008,KA-03,38,24.9,946.2
2025-06,CI-0008,KA-04,21,24.9,522.9
2025-06,CI-0008,KA-05,16,24.9,398.4
2025-07,CI-0008,E-commerce,145,24.9,3610.5
2025-07,CI-0008,Marketplace,113,24.9,2813.7
2025-07,CI-0008,Loja própria,93,24.9,2315.7
2025-07,CI-0008,KA-01,51,24.9,1269.9
2025-07,CI-0008,KA-02,41,24.9,1020.9
2025-07,CI-0008,KA-03,36,24.9,896.4
2025-07,CI-0008,KA-04,20,24.9,498
2025-07,CI-0008,KA-05,15,24.9,373.5
2025-08,CI-0008,E-commerce,136,24.9,3386.4
2025-08,CI-0008,Marketplace,107,24.9,2664.3
2025-08,CI-0008,Loja própria,87,24.9,2166.3
2025-08,CI-0008,KA-01,48,24.9,1195.2
2025-08,CI-0008,KA-02,38,24.9,946.2
2025-08,CI-0008,KA-03,34,24.9,846.6
2025-08,CI-0008,KA-04,19,24.9,473.1
2025-08,CI-0008,KA-05,14,24.9,348.6
2025-09,CI-0008,E-commerce,134,24.9,3336.6
2025-09,CI-0008,Marketplace,106,24.9,2639.4
2025-09,CI-0008,Loja própria,86,24.9,2141.4
2025-09,CI-0008,KA-01,48,24.9,1195.2
2025-09,CI-0008,KA-02,38,24.9,946.2
2025-09,CI-0008,KA-03,33,24.9,821.7
2025-09,CI-0008,KA-04,19,24.9,473.1
2025-09,CI-0008,KA-05,14,24.9,348.6
2025-10,CI-0008,E-commerce,139,24.9,3461.1
2025-10,CI-0008,Marketplace,109,24.9,2714.1
2025-10,CI-0008,Loja própria,89,24.9,2216.1
2025-10,CI-0008,KA-01,49,24.9,1220.1
2025-10,CI-0008,KA-02,39,24.9,971.1
2025-10,CI-0008,KA-03,34,24.9,846.6
2025-10,CI-0008,KA-04,19,24.9,473.1
2025-10,CI-0008,KA-05,14,24.9,348.6
2025-11,CI-0008,E-commerce,204,24.9,5079.6
2025-11,CI-0008,Marketplace,160,24.9,3984
2025-11,CI-0008,Loja própria,131,24.9,3261.9
2025-11,CI-0008,KA-01,73,24.9,1817.7
2025-11,CI-0008,KA-02,58,24.9,1444.2
2025-11,CI-0008,KA-03,51,24.9,1269.9
2025-11,CI-0008,KA-04,29,24.9,722.1
2025-11,CI-0008,KA-05,21,24.9,522.9
2025-12,CI-0008,E-commerce,133,24.9,3311.7
2025-12,CI-0008,Marketplace,104,24.9,2589.6
2025-12,CI-0008,Loja própria,85,24.9,2116.5
2025-12,CI-0008,KA-01,47,24.9,1170.3
2025-12,CI-0008,KA-02,38,24.9,946.2
2025-12,CI-0008,KA-03,33,24.9,821.7
2025-12,CI-0008,KA-04,19,24.9,473.1
2025-12,CI-0008,KA-05,14,24.9,348.6
2026-01,CI-0008,E-commerce,136,24.9,3386.4
2026-01,CI-0008,Marketplace,106,24.9,2639.4
2026-01,CI-0008,Loja própria,87,24.9,2166.3
2026-01,CI-0008,KA-01,48,24.9,1195.2
2026-01,CI-0008,KA-02,38,24.9,946.2
2026-01,CI-0008,KA-03,34,24.9,846.6
2026-01,CI-0008,KA-04,19,24.9,473.1
2026-01,CI-0008,KA-05,14,24.9,348.6
2026-02,CI-0008,E-commerce,145,24.9,3610.5
2026-02,CI-0008,Marketplace,114,24.9,2838.6
2026-02,CI-0008,Loja própria,93,24.9,2315.7
2026-02,CI-0008,KA-01,51,24.9,1269.9
2026-02,CI-0008,KA-02,41,24.9,1020.9
2026-02,CI-0008,KA-03,36,24.9,896.4
2026-02,CI-0008,KA-04,20,24.9,498
2026-02,CI-0008,KA-05,15,24.9,373.5
2026-03,CI-0008,E-commerce,143,24.9,3560.7
2026-03,CI-0008,Marketplace,112,24.9,2788.8
2026-03,CI-0008,Loja própria,92,24.9,2290.8
2026-03,CI-0008,KA-01,51,24.9,1269.9
2026-03,CI-0008,KA-02,40,24.9,996
2026-03,CI-0008,KA-03,35,24.9,871.5
2026-03,CI-0008,KA-04,20,24.9,498
2026-03,CI-0008,KA-05,15,24.9,373.5
2026-04,CI-0008,E-commerce,134,24.9,3336.6
2026-04,CI-0008,Marketplace,106,24.9,2639.4
2026-04,CI-0008,Loja própria,86,24.9,2141.4
2026-04,CI-0008,KA-01,48,24.9,1195.2
2026-04,CI-0008,KA-02,38,24.9,946.2
2026-04,CI-0008,KA-03,33,24.9,821.7
2026-04,CI-0008,KA-04,19,24.9,473.1
2026-04,CI-0008,KA-05,14,24.9,348.6
2026-05,CI-0008,E-commerce,144,24.9,3585.6
2026-05,CI-0008,Marketplace,113,24.9,2813.7
2026-05,CI-0008,Loja própria,93,24.9,2315.7
2026-05,CI-0008,KA-01,51,24.9,1269.9
2026-05,CI-0008,KA-02,41,24.9,1020.9
2026-05,CI-0008,KA-03,36,24.9,896.4
2026-05,CI-0008,KA-04,20,24.9,498
2026-05,CI-0008,KA-05,15,24.9,373.5
2026-06,CI-0008,E-commerce,147,24.9,3660.3
2026-06,CI-0008,Marketplace,116,24.9,2888.4
2026-06,CI-0008,Loja própria,95,24.9,2365.5
2026-06,CI-0008,KA-01,52,24.9,1294.8
2026-06,CI-0008,KA-02,42,24.9,1045.8
2026-06,CI-0008,KA-03,36,24.9,896.4
2026-06,CI-0008,KA-04,21,24.9,522.9
2026-06,CI-0008,KA-05,15,24.9,373.5
2026-07,CI-0008,E-commerce,149,24.9,3710.1
2026-07,CI-0008,Marketplace,117,24.9,2913.3
2026-07,CI-0008,Loja própria,96,24.9,2390.4
2026-07,CI-0008,KA-01,53,24.9,1319.7
2026-07,CI-0008,KA-02,42,24.9,1045.8
2026-07,CI-0008,KA-03,37,24.9,921.3
2026-07,CI-0008,KA-04,21,24.9,522.9
2026-07,CI-0008,KA-05,16,24.9,398.4
2026-08,CI-0008,E-commerce,153,24.9,3809.7
2026-08,CI-0008,Marketplace,120,24.9,2988
2026-08,CI-0008,Loja própria,98,24.9,2440.2
2026-08,CI-0008,KA-01,54,24.9,1344.6
2026-08,CI-0008,KA-02,43,24.9,1070.7
2026-08,CI-0008,KA-03,38,24.9,946.2
2026-08,CI-0008,KA-04,21,24.9,522.9
2026-08,CI-0008,KA-05,16,24.9,398.4
2024-09,CI-0009,E-commerce,171,29.9,5112.9
2024-09,CI-0009,Marketplace,134,29.9,4006.6
2024-09,CI-0009,Loja própria,110,29.9,3289
2024-09,CI-0009,KA-01,61,29.9,1823.9
2024-09,CI-0009,KA-02,48,29.9,1435.2
2024-09,CI-0009,KA-03,42,29.9,1255.8
2024-09,CI-0009,KA-04,24,29.9,717.6
2024-09,CI-0009,KA-05,18,29.9,538.2
2024-10,CI-0009,E-commerce,146,29.9,4365.4
2024-10,CI-0009,Marketplace,115,29.9,3438.5
2024-10,CI-0009,Loja própria,94,29.9,2810.6
2024-10,CI-0009,KA-01,52,29.9,1554.8
2024-10,CI-0009,KA-02,41,29.9,1225.9
2024-10,CI-0009,KA-03,36,29.9,1076.4
2024-10,CI-0009,KA-04,20,29.9,598
2024-10,CI-0009,KA-05,15,29.9,448.5
2024-11,CI-0009,E-commerce,209,29.9,6249.1
2024-11,CI-0009,Marketplace,164,29.9,4903.6
2024-11,CI-0009,Loja própria,134,29.9,4006.6
2024-11,CI-0009,KA-01,74,29.9,2212.6
2024-11,CI-0009,KA-02,59,29.9,1764.1
2024-11,CI-0009,KA-03,52,29.9,1554.8
2024-11,CI-0009,KA-04,29,29.9,867.1
2024-11,CI-0009,KA-05,22,29.9,657.8
2024-12,CI-0009,E-commerce,138,29.9,4126.2
2024-12,CI-0009,Marketplace,108,29.9,3229.2
2024-12,CI-0009,Loja própria,89,29.9,2661.1
2024-12,CI-0009,KA-01,49,29.9,1465.1
2024-12,CI-0009,KA-02,39,29.9,1166.1
2024-12,CI-0009,KA-03,34,29.9,1016.6
2024-12,CI-0009,KA-04,19,29.9,568.1
2024-12,CI-0009,KA-05,14,29.9,418.6
2025-01,CI-0009,E-commerce,136,29.9,4066.4
2025-01,CI-0009,Marketplace,106,29.9,3169.4
2025-01,CI-0009,Loja própria,87,29.9,2601.3
2025-01,CI-0009,KA-01,48,29.9,1435.2
2025-01,CI-0009,KA-02,38,29.9,1136.2
2025-01,CI-0009,KA-03,34,29.9,1016.6
2025-01,CI-0009,KA-04,19,29.9,568.1
2025-01,CI-0009,KA-05,14,29.9,418.6
2025-02,CI-0009,E-commerce,155,29.9,4634.5
2025-02,CI-0009,Marketplace,121,29.9,3617.9
2025-02,CI-0009,Loja própria,99,29.9,2960.1
2025-02,CI-0009,KA-01,55,29.9,1644.5
2025-02,CI-0009,KA-02,44,29.9,1315.6
2025-02,CI-0009,KA-03,38,29.9,1136.2
2025-02,CI-0009,KA-04,22,29.9,657.8
2025-02,CI-0009,KA-05,16,29.9,478.4
2025-03,CI-0009,E-commerce,138,29.9,4126.2
2025-03,CI-0009,Marketplace,108,29.9,3229.2
2025-03,CI-0009,Loja própria,88,29.9,2631.2
2025-03,CI-0009,KA-01,49,29.9,1465.1
2025-03,CI-0009,KA-02,39,29.9,1166.1
2025-03,CI-0009,KA-03,34,29.9,1016.6
2025-03,CI-0009,KA-04,19,29.9,568.1
2025-03,CI-0009,KA-05,14,29.9,418.6
2025-04,CI-0009,E-commerce,118,29.9,3528.2
2025-04,CI-0009,Marketplace,93,29.9,2780.7
2025-04,CI-0009,Loja própria,76,29.9,2272.4
2025-04,CI-0009,KA-01,42,29.9,1255.8
2025-04,CI-0009,KA-02,33,29.9,986.7
2025-04,CI-0009,KA-03,29,29.9,867.1
2025-04,CI-0009,KA-04,16,29.9,478.4
2025-04,CI-0009,KA-05,12,29.9,358.8
2025-05,CI-0009,E-commerce,139,29.9,4156.1
2025-05,CI-0009,Marketplace,109,29.9,3259.1
2025-05,CI-0009,Loja própria,89,29.9,2661.1
2025-05,CI-0009,KA-01,49,29.9,1465.1
2025-05,CI-0009,KA-02,39,29.9,1166.1
2025-05,CI-0009,KA-03,34,29.9,1016.6
2025-05,CI-0009,KA-04,19,29.9,568.1
2025-05,CI-0009,KA-05,14,29.9,418.6
2025-06,CI-0009,E-commerce,135,29.9,4036.5
2025-06,CI-0009,Marketplace,106,29.9,3169.4
2025-06,CI-0009,Loja própria,87,29.9,2601.3
2025-06,CI-0009,KA-01,48,29.9,1435.2
2025-06,CI-0009,KA-02,38,29.9,1136.2
2025-06,CI-0009,KA-03,33,29.9,986.7
2025-06,CI-0009,KA-04,19,29.9,568.1
2025-06,CI-0009,KA-05,14,29.9,418.6
2025-07,CI-0009,E-commerce,133,29.9,3976.7
2025-07,CI-0009,Marketplace,104,29.9,3109.6
2025-07,CI-0009,Loja própria,85,29.9,2541.5
2025-07,CI-0009,KA-01,47,29.9,1405.3
2025-07,CI-0009,KA-02,38,29.9,1136.2
2025-07,CI-0009,KA-03,33,29.9,986.7
2025-07,CI-0009,KA-04,19,29.9,568.1
2025-07,CI-0009,KA-05,14,29.9,418.6
2025-08,CI-0009,E-commerce,108,29.9,3229.2
2025-08,CI-0009,Marketplace,85,29.9,2541.5
2025-08,CI-0009,Loja própria,69,29.9,2063.1
2025-08,CI-0009,KA-01,38,29.9,1136.2
2025-08,CI-0009,KA-02,30,29.9,897
2025-08,CI-0009,KA-03,27,29.9,807.3
2025-08,CI-0009,KA-04,15,29.9,448.5
2025-08,CI-0009,KA-05,11,29.9,328.9
2025-09,CI-0009,E-commerce,101,29.9,3019.9
2025-09,CI-0009,Marketplace,80,29.9,2392
2025-09,CI-0009,Loja própria,65,29.9,1943.5
2025-09,CI-0009,KA-01,36,29.9,1076.4
2025-09,CI-0009,KA-02,29,29.9,867.1
2025-09,CI-0009,KA-03,25,29.9,747.5
2025-09,CI-0009,KA-04,14,29.9,418.6
2025-09,CI-0009,KA-05,10,29.9,299
2025-10,CI-0009,E-commerce,103,29.9,3079.7
2025-10,CI-0009,Marketplace,80,29.9,2392
2025-10,CI-0009,Loja própria,66,29.9,1973.4
2025-10,CI-0009,KA-01,36,29.9,1076.4
2025-10,CI-0009,KA-02,29,29.9,867.1
2025-10,CI-0009,KA-03,25,29.9,747.5
2025-10,CI-0009,KA-04,14,29.9,418.6
2025-10,CI-0009,KA-05,11,29.9,328.9
2025-11,CI-0009,E-commerce,162,29.9,4843.8
2025-11,CI-0009,Marketplace,127,29.9,3797.3
2025-11,CI-0009,Loja própria,104,29.9,3109.6
2025-11,CI-0009,KA-01,57,29.9,1704.3
2025-11,CI-0009,KA-02,46,29.9,1375.4
2025-11,CI-0009,KA-03,40,29.9,1196
2025-11,CI-0009,KA-04,23,29.9,687.7
2025-11,CI-0009,KA-05,17,29.9,508.3
2025-12,CI-0009,E-commerce,114,29.9,3408.6
2025-12,CI-0009,Marketplace,89,29.9,2661.1
2025-12,CI-0009,Loja própria,73,29.9,2182.7
2025-12,CI-0009,KA-01,40,29.9,1196
2025-12,CI-0009,KA-02,32,29.9,956.8
2025-12,CI-0009,KA-03,28,29.9,837.2
2025-12,CI-0009,KA-04,16,29.9,478.4
2025-12,CI-0009,KA-05,12,29.9,358.8
2026-01,CI-0009,E-commerce,103,29.9,3079.7
2026-01,CI-0009,Marketplace,81,29.9,2421.9
2026-01,CI-0009,Loja própria,66,29.9,1973.4
2026-01,CI-0009,KA-01,37,29.9,1106.3
2026-01,CI-0009,KA-02,29,29.9,867.1
2026-01,CI-0009,KA-03,25,29.9,747.5
2026-01,CI-0009,KA-04,14,29.9,418.6
2026-01,CI-0009,KA-05,11,29.9,328.9
2026-02,CI-0009,E-commerce,91,29.9,2720.9
2026-02,CI-0009,Marketplace,72,29.9,2152.8
2026-02,CI-0009,Loja própria,59,29.9,1764.1
2026-02,CI-0009,KA-01,32,29.9,956.8
2026-02,CI-0009,KA-02,26,29.9,777.4
2026-02,CI-0009,KA-03,22,29.9,657.8
2026-02,CI-0009,KA-04,13,29.9,388.7
2026-02,CI-0009,KA-05,9,29.9,269.1
2026-03,CI-0009,E-commerce,94,29.9,2810.6
2026-03,CI-0009,Marketplace,74,29.9,2212.6
2026-03,CI-0009,Loja própria,60,29.9,1794
2026-03,CI-0009,KA-01,33,29.9,986.7
2026-03,CI-0009,KA-02,26,29.9,777.4
2026-03,CI-0009,KA-03,23,29.9,687.7
2026-03,CI-0009,KA-04,13,29.9,388.7
2026-03,CI-0009,KA-05,10,29.9,299
2026-04,CI-0009,E-commerce,91,29.9,2720.9
2026-04,CI-0009,Marketplace,71,29.9,2122.9
2026-04,CI-0009,Loja própria,58,29.9,1734.2
2026-04,CI-0009,KA-01,32,29.9,956.8
2026-04,CI-0009,KA-02,26,29.9,777.4
2026-04,CI-0009,KA-03,22,29.9,657.8
2026-04,CI-0009,KA-04,13,29.9,388.7
2026-04,CI-0009,KA-05,9,29.9,269.1
2026-05,CI-0009,E-commerce,91,29.9,2720.9
2026-05,CI-0009,Marketplace,71,29.9,2122.9
2026-05,CI-0009,Loja própria,58,29.9,1734.2
2026-05,CI-0009,KA-01,32,29.9,956.8
2026-05,CI-0009,KA-02,26,29.9,777.4
2026-05,CI-0009,KA-03,22,29.9,657.8
2026-05,CI-0009,KA-04,13,29.9,388.7
2026-05,CI-0009,KA-05,9,29.9,269.1
2026-06,CI-0009,E-commerce,89,29.9,2661.1
2026-06,CI-0009,Marketplace,70,29.9,2093
2026-06,CI-0009,Loja própria,57,29.9,1704.3
2026-06,CI-0009,KA-01,32,29.9,956.8
2026-06,CI-0009,KA-02,25,29.9,747.5
2026-06,CI-0009,KA-03,22,29.9,657.8
2026-06,CI-0009,KA-04,12,29.9,358.8
2026-06,CI-0009,KA-05,9,29.9,269.1
2026-07,CI-0009,E-commerce,86,29.9,2571.4
2026-07,CI-0009,Marketplace,68,29.9,2033.2
2026-07,CI-0009,Loja própria,55,29.9,1644.5
2026-07,CI-0009,KA-01,31,29.9,926.9
2026-07,CI-0009,KA-02,24,29.9,717.6
2026-07,CI-0009,KA-03,21,29.9,627.9
2026-07,CI-0009,KA-04,12,29.9,358.8
2026-07,CI-0009,KA-05,9,29.9,269.1
2026-08,CI-0009,E-commerce,70,29.9,2093
2026-08,CI-0009,Marketplace,55,29.9,1644.5
2026-08,CI-0009,Loja própria,45,29.9,1345.5
2026-08,CI-0009,KA-01,25,29.9,747.5
2026-08,CI-0009,KA-02,20,29.9,598
2026-08,CI-0009,KA-03,17,29.9,508.3
2026-08,CI-0009,KA-04,10,29.9,299
2026-08,CI-0009,KA-05,7,29.9,209.3
2024-09,CI-0010,E-commerce,171,34.9,5967.9
2024-09,CI-0010,Marketplace,135,34.9,4711.5
2024-09,CI-0010,Loja própria,110,34.9,3839
2024-09,CI-0010,KA-01,61,34.9,2128.9
2024-09,CI-0010,KA-02,49,34.9,1710.1
2024-09,CI-0010,KA-03,42,34.9,1465.8
2024-09,CI-0010,KA-04,24,34.9,837.6
2024-09,CI-0010,KA-05,18,34.9,628.2
2024-10,CI-0010,E-commerce,191,34.9,6665.9
2024-10,CI-0010,Marketplace,150,34.9,5235
2024-10,CI-0010,Loja própria,123,34.9,4292.7
2024-10,CI-0010,KA-01,68,34.9,2373.2
2024-10,CI-0010,KA-02,54,34.9,1884.6
2024-10,CI-0010,KA-03,47,34.9,1640.3
2024-10,CI-0010,KA-04,27,34.9,942.3
2024-10,CI-0010,KA-05,20,34.9,698
2024-11,CI-0010,E-commerce,224,34.9,7817.6
2024-11,CI-0010,Marketplace,176,34.9,6142.4
2024-11,CI-0010,Loja própria,144,34.9,5025.6
2024-11,CI-0010,KA-01,80,34.9,2792
2024-11,CI-0010,KA-02,64,34.9,2233.6
2024-11,CI-0010,KA-03,56,34.9,1954.4
2024-11,CI-0010,KA-04,32,34.9,1116.8
2024-11,CI-0010,KA-05,24,34.9,837.6
2024-12,CI-0010,E-commerce,178,34.9,6212.2
2024-12,CI-0010,Marketplace,140,34.9,4886
2024-12,CI-0010,Loja própria,114,34.9,3978.6
2024-12,CI-0010,KA-01,63,34.9,2198.7
2024-12,CI-0010,KA-02,50,34.9,1745
2024-12,CI-0010,KA-03,44,34.9,1535.6
2024-12,CI-0010,KA-04,25,34.9,872.5
2024-12,CI-0010,KA-05,19,34.9,663.1
2025-01,CI-0010,E-commerce,169,34.9,5898.1
2025-01,CI-0010,Marketplace,133,34.9,4641.7
2025-01,CI-0010,Loja própria,109,34.9,3804.1
2025-01,CI-0010,KA-01,60,34.9,2094
2025-01,CI-0010,KA-02,48,34.9,1675.2
2025-01,CI-0010,KA-03,42,34.9,1465.8
2025-01,CI-0010,KA-04,24,34.9,837.6
2025-01,CI-0010,KA-05,18,34.9,628.2
2025-02,CI-0010,E-commerce,184,34.9,6421.6
2025-02,CI-0010,Marketplace,145,34.9,5060.5
2025-02,CI-0010,Loja própria,118,34.9,4118.2
2025-02,CI-0010,KA-01,66,34.9,2303.4
2025-02,CI-0010,KA-02,52,34.9,1814.8
2025-02,CI-0010,KA-03,46,34.9,1605.4
2025-02,CI-0010,KA-04,26,34.9,907.4
2025-02,CI-0010,KA-05,19,34.9,663.1
2025-03,CI-0010,E-commerce,154,34.9,5374.6
2025-03,CI-0010,Marketplace,121,34.9,4222.9
2025-03,CI-0010,Loja própria,99,34.9,3455.1
2025-03,CI-0010,KA-01,55,34.9,1919.5
2025-03,CI-0010,KA-02,44,34.9,1535.6
2025-03,CI-0010,KA-03,38,34.9,1326.2
2025-03,CI-0010,KA-04,22,34.9,767.8
2025-03,CI-0010,KA-05,16,34.9,558.4
2025-04,CI-0010,E-commerce,167,34.9,5828.3
2025-04,CI-0010,Marketplace,131,34.9,4571.9
2025-04,CI-0010,Loja própria,107,34.9,3734.3
2025-04,CI-0010,KA-01,59,34.9,2059.1
2025-04,CI-0010,KA-02,47,34.9,1640.3
2025-04,CI-0010,KA-03,41,34.9,1430.9
2025-04,CI-0010,KA-04,23,34.9,802.7
2025-04,CI-0010,KA-05,17,34.9,593.3
2025-05,CI-0010,E-commerce,180,34.9,6282
2025-05,CI-0010,Marketplace,141,34.9,4920.9
2025-05,CI-0010,Loja própria,115,34.9,4013.5
2025-05,CI-0010,KA-01,64,34.9,2233.6
2025-05,CI-0010,KA-02,51,34.9,1779.9
2025-05,CI-0010,KA-03,45,34.9,1570.5
2025-05,CI-0010,KA-04,25,34.9,872.5
2025-05,CI-0010,KA-05,19,34.9,663.1
2025-06,CI-0010,E-commerce,181,34.9,6316.9
2025-06,CI-0010,Marketplace,142,34.9,4955.8
2025-06,CI-0010,Loja própria,116,34.9,4048.4
2025-06,CI-0010,KA-01,64,34.9,2233.6
2025-06,CI-0010,KA-02,51,34.9,1779.9
2025-06,CI-0010,KA-03,45,34.9,1570.5
2025-06,CI-0010,KA-04,25,34.9,872.5
2025-06,CI-0010,KA-05,19,34.9,663.1
2025-07,CI-0010,E-commerce,181,34.9,6316.9
2025-07,CI-0010,Marketplace,142,34.9,4955.8
2025-07,CI-0010,Loja própria,116,34.9,4048.4
2025-07,CI-0010,KA-01,64,34.9,2233.6
2025-07,CI-0010,KA-02,51,34.9,1779.9
2025-07,CI-0010,KA-03,45,34.9,1570.5
2025-07,CI-0010,KA-04,25,34.9,872.5
2025-07,CI-0010,KA-05,19,34.9,663.1
2025-08,CI-0010,E-commerce,173,34.9,6037.7
2025-08,CI-0010,Marketplace,136,34.9,4746.4
2025-08,CI-0010,Loja própria,111,34.9,3873.9
2025-08,CI-0010,KA-01,62,34.9,2163.8
2025-08,CI-0010,KA-02,49,34.9,1710.1
2025-08,CI-0010,KA-03,43,34.9,1500.7
2025-08,CI-0010,KA-04,24,34.9,837.6
2025-08,CI-0010,KA-05,18,34.9,628.2
2025-09,CI-0010,E-commerce,179,34.9,6247.1
2025-09,CI-0010,Marketplace,141,34.9,4920.9
2025-09,CI-0010,Loja própria,115,34.9,4013.5
2025-09,CI-0010,KA-01,64,34.9,2233.6
2025-09,CI-0010,KA-02,51,34.9,1779.9
2025-09,CI-0010,KA-03,44,34.9,1535.6
2025-09,CI-0010,KA-04,25,34.9,872.5
2025-09,CI-0010,KA-05,19,34.9,663.1
2025-10,CI-0010,E-commerce,198,34.9,6910.2
2025-10,CI-0010,Marketplace,155,34.9,5409.5
2025-10,CI-0010,Loja própria,127,34.9,4432.3
2025-10,CI-0010,KA-01,70,34.9,2443
2025-10,CI-0010,KA-02,56,34.9,1954.4
2025-10,CI-0010,KA-03,49,34.9,1710.1
2025-10,CI-0010,KA-04,28,34.9,977.2
2025-10,CI-0010,KA-05,21,34.9,732.9
2025-11,CI-0010,E-commerce,270,34.9,9423
2025-11,CI-0010,Marketplace,212,34.9,7398.8
2025-11,CI-0010,Loja própria,173,34.9,6037.7
2025-11,CI-0010,KA-01,96,34.9,3350.4
2025-11,CI-0010,KA-02,77,34.9,2687.3
2025-11,CI-0010,KA-03,67,34.9,2338.3
2025-11,CI-0010,KA-04,38,34.9,1326.2
2025-11,CI-0010,KA-05,28,34.9,977.2
2025-12,CI-0010,E-commerce,181,34.9,6316.9
2025-12,CI-0010,Marketplace,142,34.9,4955.8
2025-12,CI-0010,Loja própria,116,34.9,4048.4
2025-12,CI-0010,KA-01,64,34.9,2233.6
2025-12,CI-0010,KA-02,51,34.9,1779.9
2025-12,CI-0010,KA-03,45,34.9,1570.5
2025-12,CI-0010,KA-04,25,34.9,872.5
2025-12,CI-0010,KA-05,19,34.9,663.1
2026-01,CI-0010,E-commerce,172,34.9,6002.8
2026-01,CI-0010,Marketplace,135,34.9,4711.5
2026-01,CI-0010,Loja própria,110,34.9,3839
2026-01,CI-0010,KA-01,61,34.9,2128.9
2026-01,CI-0010,KA-02,49,34.9,1710.1
2026-01,CI-0010,KA-03,43,34.9,1500.7
2026-01,CI-0010,KA-04,24,34.9,837.6
2026-01,CI-0010,KA-05,18,34.9,628.2
2026-02,CI-0010,E-commerce,177,34.9,6177.3
2026-02,CI-0010,Marketplace,139,34.9,4851.1
2026-02,CI-0010,Loja própria,113,34.9,3943.7
2026-02,CI-0010,KA-01,63,34.9,2198.7
2026-02,CI-0010,KA-02,50,34.9,1745
2026-02,CI-0010,KA-03,44,34.9,1535.6
2026-02,CI-0010,KA-04,25,34.9,872.5
2026-02,CI-0010,KA-05,18,34.9,628.2
2026-03,CI-0010,E-commerce,178,34.9,6212.2
2026-03,CI-0010,Marketplace,140,34.9,4886
2026-03,CI-0010,Loja própria,115,34.9,4013.5
2026-03,CI-0010,KA-01,63,34.9,2198.7
2026-03,CI-0010,KA-02,51,34.9,1779.9
2026-03,CI-0010,KA-03,44,34.9,1535.6
2026-03,CI-0010,KA-04,25,34.9,872.5
2026-03,CI-0010,KA-05,19,34.9,663.1
2026-04,CI-0010,E-commerce,167,34.9,5828.3
2026-04,CI-0010,Marketplace,131,34.9,4571.9
2026-04,CI-0010,Loja própria,107,34.9,3734.3
2026-04,CI-0010,KA-01,59,34.9,2059.1
2026-04,CI-0010,KA-02,47,34.9,1640.3
2026-04,CI-0010,KA-03,41,34.9,1430.9
2026-04,CI-0010,KA-04,23,34.9,802.7
2026-04,CI-0010,KA-05,17,34.9,593.3
2026-05,CI-0010,E-commerce,185,34.9,6456.5
2026-05,CI-0010,Marketplace,145,34.9,5060.5
2026-05,CI-0010,Loja própria,119,34.9,4153.1
2026-05,CI-0010,KA-01,66,34.9,2303.4
2026-05,CI-0010,KA-02,53,34.9,1849.7
2026-05,CI-0010,KA-03,46,34.9,1605.4
2026-05,CI-0010,KA-04,26,34.9,907.4
2026-05,CI-0010,KA-05,19,34.9,663.1
2026-06,CI-0010,E-commerce,191,34.9,6665.9
2026-06,CI-0010,Marketplace,150,34.9,5235
2026-06,CI-0010,Loja própria,123,34.9,4292.7
2026-06,CI-0010,KA-01,68,34.9,2373.2
2026-06,CI-0010,KA-02,54,34.9,1884.6
2026-06,CI-0010,KA-03,47,34.9,1640.3
2026-06,CI-0010,KA-04,27,34.9,942.3
2026-06,CI-0010,KA-05,20,34.9,698
2026-07,CI-0010,E-commerce,206,34.9,7189.4
2026-07,CI-0010,Marketplace,162,34.9,5653.8
2026-07,CI-0010,Loja própria,132,34.9,4606.8
2026-07,CI-0010,KA-01,73,34.9,2547.7
2026-07,CI-0010,KA-02,58,34.9,2024.2
2026-07,CI-0010,KA-03,51,34.9,1779.9
2026-07,CI-0010,KA-04,29,34.9,1012.1
2026-07,CI-0010,KA-05,22,34.9,767.8
2026-08,CI-0010,E-commerce,202,34.9,7049.8
2026-08,CI-0010,Marketplace,159,34.9,5549.1
2026-08,CI-0010,Loja própria,130,34.9,4537
2026-08,CI-0010,KA-01,72,34.9,2512.8
2026-08,CI-0010,KA-02,57,34.9,1989.3
2026-08,CI-0010,KA-03,50,34.9,1745
2026-08,CI-0010,KA-04,28,34.9,977.2
2026-08,CI-0010,KA-05,21,34.9,732.9
2024-09,CI-0011,E-commerce,204,79.9,16299.6
2024-09,CI-0011,Marketplace,161,79.9,12863.9
2024-09,CI-0011,Loja própria,131,79.9,10466.9
2024-09,CI-0011,KA-01,73,79.9,5832.7
2024-09,CI-0011,KA-02,58,79.9,4634.2
2024-09,CI-0011,KA-03,51,79.9,4074.9
2024-09,CI-0011,KA-04,29,79.9,2317.1
2024-09,CI-0011,KA-05,21,79.9,1677.9
2024-10,CI-0011,E-commerce,171,79.9,13662.9
2024-10,CI-0011,Marketplace,134,79.9,10706.6
2024-10,CI-0011,Loja própria,110,79.9,8789
2024-10,CI-0011,KA-01,61,79.9,4873.9
2024-10,CI-0011,KA-02,49,79.9,3915.1
2024-10,CI-0011,KA-03,42,79.9,3355.8
2024-10,CI-0011,KA-04,24,79.9,1917.6
2024-10,CI-0011,KA-05,18,79.9,1438.2
2024-11,CI-0011,E-commerce,271,79.9,21652.9
2024-11,CI-0011,Marketplace,213,79.9,17018.7
2024-11,CI-0011,Loja própria,174,79.9,13902.6
2024-11,CI-0011,KA-01,97,79.9,7750.3
2024-11,CI-0011,KA-02,77,79.9,6152.3
2024-11,CI-0011,KA-03,67,79.9,5353.3
2024-11,CI-0011,KA-04,38,79.9,3036.2
2024-11,CI-0011,KA-05,29,79.9,2317.1
2024-12,CI-0011,E-commerce,184,79.9,14701.6
2024-12,CI-0011,Marketplace,144,79.9,11505.6
2024-12,CI-0011,Loja própria,118,79.9,9428.2
2024-12,CI-0011,KA-01,65,79.9,5193.5
2024-12,CI-0011,KA-02,52,79.9,4154.8
2024-12,CI-0011,KA-03,46,79.9,3675.4
2024-12,CI-0011,KA-04,26,79.9,2077.4
2024-12,CI-0011,KA-05,19,79.9,1518.1
2025-01,CI-0011,E-commerce,208,79.9,16619.2
2025-01,CI-0011,Marketplace,163,79.9,13023.7
2025-01,CI-0011,Loja própria,133,79.9,10626.7
2025-01,CI-0011,KA-01,74,79.9,5912.6
2025-01,CI-0011,KA-02,59,79.9,4714.1
2025-01,CI-0011,KA-03,52,79.9,4154.8
2025-01,CI-0011,KA-04,29,79.9,2317.1
2025-01,CI-0011,KA-05,22,79.9,1757.8
2025-02,CI-0011,E-commerce,194,79.9,15500.6
2025-02,CI-0011,Marketplace,152,79.9,12144.8
2025-02,CI-0011,Loja própria,125,79.9,9987.5
2025-02,CI-0011,KA-01,69,79.9,5513.1
2025-02,CI-0011,KA-02,55,79.9,4394.5
2025-02,CI-0011,KA-03,48,79.9,3835.2
2025-02,CI-0011,KA-04,27,79.9,2157.3
2025-02,CI-0011,KA-05,20,79.9,1598
2025-03,CI-0011,E-commerce,173,79.9,13822.7
2025-03,CI-0011,Marketplace,136,79.9,10866.4
2025-03,CI-0011,Loja própria,111,79.9,8868.9
2025-03,CI-0011,KA-01,61,79.9,4873.9
2025-03,CI-0011,KA-02,49,79.9,3915.1
2025-03,CI-0011,KA-03,43,79.9,3435.7
2025-03,CI-0011,KA-04,24,79.9,1917.6
2025-03,CI-0011,KA-05,18,79.9,1438.2
2025-04,CI-0011,E-commerce,197,79.9,15740.3
2025-04,CI-0011,Marketplace,155,79.9,12384.5
2025-04,CI-0011,Loja própria,127,79.9,10147.3
2025-04,CI-0011,KA-01,70,79.9,5593
2025-04,CI-0011,KA-02,56,79.9,4474.4
2025-04,CI-0011,KA-03,49,79.9,3915.1
2025-04,CI-0011,KA-04,28,79.9,2237.2
2025-04,CI-0011,KA-05,21,79.9,1677.9
2025-05,CI-0011,E-commerce,177,79.9,14142.3
2025-05,CI-0011,Marketplace,139,79.9,11106.1
2025-05,CI-0011,Loja própria,114,79.9,9108.6
2025-05,CI-0011,KA-01,63,79.9,5033.7
2025-05,CI-0011,KA-02,50,79.9,3995
2025-05,CI-0011,KA-03,44,79.9,3515.6
2025-05,CI-0011,KA-04,25,79.9,1997.5
2025-05,CI-0011,KA-05,19,79.9,1518.1
2025-06,CI-0011,E-commerce,182,79.9,14541.8
2025-06,CI-0011,Marketplace,143,79.9,11425.7
2025-06,CI-0011,Loja própria,117,79.9,9348.3
2025-06,CI-0011,KA-01,65,79.9,5193.5
2025-06,CI-0011,KA-02,52,79.9,4154.8
2025-06,CI-0011,KA-03,45,79.9,3595.5
2025-06,CI-0011,KA-04,26,79.9,2077.4
2025-06,CI-0011,KA-05,19,79.9,1518.1
2025-07,CI-0011,E-commerce,214,79.9,17098.6
2025-07,CI-0011,Marketplace,168,79.9,13423.2
2025-07,CI-0011,Loja própria,137,79.9,10946.3
2025-07,CI-0011,KA-01,76,79.9,6072.4
2025-07,CI-0011,KA-02,61,79.9,4873.9
2025-07,CI-0011,KA-03,53,79.9,4234.7
2025-07,CI-0011,KA-04,30,79.9,2397
2025-07,CI-0011,KA-05,22,79.9,1757.8
2025-08,CI-0011,E-commerce,186,79.9,14861.4
2025-08,CI-0011,Marketplace,146,79.9,11665.4
2025-08,CI-0011,Loja própria,120,79.9,9588
2025-08,CI-0011,KA-01,66,79.9,5273.4
2025-08,CI-0011,KA-02,53,79.9,4234.7
2025-08,CI-0011,KA-03,46,79.9,3675.4
2025-08,CI-0011,KA-04,26,79.9,2077.4
2025-08,CI-0011,KA-05,20,79.9,1598
2025-09,CI-0011,E-commerce,205,79.9,16379.5
2025-09,CI-0011,Marketplace,161,79.9,12863.9
2025-09,CI-0011,Loja própria,131,79.9,10466.9
2025-09,CI-0011,KA-01,73,79.9,5832.7
2025-09,CI-0011,KA-02,58,79.9,4634.2
2025-09,CI-0011,KA-03,51,79.9,4074.9
2025-09,CI-0011,KA-04,29,79.9,2317.1
2025-09,CI-0011,KA-05,21,79.9,1677.9
2025-10,CI-0011,E-commerce,196,79.9,15660.4
2025-10,CI-0011,Marketplace,154,79.9,12304.6
2025-10,CI-0011,Loja própria,126,79.9,10067.4
2025-10,CI-0011,KA-01,70,79.9,5593
2025-10,CI-0011,KA-02,56,79.9,4474.4
2025-10,CI-0011,KA-03,49,79.9,3915.1
2025-10,CI-0011,KA-04,28,79.9,2237.2
2025-10,CI-0011,KA-05,21,79.9,1677.9
2025-11,CI-0011,E-commerce,250,79.9,19975
2025-11,CI-0011,Marketplace,196,79.9,15660.4
2025-11,CI-0011,Loja própria,161,79.9,12863.9
2025-11,CI-0011,KA-01,89,79.9,7111.1
2025-11,CI-0011,KA-02,71,79.9,5672.9
2025-11,CI-0011,KA-03,62,79.9,4953.8
2025-11,CI-0011,KA-04,35,79.9,2796.5
2025-11,CI-0011,KA-05,26,79.9,2077.4
2025-12,CI-0011,E-commerce,195,79.9,15580.5
2025-12,CI-0011,Marketplace,153,79.9,12224.7
2025-12,CI-0011,Loja própria,125,79.9,9987.5
2025-12,CI-0011,KA-01,69,79.9,5513.1
2025-12,CI-0011,KA-02,55,79.9,4394.5
2025-12,CI-0011,KA-03,48,79.9,3835.2
2025-12,CI-0011,KA-04,27,79.9,2157.3
2025-12,CI-0011,KA-05,20,79.9,1598
2026-01,CI-0011,E-commerce,204,79.9,16299.6
2026-01,CI-0011,Marketplace,160,79.9,12784
2026-01,CI-0011,Loja própria,131,79.9,10466.9
2026-01,CI-0011,KA-01,72,79.9,5752.8
2026-01,CI-0011,KA-02,58,79.9,4634.2
2026-01,CI-0011,KA-03,51,79.9,4074.9
2026-01,CI-0011,KA-04,29,79.9,2317.1
2026-01,CI-0011,KA-05,21,79.9,1677.9
2026-02,CI-0011,E-commerce,188,79.9,15021.2
2026-02,CI-0011,Marketplace,148,79.9,11825.2
2026-02,CI-0011,Loja própria,121,79.9,9667.9
2026-02,CI-0011,KA-01,67,79.9,5353.3
2026-02,CI-0011,KA-02,53,79.9,4234.7
2026-02,CI-0011,KA-03,47,79.9,3755.3
2026-02,CI-0011,KA-04,26,79.9,2077.4
2026-02,CI-0011,KA-05,20,79.9,1598
2026-03,CI-0011,E-commerce,185,79.9,14781.5
2026-03,CI-0011,Marketplace,145,79.9,11585.5
2026-03,CI-0011,Loja própria,119,79.9,9508.1
2026-03,CI-0011,KA-01,66,79.9,5273.4
2026-03,CI-0011,KA-02,52,79.9,4154.8
2026-03,CI-0011,KA-03,46,79.9,3675.4
2026-03,CI-0011,KA-04,26,79.9,2077.4
2026-03,CI-0011,KA-05,19,79.9,1518.1
2026-04,CI-0011,E-commerce,217,79.9,17338.3
2026-04,CI-0011,Marketplace,170,79.9,13583
2026-04,CI-0011,Loja própria,139,79.9,11106.1
2026-04,CI-0011,KA-01,77,79.9,6152.3
2026-04,CI-0011,KA-02,62,79.9,4953.8
2026-04,CI-0011,KA-03,54,79.9,4314.6
2026-04,CI-0011,KA-04,31,79.9,2476.9
2026-04,CI-0011,KA-05,23,79.9,1837.7
2026-05,CI-0011,E-commerce,190,79.9,15181
2026-05,CI-0011,Marketplace,149,79.9,11905.1
2026-05,CI-0011,Loja própria,122,79.9,9747.8
2026-05,CI-0011,KA-01,68,79.9,5433.2
2026-05,CI-0011,KA-02,54,79.9,4314.6
2026-05,CI-0011,KA-03,47,79.9,3755.3
2026-05,CI-0011,KA-04,27,79.9,2157.3
2026-05,CI-0011,KA-05,20,79.9,1598
2026-06,CI-0011,E-commerce,177,79.9,14142.3
2026-06,CI-0011,Marketplace,139,79.9,11106.1
2026-06,CI-0011,Loja própria,114,79.9,9108.6
2026-06,CI-0011,KA-01,63,79.9,5033.7
2026-06,CI-0011,KA-02,50,79.9,3995
2026-06,CI-0011,KA-03,44,79.9,3515.6
2026-06,CI-0011,KA-04,25,79.9,1997.5
2026-06,CI-0011,KA-05,19,79.9,1518.1
2026-07,CI-0011,E-commerce,223,79.9,17817.7
2026-07,CI-0011,Marketplace,175,79.9,13982.5
2026-07,CI-0011,Loja própria,143,79.9,11425.7
2026-07,CI-0011,KA-01,79,79.9,6312.1
2026-07,CI-0011,KA-02,63,79.9,5033.7
2026-07,CI-0011,KA-03,55,79.9,4394.5
2026-07,CI-0011,KA-04,31,79.9,2476.9
2026-07,CI-0011,KA-05,23,79.9,1837.7
2026-08,CI-0011,E-commerce,197,79.9,15740.3
2026-08,CI-0011,Marketplace,155,79.9,12384.5
2026-08,CI-0011,Loja própria,127,79.9,10147.3
2026-08,CI-0011,KA-01,70,79.9,5593
2026-08,CI-0011,KA-02,56,79.9,4474.4
2026-08,CI-0011,KA-03,49,79.9,3915.1
2026-08,CI-0011,KA-04,28,79.9,2237.2
2026-08,CI-0011,KA-05,21,79.9,1677.9
2024-09,CI-0012,E-commerce,207,84.9,17574.3
2024-09,CI-0012,Marketplace,163,84.9,13838.7
2024-09,CI-0012,Loja própria,133,84.9,11291.7
2024-09,CI-0012,KA-01,74,84.9,6282.6
2024-09,CI-0012,KA-02,59,84.9,5009.1
2024-09,CI-0012,KA-03,51,84.9,4329.9
2024-09,CI-0012,KA-04,29,84.9,2462.1
2024-09,CI-0012,KA-05,22,84.9,1867.8
2024-10,CI-0012,E-commerce,195,84.9,16555.5
2024-10,CI-0012,Marketplace,153,84.9,12989.7
2024-10,CI-0012,Loja própria,125,84.9,10612.5
2024-10,CI-0012,KA-01,69,84.9,5858.1
2024-10,CI-0012,KA-02,55,84.9,4669.5
2024-10,CI-0012,KA-03,48,84.9,4075.2
2024-10,CI-0012,KA-04,27,84.9,2292.3
2024-10,CI-0012,KA-05,20,84.9,1698
2024-11,CI-0012,E-commerce,258,84.9,21904.2
2024-11,CI-0012,Marketplace,202,84.9,17149.8
2024-11,CI-0012,Loja própria,165,84.9,14008.5
2024-11,CI-0012,KA-01,92,84.9,7810.8
2024-11,CI-0012,KA-02,73,84.9,6197.7
2024-11,CI-0012,KA-03,64,84.9,5433.6
2024-11,CI-0012,KA-04,36,84.9,3056.4
2024-11,CI-0012,KA-05,27,84.9,2292.3
2024-12,CI-0012,E-commerce,211,84.9,17913.9
2024-12,CI-0012,Marketplace,166,84.9,14093.4
2024-12,CI-0012,Loja própria,136,84.9,11546.4
2024-12,CI-0012,KA-01,75,84.9,6367.5
2024-12,CI-0012,KA-02,60,84.9,5094
2024-12,CI-0012,KA-03,52,84.9,4414.8
2024-12,CI-0012,KA-04,30,84.9,2547
2024-12,CI-0012,KA-05,22,84.9,1867.8
2025-01,CI-0012,E-commerce,201,84.9,17064.9
2025-01,CI-0012,Marketplace,158,84.9,13414.2
2025-01,CI-0012,Loja própria,129,84.9,10952.1
2025-01,CI-0012,KA-01,71,84.9,6027.9
2025-01,CI-0012,KA-02,57,84.9,4839.3
2025-01,CI-0012,KA-03,50,84.9,4245
2025-01,CI-0012,KA-04,28,84.9,2377.2
2025-01,CI-0012,KA-05,21,84.9,1782.9
2025-02,CI-0012,E-commerce,226,84.9,19187.4
2025-02,CI-0012,Marketplace,177,84.9,15027.3
2025-02,CI-0012,Loja própria,145,84.9,12310.5
2025-02,CI-0012,KA-01,80,84.9,6792
2025-02,CI-0012,KA-02,64,84.9,5433.6
2025-02,CI-0012,KA-03,56,84.9,4754.4
2025-02,CI-0012,KA-04,32,84.9,2716.8
2025-02,CI-0012,KA-05,24,84.9,2037.6
2025-03,CI-0012,E-commerce,207,84.9,17574.3
2025-03,CI-0012,Marketplace,162,84.9,13753.8
2025-03,CI-0012,Loja própria,133,84.9,11291.7
2025-03,CI-0012,KA-01,74,84.9,6282.6
2025-03,CI-0012,KA-02,59,84.9,5009.1
2025-03,CI-0012,KA-03,51,84.9,4329.9
2025-03,CI-0012,KA-04,29,84.9,2462.1
2025-03,CI-0012,KA-05,22,84.9,1867.8
2025-04,CI-0012,E-commerce,197,84.9,16725.3
2025-04,CI-0012,Marketplace,155,84.9,13159.5
2025-04,CI-0012,Loja própria,126,84.9,10697.4
2025-04,CI-0012,KA-01,70,84.9,5943
2025-04,CI-0012,KA-02,56,84.9,4754.4
2025-04,CI-0012,KA-03,49,84.9,4160.1
2025-04,CI-0012,KA-04,28,84.9,2377.2
2025-04,CI-0012,KA-05,21,84.9,1782.9
2025-05,CI-0012,E-commerce,201,84.9,17064.9
2025-05,CI-0012,Marketplace,157,84.9,13329.3
2025-05,CI-0012,Loja própria,129,84.9,10952.1
2025-05,CI-0012,KA-01,71,84.9,6027.9
2025-05,CI-0012,KA-02,57,84.9,4839.3
2025-05,CI-0012,KA-03,50,84.9,4245
2025-05,CI-0012,KA-04,28,84.9,2377.2
2025-05,CI-0012,KA-05,21,84.9,1782.9
2025-06,CI-0012,E-commerce,194,84.9,16470.6
2025-06,CI-0012,Marketplace,152,84.9,12904.8
2025-06,CI-0012,Loja própria,124,84.9,10527.6
2025-06,CI-0012,KA-01,69,84.9,5858.1
2025-06,CI-0012,KA-02,55,84.9,4669.5
2025-06,CI-0012,KA-03,48,84.9,4075.2
2025-06,CI-0012,KA-04,27,84.9,2292.3
2025-06,CI-0012,KA-05,20,84.9,1698
2025-07,CI-0012,E-commerce,192,84.9,16300.8
2025-07,CI-0012,Marketplace,151,84.9,12819.9
2025-07,CI-0012,Loja própria,123,84.9,10442.7
2025-07,CI-0012,KA-01,68,84.9,5773.2
2025-07,CI-0012,KA-02,54,84.9,4584.6
2025-07,CI-0012,KA-03,48,84.9,4075.2
2025-07,CI-0012,KA-04,27,84.9,2292.3
2025-07,CI-0012,KA-05,20,84.9,1698
2025-08,CI-0012,E-commerce,201,84.9,17064.9
2025-08,CI-0012,Marketplace,157,84.9,13329.3
2025-08,CI-0012,Loja própria,129,84.9,10952.1
2025-08,CI-0012,KA-01,71,84.9,6027.9
2025-08,CI-0012,KA-02,57,84.9,4839.3
2025-08,CI-0012,KA-03,50,84.9,4245
2025-08,CI-0012,KA-04,28,84.9,2377.2
2025-08,CI-0012,KA-05,21,84.9,1782.9
2025-09,CI-0012,E-commerce,192,84.9,16300.8
2025-09,CI-0012,Marketplace,151,84.9,12819.9
2025-09,CI-0012,Loja própria,123,84.9,10442.7
2025-09,CI-0012,KA-01,68,84.9,5773.2
2025-09,CI-0012,KA-02,55,84.9,4669.5
2025-09,CI-0012,KA-03,48,84.9,4075.2
2025-09,CI-0012,KA-04,27,84.9,2292.3
2025-09,CI-0012,KA-05,20,84.9,1698
2025-10,CI-0012,E-commerce,193,84.9,16385.7
2025-10,CI-0012,Marketplace,152,84.9,12904.8
2025-10,CI-0012,Loja própria,124,84.9,10527.6
2025-10,CI-0012,KA-01,69,84.9,5858.1
2025-10,CI-0012,KA-02,55,84.9,4669.5
2025-10,CI-0012,KA-03,48,84.9,4075.2
2025-10,CI-0012,KA-04,27,84.9,2292.3
2025-10,CI-0012,KA-05,20,84.9,1698
2025-11,CI-0012,E-commerce,265,84.9,22498.5
2025-11,CI-0012,Marketplace,208,84.9,17659.2
2025-11,CI-0012,Loja própria,170,84.9,14433
2025-11,CI-0012,KA-01,94,84.9,7980.6
2025-11,CI-0012,KA-02,75,84.9,6367.5
2025-11,CI-0012,KA-03,66,84.9,5603.4
2025-11,CI-0012,KA-04,37,84.9,3141.3
2025-11,CI-0012,KA-05,28,84.9,2377.2
2025-12,CI-0012,E-commerce,202,84.9,17149.8
2025-12,CI-0012,Marketplace,159,84.9,13499.1
2025-12,CI-0012,Loja própria,130,84.9,11037
2025-12,CI-0012,KA-01,72,84.9,6112.8
2025-12,CI-0012,KA-02,57,84.9,4839.3
2025-12,CI-0012,KA-03,50,84.9,4245
2025-12,CI-0012,KA-04,28,84.9,2377.2
2025-12,CI-0012,KA-05,21,84.9,1782.9
2026-01,CI-0012,E-commerce,195,84.9,16555.5
2026-01,CI-0012,Marketplace,153,84.9,12989.7
2026-01,CI-0012,Loja própria,125,84.9,10612.5
2026-01,CI-0012,KA-01,69,84.9,5858.1
2026-01,CI-0012,KA-02,55,84.9,4669.5
2026-01,CI-0012,KA-03,48,84.9,4075.2
2026-01,CI-0012,KA-04,27,84.9,2292.3
2026-01,CI-0012,KA-05,20,84.9,1698
2026-02,CI-0012,E-commerce,217,84.9,18423.3
2026-02,CI-0012,Marketplace,170,84.9,14433
2026-02,CI-0012,Loja própria,139,84.9,11801.1
2026-02,CI-0012,KA-01,77,84.9,6537.3
2026-02,CI-0012,KA-02,62,84.9,5263.8
2026-02,CI-0012,KA-03,54,84.9,4584.6
2026-02,CI-0012,KA-04,31,84.9,2631.9
2026-02,CI-0012,KA-05,23,84.9,1952.7
2026-03,CI-0012,E-commerce,209,84.9,17744.1
2026-03,CI-0012,Marketplace,164,84.9,13923.6
2026-03,CI-0012,Loja própria,134,84.9,11376.6
2026-03,CI-0012,KA-01,74,84.9,6282.6
2026-03,CI-0012,KA-02,59,84.9,5009.1
2026-03,CI-0012,KA-03,52,84.9,4414.8
2026-03,CI-0012,KA-04,29,84.9,2462.1
2026-03,CI-0012,KA-05,22,84.9,1867.8
2026-04,CI-0012,E-commerce,211,84.9,17913.9
2026-04,CI-0012,Marketplace,166,84.9,14093.4
2026-04,CI-0012,Loja própria,136,84.9,11546.4
2026-04,CI-0012,KA-01,75,84.9,6367.5
2026-04,CI-0012,KA-02,60,84.9,5094
2026-04,CI-0012,KA-03,52,84.9,4414.8
2026-04,CI-0012,KA-04,30,84.9,2547
2026-04,CI-0012,KA-05,22,84.9,1867.8
2026-05,CI-0012,E-commerce,201,84.9,17064.9
2026-05,CI-0012,Marketplace,157,84.9,13329.3
2026-05,CI-0012,Loja própria,129,84.9,10952.1
2026-05,CI-0012,KA-01,71,84.9,6027.9
2026-05,CI-0012,KA-02,57,84.9,4839.3
2026-05,CI-0012,KA-03,50,84.9,4245
2026-05,CI-0012,KA-04,28,84.9,2377.2
2026-05,CI-0012,KA-05,21,84.9,1782.9
2026-06,CI-0012,E-commerce,197,84.9,16725.3
2026-06,CI-0012,Marketplace,155,84.9,13159.5
2026-06,CI-0012,Loja própria,126,84.9,10697.4
2026-06,CI-0012,KA-01,70,84.9,5943
2026-06,CI-0012,KA-02,56,84.9,4754.4
2026-06,CI-0012,KA-03,49,84.9,4160.1
2026-06,CI-0012,KA-04,28,84.9,2377.2
2026-06,CI-0012,KA-05,21,84.9,1782.9
2026-07,CI-0012,E-commerce,190,84.9,16131
2026-07,CI-0012,Marketplace,149,84.9,12650.1
2026-07,CI-0012,Loja própria,122,84.9,10357.8
2026-07,CI-0012,KA-01,68,84.9,5773.2
2026-07,CI-0012,KA-02,54,84.9,4584.6
2026-07,CI-0012,KA-03,47,84.9,3990.3
2026-07,CI-0012,KA-04,27,84.9,2292.3
2026-07,CI-0012,KA-05,20,84.9,1698
2026-08,CI-0012,E-commerce,200,84.9,16980
2026-08,CI-0012,Marketplace,157,84.9,13329.3
2026-08,CI-0012,Loja própria,128,84.9,10867.2
2026-08,CI-0012,KA-01,71,84.9,6027.9
2026-08,CI-0012,KA-02,57,84.9,4839.3
2026-08,CI-0012,KA-03,50,84.9,4245
2026-08,CI-0012,KA-04,28,84.9,2377.2
2026-08,CI-0012,KA-05,21,84.9,1782.9
2024-09,CI-0013,E-commerce,206,29.9,6159.4
2024-09,CI-0013,Marketplace,162,29.9,4843.8
2024-09,CI-0013,Loja própria,132,29.9,3946.8
2024-09,CI-0013,KA-01,73,29.9,2182.7
2024-09,CI-0013,KA-02,58,29.9,1734.2
2024-09,CI-0013,KA-03,51,29.9,1524.9
2024-09,CI-0013,KA-04,29,29.9,867.1
2024-09,CI-0013,KA-05,22,29.9,657.8
2024-10,CI-0013,E-commerce,233,29.9,6966.7
2024-10,CI-0013,Marketplace,183,29.9,5471.7
2024-10,CI-0013,Loja própria,149,29.9,4455.1
2024-10,CI-0013,KA-01,83,29.9,2481.7
2024-10,CI-0013,KA-02,66,29.9,1973.4
2024-10,CI-0013,KA-03,58,29.9,1734.2
2024-10,CI-0013,KA-04,33,29.9,986.7
2024-10,CI-0013,KA-05,24,29.9,717.6
2024-11,CI-0013,E-commerce,289,29.9,8641.1
2024-11,CI-0013,Marketplace,227,29.9,6787.3
2024-11,CI-0013,Loja própria,185,29.9,5531.5
2024-11,CI-0013,KA-01,103,29.9,3079.7
2024-11,CI-0013,KA-02,82,29.9,2451.8
2024-11,CI-0013,KA-03,72,29.9,2152.8
2024-11,CI-0013,KA-04,41,29.9,1225.9
2024-11,CI-0013,KA-05,30,29.9,897
2024-12,CI-0013,E-commerce,212,29.9,6338.8
2024-12,CI-0013,Marketplace,167,29.9,4993.3
2024-12,CI-0013,Loja própria,136,29.9,4066.4
2024-12,CI-0013,KA-01,76,29.9,2272.4
2024-12,CI-0013,KA-02,60,29.9,1794
2024-12,CI-0013,KA-03,53,29.9,1584.7
2024-12,CI-0013,KA-04,30,29.9,897
2024-12,CI-0013,KA-05,22,29.9,657.8
2025-01,CI-0013,E-commerce,229,29.9,6847.1
2025-01,CI-0013,Marketplace,180,29.9,5382
2025-01,CI-0013,Loja própria,147,29.9,4395.3
2025-01,CI-0013,KA-01,82,29.9,2451.8
2025-01,CI-0013,KA-02,65,29.9,1943.5
2025-01,CI-0013,KA-03,57,29.9,1704.3
2025-01,CI-0013,KA-04,32,29.9,956.8
2025-01,CI-0013,KA-05,24,29.9,717.6
2025-02,CI-0013,E-commerce,196,29.9,5860.4
2025-02,CI-0013,Marketplace,154,29.9,4604.6
2025-02,CI-0013,Loja própria,126,29.9,3767.4
2025-02,CI-0013,KA-01,70,29.9,2093
2025-02,CI-0013,KA-02,56,29.9,1674.4
2025-02,CI-0013,KA-03,49,29.9,1465.1
2025-02,CI-0013,KA-04,28,29.9,837.2
2025-02,CI-0013,KA-05,21,29.9,627.9
2025-03,CI-0013,E-commerce,236,29.9,7056.4
2025-03,CI-0013,Marketplace,185,29.9,5531.5
2025-03,CI-0013,Loja própria,151,29.9,4514.9
2025-03,CI-0013,KA-01,84,29.9,2511.6
2025-03,CI-0013,KA-02,67,29.9,2003.3
2025-03,CI-0013,KA-03,59,29.9,1764.1
2025-03,CI-0013,KA-04,33,29.9,986.7
2025-03,CI-0013,KA-05,25,29.9,747.5
2025-04,CI-0013,E-commerce,219,29.9,6548.1
2025-04,CI-0013,Marketplace,172,29.9,5142.8
2025-04,CI-0013,Loja própria,141,29.9,4215.9
2025-04,CI-0013,KA-01,78,29.9,2332.2
2025-04,CI-0013,KA-02,62,29.9,1853.8
2025-04,CI-0013,KA-03,54,29.9,1614.6
2025-04,CI-0013,KA-04,31,29.9,926.9
2025-04,CI-0013,KA-05,23,29.9,687.7
2025-05,CI-0013,E-commerce,244,29.9,7295.6
2025-05,CI-0013,Marketplace,192,29.9,5740.8
2025-05,CI-0013,Loja própria,157,29.9,4694.3
2025-05,CI-0013,KA-01,87,29.9,2601.3
2025-05,CI-0013,KA-02,69,29.9,2063.1
2025-05,CI-0013,KA-03,61,29.9,1823.9
2025-05,CI-0013,KA-04,34,29.9,1016.6
2025-05,CI-0013,KA-05,26,29.9,777.4
2025-06,CI-0013,E-commerce,227,29.9,6787.3
2025-06,CI-0013,Marketplace,178,29.9,5322.2
2025-06,CI-0013,Loja própria,145,29.9,4335.5
2025-06,CI-0013,KA-01,81,29.9,2421.9
2025-06,CI-0013,KA-02,64,29.9,1913.6
2025-06,CI-0013,KA-03,56,29.9,1674.4
2025-06,CI-0013,KA-04,32,29.9,956.8
2025-06,CI-0013,KA-05,24,29.9,717.6
2025-07,CI-0013,E-commerce,234,29.9,6996.6
2025-07,CI-0013,Marketplace,184,29.9,5501.6
2025-07,CI-0013,Loja própria,151,29.9,4514.9
2025-07,CI-0013,KA-01,83,29.9,2481.7
2025-07,CI-0013,KA-02,67,29.9,2003.3
2025-07,CI-0013,KA-03,58,29.9,1734.2
2025-07,CI-0013,KA-04,33,29.9,986.7
2025-07,CI-0013,KA-05,25,29.9,747.5
2025-08,CI-0013,E-commerce,217,29.9,6488.3
2025-08,CI-0013,Marketplace,171,29.9,5112.9
2025-08,CI-0013,Loja própria,140,29.9,4186
2025-08,CI-0013,KA-01,77,29.9,2302.3
2025-08,CI-0013,KA-02,62,29.9,1853.8
2025-08,CI-0013,KA-03,54,29.9,1614.6
2025-08,CI-0013,KA-04,31,29.9,926.9
2025-08,CI-0013,KA-05,23,29.9,687.7
2025-09,CI-0013,E-commerce,225,29.9,6727.5
2025-09,CI-0013,Marketplace,177,29.9,5292.3
2025-09,CI-0013,Loja própria,144,29.9,4305.6
2025-09,CI-0013,KA-01,80,29.9,2392
2025-09,CI-0013,KA-02,64,29.9,1913.6
2025-09,CI-0013,KA-03,56,29.9,1674.4
2025-09,CI-0013,KA-04,32,29.9,956.8
2025-09,CI-0013,KA-05,24,29.9,717.6
2025-10,CI-0013,E-commerce,239,29.9,7146.1
2025-10,CI-0013,Marketplace,188,29.9,5621.2
2025-10,CI-0013,Loja própria,154,29.9,4604.6
2025-10,CI-0013,KA-01,85,29.9,2541.5
2025-10,CI-0013,KA-02,68,29.9,2033.2
2025-10,CI-0013,KA-03,59,29.9,1764.1
2025-10,CI-0013,KA-04,34,29.9,1016.6
2025-10,CI-0013,KA-05,25,29.9,747.5
2025-11,CI-0013,E-commerce,320,29.9,9568
2025-11,CI-0013,Marketplace,251,29.9,7504.9
2025-11,CI-0013,Loja própria,205,29.9,6129.5
2025-11,CI-0013,KA-01,114,29.9,3408.6
2025-11,CI-0013,KA-02,91,29.9,2720.9
2025-11,CI-0013,KA-03,80,29.9,2392
2025-11,CI-0013,KA-04,45,29.9,1345.5
2025-11,CI-0013,KA-05,34,29.9,1016.6
2025-12,CI-0013,E-commerce,231,29.9,6906.9
2025-12,CI-0013,Marketplace,181,29.9,5411.9
2025-12,CI-0013,Loja própria,148,29.9,4425.2
2025-12,CI-0013,KA-01,82,29.9,2451.8
2025-12,CI-0013,KA-02,66,29.9,1973.4
2025-12,CI-0013,KA-03,57,29.9,1704.3
2025-12,CI-0013,KA-04,33,29.9,986.7
2025-12,CI-0013,KA-05,24,29.9,717.6
2026-01,CI-0013,E-commerce,241,29.9,7205.9
2026-01,CI-0013,Marketplace,190,29.9,5681
2026-01,CI-0013,Loja própria,155,29.9,4634.5
2026-01,CI-0013,KA-01,86,29.9,2571.4
2026-01,CI-0013,KA-02,69,29.9,2063.1
2026-01,CI-0013,KA-03,60,29.9,1794
2026-01,CI-0013,KA-04,34,29.9,1016.6
2026-01,CI-0013,KA-05,25,29.9,747.5
2026-02,CI-0013,E-commerce,207,29.9,6189.3
2026-02,CI-0013,Marketplace,162,29.9,4843.8
2026-02,CI-0013,Loja própria,133,29.9,3976.7
2026-02,CI-0013,KA-01,74,29.9,2212.6
2026-02,CI-0013,KA-02,59,29.9,1764.1
2026-02,CI-0013,KA-03,51,29.9,1524.9
2026-02,CI-0013,KA-04,29,29.9,867.1
2026-02,CI-0013,KA-05,22,29.9,657.8
2026-03,CI-0013,E-commerce,222,29.9,6637.8
2026-03,CI-0013,Marketplace,174,29.9,5202.6
2026-03,CI-0013,Loja própria,143,29.9,4275.7
2026-03,CI-0013,KA-01,79,29.9,2362.1
2026-03,CI-0013,KA-02,63,29.9,1883.7
2026-03,CI-0013,KA-03,55,29.9,1644.5
2026-03,CI-0013,KA-04,31,29.9,926.9
2026-03,CI-0013,KA-05,23,29.9,687.7
2026-04,CI-0013,E-commerce,222,29.9,6637.8
2026-04,CI-0013,Marketplace,174,29.9,5202.6
2026-04,CI-0013,Loja própria,143,29.9,4275.7
2026-04,CI-0013,KA-01,79,29.9,2362.1
2026-04,CI-0013,KA-02,63,29.9,1883.7
2026-04,CI-0013,KA-03,55,29.9,1644.5
2026-04,CI-0013,KA-04,31,29.9,926.9
2026-04,CI-0013,KA-05,23,29.9,687.7
2026-05,CI-0013,E-commerce,211,29.9,6308.9
2026-05,CI-0013,Marketplace,166,29.9,4963.4
2026-05,CI-0013,Loja própria,136,29.9,4066.4
2026-05,CI-0013,KA-01,75,29.9,2242.5
2026-05,CI-0013,KA-02,60,29.9,1794
2026-05,CI-0013,KA-03,52,29.9,1554.8
2026-05,CI-0013,KA-04,30,29.9,897
2026-05,CI-0013,KA-05,22,29.9,657.8
2026-06,CI-0013,E-commerce,236,29.9,7056.4
2026-06,CI-0013,Marketplace,185,29.9,5531.5
2026-06,CI-0013,Loja própria,151,29.9,4514.9
2026-06,CI-0013,KA-01,84,29.9,2511.6
2026-06,CI-0013,KA-02,67,29.9,2003.3
2026-06,CI-0013,KA-03,59,29.9,1764.1
2026-06,CI-0013,KA-04,33,29.9,986.7
2026-06,CI-0013,KA-05,25,29.9,747.5
2026-07,CI-0013,E-commerce,223,29.9,6667.7
2026-07,CI-0013,Marketplace,175,29.9,5232.5
2026-07,CI-0013,Loja própria,143,29.9,4275.7
2026-07,CI-0013,KA-01,79,29.9,2362.1
2026-07,CI-0013,KA-02,63,29.9,1883.7
2026-07,CI-0013,KA-03,55,29.9,1644.5
2026-07,CI-0013,KA-04,31,29.9,926.9
2026-07,CI-0013,KA-05,23,29.9,687.7
2026-08,CI-0013,E-commerce,250,29.9,7475
2026-08,CI-0013,Marketplace,196,29.9,5860.4
2026-08,CI-0013,Loja própria,160,29.9,4784
2026-08,CI-0013,KA-01,89,29.9,2661.1
2026-08,CI-0013,KA-02,71,29.9,2122.9
2026-08,CI-0013,KA-03,62,29.9,1853.8
2026-08,CI-0013,KA-04,35,29.9,1046.5
2026-08,CI-0013,KA-05,26,29.9,777.4
2024-09,CI-0014,E-commerce,246,84.9,20885.4
2024-09,CI-0014,Marketplace,193,84.9,16385.7
2024-09,CI-0014,Loja própria,158,84.9,13414.2
2024-09,CI-0014,KA-01,88,84.9,7471.2
2024-09,CI-0014,KA-02,70,84.9,5943
2024-09,CI-0014,KA-03,61,84.9,5178.9
2024-09,CI-0014,KA-04,35,84.9,2971.5
2024-09,CI-0014,KA-05,26,84.9,2207.4
2024-10,CI-0014,E-commerce,215,84.9,18253.5
2024-10,CI-0014,Marketplace,169,84.9,14348.1
2024-10,CI-0014,Loja própria,138,84.9,11716.2
2024-10,CI-0014,KA-01,76,84.9,6452.4
2024-10,CI-0014,KA-02,61,84.9,5178.9
2024-10,CI-0014,KA-03,53,84.9,4499.7
2024-10,CI-0014,KA-04,30,84.9,2547
2024-10,CI-0014,KA-05,23,84.9,1952.7
2024-11,CI-0014,E-commerce,359,84.9,30479.1
2024-11,CI-0014,Marketplace,282,84.9,23941.8
2024-11,CI-0014,Loja própria,231,84.9,19611.9
2024-11,CI-0014,KA-01,128,84.9,10867.2
2024-11,CI-0014,KA-02,102,84.9,8659.8
2024-11,CI-0014,KA-03,89,84.9,7556.1
2024-11,CI-0014,KA-04,51,84.9,4329.9
2024-11,CI-0014,KA-05,38,84.9,3226.2
2024-12,CI-0014,E-commerce,262,84.9,22243.8
2024-12,CI-0014,Marketplace,206,84.9,17489.4
2024-12,CI-0014,Loja própria,168,84.9,14263.2
2024-12,CI-0014,KA-01,93,84.9,7895.7
2024-12,CI-0014,KA-02,74,84.9,6282.6
2024-12,CI-0014,KA-03,65,84.9,5518.5
2024-12,CI-0014,KA-04,37,84.9,3141.3
2024-12,CI-0014,KA-05,28,84.9,2377.2
2025-01,CI-0014,E-commerce,600,84.9,50940
2025-01,CI-0014,Marketplace,471,84.9,39987.9
2025-01,CI-0014,Loja própria,385,84.9,32686.5
2025-01,CI-0014,KA-01,214,84.9,18168.6
2025-01,CI-0014,KA-02,171,84.9,14517.9
2025-01,CI-0014,KA-03,150,84.9,12735
2025-01,CI-0014,KA-04,85,84.9,7216.5
2025-01,CI-0014,KA-05,64,84.9,5433.6
2025-02,CI-0014,E-commerce,652,84.9,55354.8
2025-02,CI-0014,Marketplace,513,84.9,43553.7
2025-02,CI-0014,Loja própria,419,84.9,35573.1
2025-02,CI-0014,KA-01,233,84.9,19781.7
2025-02,CI-0014,KA-02,186,84.9,15791.4
2025-02,CI-0014,KA-03,163,84.9,13838.7
2025-02,CI-0014,KA-04,93,84.9,7895.7
2025-02,CI-0014,KA-05,69,84.9,5858.1
2025-03,CI-0014,E-commerce,284,84.9,24111.6
2025-03,CI-0014,Marketplace,223,84.9,18932.7
2025-03,CI-0014,Loja própria,183,84.9,15536.7
2025-03,CI-0014,KA-01,101,84.9,8574.9
2025-03,CI-0014,KA-02,81,84.9,6876.9
2025-03,CI-0014,KA-03,71,84.9,6027.9
2025-03,CI-0014,KA-04,40,84.9,3396
2025-03,CI-0014,KA-05,30,84.9,2547
2025-04,CI-0014,E-commerce,260,84.9,22074
2025-04,CI-0014,Marketplace,204,84.9,17319.6
2025-04,CI-0014,Loja própria,167,84.9,14178.3
2025-04,CI-0014,KA-01,93,84.9,7895.7
2025-04,CI-0014,KA-02,74,84.9,6282.6
2025-04,CI-0014,KA-03,65,84.9,5518.5
2025-04,CI-0014,KA-04,37,84.9,3141.3
2025-04,CI-0014,KA-05,27,84.9,2292.3
2025-05,CI-0014,E-commerce,290,84.9,24621
2025-05,CI-0014,Marketplace,228,84.9,19357.2
2025-05,CI-0014,Loja própria,186,84.9,15791.4
2025-05,CI-0014,KA-01,103,84.9,8744.7
2025-05,CI-0014,KA-02,83,84.9,7046.7
2025-05,CI-0014,KA-03,72,84.9,6112.8
2025-05,CI-0014,KA-04,41,84.9,3480.9
2025-05,CI-0014,KA-05,31,84.9,2631.9
2025-06,CI-0014,E-commerce,264,84.9,22413.6
2025-06,CI-0014,Marketplace,207,84.9,17574.3
2025-06,CI-0014,Loja própria,170,84.9,14433
2025-06,CI-0014,KA-01,94,84.9,7980.6
2025-06,CI-0014,KA-02,75,84.9,6367.5
2025-06,CI-0014,KA-03,66,84.9,5603.4
2025-06,CI-0014,KA-04,37,84.9,3141.3
2025-06,CI-0014,KA-05,28,84.9,2377.2
2025-07,CI-0014,E-commerce,299,84.9,25385.1
2025-07,CI-0014,Marketplace,235,84.9,19951.5
2025-07,CI-0014,Loja própria,192,84.9,16300.8
2025-07,CI-0014,KA-01,107,84.9,9084.3
2025-07,CI-0014,KA-02,85,84.9,7216.5
2025-07,CI-0014,KA-03,74,84.9,6282.6
2025-07,CI-0014,KA-04,42,84.9,3565.8
2025-07,CI-0014,KA-05,32,84.9,2716.8
2025-08,CI-0014,E-commerce,282,84.9,23941.8
2025-08,CI-0014,Marketplace,221,84.9,18762.9
2025-08,CI-0014,Loja própria,181,84.9,15366.9
2025-08,CI-0014,KA-01,100,84.9,8490
2025-08,CI-0014,KA-02,80,84.9,6792
2025-08,CI-0014,KA-03,70,84.9,5943
2025-08,CI-0014,KA-04,40,84.9,3396
2025-08,CI-0014,KA-05,30,84.9,2547
2025-09,CI-0014,E-commerce,293,84.9,24875.7
2025-09,CI-0014,Marketplace,230,84.9,19527
2025-09,CI-0014,Loja própria,188,84.9,15961.2
2025-09,CI-0014,KA-01,104,84.9,8829.6
2025-09,CI-0014,KA-02,83,84.9,7046.7
2025-09,CI-0014,KA-03,73,84.9,6197.7
2025-09,CI-0014,KA-04,41,84.9,3480.9
2025-09,CI-0014,KA-05,31,84.9,2631.9
2025-10,CI-0014,E-commerce,330,84.9,28017
2025-10,CI-0014,Marketplace,259,84.9,21989.1
2025-10,CI-0014,Loja própria,212,84.9,17998.8
2025-10,CI-0014,KA-01,117,84.9,9933.3
2025-10,CI-0014,KA-02,94,84.9,7980.6
2025-10,CI-0014,KA-03,82,84.9,6961.8
2025-10,CI-0014,KA-04,47,84.9,3990.3
2025-10,CI-0014,KA-05,35,84.9,2971.5
2025-11,CI-0014,E-commerce,385,84.9,32686.5
2025-11,CI-0014,Marketplace,302,84.9,25639.8
2025-11,CI-0014,Loja própria,247,84.9,20970.3
2025-11,CI-0014,KA-01,137,84.9,11631.3
2025-11,CI-0014,KA-02,110,84.9,9339
2025-11,CI-0014,KA-03,96,84.9,8150.4
2025-11,CI-0014,KA-04,55,84.9,4669.5
2025-11,CI-0014,KA-05,41,84.9,3480.9
2025-12,CI-0014,E-commerce,327,84.9,27762.3
2025-12,CI-0014,Marketplace,257,84.9,21819.3
2025-12,CI-0014,Loja própria,210,84.9,17829
2025-12,CI-0014,KA-01,116,84.9,9848.4
2025-12,CI-0014,KA-02,93,84.9,7895.7
2025-12,CI-0014,KA-03,81,84.9,6876.9
2025-12,CI-0014,KA-04,46,84.9,3905.4
2025-12,CI-0014,KA-05,35,84.9,2971.5
2026-01,CI-0014,E-commerce,759,84.9,64439.1
2026-01,CI-0014,Marketplace,597,84.9,50685.3
2026-01,CI-0014,Loja própria,488,84.9,41431.2
2026-01,CI-0014,KA-01,271,84.9,23007.9
2026-01,CI-0014,KA-02,217,84.9,18423.3
2026-01,CI-0014,KA-03,189,84.9,16046.1
2026-01,CI-0014,KA-04,108,84.9,9169.2
2026-01,CI-0014,KA-05,81,84.9,6876.9
2026-02,CI-0014,E-commerce,850,84.9,72165
2026-02,CI-0014,Marketplace,667,84.9,56628.3
2026-02,CI-0014,Loja própria,546,84.9,46355.4
2026-02,CI-0014,KA-01,303,84.9,25724.7
2026-02,CI-0014,KA-02,242,84.9,20545.8
2026-02,CI-0014,KA-03,212,84.9,17998.8
2026-02,CI-0014,KA-04,121,84.9,10272.9
2026-02,CI-0014,KA-05,91,84.9,7725.9
2026-03,CI-0014,E-commerce,332,84.9,28186.8
2026-03,CI-0014,Marketplace,261,84.9,22158.9
2026-03,CI-0014,Loja própria,213,84.9,18083.7
2026-03,CI-0014,KA-01,118,84.9,10018.2
2026-03,CI-0014,KA-02,95,84.9,8065.5
2026-03,CI-0014,KA-03,83,84.9,7046.7
2026-03,CI-0014,KA-04,47,84.9,3990.3
2026-03,CI-0014,KA-05,35,84.9,2971.5
2026-04,CI-0014,E-commerce,371,84.9,31497.9
2026-04,CI-0014,Marketplace,291,84.9,24705.9
2026-04,CI-0014,Loja própria,238,84.9,20206.2
2026-04,CI-0014,KA-01,132,84.9,11206.8
2026-04,CI-0014,KA-02,106,84.9,8999.4
2026-04,CI-0014,KA-03,92,84.9,7810.8
2026-04,CI-0014,KA-04,53,84.9,4499.7
2026-04,CI-0014,KA-05,39,84.9,3311.1
2026-05,CI-0014,E-commerce,369,84.9,31328.1
2026-05,CI-0014,Marketplace,290,84.9,24621
2026-05,CI-0014,Loja própria,237,84.9,20121.3
2026-05,CI-0014,KA-01,132,84.9,11206.8
2026-05,CI-0014,KA-02,105,84.9,8914.5
2026-05,CI-0014,KA-03,92,84.9,7810.8
2026-05,CI-0014,KA-04,52,84.9,4414.8
2026-05,CI-0014,KA-05,39,84.9,3311.1
2026-06,CI-0014,E-commerce,308,84.9,26149.2
2026-06,CI-0014,Marketplace,242,84.9,20545.8
2026-06,CI-0014,Loja própria,198,84.9,16810.2
2026-06,CI-0014,KA-01,110,84.9,9339
2026-06,CI-0014,KA-02,88,84.9,7471.2
2026-06,CI-0014,KA-03,77,84.9,6537.3
2026-06,CI-0014,KA-04,44,84.9,3735.6
2026-06,CI-0014,KA-05,33,84.9,2801.7
2026-07,CI-0014,E-commerce,385,84.9,32686.5
2026-07,CI-0014,Marketplace,302,84.9,25639.8
2026-07,CI-0014,Loja própria,247,84.9,20970.3
2026-07,CI-0014,KA-01,137,84.9,11631.3
2026-07,CI-0014,KA-02,110,84.9,9339
2026-07,CI-0014,KA-03,96,84.9,8150.4
2026-07,CI-0014,KA-04,55,84.9,4669.5
2026-07,CI-0014,KA-05,41,84.9,3480.9
2026-08,CI-0014,E-commerce,355,84.9,30139.5
2026-08,CI-0014,Marketplace,279,84.9,23687.1
2026-08,CI-0014,Loja própria,228,84.9,19357.2
2026-08,CI-0014,KA-01,127,84.9,10782.3
2026-08,CI-0014,KA-02,101,84.9,8574.9
2026-08,CI-0014,KA-03,88,84.9,7471.2
2026-08,CI-0014,KA-04,50,84.9,4245
2026-08,CI-0014,KA-05,38,84.9,3226.2
2024-09,CI-0015,E-commerce,232,129.9,30136.8
2024-09,CI-0015,Marketplace,182,129.9,23641.8
2024-09,CI-0015,Loja própria,149,129.9,19355.1
2024-09,CI-0015,KA-01,82,129.9,10651.8
2024-09,CI-0015,KA-02,66,129.9,8573.4
2024-09,CI-0015,KA-03,58,129.9,7534.2
2024-09,CI-0015,KA-04,33,129.9,4286.7
2024-09,CI-0015,KA-05,24,129.9,3117.6
2024-10,CI-0015,E-commerce,249,129.9,32345.1
2024-10,CI-0015,Marketplace,196,129.9,25460.4
2024-10,CI-0015,Loja própria,160,129.9,20784
2024-10,CI-0015,KA-01,89,129.9,11561.1
2024-10,CI-0015,KA-02,71,129.9,9222.9
2024-10,CI-0015,KA-03,62,129.9,8053.8
2024-10,CI-0015,KA-04,35,129.9,4546.5
2024-10,CI-0015,KA-05,26,129.9,3377.4
2024-11,CI-0015,E-commerce,312,129.9,40528.8
2024-11,CI-0015,Marketplace,245,129.9,31825.5
2024-11,CI-0015,Loja própria,200,129.9,25980
2024-11,CI-0015,KA-01,111,129.9,14418.9
2024-11,CI-0015,KA-02,89,129.9,11561.1
2024-11,CI-0015,KA-03,78,129.9,10132.2
2024-11,CI-0015,KA-04,44,129.9,5715.6
2024-11,CI-0015,KA-05,33,129.9,4286.7
2024-12,CI-0015,E-commerce,208,129.9,27019.2
2024-12,CI-0015,Marketplace,163,129.9,21173.7
2024-12,CI-0015,Loja própria,133,129.9,17276.7
2024-12,CI-0015,KA-01,74,129.9,9612.6
2024-12,CI-0015,KA-02,59,129.9,7664.1
2024-12,CI-0015,KA-03,52,129.9,6754.8
2024-12,CI-0015,KA-04,29,129.9,3767.1
2024-12,CI-0015,KA-05,22,129.9,2857.8
2025-01,CI-0015,E-commerce,220,129.9,28578
2025-01,CI-0015,Marketplace,173,129.9,22472.7
2025-01,CI-0015,Loja própria,141,129.9,18315.9
2025-01,CI-0015,KA-01,78,129.9,10132.2
2025-01,CI-0015,KA-02,63,129.9,8183.7
2025-01,CI-0015,KA-03,55,129.9,7144.5
2025-01,CI-0015,KA-04,31,129.9,4026.9
2025-01,CI-0015,KA-05,23,129.9,2987.7
2025-02,CI-0015,E-commerce,191,129.9,24810.9
2025-02,CI-0015,Marketplace,150,129.9,19485
2025-02,CI-0015,Loja própria,122,129.9,15847.8
2025-02,CI-0015,KA-01,68,129.9,8833.2
2025-02,CI-0015,KA-02,54,129.9,7014.6
2025-02,CI-0015,KA-03,47,129.9,6105.3
2025-02,CI-0015,KA-04,27,129.9,3507.3
2025-02,CI-0015,KA-05,20,129.9,2598
2025-03,CI-0015,E-commerce,210,129.9,27279
2025-03,CI-0015,Marketplace,165,129.9,21433.5
2025-03,CI-0015,Loja própria,135,129.9,17536.5
2025-03,CI-0015,KA-01,75,129.9,9742.5
2025-03,CI-0015,KA-02,60,129.9,7794
2025-03,CI-0015,KA-03,52,129.9,6754.8
2025-03,CI-0015,KA-04,30,129.9,3897
2025-03,CI-0015,KA-05,22,129.9,2857.8
2025-04,CI-0015,E-commerce,218,129.9,28318.2
2025-04,CI-0015,Marketplace,171,129.9,22212.9
2025-04,CI-0015,Loja própria,140,129.9,18186
2025-04,CI-0015,KA-01,78,129.9,10132.2
2025-04,CI-0015,KA-02,62,129.9,8053.8
2025-04,CI-0015,KA-03,54,129.9,7014.6
2025-04,CI-0015,KA-04,31,129.9,4026.9
2025-04,CI-0015,KA-05,23,129.9,2987.7
2025-05,CI-0015,E-commerce,201,129.9,26109.9
2025-05,CI-0015,Marketplace,158,129.9,20524.2
2025-05,CI-0015,Loja própria,129,129.9,16757.1
2025-05,CI-0015,KA-01,72,129.9,9352.8
2025-05,CI-0015,KA-02,57,129.9,7404.3
2025-05,CI-0015,KA-03,50,129.9,6495
2025-05,CI-0015,KA-04,28,129.9,3637.2
2025-05,CI-0015,KA-05,21,129.9,2727.9
2025-06,CI-0015,E-commerce,203,129.9,26369.7
2025-06,CI-0015,Marketplace,159,129.9,20654.1
2025-06,CI-0015,Loja própria,130,129.9,16887
2025-06,CI-0015,KA-01,72,129.9,9352.8
2025-06,CI-0015,KA-02,58,129.9,7534.2
2025-06,CI-0015,KA-03,50,129.9,6495
2025-06,CI-0015,KA-04,29,129.9,3767.1
2025-06,CI-0015,KA-05,21,129.9,2727.9
2025-07,CI-0015,E-commerce,171,129.9,22212.9
2025-07,CI-0015,Marketplace,134,129.9,17406.6
2025-07,CI-0015,Loja própria,110,129.9,14289
2025-07,CI-0015,KA-01,61,129.9,7923.9
2025-07,CI-0015,KA-02,48,129.9,6235.2
2025-07,CI-0015,KA-03,42,129.9,5455.8
2025-07,CI-0015,KA-04,24,129.9,3117.6
2025-07,CI-0015,KA-05,18,129.9,2338.2
2025-08,CI-0015,E-commerce,183,129.9,23771.7
2025-08,CI-0015,Marketplace,144,129.9,18705.6
2025-08,CI-0015,Loja própria,118,129.9,15328.2
2025-08,CI-0015,KA-01,65,129.9,8443.5
2025-08,CI-0015,KA-02,52,129.9,6754.8
2025-08,CI-0015,KA-03,45,129.9,5845.5
2025-08,CI-0015,KA-04,26,129.9,3377.4
2025-08,CI-0015,KA-05,19,129.9,2468.1
2025-09,CI-0015,E-commerce,198,129.9,25720.2
2025-09,CI-0015,Marketplace,156,129.9,20264.4
2025-09,CI-0015,Loja própria,127,129.9,16497.3
2025-09,CI-0015,KA-01,71,129.9,9222.9
2025-09,CI-0015,KA-02,56,129.9,7274.4
2025-09,CI-0015,KA-03,49,129.9,6365.1
2025-09,CI-0015,KA-04,28,129.9,3637.2
2025-09,CI-0015,KA-05,21,129.9,2727.9
2025-10,CI-0015,E-commerce,168,129.9,21823.2
2025-10,CI-0015,Marketplace,132,129.9,17146.8
2025-10,CI-0015,Loja própria,108,129.9,14029.2
2025-10,CI-0015,KA-01,60,129.9,7794
2025-10,CI-0015,KA-02,48,129.9,6235.2
2025-10,CI-0015,KA-03,42,129.9,5455.8
2025-10,CI-0015,KA-04,24,129.9,3117.6
2025-10,CI-0015,KA-05,18,129.9,2338.2
2025-11,CI-0015,E-commerce,220,129.9,28578
2025-11,CI-0015,Marketplace,173,129.9,22472.7
2025-11,CI-0015,Loja própria,141,129.9,18315.9
2025-11,CI-0015,KA-01,78,129.9,10132.2
2025-11,CI-0015,KA-02,62,129.9,8053.8
2025-11,CI-0015,KA-03,55,129.9,7144.5
2025-11,CI-0015,KA-04,31,129.9,4026.9
2025-11,CI-0015,KA-05,23,129.9,2987.7
2025-12,CI-0015,E-commerce,166,129.9,21563.4
2025-12,CI-0015,Marketplace,130,129.9,16887
2025-12,CI-0015,Loja própria,106,129.9,13769.4
2025-12,CI-0015,KA-01,59,129.9,7664.1
2025-12,CI-0015,KA-02,47,129.9,6105.3
2025-12,CI-0015,KA-03,41,129.9,5325.9
2025-12,CI-0015,KA-04,23,129.9,2987.7
2025-12,CI-0015,KA-05,17,129.9,2208.3
2026-01,CI-0015,E-commerce,161,129.9,20913.9
2026-01,CI-0015,Marketplace,126,129.9,16367.4
2026-01,CI-0015,Loja própria,103,129.9,13379.7
2026-01,CI-0015,KA-01,57,129.9,7404.3
2026-01,CI-0015,KA-02,46,129.9,5975.4
2026-01,CI-0015,KA-03,40,129.9,5196
2026-01,CI-0015,KA-04,23,129.9,2987.7
2026-01,CI-0015,KA-05,17,129.9,2208.3
2026-02,CI-0015,E-commerce,151,129.9,19614.9
2026-02,CI-0015,Marketplace,118,129.9,15328.2
2026-02,CI-0015,Loja própria,97,129.9,12600.3
2026-02,CI-0015,KA-01,54,129.9,7014.6
2026-02,CI-0015,KA-02,43,129.9,5585.7
2026-02,CI-0015,KA-03,37,129.9,4806.3
2026-02,CI-0015,KA-04,21,129.9,2727.9
2026-02,CI-0015,KA-05,16,129.9,2078.4
2026-03,CI-0015,E-commerce,156,129.9,20264.4
2026-03,CI-0015,Marketplace,123,129.9,15977.7
2026-03,CI-0015,Loja própria,100,129.9,12990
2026-03,CI-0015,KA-01,56,129.9,7274.4
2026-03,CI-0015,KA-02,44,129.9,5715.6
2026-03,CI-0015,KA-03,39,129.9,5066.1
2026-03,CI-0015,KA-04,22,129.9,2857.8
2026-03,CI-0015,KA-05,16,129.9,2078.4
2026-04,CI-0015,E-commerce,136,129.9,17666.4
2026-04,CI-0015,Marketplace,107,129.9,13899.3
2026-04,CI-0015,Loja própria,87,129.9,11301.3
2026-04,CI-0015,KA-01,48,129.9,6235.2
2026-04,CI-0015,KA-02,39,129.9,5066.1
2026-04,CI-0015,KA-03,34,129.9,4416.6
2026-04,CI-0015,KA-04,19,129.9,2468.1
2026-04,CI-0015,KA-05,14,129.9,1818.6
2026-05,CI-0015,E-commerce,146,129.9,18965.4
2026-05,CI-0015,Marketplace,115,129.9,14938.5
2026-05,CI-0015,Loja própria,94,129.9,12210.6
2026-05,CI-0015,KA-01,52,129.9,6754.8
2026-05,CI-0015,KA-02,41,129.9,5325.9
2026-05,CI-0015,KA-03,36,129.9,4676.4
2026-05,CI-0015,KA-04,20,129.9,2598
2026-05,CI-0015,KA-05,15,129.9,1948.5
2026-06,CI-0015,E-commerce,141,129.9,18315.9
2026-06,CI-0015,Marketplace,110,129.9,14289
2026-06,CI-0015,Loja própria,90,129.9,11691
2026-06,CI-0015,KA-01,50,129.9,6495
2026-06,CI-0015,KA-02,40,129.9,5196
2026-06,CI-0015,KA-03,35,129.9,4546.5
2026-06,CI-0015,KA-04,20,129.9,2598
2026-06,CI-0015,KA-05,15,129.9,1948.5
2026-07,CI-0015,E-commerce,111,129.9,14418.9
2026-07,CI-0015,Marketplace,87,129.9,11301.3
2026-07,CI-0015,Loja própria,71,129.9,9222.9
2026-07,CI-0015,KA-01,39,129.9,5066.1
2026-07,CI-0015,KA-02,31,129.9,4026.9
2026-07,CI-0015,KA-03,27,129.9,3507.3
2026-07,CI-0015,KA-04,15,129.9,1948.5
2026-07,CI-0015,KA-05,11,129.9,1428.9
2026-08,CI-0015,E-commerce,132,129.9,17146.8
2026-08,CI-0015,Marketplace,104,129.9,13509.6
2026-08,CI-0015,Loja própria,85,129.9,11041.5
2026-08,CI-0015,KA-01,47,129.9,6105.3
2026-08,CI-0015,KA-02,37,129.9,4806.3
2026-08,CI-0015,KA-03,33,129.9,4286.7
2026-08,CI-0015,KA-04,18,129.9,2338.2
2026-08,CI-0015,KA-05,14,129.9,1818.6
2024-09,CI-0016,E-commerce,45,69.9,3145.5
2024-09,CI-0016,Marketplace,36,69.9,2516.4
2024-09,CI-0016,Loja própria,29,69.9,2027.1
2024-09,CI-0016,KA-01,16,69.9,1118.4
2024-09,CI-0016,KA-02,13,69.9,908.7
2024-09,CI-0016,KA-03,11,69.9,768.9
2024-09,CI-0016,KA-04,6,69.9,419.4
2024-09,CI-0016,KA-05,4,69.9,279.6
2024-10,CI-0016,E-commerce,42,69.9,2935.8
2024-10,CI-0016,Marketplace,33,69.9,2306.7
2024-10,CI-0016,Loja própria,27,69.9,1887.3
2024-10,CI-0016,KA-01,15,69.9,1048.5
2024-10,CI-0016,KA-02,12,69.9,838.8
2024-10,CI-0016,KA-03,10,69.9,699
2024-10,CI-0016,KA-04,6,69.9,419.4
2024-10,CI-0016,KA-05,4,69.9,279.6
2024-11,CI-0016,E-commerce,50,69.9,3495
2024-11,CI-0016,Marketplace,39,69.9,2726.1
2024-11,CI-0016,Loja própria,32,69.9,2236.8
2024-11,CI-0016,KA-01,18,69.9,1258.2
2024-11,CI-0016,KA-02,14,69.9,978.6
2024-11,CI-0016,KA-03,12,69.9,838.8
2024-11,CI-0016,KA-04,7,69.9,489.3
2024-11,CI-0016,KA-05,5,69.9,349.5
2024-12,CI-0016,E-commerce,41,69.9,2865.9
2024-12,CI-0016,Marketplace,32,69.9,2236.8
2024-12,CI-0016,Loja própria,26,69.9,1817.4
2024-12,CI-0016,KA-01,14,69.9,978.6
2024-12,CI-0016,KA-02,11,69.9,768.9
2024-12,CI-0016,KA-03,10,69.9,699
2024-12,CI-0016,KA-04,5,69.9,349.5
2024-12,CI-0016,KA-05,4,69.9,279.6
2025-01,CI-0016,E-commerce,98,69.9,6850.2
2025-01,CI-0016,Marketplace,77,69.9,5382.3
2025-01,CI-0016,Loja própria,63,69.9,4403.7
2025-01,CI-0016,KA-01,35,69.9,2446.5
2025-01,CI-0016,KA-02,28,69.9,1957.2
2025-01,CI-0016,KA-03,24,69.9,1677.6
2025-01,CI-0016,KA-04,14,69.9,978.6
2025-01,CI-0016,KA-05,10,69.9,699
2025-02,CI-0016,E-commerce,110,69.9,7689
2025-02,CI-0016,Marketplace,86,69.9,6011.4
2025-02,CI-0016,Loja própria,70,69.9,4893
2025-02,CI-0016,KA-01,39,69.9,2726.1
2025-02,CI-0016,KA-02,31,69.9,2166.9
2025-02,CI-0016,KA-03,27,69.9,1887.3
2025-02,CI-0016,KA-04,15,69.9,1048.5
2025-02,CI-0016,KA-05,11,69.9,768.9
2025-03,CI-0016,E-commerce,45,69.9,3145.5
2025-03,CI-0016,Marketplace,36,69.9,2516.4
2025-03,CI-0016,Loja própria,29,69.9,2027.1
2025-03,CI-0016,KA-01,16,69.9,1118.4
2025-03,CI-0016,KA-02,13,69.9,908.7
2025-03,CI-0016,KA-03,11,69.9,768.9
2025-03,CI-0016,KA-04,6,69.9,419.4
2025-03,CI-0016,KA-05,4,69.9,279.6
2025-04,CI-0016,E-commerce,45,69.9,3145.5
2025-04,CI-0016,Marketplace,35,69.9,2446.5
2025-04,CI-0016,Loja própria,28,69.9,1957.2
2025-04,CI-0016,KA-01,16,69.9,1118.4
2025-04,CI-0016,KA-02,12,69.9,838.8
2025-04,CI-0016,KA-03,11,69.9,768.9
2025-04,CI-0016,KA-04,6,69.9,419.4
2025-04,CI-0016,KA-05,4,69.9,279.6
2025-05,CI-0016,E-commerce,48,69.9,3355.2
2025-05,CI-0016,Marketplace,38,69.9,2656.2
2025-05,CI-0016,Loja própria,31,69.9,2166.9
2025-05,CI-0016,KA-01,17,69.9,1188.3
2025-05,CI-0016,KA-02,13,69.9,908.7
2025-05,CI-0016,KA-03,12,69.9,838.8
2025-05,CI-0016,KA-04,6,69.9,419.4
2025-05,CI-0016,KA-05,5,69.9,349.5
2025-06,CI-0016,E-commerce,45,69.9,3145.5
2025-06,CI-0016,Marketplace,35,69.9,2446.5
2025-06,CI-0016,Loja própria,29,69.9,2027.1
2025-06,CI-0016,KA-01,16,69.9,1118.4
2025-06,CI-0016,KA-02,12,69.9,838.8
2025-06,CI-0016,KA-03,11,69.9,768.9
2025-06,CI-0016,KA-04,6,69.9,419.4
2025-06,CI-0016,KA-05,4,69.9,279.6
2025-07,CI-0016,E-commerce,38,69.9,2656.2
2025-07,CI-0016,Marketplace,30,69.9,2097
2025-07,CI-0016,Loja própria,25,69.9,1747.5
2025-07,CI-0016,KA-01,13,69.9,908.7
2025-07,CI-0016,KA-02,11,69.9,768.9
2025-07,CI-0016,KA-03,9,69.9,629.1
2025-07,CI-0016,KA-04,5,69.9,349.5
2025-07,CI-0016,KA-05,4,69.9,279.6
2025-08,CI-0016,E-commerce,47,69.9,3285.3
2025-08,CI-0016,Marketplace,37,69.9,2586.3
2025-08,CI-0016,Loja própria,30,69.9,2097
2025-08,CI-0016,KA-01,17,69.9,1188.3
2025-08,CI-0016,KA-02,13,69.9,908.7
2025-08,CI-0016,KA-03,11,69.9,768.9
2025-08,CI-0016,KA-04,6,69.9,419.4
2025-08,CI-0016,KA-05,5,69.9,349.5
2025-09,CI-0016,E-commerce,44,69.9,3075.6
2025-09,CI-0016,Marketplace,34,69.9,2376.6
2025-09,CI-0016,Loja própria,28,69.9,1957.2
2025-09,CI-0016,KA-01,15,69.9,1048.5
2025-09,CI-0016,KA-02,12,69.9,838.8
2025-09,CI-0016,KA-03,11,69.9,768.9
2025-09,CI-0016,KA-04,6,69.9,419.4
2025-09,CI-0016,KA-05,4,69.9,279.6
2025-10,CI-0016,E-commerce,40,69.9,2796
2025-10,CI-0016,Marketplace,31,69.9,2166.9
2025-10,CI-0016,Loja própria,25,69.9,1747.5
2025-10,CI-0016,KA-01,14,69.9,978.6
2025-10,CI-0016,KA-02,11,69.9,768.9
2025-10,CI-0016,KA-03,10,69.9,699
2025-10,CI-0016,KA-04,5,69.9,349.5
2025-10,CI-0016,KA-05,4,69.9,279.6
2025-11,CI-0016,E-commerce,56,69.9,3914.4
2025-11,CI-0016,Marketplace,44,69.9,3075.6
2025-11,CI-0016,Loja própria,36,69.9,2516.4
2025-11,CI-0016,KA-01,20,69.9,1398
2025-11,CI-0016,KA-02,16,69.9,1118.4
2025-11,CI-0016,KA-03,14,69.9,978.6
2025-11,CI-0016,KA-04,8,69.9,559.2
2025-11,CI-0016,KA-05,6,69.9,419.4
2025-12,CI-0016,E-commerce,46,69.9,3215.4
2025-12,CI-0016,Marketplace,36,69.9,2516.4
2025-12,CI-0016,Loja própria,29,69.9,2027.1
2025-12,CI-0016,KA-01,16,69.9,1118.4
2025-12,CI-0016,KA-02,13,69.9,908.7
2025-12,CI-0016,KA-03,11,69.9,768.9
2025-12,CI-0016,KA-04,6,69.9,419.4
2025-12,CI-0016,KA-05,4,69.9,279.6
2026-01,CI-0016,E-commerce,106,69.9,7409.4
2026-01,CI-0016,Marketplace,84,69.9,5871.6
2026-01,CI-0016,Loja própria,68,69.9,4753.2
2026-01,CI-0016,KA-01,38,69.9,2656.2
2026-01,CI-0016,KA-02,30,69.9,2097
2026-01,CI-0016,KA-03,26,69.9,1817.4
2026-01,CI-0016,KA-04,15,69.9,1048.5
2026-01,CI-0016,KA-05,11,69.9,768.9
2026-02,CI-0016,E-commerce,112,69.9,7828.8
2026-02,CI-0016,Marketplace,88,69.9,6151.2
2026-02,CI-0016,Loja própria,72,69.9,5032.8
2026-02,CI-0016,KA-01,40,69.9,2796
2026-02,CI-0016,KA-02,32,69.9,2236.8
2026-02,CI-0016,KA-03,28,69.9,1957.2
2026-02,CI-0016,KA-04,16,69.9,1118.4
2026-02,CI-0016,KA-05,12,69.9,838.8
2026-03,CI-0016,E-commerce,49,69.9,3425.1
2026-03,CI-0016,Marketplace,39,69.9,2726.1
2026-03,CI-0016,Loja própria,32,69.9,2236.8
2026-03,CI-0016,KA-01,17,69.9,1188.3
2026-03,CI-0016,KA-02,14,69.9,978.6
2026-03,CI-0016,KA-03,12,69.9,838.8
2026-03,CI-0016,KA-04,7,69.9,489.3
2026-03,CI-0016,KA-05,5,69.9,349.5
2026-04,CI-0016,E-commerce,43,69.9,3005.7
2026-04,CI-0016,Marketplace,34,69.9,2376.6
2026-04,CI-0016,Loja própria,27,69.9,1887.3
2026-04,CI-0016,KA-01,15,69.9,1048.5
2026-04,CI-0016,KA-02,12,69.9,838.8
2026-04,CI-0016,KA-03,10,69.9,699
2026-04,CI-0016,KA-04,6,69.9,419.4
2026-04,CI-0016,KA-05,4,69.9,279.6
2026-05,CI-0016,E-commerce,49,69.9,3425.1
2026-05,CI-0016,Marketplace,39,69.9,2726.1
2026-05,CI-0016,Loja própria,32,69.9,2236.8
2026-05,CI-0016,KA-01,17,69.9,1188.3
2026-05,CI-0016,KA-02,14,69.9,978.6
2026-05,CI-0016,KA-03,12,69.9,838.8
2026-05,CI-0016,KA-04,7,69.9,489.3
2026-05,CI-0016,KA-05,5,69.9,349.5
2026-06,CI-0016,E-commerce,40,69.9,2796
2026-06,CI-0016,Marketplace,32,69.9,2236.8
2026-06,CI-0016,Loja própria,26,69.9,1817.4
2026-06,CI-0016,KA-01,14,69.9,978.6
2026-06,CI-0016,KA-02,11,69.9,768.9
2026-06,CI-0016,KA-03,10,69.9,699
2026-06,CI-0016,KA-04,5,69.9,349.5
2026-06,CI-0016,KA-05,4,69.9,279.6
2026-07,CI-0016,E-commerce,48,69.9,3355.2
2026-07,CI-0016,Marketplace,38,69.9,2656.2
2026-07,CI-0016,Loja própria,31,69.9,2166.9
2026-07,CI-0016,KA-01,17,69.9,1188.3
2026-07,CI-0016,KA-02,13,69.9,908.7
2026-07,CI-0016,KA-03,12,69.9,838.8
2026-07,CI-0016,KA-04,6,69.9,419.4
2026-07,CI-0016,KA-05,5,69.9,349.5
2026-08,CI-0016,E-commerce,48,69.9,3355.2
2026-08,CI-0016,Marketplace,38,69.9,2656.2
2026-08,CI-0016,Loja própria,31,69.9,2166.9
2026-08,CI-0016,KA-01,17,69.9,1188.3
2026-08,CI-0016,KA-02,13,69.9,908.7
2026-08,CI-0016,KA-03,12,69.9,838.8
2026-08,CI-0016,KA-04,6,69.9,419.4
2026-08,CI-0016,KA-05,5,69.9,349.5
2024-09,CI-0017,E-commerce,61,94.9,5788.9
2024-09,CI-0017,Marketplace,48,94.9,4555.2
2024-09,CI-0017,Loja própria,39,94.9,3701.1
2024-09,CI-0017,KA-01,22,94.9,2087.8
2024-09,CI-0017,KA-02,17,94.9,1613.3
2024-09,CI-0017,KA-03,15,94.9,1423.5
2024-09,CI-0017,KA-04,8,94.9,759.2
2024-09,CI-0017,KA-05,6,94.9,569.4
2024-10,CI-0017,E-commerce,52,94.9,4934.8
2024-10,CI-0017,Marketplace,41,94.9,3890.9
2024-10,CI-0017,Loja própria,33,94.9,3131.7
2024-10,CI-0017,KA-01,18,94.9,1708.2
2024-10,CI-0017,KA-02,14,94.9,1328.6
2024-10,CI-0017,KA-03,13,94.9,1233.7
2024-10,CI-0017,KA-04,7,94.9,664.3
2024-10,CI-0017,KA-05,5,94.9,474.5
2024-11,CI-0017,E-commerce,98,94.9,9300.2
2024-11,CI-0017,Marketplace,77,94.9,7307.3
2024-11,CI-0017,Loja própria,63,94.9,5978.7
2024-11,CI-0017,KA-01,35,94.9,3321.5
2024-11,CI-0017,KA-02,28,94.9,2657.2
2024-11,CI-0017,KA-03,24,94.9,2277.6
2024-11,CI-0017,KA-04,14,94.9,1328.6
2024-11,CI-0017,KA-05,10,94.9,949
2024-12,CI-0017,E-commerce,91,94.9,8635.9
2024-12,CI-0017,Marketplace,71,94.9,6737.9
2024-12,CI-0017,Loja própria,58,94.9,5504.2
2024-12,CI-0017,KA-01,32,94.9,3036.8
2024-12,CI-0017,KA-02,26,94.9,2467.4
2024-12,CI-0017,KA-03,22,94.9,2087.8
2024-12,CI-0017,KA-04,13,94.9,1233.7
2024-12,CI-0017,KA-05,9,94.9,854.1
2025-01,CI-0017,E-commerce,102,94.9,9679.8
2025-01,CI-0017,Marketplace,80,94.9,7592
2025-01,CI-0017,Loja própria,65,94.9,6168.5
2025-01,CI-0017,KA-01,36,94.9,3416.4
2025-01,CI-0017,KA-02,29,94.9,2752.1
2025-01,CI-0017,KA-03,25,94.9,2372.5
2025-01,CI-0017,KA-04,14,94.9,1328.6
2025-01,CI-0017,KA-05,10,94.9,949
2025-02,CI-0017,E-commerce,60,94.9,5694
2025-02,CI-0017,Marketplace,47,94.9,4460.3
2025-02,CI-0017,Loja própria,38,94.9,3606.2
2025-02,CI-0017,KA-01,21,94.9,1992.9
2025-02,CI-0017,KA-02,17,94.9,1613.3
2025-02,CI-0017,KA-03,15,94.9,1423.5
2025-02,CI-0017,KA-04,8,94.9,759.2
2025-02,CI-0017,KA-05,6,94.9,569.4
2025-03,CI-0017,E-commerce,60,94.9,5694
2025-03,CI-0017,Marketplace,47,94.9,4460.3
2025-03,CI-0017,Loja própria,38,94.9,3606.2
2025-03,CI-0017,KA-01,21,94.9,1992.9
2025-03,CI-0017,KA-02,17,94.9,1613.3
2025-03,CI-0017,KA-03,15,94.9,1423.5
2025-03,CI-0017,KA-04,8,94.9,759.2
2025-03,CI-0017,KA-05,6,94.9,569.4
2025-04,CI-0017,E-commerce,51,94.9,4839.9
2025-04,CI-0017,Marketplace,40,94.9,3796
2025-04,CI-0017,Loja própria,33,94.9,3131.7
2025-04,CI-0017,KA-01,18,94.9,1708.2
2025-04,CI-0017,KA-02,14,94.9,1328.6
2025-04,CI-0017,KA-03,12,94.9,1138.8
2025-04,CI-0017,KA-04,7,94.9,664.3
2025-04,CI-0017,KA-05,5,94.9,474.5
2025-05,CI-0017,E-commerce,55,94.9,5219.5
2025-05,CI-0017,Marketplace,43,94.9,4080.7
2025-05,CI-0017,Loja própria,35,94.9,3321.5
2025-05,CI-0017,KA-01,19,94.9,1803.1
2025-05,CI-0017,KA-02,15,94.9,1423.5
2025-05,CI-0017,KA-03,13,94.9,1233.7
2025-05,CI-0017,KA-04,7,94.9,664.3
2025-05,CI-0017,KA-05,5,94.9,474.5
2025-06,CI-0017,E-commerce,54,94.9,5124.6
2025-06,CI-0017,Marketplace,42,94.9,3985.8
2025-06,CI-0017,Loja própria,35,94.9,3321.5
2025-06,CI-0017,KA-01,19,94.9,1803.1
2025-06,CI-0017,KA-02,15,94.9,1423.5
2025-06,CI-0017,KA-03,13,94.9,1233.7
2025-06,CI-0017,KA-04,7,94.9,664.3
2025-06,CI-0017,KA-05,5,94.9,474.5
2025-07,CI-0017,E-commerce,65,94.9,6168.5
2025-07,CI-0017,Marketplace,51,94.9,4839.9
2025-07,CI-0017,Loja própria,41,94.9,3890.9
2025-07,CI-0017,KA-01,23,94.9,2182.7
2025-07,CI-0017,KA-02,18,94.9,1708.2
2025-07,CI-0017,KA-03,16,94.9,1518.4
2025-07,CI-0017,KA-04,9,94.9,854.1
2025-07,CI-0017,KA-05,6,94.9,569.4
2025-08,CI-0017,E-commerce,63,94.9,5978.7
2025-08,CI-0017,Marketplace,49,94.9,4650.1
2025-08,CI-0017,Loja própria,40,94.9,3796
2025-08,CI-0017,KA-01,22,94.9,2087.8
2025-08,CI-0017,KA-02,18,94.9,1708.2
2025-08,CI-0017,KA-03,15,94.9,1423.5
2025-08,CI-0017,KA-04,9,94.9,854.1
2025-08,CI-0017,KA-05,6,94.9,569.4
2025-09,CI-0017,E-commerce,65,94.9,6168.5
2025-09,CI-0017,Marketplace,51,94.9,4839.9
2025-09,CI-0017,Loja própria,41,94.9,3890.9
2025-09,CI-0017,KA-01,23,94.9,2182.7
2025-09,CI-0017,KA-02,18,94.9,1708.2
2025-09,CI-0017,KA-03,16,94.9,1518.4
2025-09,CI-0017,KA-04,9,94.9,854.1
2025-09,CI-0017,KA-05,6,94.9,569.4
2025-10,CI-0017,E-commerce,61,94.9,5788.9
2025-10,CI-0017,Marketplace,47,94.9,4460.3
2025-10,CI-0017,Loja própria,39,94.9,3701.1
2025-10,CI-0017,KA-01,21,94.9,1992.9
2025-10,CI-0017,KA-02,17,94.9,1613.3
2025-10,CI-0017,KA-03,15,94.9,1423.5
2025-10,CI-0017,KA-04,8,94.9,759.2
2025-10,CI-0017,KA-05,6,94.9,569.4
2025-11,CI-0017,E-commerce,86,94.9,8161.4
2025-11,CI-0017,Marketplace,67,94.9,6358.3
2025-11,CI-0017,Loja própria,55,94.9,5219.5
2025-11,CI-0017,KA-01,30,94.9,2847
2025-11,CI-0017,KA-02,24,94.9,2277.6
2025-11,CI-0017,KA-03,21,94.9,1992.9
2025-11,CI-0017,KA-04,12,94.9,1138.8
2025-11,CI-0017,KA-05,9,94.9,854.1
2025-12,CI-0017,E-commerce,107,94.9,10154.3
2025-12,CI-0017,Marketplace,84,94.9,7971.6
2025-12,CI-0017,Loja própria,69,94.9,6548.1
2025-12,CI-0017,KA-01,38,94.9,3606.2
2025-12,CI-0017,KA-02,30,94.9,2847
2025-12,CI-0017,KA-03,26,94.9,2467.4
2025-12,CI-0017,KA-04,15,94.9,1423.5
2025-12,CI-0017,KA-05,11,94.9,1043.9
2026-01,CI-0017,E-commerce,105,94.9,9964.5
2026-01,CI-0017,Marketplace,83,94.9,7876.7
2026-01,CI-0017,Loja própria,68,94.9,6453.2
2026-01,CI-0017,KA-01,37,94.9,3511.3
2026-01,CI-0017,KA-02,30,94.9,2847
2026-01,CI-0017,KA-03,26,94.9,2467.4
2026-01,CI-0017,KA-04,15,94.9,1423.5
2026-01,CI-0017,KA-05,11,94.9,1043.9
2026-02,CI-0017,E-commerce,59,94.9,5599.1
2026-02,CI-0017,Marketplace,46,94.9,4365.4
2026-02,CI-0017,Loja própria,37,94.9,3511.3
2026-02,CI-0017,KA-01,21,94.9,1992.9
2026-02,CI-0017,KA-02,16,94.9,1518.4
2026-02,CI-0017,KA-03,14,94.9,1328.6
2026-02,CI-0017,KA-04,8,94.9,759.2
2026-02,CI-0017,KA-05,6,94.9,569.4
2026-03,CI-0017,E-commerce,54,94.9,5124.6
2026-03,CI-0017,Marketplace,42,94.9,3985.8
2026-03,CI-0017,Loja própria,35,94.9,3321.5
2026-03,CI-0017,KA-01,19,94.9,1803.1
2026-03,CI-0017,KA-02,15,94.9,1423.5
2026-03,CI-0017,KA-03,13,94.9,1233.7
2026-03,CI-0017,KA-04,7,94.9,664.3
2026-03,CI-0017,KA-05,5,94.9,474.5
2026-04,CI-0017,E-commerce,65,94.9,6168.5
2026-04,CI-0017,Marketplace,51,94.9,4839.9
2026-04,CI-0017,Loja própria,42,94.9,3985.8
2026-04,CI-0017,KA-01,23,94.9,2182.7
2026-04,CI-0017,KA-02,18,94.9,1708.2
2026-04,CI-0017,KA-03,16,94.9,1518.4
2026-04,CI-0017,KA-04,9,94.9,854.1
2026-04,CI-0017,KA-05,7,94.9,664.3
2026-05,CI-0017,E-commerce,61,94.9,5788.9
2026-05,CI-0017,Marketplace,48,94.9,4555.2
2026-05,CI-0017,Loja própria,39,94.9,3701.1
2026-05,CI-0017,KA-01,21,94.9,1992.9
2026-05,CI-0017,KA-02,17,94.9,1613.3
2026-05,CI-0017,KA-03,15,94.9,1423.5
2026-05,CI-0017,KA-04,8,94.9,759.2
2026-05,CI-0017,KA-05,6,94.9,569.4
2026-06,CI-0017,E-commerce,60,94.9,5694
2026-06,CI-0017,Marketplace,47,94.9,4460.3
2026-06,CI-0017,Loja própria,38,94.9,3606.2
2026-06,CI-0017,KA-01,21,94.9,1992.9
2026-06,CI-0017,KA-02,17,94.9,1613.3
2026-06,CI-0017,KA-03,15,94.9,1423.5
2026-06,CI-0017,KA-04,8,94.9,759.2
2026-06,CI-0017,KA-05,6,94.9,569.4
2026-07,CI-0017,E-commerce,57,94.9,5409.3
2026-07,CI-0017,Marketplace,45,94.9,4270.5
2026-07,CI-0017,Loja própria,37,94.9,3511.3
2026-07,CI-0017,KA-01,20,94.9,1898
2026-07,CI-0017,KA-02,16,94.9,1518.4
2026-07,CI-0017,KA-03,14,94.9,1328.6
2026-07,CI-0017,KA-04,8,94.9,759.2
2026-07,CI-0017,KA-05,6,94.9,569.4
2026-08,CI-0017,E-commerce,62,94.9,5883.8
2026-08,CI-0017,Marketplace,49,94.9,4650.1
2026-08,CI-0017,Loja própria,40,94.9,3796
2026-08,CI-0017,KA-01,22,94.9,2087.8
2026-08,CI-0017,KA-02,17,94.9,1613.3
2026-08,CI-0017,KA-03,15,94.9,1423.5
2026-08,CI-0017,KA-04,8,94.9,759.2
2026-08,CI-0017,KA-05,6,94.9,569.4
2024-09,CI-0018,E-commerce,70,29.9,2093
2024-09,CI-0018,Marketplace,55,29.9,1644.5
2024-09,CI-0018,Loja própria,45,29.9,1345.5
2024-09,CI-0018,KA-01,25,29.9,747.5
2024-09,CI-0018,KA-02,20,29.9,598
2024-09,CI-0018,KA-03,17,29.9,508.3
2024-09,CI-0018,KA-04,10,29.9,299
2024-09,CI-0018,KA-05,7,29.9,209.3
2024-10,CI-0018,E-commerce,77,29.9,2302.3
2024-10,CI-0018,Marketplace,61,29.9,1823.9
2024-10,CI-0018,Loja própria,50,29.9,1495
2024-10,CI-0018,KA-01,27,29.9,807.3
2024-10,CI-0018,KA-02,22,29.9,657.8
2024-10,CI-0018,KA-03,19,29.9,568.1
2024-10,CI-0018,KA-04,11,29.9,328.9
2024-10,CI-0018,KA-05,8,29.9,239.2
2024-11,CI-0018,E-commerce,106,29.9,3169.4
2024-11,CI-0018,Marketplace,83,29.9,2481.7
2024-11,CI-0018,Loja própria,68,29.9,2033.2
2024-11,CI-0018,KA-01,38,29.9,1136.2
2024-11,CI-0018,KA-02,30,29.9,897
2024-11,CI-0018,KA-03,26,29.9,777.4
2024-11,CI-0018,KA-04,15,29.9,448.5
2024-11,CI-0018,KA-05,11,29.9,328.9
2024-12,CI-0018,E-commerce,62,29.9,1853.8
2024-12,CI-0018,Marketplace,49,29.9,1465.1
2024-12,CI-0018,Loja própria,40,29.9,1196
2024-12,CI-0018,KA-01,22,29.9,657.8
2024-12,CI-0018,KA-02,17,29.9,508.3
2024-12,CI-0018,KA-03,15,29.9,448.5
2024-12,CI-0018,KA-04,8,29.9,239.2
2024-12,CI-0018,KA-05,6,29.9,179.4
2025-01,CI-0018,E-commerce,76,29.9,2272.4
2025-01,CI-0018,Marketplace,59,29.9,1764.1
2025-01,CI-0018,Loja própria,48,29.9,1435.2
2025-01,CI-0018,KA-01,27,29.9,807.3
2025-01,CI-0018,KA-02,21,29.9,627.9
2025-01,CI-0018,KA-03,19,29.9,568.1
2025-01,CI-0018,KA-04,10,29.9,299
2025-01,CI-0018,KA-05,8,29.9,239.2
2025-02,CI-0018,E-commerce,78,29.9,2332.2
2025-02,CI-0018,Marketplace,61,29.9,1823.9
2025-02,CI-0018,Loja própria,50,29.9,1495
2025-02,CI-0018,KA-01,28,29.9,837.2
2025-02,CI-0018,KA-02,22,29.9,657.8
2025-02,CI-0018,KA-03,19,29.9,568.1
2025-02,CI-0018,KA-04,11,29.9,328.9
2025-02,CI-0018,KA-05,8,29.9,239.2
2025-03,CI-0018,E-commerce,69,29.9,2063.1
2025-03,CI-0018,Marketplace,54,29.9,1614.6
2025-03,CI-0018,Loja própria,44,29.9,1315.6
2025-03,CI-0018,KA-01,24,29.9,717.6
2025-03,CI-0018,KA-02,19,29.9,568.1
2025-03,CI-0018,KA-03,17,29.9,508.3
2025-03,CI-0018,KA-04,9,29.9,269.1
2025-03,CI-0018,KA-05,7,29.9,209.3
2025-04,CI-0018,E-commerce,77,29.9,2302.3
2025-04,CI-0018,Marketplace,60,29.9,1794
2025-04,CI-0018,Loja própria,49,29.9,1465.1
2025-04,CI-0018,KA-01,27,29.9,807.3
2025-04,CI-0018,KA-02,22,29.9,657.8
2025-04,CI-0018,KA-03,19,29.9,568.1
2025-04,CI-0018,KA-04,11,29.9,328.9
2025-04,CI-0018,KA-05,8,29.9,239.2
2025-05,CI-0018,E-commerce,65,29.9,1943.5
2025-05,CI-0018,Marketplace,51,29.9,1524.9
2025-05,CI-0018,Loja própria,41,29.9,1225.9
2025-05,CI-0018,KA-01,23,29.9,687.7
2025-05,CI-0018,KA-02,18,29.9,538.2
2025-05,CI-0018,KA-03,16,29.9,478.4
2025-05,CI-0018,KA-04,9,29.9,269.1
2025-05,CI-0018,KA-05,6,29.9,179.4
2025-06,CI-0018,E-commerce,77,29.9,2302.3
2025-06,CI-0018,Marketplace,60,29.9,1794
2025-06,CI-0018,Loja própria,49,29.9,1465.1
2025-06,CI-0018,KA-01,27,29.9,807.3
2025-06,CI-0018,KA-02,22,29.9,657.8
2025-06,CI-0018,KA-03,19,29.9,568.1
2025-06,CI-0018,KA-04,11,29.9,328.9
2025-06,CI-0018,KA-05,8,29.9,239.2
2025-07,CI-0018,E-commerce,67,29.9,2003.3
2025-07,CI-0018,Marketplace,53,29.9,1584.7
2025-07,CI-0018,Loja própria,43,29.9,1285.7
2025-07,CI-0018,KA-01,24,29.9,717.6
2025-07,CI-0018,KA-02,19,29.9,568.1
2025-07,CI-0018,KA-03,16,29.9,478.4
2025-07,CI-0018,KA-04,9,29.9,269.1
2025-07,CI-0018,KA-05,7,29.9,209.3
2025-08,CI-0018,E-commerce,73,29.9,2182.7
2025-08,CI-0018,Marketplace,57,29.9,1704.3
2025-08,CI-0018,Loja própria,47,29.9,1405.3
2025-08,CI-0018,KA-01,26,29.9,777.4
2025-08,CI-0018,KA-02,20,29.9,598
2025-08,CI-0018,KA-03,18,29.9,538.2
2025-08,CI-0018,KA-04,10,29.9,299
2025-08,CI-0018,KA-05,7,29.9,209.3
2025-09,CI-0018,E-commerce,72,29.9,2152.8
2025-09,CI-0018,Marketplace,56,29.9,1674.4
2025-09,CI-0018,Loja própria,46,29.9,1375.4
2025-09,CI-0018,KA-01,25,29.9,747.5
2025-09,CI-0018,KA-02,20,29.9,598
2025-09,CI-0018,KA-03,18,29.9,538.2
2025-09,CI-0018,KA-04,10,29.9,299
2025-09,CI-0018,KA-05,7,29.9,209.3
2025-10,CI-0018,E-commerce,71,29.9,2122.9
2025-10,CI-0018,Marketplace,56,29.9,1674.4
2025-10,CI-0018,Loja própria,45,29.9,1345.5
2025-10,CI-0018,KA-01,25,29.9,747.5
2025-10,CI-0018,KA-02,20,29.9,598
2025-10,CI-0018,KA-03,17,29.9,508.3
2025-10,CI-0018,KA-04,10,29.9,299
2025-10,CI-0018,KA-05,7,29.9,209.3
2025-11,CI-0018,E-commerce,100,29.9,2990
2025-11,CI-0018,Marketplace,78,29.9,2332.2
2025-11,CI-0018,Loja própria,64,29.9,1913.6
2025-11,CI-0018,KA-01,35,29.9,1046.5
2025-11,CI-0018,KA-02,28,29.9,837.2
2025-11,CI-0018,KA-03,25,29.9,747.5
2025-11,CI-0018,KA-04,14,29.9,418.6
2025-11,CI-0018,KA-05,10,29.9,299
2025-12,CI-0018,E-commerce,69,29.9,2063.1
2025-12,CI-0018,Marketplace,54,29.9,1614.6
2025-12,CI-0018,Loja própria,44,29.9,1315.6
2025-12,CI-0018,KA-01,24,29.9,717.6
2025-12,CI-0018,KA-02,19,29.9,568.1
2025-12,CI-0018,KA-03,17,29.9,508.3
2025-12,CI-0018,KA-04,9,29.9,269.1
2025-12,CI-0018,KA-05,7,29.9,209.3
2026-01,CI-0018,E-commerce,72,29.9,2152.8
2026-01,CI-0018,Marketplace,56,29.9,1674.4
2026-01,CI-0018,Loja própria,46,29.9,1375.4
2026-01,CI-0018,KA-01,25,29.9,747.5
2026-01,CI-0018,KA-02,20,29.9,598
2026-01,CI-0018,KA-03,18,29.9,538.2
2026-01,CI-0018,KA-04,10,29.9,299
2026-01,CI-0018,KA-05,7,29.9,209.3
2026-02,CI-0018,E-commerce,72,29.9,2152.8
2026-02,CI-0018,Marketplace,57,29.9,1704.3
2026-02,CI-0018,Loja própria,46,29.9,1375.4
2026-02,CI-0018,KA-01,26,29.9,777.4
2026-02,CI-0018,KA-02,20,29.9,598
2026-02,CI-0018,KA-03,18,29.9,538.2
2026-02,CI-0018,KA-04,10,29.9,299
2026-02,CI-0018,KA-05,7,29.9,209.3
2026-03,CI-0018,E-commerce,76,29.9,2272.4
2026-03,CI-0018,Marketplace,60,29.9,1794
2026-03,CI-0018,Loja própria,49,29.9,1465.1
2026-03,CI-0018,KA-01,27,29.9,807.3
2026-03,CI-0018,KA-02,21,29.9,627.9
2026-03,CI-0018,KA-03,19,29.9,568.1
2026-03,CI-0018,KA-04,10,29.9,299
2026-03,CI-0018,KA-05,8,29.9,239.2
2026-04,CI-0018,E-commerce,78,29.9,2332.2
2026-04,CI-0018,Marketplace,62,29.9,1853.8
2026-04,CI-0018,Loja própria,50,29.9,1495
2026-04,CI-0018,KA-01,28,29.9,837.2
2026-04,CI-0018,KA-02,22,29.9,657.8
2026-04,CI-0018,KA-03,19,29.9,568.1
2026-04,CI-0018,KA-04,11,29.9,328.9
2026-04,CI-0018,KA-05,8,29.9,239.2
2026-05,CI-0018,E-commerce,72,29.9,2152.8
2026-05,CI-0018,Marketplace,56,29.9,1674.4
2026-05,CI-0018,Loja própria,46,29.9,1375.4
2026-05,CI-0018,KA-01,25,29.9,747.5
2026-05,CI-0018,KA-02,20,29.9,598
2026-05,CI-0018,KA-03,18,29.9,538.2
2026-05,CI-0018,KA-04,10,29.9,299
2026-05,CI-0018,KA-05,7,29.9,209.3
2026-06,CI-0018,E-commerce,81,29.9,2421.9
2026-06,CI-0018,Marketplace,63,29.9,1883.7
2026-06,CI-0018,Loja própria,52,29.9,1554.8
2026-06,CI-0018,KA-01,29,29.9,867.1
2026-06,CI-0018,KA-02,23,29.9,687.7
2026-06,CI-0018,KA-03,20,29.9,598
2026-06,CI-0018,KA-04,11,29.9,328.9
2026-06,CI-0018,KA-05,8,29.9,239.2
2026-07,CI-0018,E-commerce,79,29.9,2362.1
2026-07,CI-0018,Marketplace,62,29.9,1853.8
2026-07,CI-0018,Loja própria,50,29.9,1495
2026-07,CI-0018,KA-01,28,29.9,837.2
2026-07,CI-0018,KA-02,22,29.9,657.8
2026-07,CI-0018,KA-03,19,29.9,568.1
2026-07,CI-0018,KA-04,11,29.9,328.9
2026-07,CI-0018,KA-05,8,29.9,239.2
2026-08,CI-0018,E-commerce,83,29.9,2481.7
2026-08,CI-0018,Marketplace,65,29.9,1943.5
2026-08,CI-0018,Loja própria,53,29.9,1584.7
2026-08,CI-0018,KA-01,29,29.9,867.1
2026-08,CI-0018,KA-02,23,29.9,687.7
2026-08,CI-0018,KA-03,20,29.9,598
2026-08,CI-0018,KA-04,11,29.9,328.9
2026-08,CI-0018,KA-05,8,29.9,239.2
2024-09,CI-0019,E-commerce,89,29.9,2661.1
2024-09,CI-0019,Marketplace,70,29.9,2093
2024-09,CI-0019,Loja própria,57,29.9,1704.3
2024-09,CI-0019,KA-01,32,29.9,956.8
2024-09,CI-0019,KA-02,25,29.9,747.5
2024-09,CI-0019,KA-03,22,29.9,657.8
2024-09,CI-0019,KA-04,12,29.9,358.8
2024-09,CI-0019,KA-05,9,29.9,269.1
2024-10,CI-0019,E-commerce,76,29.9,2272.4
2024-10,CI-0019,Marketplace,60,29.9,1794
2024-10,CI-0019,Loja própria,49,29.9,1465.1
2024-10,CI-0019,KA-01,27,29.9,807.3
2024-10,CI-0019,KA-02,21,29.9,627.9
2024-10,CI-0019,KA-03,19,29.9,568.1
2024-10,CI-0019,KA-04,10,29.9,299
2024-10,CI-0019,KA-05,8,29.9,239.2
2024-11,CI-0019,E-commerce,117,29.9,3498.3
2024-11,CI-0019,Marketplace,91,29.9,2720.9
2024-11,CI-0019,Loja própria,75,29.9,2242.5
2024-11,CI-0019,KA-01,41,29.9,1225.9
2024-11,CI-0019,KA-02,33,29.9,986.7
2024-11,CI-0019,KA-03,29,29.9,867.1
2024-11,CI-0019,KA-04,16,29.9,478.4
2024-11,CI-0019,KA-05,12,29.9,358.8
2024-12,CI-0019,E-commerce,80,29.9,2392
2024-12,CI-0019,Marketplace,62,29.9,1853.8
2024-12,CI-0019,Loja própria,51,29.9,1524.9
2024-12,CI-0019,KA-01,28,29.9,837.2
2024-12,CI-0019,KA-02,22,29.9,657.8
2024-12,CI-0019,KA-03,20,29.9,598
2024-12,CI-0019,KA-04,11,29.9,328.9
2024-12,CI-0019,KA-05,8,29.9,239.2
2025-01,CI-0019,E-commerce,83,29.9,2481.7
2025-01,CI-0019,Marketplace,65,29.9,1943.5
2025-01,CI-0019,Loja própria,53,29.9,1584.7
2025-01,CI-0019,KA-01,29,29.9,867.1
2025-01,CI-0019,KA-02,23,29.9,687.7
2025-01,CI-0019,KA-03,20,29.9,598
2025-01,CI-0019,KA-04,11,29.9,328.9
2025-01,CI-0019,KA-05,8,29.9,239.2
2025-02,CI-0019,E-commerce,85,29.9,2541.5
2025-02,CI-0019,Marketplace,66,29.9,1973.4
2025-02,CI-0019,Loja própria,54,29.9,1614.6
2025-02,CI-0019,KA-01,30,29.9,897
2025-02,CI-0019,KA-02,24,29.9,717.6
2025-02,CI-0019,KA-03,21,29.9,627.9
2025-02,CI-0019,KA-04,12,29.9,358.8
2025-02,CI-0019,KA-05,9,29.9,269.1
2025-03,CI-0019,E-commerce,95,29.9,2840.5
2025-03,CI-0019,Marketplace,75,29.9,2242.5
2025-03,CI-0019,Loja própria,61,29.9,1823.9
2025-03,CI-0019,KA-01,34,29.9,1016.6
2025-03,CI-0019,KA-02,27,29.9,807.3
2025-03,CI-0019,KA-03,23,29.9,687.7
2025-03,CI-0019,KA-04,13,29.9,388.7
2025-03,CI-0019,KA-05,10,29.9,299
2025-04,CI-0019,E-commerce,77,29.9,2302.3
2025-04,CI-0019,Marketplace,60,29.9,1794
2025-04,CI-0019,Loja própria,49,29.9,1465.1
2025-04,CI-0019,KA-01,27,29.9,807.3
2025-04,CI-0019,KA-02,22,29.9,657.8
2025-04,CI-0019,KA-03,19,29.9,568.1
2025-04,CI-0019,KA-04,11,29.9,328.9
2025-04,CI-0019,KA-05,8,29.9,239.2
2025-05,CI-0019,E-commerce,82,29.9,2451.8
2025-05,CI-0019,Marketplace,65,29.9,1943.5
2025-05,CI-0019,Loja própria,53,29.9,1584.7
2025-05,CI-0019,KA-01,29,29.9,867.1
2025-05,CI-0019,KA-02,23,29.9,687.7
2025-05,CI-0019,KA-03,20,29.9,598
2025-05,CI-0019,KA-04,11,29.9,328.9
2025-05,CI-0019,KA-05,8,29.9,239.2
2025-06,CI-0019,E-commerce,89,29.9,2661.1
2025-06,CI-0019,Marketplace,70,29.9,2093
2025-06,CI-0019,Loja própria,57,29.9,1704.3
2025-06,CI-0019,KA-01,32,29.9,956.8
2025-06,CI-0019,KA-02,25,29.9,747.5
2025-06,CI-0019,KA-03,22,29.9,657.8
2025-06,CI-0019,KA-04,12,29.9,358.8
2025-06,CI-0019,KA-05,9,29.9,269.1
2025-07,CI-0019,E-commerce,89,29.9,2661.1
2025-07,CI-0019,Marketplace,70,29.9,2093
2025-07,CI-0019,Loja própria,57,29.9,1704.3
2025-07,CI-0019,KA-01,32,29.9,956.8
2025-07,CI-0019,KA-02,25,29.9,747.5
2025-07,CI-0019,KA-03,22,29.9,657.8
2025-07,CI-0019,KA-04,12,29.9,358.8
2025-07,CI-0019,KA-05,9,29.9,269.1
2025-08,CI-0019,E-commerce,94,29.9,2810.6
2025-08,CI-0019,Marketplace,74,29.9,2212.6
2025-08,CI-0019,Loja própria,60,29.9,1794
2025-08,CI-0019,KA-01,33,29.9,986.7
2025-08,CI-0019,KA-02,26,29.9,777.4
2025-08,CI-0019,KA-03,23,29.9,687.7
2025-08,CI-0019,KA-04,13,29.9,388.7
2025-08,CI-0019,KA-05,10,29.9,299
2025-09,CI-0019,E-commerce,92,29.9,2750.8
2025-09,CI-0019,Marketplace,72,29.9,2152.8
2025-09,CI-0019,Loja própria,59,29.9,1764.1
2025-09,CI-0019,KA-01,32,29.9,956.8
2025-09,CI-0019,KA-02,26,29.9,777.4
2025-09,CI-0019,KA-03,23,29.9,687.7
2025-09,CI-0019,KA-04,13,29.9,388.7
2025-09,CI-0019,KA-05,9,29.9,269.1
2025-10,CI-0019,E-commerce,79,29.9,2362.1
2025-10,CI-0019,Marketplace,62,29.9,1853.8
2025-10,CI-0019,Loja própria,50,29.9,1495
2025-10,CI-0019,KA-01,28,29.9,837.2
2025-10,CI-0019,KA-02,22,29.9,657.8
2025-10,CI-0019,KA-03,19,29.9,568.1
2025-10,CI-0019,KA-04,11,29.9,328.9
2025-10,CI-0019,KA-05,8,29.9,239.2
2025-11,CI-0019,E-commerce,121,29.9,3617.9
2025-11,CI-0019,Marketplace,95,29.9,2840.5
2025-11,CI-0019,Loja própria,77,29.9,2302.3
2025-11,CI-0019,KA-01,43,29.9,1285.7
2025-11,CI-0019,KA-02,34,29.9,1016.6
2025-11,CI-0019,KA-03,30,29.9,897
2025-11,CI-0019,KA-04,17,29.9,508.3
2025-11,CI-0019,KA-05,12,29.9,358.8
2025-12,CI-0019,E-commerce,92,29.9,2750.8
2025-12,CI-0019,Marketplace,73,29.9,2182.7
2025-12,CI-0019,Loja própria,59,29.9,1764.1
2025-12,CI-0019,KA-01,33,29.9,986.7
2025-12,CI-0019,KA-02,26,29.9,777.4
2025-12,CI-0019,KA-03,23,29.9,687.7
2025-12,CI-0019,KA-04,13,29.9,388.7
2025-12,CI-0019,KA-05,9,29.9,269.1
2026-01,CI-0019,E-commerce,98,29.9,2930.2
2026-01,CI-0019,Marketplace,77,29.9,2302.3
2026-01,CI-0019,Loja própria,63,29.9,1883.7
2026-01,CI-0019,KA-01,35,29.9,1046.5
2026-01,CI-0019,KA-02,28,29.9,837.2
2026-01,CI-0019,KA-03,24,29.9,717.6
2026-01,CI-0019,KA-04,14,29.9,418.6
2026-01,CI-0019,KA-05,10,29.9,299
2026-02,CI-0019,E-commerce,99,29.9,2960.1
2026-02,CI-0019,Marketplace,78,29.9,2332.2
2026-02,CI-0019,Loja própria,64,29.9,1913.6
2026-02,CI-0019,KA-01,35,29.9,1046.5
2026-02,CI-0019,KA-02,28,29.9,837.2
2026-02,CI-0019,KA-03,24,29.9,717.6
2026-02,CI-0019,KA-04,14,29.9,418.6
2026-02,CI-0019,KA-05,10,29.9,299
2026-03,CI-0019,E-commerce,96,29.9,2870.4
2026-03,CI-0019,Marketplace,75,29.9,2242.5
2026-03,CI-0019,Loja própria,62,29.9,1853.8
2026-03,CI-0019,KA-01,34,29.9,1016.6
2026-03,CI-0019,KA-02,27,29.9,807.3
2026-03,CI-0019,KA-03,24,29.9,717.6
2026-03,CI-0019,KA-04,13,29.9,388.7
2026-03,CI-0019,KA-05,10,29.9,299
2026-04,CI-0019,E-commerce,96,29.9,2870.4
2026-04,CI-0019,Marketplace,75,29.9,2242.5
2026-04,CI-0019,Loja própria,62,29.9,1853.8
2026-04,CI-0019,KA-01,34,29.9,1016.6
2026-04,CI-0019,KA-02,27,29.9,807.3
2026-04,CI-0019,KA-03,24,29.9,717.6
2026-04,CI-0019,KA-04,13,29.9,388.7
2026-04,CI-0019,KA-05,10,29.9,299
2026-05,CI-0019,E-commerce,82,29.9,2451.8
2026-05,CI-0019,Marketplace,65,29.9,1943.5
2026-05,CI-0019,Loja própria,53,29.9,1584.7
2026-05,CI-0019,KA-01,29,29.9,867.1
2026-05,CI-0019,KA-02,23,29.9,687.7
2026-05,CI-0019,KA-03,20,29.9,598
2026-05,CI-0019,KA-04,11,29.9,328.9
2026-05,CI-0019,KA-05,8,29.9,239.2
2026-06,CI-0019,E-commerce,98,29.9,2930.2
2026-06,CI-0019,Marketplace,77,29.9,2302.3
2026-06,CI-0019,Loja própria,63,29.9,1883.7
2026-06,CI-0019,KA-01,35,29.9,1046.5
2026-06,CI-0019,KA-02,28,29.9,837.2
2026-06,CI-0019,KA-03,24,29.9,717.6
2026-06,CI-0019,KA-04,14,29.9,418.6
2026-06,CI-0019,KA-05,10,29.9,299
2026-07,CI-0019,E-commerce,100,29.9,2990
2026-07,CI-0019,Marketplace,78,29.9,2332.2
2026-07,CI-0019,Loja própria,64,29.9,1913.6
2026-07,CI-0019,KA-01,35,29.9,1046.5
2026-07,CI-0019,KA-02,28,29.9,837.2
2026-07,CI-0019,KA-03,25,29.9,747.5
2026-07,CI-0019,KA-04,14,29.9,418.6
2026-07,CI-0019,KA-05,10,29.9,299
2026-08,CI-0019,E-commerce,97,29.9,2900.3
2026-08,CI-0019,Marketplace,76,29.9,2272.4
2026-08,CI-0019,Loja própria,62,29.9,1853.8
2026-08,CI-0019,KA-01,34,29.9,1016.6
2026-08,CI-0019,KA-02,27,29.9,807.3
2026-08,CI-0019,KA-03,24,29.9,717.6
2026-08,CI-0019,KA-04,13,29.9,388.7
2026-08,CI-0019,KA-05,10,29.9,299
2024-09,CI-0020,E-commerce,102,34.9,3559.8
2024-09,CI-0020,Marketplace,80,34.9,2792
2024-09,CI-0020,Loja própria,66,34.9,2303.4
2024-09,CI-0020,KA-01,36,34.9,1256.4
2024-09,CI-0020,KA-02,29,34.9,1012.1
2024-09,CI-0020,KA-03,25,34.9,872.5
2024-09,CI-0020,KA-04,14,34.9,488.6
2024-09,CI-0020,KA-05,11,34.9,383.9
2024-10,CI-0020,E-commerce,107,34.9,3734.3
2024-10,CI-0020,Marketplace,84,34.9,2931.6
2024-10,CI-0020,Loja própria,69,34.9,2408.1
2024-10,CI-0020,KA-01,38,34.9,1326.2
2024-10,CI-0020,KA-02,30,34.9,1047
2024-10,CI-0020,KA-03,26,34.9,907.4
2024-10,CI-0020,KA-04,15,34.9,523.5
2024-10,CI-0020,KA-05,11,34.9,383.9
2024-11,CI-0020,E-commerce,142,34.9,4955.8
2024-11,CI-0020,Marketplace,111,34.9,3873.9
2024-11,CI-0020,Loja própria,91,34.9,3175.9
2024-11,CI-0020,KA-01,50,34.9,1745
2024-11,CI-0020,KA-02,40,34.9,1396
2024-11,CI-0020,KA-03,35,34.9,1221.5
2024-11,CI-0020,KA-04,20,34.9,698
2024-11,CI-0020,KA-05,15,34.9,523.5
2024-12,CI-0020,E-commerce,99,34.9,3455.1
2024-12,CI-0020,Marketplace,78,34.9,2722.2
2024-12,CI-0020,Loja própria,64,34.9,2233.6
2024-12,CI-0020,KA-01,35,34.9,1221.5
2024-12,CI-0020,KA-02,28,34.9,977.2
2024-12,CI-0020,KA-03,24,34.9,837.6
2024-12,CI-0020,KA-04,14,34.9,488.6
2024-12,CI-0020,KA-05,10,34.9,349
2025-01,CI-0020,E-commerce,92,34.9,3210.8
2025-01,CI-0020,Marketplace,72,34.9,2512.8
2025-01,CI-0020,Loja própria,59,34.9,2059.1
2025-01,CI-0020,KA-01,33,34.9,1151.7
2025-01,CI-0020,KA-02,26,34.9,907.4
2025-01,CI-0020,KA-03,23,34.9,802.7
2025-01,CI-0020,KA-04,13,34.9,453.7
2025-01,CI-0020,KA-05,9,34.9,314.1
2025-02,CI-0020,E-commerce,103,34.9,3594.7
2025-02,CI-0020,Marketplace,81,34.9,2826.9
2025-02,CI-0020,Loja própria,66,34.9,2303.4
2025-02,CI-0020,KA-01,37,34.9,1291.3
2025-02,CI-0020,KA-02,29,34.9,1012.1
2025-02,CI-0020,KA-03,25,34.9,872.5
2025-02,CI-0020,KA-04,14,34.9,488.6
2025-02,CI-0020,KA-05,11,34.9,383.9
2025-03,CI-0020,E-commerce,103,34.9,3594.7
2025-03,CI-0020,Marketplace,81,34.9,2826.9
2025-03,CI-0020,Loja própria,66,34.9,2303.4
2025-03,CI-0020,KA-01,37,34.9,1291.3
2025-03,CI-0020,KA-02,29,34.9,1012.1
2025-03,CI-0020,KA-03,25,34.9,872.5
2025-03,CI-0020,KA-04,14,34.9,488.6
2025-03,CI-0020,KA-05,11,34.9,383.9
2025-04,CI-0020,E-commerce,105,34.9,3664.5
2025-04,CI-0020,Marketplace,82,34.9,2861.8
2025-04,CI-0020,Loja própria,67,34.9,2338.3
2025-04,CI-0020,KA-01,37,34.9,1291.3
2025-04,CI-0020,KA-02,30,34.9,1047
2025-04,CI-0020,KA-03,26,34.9,907.4
2025-04,CI-0020,KA-04,15,34.9,523.5
2025-04,CI-0020,KA-05,11,34.9,383.9
2025-05,CI-0020,E-commerce,90,34.9,3141
2025-05,CI-0020,Marketplace,71,34.9,2477.9
2025-05,CI-0020,Loja própria,58,34.9,2024.2
2025-05,CI-0020,KA-01,32,34.9,1116.8
2025-05,CI-0020,KA-02,25,34.9,872.5
2025-05,CI-0020,KA-03,22,34.9,767.8
2025-05,CI-0020,KA-04,12,34.9,418.8
2025-05,CI-0020,KA-05,9,34.9,314.1
2025-06,CI-0020,E-commerce,109,34.9,3804.1
2025-06,CI-0020,Marketplace,86,34.9,3001.4
2025-06,CI-0020,Loja própria,70,34.9,2443
2025-06,CI-0020,KA-01,39,34.9,1361.1
2025-06,CI-0020,KA-02,31,34.9,1081.9
2025-06,CI-0020,KA-03,27,34.9,942.3
2025-06,CI-0020,KA-04,15,34.9,523.5
2025-06,CI-0020,KA-05,11,34.9,383.9
2025-07,CI-0020,E-commerce,110,34.9,3839
2025-07,CI-0020,Marketplace,87,34.9,3036.3
2025-07,CI-0020,Loja própria,71,34.9,2477.9
2025-07,CI-0020,KA-01,39,34.9,1361.1
2025-07,CI-0020,KA-02,31,34.9,1081.9
2025-07,CI-0020,KA-03,27,34.9,942.3
2025-07,CI-0020,KA-04,15,34.9,523.5
2025-07,CI-0020,KA-05,11,34.9,383.9
2025-08,CI-0020,E-commerce,92,34.9,3210.8
2025-08,CI-0020,Marketplace,72,34.9,2512.8
2025-08,CI-0020,Loja própria,59,34.9,2059.1
2025-08,CI-0020,KA-01,33,34.9,1151.7
2025-08,CI-0020,KA-02,26,34.9,907.4
2025-08,CI-0020,KA-03,23,34.9,802.7
2025-08,CI-0020,KA-04,13,34.9,453.7
2025-08,CI-0020,KA-05,9,34.9,314.1
2025-09,CI-0020,E-commerce,104,34.9,3629.6
2025-09,CI-0020,Marketplace,82,34.9,2861.8
2025-09,CI-0020,Loja própria,67,34.9,2338.3
2025-09,CI-0020,KA-01,37,34.9,1291.3
2025-09,CI-0020,KA-02,29,34.9,1012.1
2025-09,CI-0020,KA-03,26,34.9,907.4
2025-09,CI-0020,KA-04,14,34.9,488.6
2025-09,CI-0020,KA-05,11,34.9,383.9
2025-10,CI-0020,E-commerce,100,34.9,3490
2025-10,CI-0020,Marketplace,78,34.9,2722.2
2025-10,CI-0020,Loja própria,64,34.9,2233.6
2025-10,CI-0020,KA-01,35,34.9,1221.5
2025-10,CI-0020,KA-02,28,34.9,977.2
2025-10,CI-0020,KA-03,25,34.9,872.5
2025-10,CI-0020,KA-04,14,34.9,488.6
2025-10,CI-0020,KA-05,10,34.9,349
2025-11,CI-0020,E-commerce,138,34.9,4816.2
2025-11,CI-0020,Marketplace,108,34.9,3769.2
2025-11,CI-0020,Loja própria,88,34.9,3071.2
2025-11,CI-0020,KA-01,49,34.9,1710.1
2025-11,CI-0020,KA-02,39,34.9,1361.1
2025-11,CI-0020,KA-03,34,34.9,1186.6
2025-11,CI-0020,KA-04,19,34.9,663.1
2025-11,CI-0020,KA-05,14,34.9,488.6
2025-12,CI-0020,E-commerce,98,34.9,3420.2
2025-12,CI-0020,Marketplace,77,34.9,2687.3
2025-12,CI-0020,Loja própria,63,34.9,2198.7
2025-12,CI-0020,KA-01,35,34.9,1221.5
2025-12,CI-0020,KA-02,28,34.9,977.2
2025-12,CI-0020,KA-03,24,34.9,837.6
2025-12,CI-0020,KA-04,14,34.9,488.6
2025-12,CI-0020,KA-05,10,34.9,349
2026-01,CI-0020,E-commerce,108,34.9,3769.2
2026-01,CI-0020,Marketplace,85,34.9,2966.5
2026-01,CI-0020,Loja própria,69,34.9,2408.1
2026-01,CI-0020,KA-01,38,34.9,1326.2
2026-01,CI-0020,KA-02,30,34.9,1047
2026-01,CI-0020,KA-03,27,34.9,942.3
2026-01,CI-0020,KA-04,15,34.9,523.5
2026-01,CI-0020,KA-05,11,34.9,383.9
2026-02,CI-0020,E-commerce,93,34.9,3245.7
2026-02,CI-0020,Marketplace,73,34.9,2547.7
2026-02,CI-0020,Loja própria,60,34.9,2094
2026-02,CI-0020,KA-01,33,34.9,1151.7
2026-02,CI-0020,KA-02,26,34.9,907.4
2026-02,CI-0020,KA-03,23,34.9,802.7
2026-02,CI-0020,KA-04,13,34.9,453.7
2026-02,CI-0020,KA-05,10,34.9,349
2026-03,CI-0020,E-commerce,111,34.9,3873.9
2026-03,CI-0020,Marketplace,87,34.9,3036.3
2026-03,CI-0020,Loja própria,71,34.9,2477.9
2026-03,CI-0020,KA-01,39,34.9,1361.1
2026-03,CI-0020,KA-02,31,34.9,1081.9
2026-03,CI-0020,KA-03,27,34.9,942.3
2026-03,CI-0020,KA-04,15,34.9,523.5
2026-03,CI-0020,KA-05,11,34.9,383.9
2026-04,CI-0020,E-commerce,107,34.9,3734.3
2026-04,CI-0020,Marketplace,84,34.9,2931.6
2026-04,CI-0020,Loja própria,69,34.9,2408.1
2026-04,CI-0020,KA-01,38,34.9,1326.2
2026-04,CI-0020,KA-02,30,34.9,1047
2026-04,CI-0020,KA-03,26,34.9,907.4
2026-04,CI-0020,KA-04,15,34.9,523.5
2026-04,CI-0020,KA-05,11,34.9,383.9
2026-05,CI-0020,E-commerce,103,34.9,3594.7
2026-05,CI-0020,Marketplace,80,34.9,2792
2026-05,CI-0020,Loja própria,66,34.9,2303.4
2026-05,CI-0020,KA-01,36,34.9,1256.4
2026-05,CI-0020,KA-02,29,34.9,1012.1
2026-05,CI-0020,KA-03,25,34.9,872.5
2026-05,CI-0020,KA-04,14,34.9,488.6
2026-05,CI-0020,KA-05,11,34.9,383.9
2026-06,CI-0020,E-commerce,112,34.9,3908.8
2026-06,CI-0020,Marketplace,88,34.9,3071.2
2026-06,CI-0020,Loja própria,72,34.9,2512.8
2026-06,CI-0020,KA-01,40,34.9,1396
2026-06,CI-0020,KA-02,32,34.9,1116.8
2026-06,CI-0020,KA-03,28,34.9,977.2
2026-06,CI-0020,KA-04,16,34.9,558.4
2026-06,CI-0020,KA-05,12,34.9,418.8
2026-07,CI-0020,E-commerce,98,34.9,3420.2
2026-07,CI-0020,Marketplace,77,34.9,2687.3
2026-07,CI-0020,Loja própria,63,34.9,2198.7
2026-07,CI-0020,KA-01,35,34.9,1221.5
2026-07,CI-0020,KA-02,28,34.9,977.2
2026-07,CI-0020,KA-03,24,34.9,837.6
2026-07,CI-0020,KA-04,14,34.9,488.6
2026-07,CI-0020,KA-05,10,34.9,349
2026-08,CI-0020,E-commerce,111,34.9,3873.9
2026-08,CI-0020,Marketplace,87,34.9,3036.3
2026-08,CI-0020,Loja própria,71,34.9,2477.9
2026-08,CI-0020,KA-01,39,34.9,1361.1
2026-08,CI-0020,KA-02,31,34.9,1081.9
2026-08,CI-0020,KA-03,27,34.9,942.3
2026-08,CI-0020,KA-04,15,34.9,523.5
2026-08,CI-0020,KA-05,11,34.9,383.9
2024-09,CI-0021,E-commerce,126,79.9,10067.4
2024-09,CI-0021,Marketplace,99,79.9,7910.1
2024-09,CI-0021,Loja própria,81,79.9,6471.9
2024-09,CI-0021,KA-01,45,79.9,3595.5
2024-09,CI-0021,KA-02,36,79.9,2876.4
2024-09,CI-0021,KA-03,31,79.9,2476.9
2024-09,CI-0021,KA-04,18,79.9,1438.2
2024-09,CI-0021,KA-05,13,79.9,1038.7
2024-10,CI-0021,E-commerce,104,79.9,8309.6
2024-10,CI-0021,Marketplace,81,79.9,6471.9
2024-10,CI-0021,Loja própria,66,79.9,5273.4
2024-10,CI-0021,KA-01,37,79.9,2956.3
2024-10,CI-0021,KA-02,29,79.9,2317.1
2024-10,CI-0021,KA-03,26,79.9,2077.4
2024-10,CI-0021,KA-04,14,79.9,1118.6
2024-10,CI-0021,KA-05,11,79.9,878.9
2024-11,CI-0021,E-commerce,167,79.9,13343.3
2024-11,CI-0021,Marketplace,131,79.9,10466.9
2024-11,CI-0021,Loja própria,107,79.9,8549.3
2024-11,CI-0021,KA-01,59,79.9,4714.1
2024-11,CI-0021,KA-02,47,79.9,3755.3
2024-11,CI-0021,KA-03,41,79.9,3275.9
2024-11,CI-0021,KA-04,23,79.9,1837.7
2024-11,CI-0021,KA-05,17,79.9,1358.3
2024-12,CI-0021,E-commerce,119,79.9,9508.1
2024-12,CI-0021,Marketplace,93,79.9,7430.7
2024-12,CI-0021,Loja própria,76,79.9,6072.4
2024-12,CI-0021,KA-01,42,79.9,3355.8
2024-12,CI-0021,KA-02,34,79.9,2716.6
2024-12,CI-0021,KA-03,29,79.9,2317.1
2024-12,CI-0021,KA-04,17,79.9,1358.3
2024-12,CI-0021,KA-05,12,79.9,958.8
2025-01,CI-0021,E-commerce,103,79.9,8229.7
2025-01,CI-0021,Marketplace,80,79.9,6392
2025-01,CI-0021,Loja própria,66,79.9,5273.4
2025-01,CI-0021,KA-01,36,79.9,2876.4
2025-01,CI-0021,KA-02,29,79.9,2317.1
2025-01,CI-0021,KA-03,25,79.9,1997.5
2025-01,CI-0021,KA-04,14,79.9,1118.6
2025-01,CI-0021,KA-05,11,79.9,878.9
2025-02,CI-0021,E-commerce,122,79.9,9747.8
2025-02,CI-0021,Marketplace,96,79.9,7670.4
2025-02,CI-0021,Loja própria,78,79.9,6232.2
2025-02,CI-0021,KA-01,43,79.9,3435.7
2025-02,CI-0021,KA-02,34,79.9,2716.6
2025-02,CI-0021,KA-03,30,79.9,2397
2025-02,CI-0021,KA-04,17,79.9,1358.3
2025-02,CI-0021,KA-05,13,79.9,1038.7
2025-03,CI-0021,E-commerce,123,79.9,9827.7
2025-03,CI-0021,Marketplace,97,79.9,7750.3
2025-03,CI-0021,Loja própria,79,79.9,6312.1
2025-03,CI-0021,KA-01,44,79.9,3515.6
2025-03,CI-0021,KA-02,35,79.9,2796.5
2025-03,CI-0021,KA-03,30,79.9,2397
2025-03,CI-0021,KA-04,17,79.9,1358.3
2025-03,CI-0021,KA-05,13,79.9,1038.7
2025-04,CI-0021,E-commerce,108,79.9,8629.2
2025-04,CI-0021,Marketplace,85,79.9,6791.5
2025-04,CI-0021,Loja própria,70,79.9,5593
2025-04,CI-0021,KA-01,38,79.9,3036.2
2025-04,CI-0021,KA-02,31,79.9,2476.9
2025-04,CI-0021,KA-03,27,79.9,2157.3
2025-04,CI-0021,KA-04,15,79.9,1198.5
2025-04,CI-0021,KA-05,11,79.9,878.9
2025-05,CI-0021,E-commerce,113,79.9,9028.7
2025-05,CI-0021,Marketplace,88,79.9,7031.2
2025-05,CI-0021,Loja própria,72,79.9,5752.8
2025-05,CI-0021,KA-01,40,79.9,3196
2025-05,CI-0021,KA-02,32,79.9,2556.8
2025-05,CI-0021,KA-03,28,79.9,2237.2
2025-05,CI-0021,KA-04,16,79.9,1278.4
2025-05,CI-0021,KA-05,12,79.9,958.8
2025-06,CI-0021,E-commerce,117,79.9,9348.3
2025-06,CI-0021,Marketplace,91,79.9,7270.9
2025-06,CI-0021,Loja própria,75,79.9,5992.5
2025-06,CI-0021,KA-01,41,79.9,3275.9
2025-06,CI-0021,KA-02,33,79.9,2636.7
2025-06,CI-0021,KA-03,29,79.9,2317.1
2025-06,CI-0021,KA-04,16,79.9,1278.4
2025-06,CI-0021,KA-05,12,79.9,958.8
2025-07,CI-0021,E-commerce,130,79.9,10387
2025-07,CI-0021,Marketplace,102,79.9,8149.8
2025-07,CI-0021,Loja própria,84,79.9,6711.6
2025-07,CI-0021,KA-01,46,79.9,3675.4
2025-07,CI-0021,KA-02,37,79.9,2956.3
2025-07,CI-0021,KA-03,32,79.9,2556.8
2025-07,CI-0021,KA-04,18,79.9,1438.2
2025-07,CI-0021,KA-05,14,79.9,1118.6
2025-08,CI-0021,E-commerce,125,79.9,9987.5
2025-08,CI-0021,Marketplace,98,79.9,7830.2
2025-08,CI-0021,Loja própria,80,79.9,6392
2025-08,CI-0021,KA-01,44,79.9,3515.6
2025-08,CI-0021,KA-02,35,79.9,2796.5
2025-08,CI-0021,KA-03,31,79.9,2476.9
2025-08,CI-0021,KA-04,17,79.9,1358.3
2025-08,CI-0021,KA-05,13,79.9,1038.7
2025-09,CI-0021,E-commerce,119,79.9,9508.1
2025-09,CI-0021,Marketplace,93,79.9,7430.7
2025-09,CI-0021,Loja própria,76,79.9,6072.4
2025-09,CI-0021,KA-01,42,79.9,3355.8
2025-09,CI-0021,KA-02,34,79.9,2716.6
2025-09,CI-0021,KA-03,29,79.9,2317.1
2025-09,CI-0021,KA-04,17,79.9,1358.3
2025-09,CI-0021,KA-05,12,79.9,958.8
2025-10,CI-0021,E-commerce,117,79.9,9348.3
2025-10,CI-0021,Marketplace,92,79.9,7350.8
2025-10,CI-0021,Loja própria,75,79.9,5992.5
2025-10,CI-0021,KA-01,42,79.9,3355.8
2025-10,CI-0021,KA-02,33,79.9,2636.7
2025-10,CI-0021,KA-03,29,79.9,2317.1
2025-10,CI-0021,KA-04,16,79.9,1278.4
2025-10,CI-0021,KA-05,12,79.9,958.8
2025-11,CI-0021,E-commerce,159,79.9,12704.1
2025-11,CI-0021,Marketplace,124,79.9,9907.6
2025-11,CI-0021,Loja própria,102,79.9,8149.8
2025-11,CI-0021,KA-01,56,79.9,4474.4
2025-11,CI-0021,KA-02,45,79.9,3595.5
2025-11,CI-0021,KA-03,39,79.9,3116.1
2025-11,CI-0021,KA-04,22,79.9,1757.8
2025-11,CI-0021,KA-05,17,79.9,1358.3
2025-12,CI-0021,E-commerce,110,79.9,8789
2025-12,CI-0021,Marketplace,86,79.9,6871.4
2025-12,CI-0021,Loja própria,70,79.9,5593
2025-12,CI-0021,KA-01,39,79.9,3116.1
2025-12,CI-0021,KA-02,31,79.9,2476.9
2025-12,CI-0021,KA-03,27,79.9,2157.3
2025-12,CI-0021,KA-04,15,79.9,1198.5
2025-12,CI-0021,KA-05,11,79.9,878.9
2026-01,CI-0021,E-commerce,134,79.9,10706.6
2026-01,CI-0021,Marketplace,106,79.9,8469.4
2026-01,CI-0021,Loja própria,86,79.9,6871.4
2026-01,CI-0021,KA-01,48,79.9,3835.2
2026-01,CI-0021,KA-02,38,79.9,3036.2
2026-01,CI-0021,KA-03,33,79.9,2636.7
2026-01,CI-0021,KA-04,19,79.9,1518.1
2026-01,CI-0021,KA-05,14,79.9,1118.6
2026-02,CI-0021,E-commerce,123,79.9,9827.7
2026-02,CI-0021,Marketplace,97,79.9,7750.3
2026-02,CI-0021,Loja própria,79,79.9,6312.1
2026-02,CI-0021,KA-01,44,79.9,3515.6
2026-02,CI-0021,KA-02,35,79.9,2796.5
2026-02,CI-0021,KA-03,30,79.9,2397
2026-02,CI-0021,KA-04,17,79.9,1358.3
2026-02,CI-0021,KA-05,13,79.9,1038.7
2026-03,CI-0021,E-commerce,117,79.9,9348.3
2026-03,CI-0021,Marketplace,92,79.9,7350.8
2026-03,CI-0021,Loja própria,75,79.9,5992.5
2026-03,CI-0021,KA-01,41,79.9,3275.9
2026-03,CI-0021,KA-02,33,79.9,2636.7
2026-03,CI-0021,KA-03,29,79.9,2317.1
2026-03,CI-0021,KA-04,16,79.9,1278.4
2026-03,CI-0021,KA-05,12,79.9,958.8
2026-04,CI-0021,E-commerce,117,79.9,9348.3
2026-04,CI-0021,Marketplace,92,79.9,7350.8
2026-04,CI-0021,Loja própria,75,79.9,5992.5
2026-04,CI-0021,KA-01,42,79.9,3355.8
2026-04,CI-0021,KA-02,33,79.9,2636.7
2026-04,CI-0021,KA-03,29,79.9,2317.1
2026-04,CI-0021,KA-04,16,79.9,1278.4
2026-04,CI-0021,KA-05,12,79.9,958.8
2026-05,CI-0021,E-commerce,124,79.9,9907.6
2026-05,CI-0021,Marketplace,98,79.9,7830.2
2026-05,CI-0021,Loja própria,80,79.9,6392
2026-05,CI-0021,KA-01,44,79.9,3515.6
2026-05,CI-0021,KA-02,35,79.9,2796.5
2026-05,CI-0021,KA-03,31,79.9,2476.9
2026-05,CI-0021,KA-04,17,79.9,1358.3
2026-05,CI-0021,KA-05,13,79.9,1038.7
2026-06,CI-0021,E-commerce,119,79.9,9508.1
2026-06,CI-0021,Marketplace,93,79.9,7430.7
2026-06,CI-0021,Loja própria,76,79.9,6072.4
2026-06,CI-0021,KA-01,42,79.9,3355.8
2026-06,CI-0021,KA-02,34,79.9,2716.6
2026-06,CI-0021,KA-03,29,79.9,2317.1
2026-06,CI-0021,KA-04,17,79.9,1358.3
2026-06,CI-0021,KA-05,12,79.9,958.8
2026-07,CI-0021,E-commerce,111,79.9,8868.9
2026-07,CI-0021,Marketplace,87,79.9,6951.3
2026-07,CI-0021,Loja própria,71,79.9,5672.9
2026-07,CI-0021,KA-01,39,79.9,3116.1
2026-07,CI-0021,KA-02,31,79.9,2476.9
2026-07,CI-0021,KA-03,27,79.9,2157.3
2026-07,CI-0021,KA-04,15,79.9,1198.5
2026-07,CI-0021,KA-05,11,79.9,878.9
2026-08,CI-0021,E-commerce,118,79.9,9428.2
2026-08,CI-0021,Marketplace,93,79.9,7430.7
2026-08,CI-0021,Loja própria,76,79.9,6072.4
2026-08,CI-0021,KA-01,42,79.9,3355.8
2026-08,CI-0021,KA-02,33,79.9,2636.7
2026-08,CI-0021,KA-03,29,79.9,2317.1
2026-08,CI-0021,KA-04,16,79.9,1278.4
2026-08,CI-0021,KA-05,12,79.9,958.8
2024-09,CI-0022,E-commerce,123,114.9,14132.7
2024-09,CI-0022,Marketplace,97,114.9,11145.3
2024-09,CI-0022,Loja própria,79,114.9,9077.1
2024-09,CI-0022,KA-01,44,114.9,5055.6
2024-09,CI-0022,KA-02,35,114.9,4021.5
2024-09,CI-0022,KA-03,30,114.9,3447
2024-09,CI-0022,KA-04,17,114.9,1953.3
2024-09,CI-0022,KA-05,13,114.9,1493.7
2024-10,CI-0022,E-commerce,127,114.9,14592.3
2024-10,CI-0022,Marketplace,99,114.9,11375.1
2024-10,CI-0022,Loja própria,81,114.9,9306.9
2024-10,CI-0022,KA-01,45,114.9,5170.5
2024-10,CI-0022,KA-02,36,114.9,4136.4
2024-10,CI-0022,KA-03,31,114.9,3561.9
2024-10,CI-0022,KA-04,18,114.9,2068.2
2024-10,CI-0022,KA-05,13,114.9,1493.7
2024-11,CI-0022,E-commerce,153,114.9,17579.7
2024-11,CI-0022,Marketplace,120,114.9,13788
2024-11,CI-0022,Loja própria,98,114.9,11260.2
2024-11,CI-0022,KA-01,54,114.9,6204.6
2024-11,CI-0022,KA-02,43,114.9,4940.7
2024-11,CI-0022,KA-03,38,114.9,4366.2
2024-11,CI-0022,KA-04,21,114.9,2412.9
2024-11,CI-0022,KA-05,16,114.9,1838.4
2024-12,CI-0022,E-commerce,139,114.9,15971.1
2024-12,CI-0022,Marketplace,109,114.9,12524.1
2024-12,CI-0022,Loja própria,89,114.9,10226.1
2024-12,CI-0022,KA-01,49,114.9,5630.1
2024-12,CI-0022,KA-02,39,114.9,4481.1
2024-12,CI-0022,KA-03,34,114.9,3906.6
2024-12,CI-0022,KA-04,19,114.9,2183.1
2024-12,CI-0022,KA-05,14,114.9,1608.6
2025-01,CI-0022,E-commerce,117,114.9,13443.3
2025-01,CI-0022,Marketplace,92,114.9,10570.8
2025-01,CI-0022,Loja própria,75,114.9,8617.5
2025-01,CI-0022,KA-01,41,114.9,4710.9
2025-01,CI-0022,KA-02,33,114.9,3791.7
2025-01,CI-0022,KA-03,29,114.9,3332.1
2025-01,CI-0022,KA-04,16,114.9,1838.4
2025-01,CI-0022,KA-05,12,114.9,1378.8
2025-02,CI-0022,E-commerce,133,114.9,15281.7
2025-02,CI-0022,Marketplace,104,114.9,11949.6
2025-02,CI-0022,Loja própria,85,114.9,9766.5
2025-02,CI-0022,KA-01,47,114.9,5400.3
2025-02,CI-0022,KA-02,38,114.9,4366.2
2025-02,CI-0022,KA-03,33,114.9,3791.7
2025-02,CI-0022,KA-04,19,114.9,2183.1
2025-02,CI-0022,KA-05,14,114.9,1608.6
2025-03,CI-0022,E-commerce,126,114.9,14477.4
2025-03,CI-0022,Marketplace,99,114.9,11375.1
2025-03,CI-0022,Loja própria,81,114.9,9306.9
2025-03,CI-0022,KA-01,45,114.9,5170.5
2025-03,CI-0022,KA-02,36,114.9,4136.4
2025-03,CI-0022,KA-03,31,114.9,3561.9
2025-03,CI-0022,KA-04,18,114.9,2068.2
2025-03,CI-0022,KA-05,13,114.9,1493.7
2025-04,CI-0022,E-commerce,145,114.9,16660.5
2025-04,CI-0022,Marketplace,114,114.9,13098.6
2025-04,CI-0022,Loja própria,93,114.9,10685.7
2025-04,CI-0022,KA-01,52,114.9,5974.8
2025-04,CI-0022,KA-02,41,114.9,4710.9
2025-04,CI-0022,KA-03,36,114.9,4136.4
2025-04,CI-0022,KA-04,20,114.9,2298
2025-04,CI-0022,KA-05,15,114.9,1723.5
2025-05,CI-0022,E-commerce,131,114.9,15051.9
2025-05,CI-0022,Marketplace,103,114.9,11834.7
2025-05,CI-0022,Loja própria,84,114.9,9651.6
2025-05,CI-0022,KA-01,47,114.9,5400.3
2025-05,CI-0022,KA-02,37,114.9,4251.3
2025-05,CI-0022,KA-03,32,114.9,3676.8
2025-05,CI-0022,KA-04,18,114.9,2068.2
2025-05,CI-0022,KA-05,14,114.9,1608.6
2025-06,CI-0022,E-commerce,145,114.9,16660.5
2025-06,CI-0022,Marketplace,113,114.9,12983.7
2025-06,CI-0022,Loja própria,93,114.9,10685.7
2025-06,CI-0022,KA-01,51,114.9,5859.9
2025-06,CI-0022,KA-02,41,114.9,4710.9
2025-06,CI-0022,KA-03,36,114.9,4136.4
2025-06,CI-0022,KA-04,20,114.9,2298
2025-06,CI-0022,KA-05,15,114.9,1723.5
2025-07,CI-0022,E-commerce,145,114.9,16660.5
2025-07,CI-0022,Marketplace,114,114.9,13098.6
2025-07,CI-0022,Loja própria,93,114.9,10685.7
2025-07,CI-0022,KA-01,52,114.9,5974.8
2025-07,CI-0022,KA-02,41,114.9,4710.9
2025-07,CI-0022,KA-03,36,114.9,4136.4
2025-07,CI-0022,KA-04,20,114.9,2298
2025-07,CI-0022,KA-05,15,114.9,1723.5
2025-08,CI-0022,E-commerce,128,114.9,14707.2
2025-08,CI-0022,Marketplace,100,114.9,11490
2025-08,CI-0022,Loja própria,82,114.9,9421.8
2025-08,CI-0022,KA-01,45,114.9,5170.5
2025-08,CI-0022,KA-02,36,114.9,4136.4
2025-08,CI-0022,KA-03,32,114.9,3676.8
2025-08,CI-0022,KA-04,18,114.9,2068.2
2025-08,CI-0022,KA-05,13,114.9,1493.7
2025-09,CI-0022,E-commerce,138,114.9,15856.2
2025-09,CI-0022,Marketplace,108,114.9,12409.2
2025-09,CI-0022,Loja própria,88,114.9,10111.2
2025-09,CI-0022,KA-01,49,114.9,5630.1
2025-09,CI-0022,KA-02,39,114.9,4481.1
2025-09,CI-0022,KA-03,34,114.9,3906.6
2025-09,CI-0022,KA-04,19,114.9,2183.1
2025-09,CI-0022,KA-05,14,114.9,1608.6
2025-10,CI-0022,E-commerce,124,114.9,14247.6
2025-10,CI-0022,Marketplace,97,114.9,11145.3
2025-10,CI-0022,Loja própria,79,114.9,9077.1
2025-10,CI-0022,KA-01,44,114.9,5055.6
2025-10,CI-0022,KA-02,35,114.9,4021.5
2025-10,CI-0022,KA-03,31,114.9,3561.9
2025-10,CI-0022,KA-04,17,114.9,1953.3
2025-10,CI-0022,KA-05,13,114.9,1493.7
2025-11,CI-0022,E-commerce,187,114.9,21486.3
2025-11,CI-0022,Marketplace,146,114.9,16775.4
2025-11,CI-0022,Loja própria,120,114.9,13788
2025-11,CI-0022,KA-01,66,114.9,7583.4
2025-11,CI-0022,KA-02,53,114.9,6089.7
2025-11,CI-0022,KA-03,46,114.9,5285.4
2025-11,CI-0022,KA-04,26,114.9,2987.4
2025-11,CI-0022,KA-05,20,114.9,2298
2025-12,CI-0022,E-commerce,119,114.9,13673.1
2025-12,CI-0022,Marketplace,94,114.9,10800.6
2025-12,CI-0022,Loja própria,77,114.9,8847.3
2025-12,CI-0022,KA-01,42,114.9,4825.8
2025-12,CI-0022,KA-02,34,114.9,3906.6
2025-12,CI-0022,KA-03,29,114.9,3332.1
2025-12,CI-0022,KA-04,17,114.9,1953.3
2025-12,CI-0022,KA-05,12,114.9,1378.8
2026-01,CI-0022,E-commerce,138,114.9,15856.2
2026-01,CI-0022,Marketplace,109,114.9,12524.1
2026-01,CI-0022,Loja própria,89,114.9,10226.1
2026-01,CI-0022,KA-01,49,114.9,5630.1
2026-01,CI-0022,KA-02,39,114.9,4481.1
2026-01,CI-0022,KA-03,34,114.9,3906.6
2026-01,CI-0022,KA-04,19,114.9,2183.1
2026-01,CI-0022,KA-05,14,114.9,1608.6
2026-02,CI-0022,E-commerce,135,114.9,15511.5
2026-02,CI-0022,Marketplace,106,114.9,12179.4
2026-02,CI-0022,Loja própria,86,114.9,9881.4
2026-02,CI-0022,KA-01,48,114.9,5515.2
2026-02,CI-0022,KA-02,38,114.9,4366.2
2026-02,CI-0022,KA-03,33,114.9,3791.7
2026-02,CI-0022,KA-04,19,114.9,2183.1
2026-02,CI-0022,KA-05,14,114.9,1608.6
2026-03,CI-0022,E-commerce,151,114.9,17349.9
2026-03,CI-0022,Marketplace,119,114.9,13673.1
2026-03,CI-0022,Loja própria,97,114.9,11145.3
2026-03,CI-0022,KA-01,54,114.9,6204.6
2026-03,CI-0022,KA-02,43,114.9,4940.7
2026-03,CI-0022,KA-03,37,114.9,4251.3
2026-03,CI-0022,KA-04,21,114.9,2412.9
2026-03,CI-0022,KA-05,16,114.9,1838.4
2026-04,CI-0022,E-commerce,140,114.9,16086
2026-04,CI-0022,Marketplace,110,114.9,12639
2026-04,CI-0022,Loja própria,90,114.9,10341
2026-04,CI-0022,KA-01,50,114.9,5745
2026-04,CI-0022,KA-02,40,114.9,4596
2026-04,CI-0022,KA-03,35,114.9,4021.5
2026-04,CI-0022,KA-04,20,114.9,2298
2026-04,CI-0022,KA-05,15,114.9,1723.5
2026-05,CI-0022,E-commerce,146,114.9,16775.4
2026-05,CI-0022,Marketplace,115,114.9,13213.5
2026-05,CI-0022,Loja própria,94,114.9,10800.6
2026-05,CI-0022,KA-01,52,114.9,5974.8
2026-05,CI-0022,KA-02,41,114.9,4710.9
2026-05,CI-0022,KA-03,36,114.9,4136.4
2026-05,CI-0022,KA-04,20,114.9,2298
2026-05,CI-0022,KA-05,15,114.9,1723.5
2026-06,CI-0022,E-commerce,136,114.9,15626.4
2026-06,CI-0022,Marketplace,107,114.9,12294.3
2026-06,CI-0022,Loja própria,88,114.9,10111.2
2026-06,CI-0022,KA-01,48,114.9,5515.2
2026-06,CI-0022,KA-02,39,114.9,4481.1
2026-06,CI-0022,KA-03,34,114.9,3906.6
2026-06,CI-0022,KA-04,19,114.9,2183.1
2026-06,CI-0022,KA-05,14,114.9,1608.6
2026-07,CI-0022,E-commerce,148,114.9,17005.2
2026-07,CI-0022,Marketplace,116,114.9,13328.4
2026-07,CI-0022,Loja própria,95,114.9,10915.5
2026-07,CI-0022,KA-01,53,114.9,6089.7
2026-07,CI-0022,KA-02,42,114.9,4825.8
2026-07,CI-0022,KA-03,37,114.9,4251.3
2026-07,CI-0022,KA-04,21,114.9,2412.9
2026-07,CI-0022,KA-05,15,114.9,1723.5
2026-08,CI-0022,E-commerce,134,114.9,15396.6
2026-08,CI-0022,Marketplace,105,114.9,12064.5
2026-08,CI-0022,Loja própria,86,114.9,9881.4
2026-08,CI-0022,KA-01,47,114.9,5400.3
2026-08,CI-0022,KA-02,38,114.9,4366.2
2026-08,CI-0022,KA-03,33,114.9,3791.7
2026-08,CI-0022,KA-04,19,114.9,2183.1
2026-08,CI-0022,KA-05,14,114.9,1608.6
2024-09,CI-0023,E-commerce,147,29.9,4395.3
2024-09,CI-0023,Marketplace,115,29.9,3438.5
2024-09,CI-0023,Loja própria,94,29.9,2810.6
2024-09,CI-0023,KA-01,52,29.9,1554.8
2024-09,CI-0023,KA-02,42,29.9,1255.8
2024-09,CI-0023,KA-03,36,29.9,1076.4
2024-09,CI-0023,KA-04,21,29.9,627.9
2024-09,CI-0023,KA-05,15,29.9,448.5
2024-10,CI-0023,E-commerce,129,29.9,3857.1
2024-10,CI-0023,Marketplace,102,29.9,3049.8
2024-10,CI-0023,Loja própria,83,29.9,2481.7
2024-10,CI-0023,KA-01,46,29.9,1375.4
2024-10,CI-0023,KA-02,37,29.9,1106.3
2024-10,CI-0023,KA-03,32,29.9,956.8
2024-10,CI-0023,KA-04,18,29.9,538.2
2024-10,CI-0023,KA-05,13,29.9,388.7
2024-11,CI-0023,E-commerce,176,29.9,5262.4
2024-11,CI-0023,Marketplace,138,29.9,4126.2
2024-11,CI-0023,Loja própria,113,29.9,3378.7
2024-11,CI-0023,KA-01,63,29.9,1883.7
2024-11,CI-0023,KA-02,50,29.9,1495
2024-11,CI-0023,KA-03,44,29.9,1315.6
2024-11,CI-0023,KA-04,25,29.9,747.5
2024-11,CI-0023,KA-05,18,29.9,538.2
2024-12,CI-0023,E-commerce,158,29.9,4724.2
2024-12,CI-0023,Marketplace,124,29.9,3707.6
2024-12,CI-0023,Loja própria,102,29.9,3049.8
2024-12,CI-0023,KA-01,56,29.9,1674.4
2024-12,CI-0023,KA-02,45,29.9,1345.5
2024-12,CI-0023,KA-03,39,29.9,1166.1
2024-12,CI-0023,KA-04,22,29.9,657.8
2024-12,CI-0023,KA-05,17,29.9,508.3
2025-01,CI-0023,E-commerce,141,29.9,4215.9
2025-01,CI-0023,Marketplace,111,29.9,3318.9
2025-01,CI-0023,Loja própria,91,29.9,2720.9
2025-01,CI-0023,KA-01,50,29.9,1495
2025-01,CI-0023,KA-02,40,29.9,1196
2025-01,CI-0023,KA-03,35,29.9,1046.5
2025-01,CI-0023,KA-04,20,29.9,598
2025-01,CI-0023,KA-05,15,29.9,448.5
2025-02,CI-0023,E-commerce,156,29.9,4664.4
2025-02,CI-0023,Marketplace,122,29.9,3647.8
2025-02,CI-0023,Loja própria,100,29.9,2990
2025-02,CI-0023,KA-01,55,29.9,1644.5
2025-02,CI-0023,KA-02,44,29.9,1315.6
2025-02,CI-0023,KA-03,39,29.9,1166.1
2025-02,CI-0023,KA-04,22,29.9,657.8
2025-02,CI-0023,KA-05,16,29.9,478.4
2025-03,CI-0023,E-commerce,158,29.9,4724.2
2025-03,CI-0023,Marketplace,124,29.9,3707.6
2025-03,CI-0023,Loja própria,102,29.9,3049.8
2025-03,CI-0023,KA-01,56,29.9,1674.4
2025-03,CI-0023,KA-02,45,29.9,1345.5
2025-03,CI-0023,KA-03,39,29.9,1166.1
2025-03,CI-0023,KA-04,22,29.9,657.8
2025-03,CI-0023,KA-05,17,29.9,508.3
2025-04,CI-0023,E-commerce,149,29.9,4455.1
2025-04,CI-0023,Marketplace,117,29.9,3498.3
2025-04,CI-0023,Loja própria,95,29.9,2840.5
2025-04,CI-0023,KA-01,53,29.9,1584.7
2025-04,CI-0023,KA-02,42,29.9,1255.8
2025-04,CI-0023,KA-03,37,29.9,1106.3
2025-04,CI-0023,KA-04,21,29.9,627.9
2025-04,CI-0023,KA-05,15,29.9,448.5
2025-05,CI-0023,E-commerce,140,29.9,4186
2025-05,CI-0023,Marketplace,110,29.9,3289
2025-05,CI-0023,Loja própria,90,29.9,2691
2025-05,CI-0023,KA-01,50,29.9,1495
2025-05,CI-0023,KA-02,40,29.9,1196
2025-05,CI-0023,KA-03,35,29.9,1046.5
2025-05,CI-0023,KA-04,20,29.9,598
2025-05,CI-0023,KA-05,15,29.9,448.5
2025-06,CI-0023,E-commerce,140,29.9,4186
2025-06,CI-0023,Marketplace,110,29.9,3289
2025-06,CI-0023,Loja própria,90,29.9,2691
2025-06,CI-0023,KA-01,50,29.9,1495
2025-06,CI-0023,KA-02,40,29.9,1196
2025-06,CI-0023,KA-03,35,29.9,1046.5
2025-06,CI-0023,KA-04,20,29.9,598
2025-06,CI-0023,KA-05,15,29.9,448.5
2025-07,CI-0023,E-commerce,131,29.9,3916.9
2025-07,CI-0023,Marketplace,103,29.9,3079.7
2025-07,CI-0023,Loja própria,84,29.9,2511.6
2025-07,CI-0023,KA-01,46,29.9,1375.4
2025-07,CI-0023,KA-02,37,29.9,1106.3
2025-07,CI-0023,KA-03,32,29.9,956.8
2025-07,CI-0023,KA-04,18,29.9,538.2
2025-07,CI-0023,KA-05,14,29.9,418.6
2025-08,CI-0023,E-commerce,143,29.9,4275.7
2025-08,CI-0023,Marketplace,112,29.9,3348.8
2025-08,CI-0023,Loja própria,91,29.9,2720.9
2025-08,CI-0023,KA-01,51,29.9,1524.9
2025-08,CI-0023,KA-02,40,29.9,1196
2025-08,CI-0023,KA-03,35,29.9,1046.5
2025-08,CI-0023,KA-04,20,29.9,598
2025-08,CI-0023,KA-05,15,29.9,448.5
2025-09,CI-0023,E-commerce,153,29.9,4574.7
2025-09,CI-0023,Marketplace,120,29.9,3588
2025-09,CI-0023,Loja própria,98,29.9,2930.2
2025-09,CI-0023,KA-01,54,29.9,1614.6
2025-09,CI-0023,KA-02,43,29.9,1285.7
2025-09,CI-0023,KA-03,38,29.9,1136.2
2025-09,CI-0023,KA-04,21,29.9,627.9
2025-09,CI-0023,KA-05,16,29.9,478.4
2025-10,CI-0023,E-commerce,164,29.9,4903.6
2025-10,CI-0023,Marketplace,128,29.9,3827.2
2025-10,CI-0023,Loja própria,105,29.9,3139.5
2025-10,CI-0023,KA-01,58,29.9,1734.2
2025-10,CI-0023,KA-02,46,29.9,1375.4
2025-10,CI-0023,KA-03,41,29.9,1225.9
2025-10,CI-0023,KA-04,23,29.9,687.7
2025-10,CI-0023,KA-05,17,29.9,508.3
2025-11,CI-0023,E-commerce,181,29.9,5411.9
2025-11,CI-0023,Marketplace,142,29.9,4245.8
2025-11,CI-0023,Loja própria,116,29.9,3468.4
2025-11,CI-0023,KA-01,64,29.9,1913.6
2025-11,CI-0023,KA-02,51,29.9,1524.9
2025-11,CI-0023,KA-03,45,29.9,1345.5
2025-11,CI-0023,KA-04,25,29.9,747.5
2025-11,CI-0023,KA-05,19,29.9,568.1
2025-12,CI-0023,E-commerce,148,29.9,4425.2
2025-12,CI-0023,Marketplace,116,29.9,3468.4
2025-12,CI-0023,Loja própria,95,29.9,2840.5
2025-12,CI-0023,KA-01,53,29.9,1584.7
2025-12,CI-0023,KA-02,42,29.9,1255.8
2025-12,CI-0023,KA-03,37,29.9,1106.3
2025-12,CI-0023,KA-04,21,29.9,627.9
2025-12,CI-0023,KA-05,15,29.9,448.5
2026-01,CI-0023,E-commerce,159,29.9,4754.1
2026-01,CI-0023,Marketplace,125,29.9,3737.5
2026-01,CI-0023,Loja própria,102,29.9,3049.8
2026-01,CI-0023,KA-01,57,29.9,1704.3
2026-01,CI-0023,KA-02,45,29.9,1345.5
2026-01,CI-0023,KA-03,39,29.9,1166.1
2026-01,CI-0023,KA-04,22,29.9,657.8
2026-01,CI-0023,KA-05,17,29.9,508.3
2026-02,CI-0023,E-commerce,162,29.9,4843.8
2026-02,CI-0023,Marketplace,127,29.9,3797.3
2026-02,CI-0023,Loja própria,104,29.9,3109.6
2026-02,CI-0023,KA-01,58,29.9,1734.2
2026-02,CI-0023,KA-02,46,29.9,1375.4
2026-02,CI-0023,KA-03,40,29.9,1196
2026-02,CI-0023,KA-04,23,29.9,687.7
2026-02,CI-0023,KA-05,17,29.9,508.3
2026-03,CI-0023,E-commerce,154,29.9,4604.6
2026-03,CI-0023,Marketplace,121,29.9,3617.9
2026-03,CI-0023,Loja própria,99,29.9,2960.1
2026-03,CI-0023,KA-01,55,29.9,1644.5
2026-03,CI-0023,KA-02,44,29.9,1315.6
2026-03,CI-0023,KA-03,38,29.9,1136.2
2026-03,CI-0023,KA-04,22,29.9,657.8
2026-03,CI-0023,KA-05,16,29.9,478.4
2026-04,CI-0023,E-commerce,149,29.9,4455.1
2026-04,CI-0023,Marketplace,117,29.9,3498.3
2026-04,CI-0023,Loja própria,95,29.9,2840.5
2026-04,CI-0023,KA-01,53,29.9,1584.7
2026-04,CI-0023,KA-02,42,29.9,1255.8
2026-04,CI-0023,KA-03,37,29.9,1106.3
2026-04,CI-0023,KA-04,21,29.9,627.9
2026-04,CI-0023,KA-05,15,29.9,448.5
2026-05,CI-0023,E-commerce,134,29.9,4006.6
2026-05,CI-0023,Marketplace,106,29.9,3169.4
2026-05,CI-0023,Loja própria,86,29.9,2571.4
2026-05,CI-0023,KA-01,48,29.9,1435.2
2026-05,CI-0023,KA-02,38,29.9,1136.2
2026-05,CI-0023,KA-03,33,29.9,986.7
2026-05,CI-0023,KA-04,19,29.9,568.1
2026-05,CI-0023,KA-05,14,29.9,418.6
2026-06,CI-0023,E-commerce,169,29.9,5053.1
2026-06,CI-0023,Marketplace,133,29.9,3976.7
2026-06,CI-0023,Loja própria,109,29.9,3259.1
2026-06,CI-0023,KA-01,60,29.9,1794
2026-06,CI-0023,KA-02,48,29.9,1435.2
2026-06,CI-0023,KA-03,42,29.9,1255.8
2026-06,CI-0023,KA-04,24,29.9,717.6
2026-06,CI-0023,KA-05,18,29.9,538.2
2026-07,CI-0023,E-commerce,138,29.9,4126.2
2026-07,CI-0023,Marketplace,108,29.9,3229.2
2026-07,CI-0023,Loja própria,88,29.9,2631.2
2026-07,CI-0023,KA-01,49,29.9,1465.1
2026-07,CI-0023,KA-02,39,29.9,1166.1
2026-07,CI-0023,KA-03,34,29.9,1016.6
2026-07,CI-0023,KA-04,19,29.9,568.1
2026-07,CI-0023,KA-05,14,29.9,418.6
2026-08,CI-0023,E-commerce,160,29.9,4784
2026-08,CI-0023,Marketplace,126,29.9,3767.4
2026-08,CI-0023,Loja própria,103,29.9,3079.7
2026-08,CI-0023,KA-01,57,29.9,1704.3
2026-08,CI-0023,KA-02,45,29.9,1345.5
2026-08,CI-0023,KA-03,40,29.9,1196
2026-08,CI-0023,KA-04,22,29.9,657.8
2026-08,CI-0023,KA-05,17,29.9,508.3
2024-09,CI-0024,E-commerce,161,29.9,4813.9
2024-09,CI-0024,Marketplace,126,29.9,3767.4
2024-09,CI-0024,Loja própria,103,29.9,3079.7
2024-09,CI-0024,KA-01,57,29.9,1704.3
2024-09,CI-0024,KA-02,46,29.9,1375.4
2024-09,CI-0024,KA-03,40,29.9,1196
2024-09,CI-0024,KA-04,23,29.9,687.7
2024-09,CI-0024,KA-05,17,29.9,508.3
2024-10,CI-0024,E-commerce,166,29.9,4963.4
2024-10,CI-0024,Marketplace,130,29.9,3887
2024-10,CI-0024,Loja própria,106,29.9,3169.4
2024-10,CI-0024,KA-01,59,29.9,1764.1
2024-10,CI-0024,KA-02,47,29.9,1405.3
2024-10,CI-0024,KA-03,41,29.9,1225.9
2024-10,CI-0024,KA-04,23,29.9,687.7
2024-10,CI-0024,KA-05,17,29.9,508.3
2024-11,CI-0024,E-commerce,203,29.9,6069.7
2024-11,CI-0024,Marketplace,159,29.9,4754.1
2024-11,CI-0024,Loja própria,130,29.9,3887
2024-11,CI-0024,KA-01,72,29.9,2152.8
2024-11,CI-0024,KA-02,58,29.9,1734.2
2024-11,CI-0024,KA-03,50,29.9,1495
2024-11,CI-0024,KA-04,29,29.9,867.1
2024-11,CI-0024,KA-05,21,29.9,627.9
2024-12,CI-0024,E-commerce,154,29.9,4604.6
2024-12,CI-0024,Marketplace,121,29.9,3617.9
2024-12,CI-0024,Loja própria,99,29.9,2960.1
2024-12,CI-0024,KA-01,55,29.9,1644.5
2024-12,CI-0024,KA-02,44,29.9,1315.6
2024-12,CI-0024,KA-03,38,29.9,1136.2
2024-12,CI-0024,KA-04,22,29.9,657.8
2024-12,CI-0024,KA-05,16,29.9,478.4
2025-01,CI-0024,E-commerce,140,29.9,4186
2025-01,CI-0024,Marketplace,110,29.9,3289
2025-01,CI-0024,Loja própria,90,29.9,2691
2025-01,CI-0024,KA-01,50,29.9,1495
2025-01,CI-0024,KA-02,40,29.9,1196
2025-01,CI-0024,KA-03,35,29.9,1046.5
2025-01,CI-0024,KA-04,20,29.9,598
2025-01,CI-0024,KA-05,15,29.9,448.5
2025-02,CI-0024,E-commerce,168,29.9,5023.2
2025-02,CI-0024,Marketplace,132,29.9,3946.8
2025-02,CI-0024,Loja própria,108,29.9,3229.2
2025-02,CI-0024,KA-01,60,29.9,1794
2025-02,CI-0024,KA-02,48,29.9,1435.2
2025-02,CI-0024,KA-03,42,29.9,1255.8
2025-02,CI-0024,KA-04,24,29.9,717.6
2025-02,CI-0024,KA-05,18,29.9,538.2
2025-03,CI-0024,E-commerce,149,29.9,4455.1
2025-03,CI-0024,Marketplace,117,29.9,3498.3
2025-03,CI-0024,Loja própria,95,29.9,2840.5
2025-03,CI-0024,KA-01,53,29.9,1584.7
2025-03,CI-0024,KA-02,42,29.9,1255.8
2025-03,CI-0024,KA-03,37,29.9,1106.3
2025-03,CI-0024,KA-04,21,29.9,627.9
2025-03,CI-0024,KA-05,15,29.9,448.5
2025-04,CI-0024,E-commerce,177,29.9,5292.3
2025-04,CI-0024,Marketplace,139,29.9,4156.1
2025-04,CI-0024,Loja própria,114,29.9,3408.6
2025-04,CI-0024,KA-01,63,29.9,1883.7
2025-04,CI-0024,KA-02,50,29.9,1495
2025-04,CI-0024,KA-03,44,29.9,1315.6
2025-04,CI-0024,KA-04,25,29.9,747.5
2025-04,CI-0024,KA-05,19,29.9,568.1
2025-05,CI-0024,E-commerce,148,29.9,4425.2
2025-05,CI-0024,Marketplace,117,29.9,3498.3
2025-05,CI-0024,Loja própria,95,29.9,2840.5
2025-05,CI-0024,KA-01,53,29.9,1584.7
2025-05,CI-0024,KA-02,42,29.9,1255.8
2025-05,CI-0024,KA-03,37,29.9,1106.3
2025-05,CI-0024,KA-04,21,29.9,627.9
2025-05,CI-0024,KA-05,15,29.9,448.5
2025-06,CI-0024,E-commerce,145,29.9,4335.5
2025-06,CI-0024,Marketplace,113,29.9,3378.7
2025-06,CI-0024,Loja própria,93,29.9,2780.7
2025-06,CI-0024,KA-01,51,29.9,1524.9
2025-06,CI-0024,KA-02,41,29.9,1225.9
2025-06,CI-0024,KA-03,36,29.9,1076.4
2025-06,CI-0024,KA-04,20,29.9,598
2025-06,CI-0024,KA-05,15,29.9,448.5
2025-07,CI-0024,E-commerce,144,29.9,4305.6
2025-07,CI-0024,Marketplace,113,29.9,3378.7
2025-07,CI-0024,Loja própria,92,29.9,2750.8
2025-07,CI-0024,KA-01,51,29.9,1524.9
2025-07,CI-0024,KA-02,41,29.9,1225.9
2025-07,CI-0024,KA-03,36,29.9,1076.4
2025-07,CI-0024,KA-04,20,29.9,598
2025-07,CI-0024,KA-05,15,29.9,448.5
2025-08,CI-0024,E-commerce,174,29.9,5202.6
2025-08,CI-0024,Marketplace,137,29.9,4096.3
2025-08,CI-0024,Loja própria,112,29.9,3348.8
2025-08,CI-0024,KA-01,62,29.9,1853.8
2025-08,CI-0024,KA-02,49,29.9,1465.1
2025-08,CI-0024,KA-03,43,29.9,1285.7
2025-08,CI-0024,KA-04,24,29.9,717.6
2025-08,CI-0024,KA-05,18,29.9,538.2
2025-09,CI-0024,E-commerce,175,29.9,5232.5
2025-09,CI-0024,Marketplace,138,29.9,4126.2
2025-09,CI-0024,Loja própria,113,29.9,3378.7
2025-09,CI-0024,KA-01,62,29.9,1853.8
2025-09,CI-0024,KA-02,50,29.9,1495
2025-09,CI-0024,KA-03,43,29.9,1285.7
2025-09,CI-0024,KA-04,25,29.9,747.5
2025-09,CI-0024,KA-05,18,29.9,538.2
2025-10,CI-0024,E-commerce,165,29.9,4933.5
2025-10,CI-0024,Marketplace,130,29.9,3887
2025-10,CI-0024,Loja própria,106,29.9,3169.4
2025-10,CI-0024,KA-01,59,29.9,1764.1
2025-10,CI-0024,KA-02,47,29.9,1405.3
2025-10,CI-0024,KA-03,41,29.9,1225.9
2025-10,CI-0024,KA-04,23,29.9,687.7
2025-10,CI-0024,KA-05,17,29.9,508.3
2025-11,CI-0024,E-commerce,202,29.9,6039.8
2025-11,CI-0024,Marketplace,158,29.9,4724.2
2025-11,CI-0024,Loja própria,129,29.9,3857.1
2025-11,CI-0024,KA-01,72,29.9,2152.8
2025-11,CI-0024,KA-02,57,29.9,1704.3
2025-11,CI-0024,KA-03,50,29.9,1495
2025-11,CI-0024,KA-04,28,29.9,837.2
2025-11,CI-0024,KA-05,21,29.9,627.9
2025-12,CI-0024,E-commerce,163,29.9,4873.7
2025-12,CI-0024,Marketplace,128,29.9,3827.2
2025-12,CI-0024,Loja própria,104,29.9,3109.6
2025-12,CI-0024,KA-01,58,29.9,1734.2
2025-12,CI-0024,KA-02,46,29.9,1375.4
2025-12,CI-0024,KA-03,40,29.9,1196
2025-12,CI-0024,KA-04,23,29.9,687.7
2025-12,CI-0024,KA-05,17,29.9,508.3
2026-01,CI-0024,E-commerce,151,29.9,4514.9
2026-01,CI-0024,Marketplace,119,29.9,3558.1
2026-01,CI-0024,Loja própria,97,29.9,2900.3
2026-01,CI-0024,KA-01,54,29.9,1614.6
2026-01,CI-0024,KA-02,43,29.9,1285.7
2026-01,CI-0024,KA-03,37,29.9,1106.3
2026-01,CI-0024,KA-04,21,29.9,627.9
2026-01,CI-0024,KA-05,16,29.9,478.4
2026-02,CI-0024,E-commerce,179,29.9,5352.1
2026-02,CI-0024,Marketplace,141,29.9,4215.9
2026-02,CI-0024,Loja própria,115,29.9,3438.5
2026-02,CI-0024,KA-01,64,29.9,1913.6
2026-02,CI-0024,KA-02,51,29.9,1524.9
2026-02,CI-0024,KA-03,44,29.9,1315.6
2026-02,CI-0024,KA-04,25,29.9,747.5
2026-02,CI-0024,KA-05,19,29.9,568.1
2026-03,CI-0024,E-commerce,185,29.9,5531.5
2026-03,CI-0024,Marketplace,145,29.9,4335.5
2026-03,CI-0024,Loja própria,119,29.9,3558.1
2026-03,CI-0024,KA-01,66,29.9,1973.4
2026-03,CI-0024,KA-02,52,29.9,1554.8
2026-03,CI-0024,KA-03,46,29.9,1375.4
2026-03,CI-0024,KA-04,26,29.9,777.4
2026-03,CI-0024,KA-05,19,29.9,568.1
2026-04,CI-0024,E-commerce,162,29.9,4843.8
2026-04,CI-0024,Marketplace,127,29.9,3797.3
2026-04,CI-0024,Loja própria,104,29.9,3109.6
2026-04,CI-0024,KA-01,58,29.9,1734.2
2026-04,CI-0024,KA-02,46,29.9,1375.4
2026-04,CI-0024,KA-03,40,29.9,1196
2026-04,CI-0024,KA-04,23,29.9,687.7
2026-04,CI-0024,KA-05,17,29.9,508.3
2026-05,CI-0024,E-commerce,174,29.9,5202.6
2026-05,CI-0024,Marketplace,137,29.9,4096.3
2026-05,CI-0024,Loja própria,112,29.9,3348.8
2026-05,CI-0024,KA-01,62,29.9,1853.8
2026-05,CI-0024,KA-02,49,29.9,1465.1
2026-05,CI-0024,KA-03,43,29.9,1285.7
2026-05,CI-0024,KA-04,24,29.9,717.6
2026-05,CI-0024,KA-05,18,29.9,538.2
2026-06,CI-0024,E-commerce,158,29.9,4724.2
2026-06,CI-0024,Marketplace,124,29.9,3707.6
2026-06,CI-0024,Loja própria,101,29.9,3019.9
2026-06,CI-0024,KA-01,56,29.9,1674.4
2026-06,CI-0024,KA-02,45,29.9,1345.5
2026-06,CI-0024,KA-03,39,29.9,1166.1
2026-06,CI-0024,KA-04,22,29.9,657.8
2026-06,CI-0024,KA-05,16,29.9,478.4
2026-07,CI-0024,E-commerce,183,29.9,5471.7
2026-07,CI-0024,Marketplace,143,29.9,4275.7
2026-07,CI-0024,Loja própria,117,29.9,3498.3
2026-07,CI-0024,KA-01,65,29.9,1943.5
2026-07,CI-0024,KA-02,52,29.9,1554.8
2026-07,CI-0024,KA-03,45,29.9,1345.5
2026-07,CI-0024,KA-04,26,29.9,777.4
2026-07,CI-0024,KA-05,19,29.9,568.1
2026-08,CI-0024,E-commerce,171,29.9,5112.9
2026-08,CI-0024,Marketplace,134,29.9,4006.6
2026-08,CI-0024,Loja própria,109,29.9,3259.1
2026-08,CI-0024,KA-01,61,29.9,1823.9
2026-08,CI-0024,KA-02,48,29.9,1435.2
2026-08,CI-0024,KA-03,42,29.9,1255.8
2026-08,CI-0024,KA-04,24,29.9,717.6
2026-08,CI-0024,KA-05,18,29.9,538.2
2024-09,CI-0025,E-commerce,162,89.9,14563.8
2024-09,CI-0025,Marketplace,127,89.9,11417.3
2024-09,CI-0025,Loja própria,104,89.9,9349.6
2024-09,CI-0025,KA-01,57,89.9,5124.3
2024-09,CI-0025,KA-02,46,89.9,4135.4
2024-09,CI-0025,KA-03,40,89.9,3596
2024-09,CI-0025,KA-04,23,89.9,2067.7
2024-09,CI-0025,KA-05,17,89.9,1528.3
2024-10,CI-0025,E-commerce,168,89.9,15103.2
2024-10,CI-0025,Marketplace,132,89.9,11866.8
2024-10,CI-0025,Loja própria,108,89.9,9709.2
2024-10,CI-0025,KA-01,60,89.9,5394
2024-10,CI-0025,KA-02,48,89.9,4315.2
2024-10,CI-0025,KA-03,42,89.9,3775.8
2024-10,CI-0025,KA-04,24,89.9,2157.6
2024-10,CI-0025,KA-05,18,89.9,1618.2
2024-11,CI-0025,E-commerce,231,89.9,20766.9
2024-11,CI-0025,Marketplace,181,89.9,16271.9
2024-11,CI-0025,Loja própria,148,89.9,13305.2
2024-11,CI-0025,KA-01,82,89.9,7371.8
2024-11,CI-0025,KA-02,66,89.9,5933.4
2024-11,CI-0025,KA-03,57,89.9,5124.3
2024-11,CI-0025,KA-04,33,89.9,2966.7
2024-11,CI-0025,KA-05,24,89.9,2157.6
2024-12,CI-0025,E-commerce,164,89.9,14743.6
2024-12,CI-0025,Marketplace,128,89.9,11507.2
2024-12,CI-0025,Loja própria,105,89.9,9439.5
2024-12,CI-0025,KA-01,58,89.9,5214.2
2024-12,CI-0025,KA-02,46,89.9,4135.4
2024-12,CI-0025,KA-03,41,89.9,3685.9
2024-12,CI-0025,KA-04,23,89.9,2067.7
2024-12,CI-0025,KA-05,17,89.9,1528.3
2025-01,CI-0025,E-commerce,372,89.9,33442.8
2025-01,CI-0025,Marketplace,292,89.9,26250.8
2025-01,CI-0025,Loja própria,239,89.9,21486.1
2025-01,CI-0025,KA-01,132,89.9,11866.8
2025-01,CI-0025,KA-02,106,89.9,9529.4
2025-01,CI-0025,KA-03,93,89.9,8360.7
2025-01,CI-0025,KA-04,53,89.9,4764.7
2025-01,CI-0025,KA-05,39,89.9,3506.1
2025-02,CI-0025,E-commerce,454,89.9,40814.6
2025-02,CI-0025,Marketplace,357,89.9,32094.3
2025-02,CI-0025,Loja própria,292,89.9,26250.8
2025-02,CI-0025,KA-01,162,89.9,14563.8
2025-02,CI-0025,KA-02,129,89.9,11597.1
2025-02,CI-0025,KA-03,113,89.9,10158.7
2025-02,CI-0025,KA-04,64,89.9,5753.6
2025-02,CI-0025,KA-05,48,89.9,4315.2
2025-03,CI-0025,E-commerce,159,89.9,14294.1
2025-03,CI-0025,Marketplace,124,89.9,11147.6
2025-03,CI-0025,Loja própria,102,89.9,9169.8
2025-03,CI-0025,KA-01,56,89.9,5034.4
2025-03,CI-0025,KA-02,45,89.9,4045.5
2025-03,CI-0025,KA-03,39,89.9,3506.1
2025-03,CI-0025,KA-04,22,89.9,1977.8
2025-03,CI-0025,KA-05,17,89.9,1528.3
2025-04,CI-0025,E-commerce,165,89.9,14833.5
2025-04,CI-0025,Marketplace,129,89.9,11597.1
2025-04,CI-0025,Loja própria,106,89.9,9529.4
2025-04,CI-0025,KA-01,59,89.9,5304.1
2025-04,CI-0025,KA-02,47,89.9,4225.3
2025-04,CI-0025,KA-03,41,89.9,3685.9
2025-04,CI-0025,KA-04,23,89.9,2067.7
2025-04,CI-0025,KA-05,17,89.9,1528.3
2025-05,CI-0025,E-commerce,166,89.9,14923.4
2025-05,CI-0025,Marketplace,130,89.9,11687
2025-05,CI-0025,Loja própria,106,89.9,9529.4
2025-05,CI-0025,KA-01,59,89.9,5304.1
2025-05,CI-0025,KA-02,47,89.9,4225.3
2025-05,CI-0025,KA-03,41,89.9,3685.9
2025-05,CI-0025,KA-04,23,89.9,2067.7
2025-05,CI-0025,KA-05,17,89.9,1528.3
2025-06,CI-0025,E-commerce,176,89.9,15822.4
2025-06,CI-0025,Marketplace,138,89.9,12406.2
2025-06,CI-0025,Loja própria,113,89.9,10158.7
2025-06,CI-0025,KA-01,62,89.9,5573.8
2025-06,CI-0025,KA-02,50,89.9,4495
2025-06,CI-0025,KA-03,44,89.9,3955.6
2025-06,CI-0025,KA-04,25,89.9,2247.5
2025-06,CI-0025,KA-05,18,89.9,1618.2
2025-07,CI-0025,E-commerce,169,89.9,15193.1
2025-07,CI-0025,Marketplace,133,89.9,11956.7
2025-07,CI-0025,Loja própria,108,89.9,9709.2
2025-07,CI-0025,KA-01,60,89.9,5394
2025-07,CI-0025,KA-02,48,89.9,4315.2
2025-07,CI-0025,KA-03,42,89.9,3775.8
2025-07,CI-0025,KA-04,24,89.9,2157.6
2025-07,CI-0025,KA-05,18,89.9,1618.2
2025-08,CI-0025,E-commerce,181,89.9,16271.9
2025-08,CI-0025,Marketplace,142,89.9,12765.8
2025-08,CI-0025,Loja própria,116,89.9,10428.4
2025-08,CI-0025,KA-01,64,89.9,5753.6
2025-08,CI-0025,KA-02,51,89.9,4584.9
2025-08,CI-0025,KA-03,45,89.9,4045.5
2025-08,CI-0025,KA-04,25,89.9,2247.5
2025-08,CI-0025,KA-05,19,89.9,1708.1
2025-09,CI-0025,E-commerce,197,89.9,17710.3
2025-09,CI-0025,Marketplace,155,89.9,13934.5
2025-09,CI-0025,Loja própria,126,89.9,11327.4
2025-09,CI-0025,KA-01,70,89.9,6293
2025-09,CI-0025,KA-02,56,89.9,5034.4
2025-09,CI-0025,KA-03,49,89.9,4405.1
2025-09,CI-0025,KA-04,28,89.9,2517.2
2025-09,CI-0025,KA-05,21,89.9,1887.9
2025-10,CI-0025,E-commerce,164,89.9,14743.6
2025-10,CI-0025,Marketplace,129,89.9,11597.1
2025-10,CI-0025,Loja própria,105,89.9,9439.5
2025-10,CI-0025,KA-01,58,89.9,5214.2
2025-10,CI-0025,KA-02,46,89.9,4135.4
2025-10,CI-0025,KA-03,41,89.9,3685.9
2025-10,CI-0025,KA-04,23,89.9,2067.7
2025-10,CI-0025,KA-05,17,89.9,1528.3
2025-11,CI-0025,E-commerce,228,89.9,20497.2
2025-11,CI-0025,Marketplace,179,89.9,16092.1
2025-11,CI-0025,Loja própria,147,89.9,13215.3
2025-11,CI-0025,KA-01,81,89.9,7281.9
2025-11,CI-0025,KA-02,65,89.9,5843.5
2025-11,CI-0025,KA-03,57,89.9,5124.3
2025-11,CI-0025,KA-04,32,89.9,2876.8
2025-11,CI-0025,KA-05,24,89.9,2157.6
2025-12,CI-0025,E-commerce,195,89.9,17530.5
2025-12,CI-0025,Marketplace,153,89.9,13754.7
2025-12,CI-0025,Loja própria,125,89.9,11237.5
2025-12,CI-0025,KA-01,69,89.9,6203.1
2025-12,CI-0025,KA-02,55,89.9,4944.5
2025-12,CI-0025,KA-03,48,89.9,4315.2
2025-12,CI-0025,KA-04,27,89.9,2427.3
2025-12,CI-0025,KA-05,20,89.9,1798
2026-01,CI-0025,E-commerce,396,89.9,35600.4
2026-01,CI-0025,Marketplace,311,89.9,27958.9
2026-01,CI-0025,Loja própria,254,89.9,22834.6
2026-01,CI-0025,KA-01,141,89.9,12675.9
2026-01,CI-0025,KA-02,113,89.9,10158.7
2026-01,CI-0025,KA-03,99,89.9,8900.1
2026-01,CI-0025,KA-04,56,89.9,5034.4
2026-01,CI-0025,KA-05,42,89.9,3775.8
2026-02,CI-0025,E-commerce,425,89.9,38207.5
2026-02,CI-0025,Marketplace,334,89.9,30026.6
2026-02,CI-0025,Loja própria,273,89.9,24542.7
2026-02,CI-0025,KA-01,152,89.9,13664.8
2026-02,CI-0025,KA-02,121,89.9,10877.9
2026-02,CI-0025,KA-03,106,89.9,9529.4
2026-02,CI-0025,KA-04,60,89.9,5394
2026-02,CI-0025,KA-05,45,89.9,4045.5
2026-03,CI-0025,E-commerce,161,89.9,14473.9
2026-03,CI-0025,Marketplace,127,89.9,11417.3
2026-03,CI-0025,Loja própria,104,89.9,9349.6
2026-03,CI-0025,KA-01,57,89.9,5124.3
2026-03,CI-0025,KA-02,46,89.9,4135.4
2026-03,CI-0025,KA-03,40,89.9,3596
2026-03,CI-0025,KA-04,23,89.9,2067.7
2026-03,CI-0025,KA-05,17,89.9,1528.3
2026-04,CI-0025,E-commerce,179,89.9,16092.1
2026-04,CI-0025,Marketplace,141,89.9,12675.9
2026-04,CI-0025,Loja própria,115,89.9,10338.5
2026-04,CI-0025,KA-01,64,89.9,5753.6
2026-04,CI-0025,KA-02,51,89.9,4584.9
2026-04,CI-0025,KA-03,44,89.9,3955.6
2026-04,CI-0025,KA-04,25,89.9,2247.5
2026-04,CI-0025,KA-05,19,89.9,1708.1
2026-05,CI-0025,E-commerce,173,89.9,15552.7
2026-05,CI-0025,Marketplace,136,89.9,12226.4
2026-05,CI-0025,Loja própria,111,89.9,9978.9
2026-05,CI-0025,KA-01,62,89.9,5573.8
2026-05,CI-0025,KA-02,49,89.9,4405.1
2026-05,CI-0025,KA-03,43,89.9,3865.7
2026-05,CI-0025,KA-04,24,89.9,2157.6
2026-05,CI-0025,KA-05,18,89.9,1618.2
2026-06,CI-0025,E-commerce,184,89.9,16541.6
2026-06,CI-0025,Marketplace,144,89.9,12945.6
2026-06,CI-0025,Loja própria,118,89.9,10608.2
2026-06,CI-0025,KA-01,65,89.9,5843.5
2026-06,CI-0025,KA-02,52,89.9,4674.8
2026-06,CI-0025,KA-03,46,89.9,4135.4
2026-06,CI-0025,KA-04,26,89.9,2337.4
2026-06,CI-0025,KA-05,19,89.9,1708.1
2026-07,CI-0025,E-commerce,194,89.9,17440.6
2026-07,CI-0025,Marketplace,152,89.9,13664.8
2026-07,CI-0025,Loja própria,125,89.9,11237.5
2026-07,CI-0025,KA-01,69,89.9,6203.1
2026-07,CI-0025,KA-02,55,89.9,4944.5
2026-07,CI-0025,KA-03,48,89.9,4315.2
2026-07,CI-0025,KA-04,27,89.9,2427.3
2026-07,CI-0025,KA-05,20,89.9,1798
2026-08,CI-0025,E-commerce,172,89.9,15462.8
2026-08,CI-0025,Marketplace,135,89.9,12136.5
2026-08,CI-0025,Loja própria,110,89.9,9889
2026-08,CI-0025,KA-01,61,89.9,5483.9
2026-08,CI-0025,KA-02,49,89.9,4405.1
2026-08,CI-0025,KA-03,43,89.9,3865.7
2026-08,CI-0025,KA-04,24,89.9,2157.6
2026-08,CI-0025,KA-05,18,89.9,1618.2
2024-09,CI-0026,E-commerce,180,79.9,14382
2024-09,CI-0026,Marketplace,141,79.9,11265.9
2024-09,CI-0026,Loja própria,115,79.9,9188.5
2024-09,CI-0026,KA-01,64,79.9,5113.6
2024-09,CI-0026,KA-02,51,79.9,4074.9
2024-09,CI-0026,KA-03,45,79.9,3595.5
2024-09,CI-0026,KA-04,25,79.9,1997.5
2024-09,CI-0026,KA-05,19,79.9,1518.1
2024-10,CI-0026,E-commerce,180,79.9,14382
2024-10,CI-0026,Marketplace,141,79.9,11265.9
2024-10,CI-0026,Loja própria,115,79.9,9188.5
2024-10,CI-0026,KA-01,64,79.9,5113.6
2024-10,CI-0026,KA-02,51,79.9,4074.9
2024-10,CI-0026,KA-03,45,79.9,3595.5
2024-10,CI-0026,KA-04,25,79.9,1997.5
2024-10,CI-0026,KA-05,19,79.9,1518.1
2024-11,CI-0026,E-commerce,280,79.9,22372
2024-11,CI-0026,Marketplace,220,79.9,17578
2024-11,CI-0026,Loja própria,180,79.9,14382
2024-11,CI-0026,KA-01,100,79.9,7990
2024-11,CI-0026,KA-02,80,79.9,6392
2024-11,CI-0026,KA-03,70,79.9,5593
2024-11,CI-0026,KA-04,40,79.9,3196
2024-11,CI-0026,KA-05,30,79.9,2397
2024-12,CI-0026,E-commerce,186,79.9,14861.4
2024-12,CI-0026,Marketplace,146,79.9,11665.4
2024-12,CI-0026,Loja própria,120,79.9,9588
2024-12,CI-0026,KA-01,66,79.9,5273.4
2024-12,CI-0026,KA-02,53,79.9,4234.7
2024-12,CI-0026,KA-03,46,79.9,3675.4
2024-12,CI-0026,KA-04,26,79.9,2077.4
2024-12,CI-0026,KA-05,20,79.9,1598
2025-01,CI-0026,E-commerce,191,79.9,15260.9
2025-01,CI-0026,Marketplace,150,79.9,11985
2025-01,CI-0026,Loja própria,122,79.9,9747.8
2025-01,CI-0026,KA-01,68,79.9,5433.2
2025-01,CI-0026,KA-02,54,79.9,4314.6
2025-01,CI-0026,KA-03,47,79.9,3755.3
2025-01,CI-0026,KA-04,27,79.9,2157.3
2025-01,CI-0026,KA-05,20,79.9,1598
2025-02,CI-0026,E-commerce,231,79.9,18456.9
2025-02,CI-0026,Marketplace,181,79.9,14461.9
2025-02,CI-0026,Loja própria,148,79.9,11825.2
2025-02,CI-0026,KA-01,82,79.9,6551.8
2025-02,CI-0026,KA-02,66,79.9,5273.4
2025-02,CI-0026,KA-03,57,79.9,4554.3
2025-02,CI-0026,KA-04,33,79.9,2636.7
2025-02,CI-0026,KA-05,24,79.9,1917.6
2025-03,CI-0026,E-commerce,230,79.9,18377
2025-03,CI-0026,Marketplace,181,79.9,14461.9
2025-03,CI-0026,Loja própria,148,79.9,11825.2
2025-03,CI-0026,KA-01,82,79.9,6551.8
2025-03,CI-0026,KA-02,65,79.9,5193.5
2025-03,CI-0026,KA-03,57,79.9,4554.3
2025-03,CI-0026,KA-04,32,79.9,2556.8
2025-03,CI-0026,KA-05,24,79.9,1917.6
2025-04,CI-0026,E-commerce,191,79.9,15260.9
2025-04,CI-0026,Marketplace,150,79.9,11985
2025-04,CI-0026,Loja própria,123,79.9,9827.7
2025-04,CI-0026,KA-01,68,79.9,5433.2
2025-04,CI-0026,KA-02,54,79.9,4314.6
2025-04,CI-0026,KA-03,47,79.9,3755.3
2025-04,CI-0026,KA-04,27,79.9,2157.3
2025-04,CI-0026,KA-05,20,79.9,1598
2025-05,CI-0026,E-commerce,218,79.9,17418.2
2025-05,CI-0026,Marketplace,172,79.9,13742.8
2025-05,CI-0026,Loja própria,140,79.9,11186
2025-05,CI-0026,KA-01,78,79.9,6232.2
2025-05,CI-0026,KA-02,62,79.9,4953.8
2025-05,CI-0026,KA-03,54,79.9,4314.6
2025-05,CI-0026,KA-04,31,79.9,2476.9
2025-05,CI-0026,KA-05,23,79.9,1837.7
2025-06,CI-0026,E-commerce,252,79.9,20134.8
2025-06,CI-0026,Marketplace,198,79.9,15820.2
2025-06,CI-0026,Loja própria,162,79.9,12943.8
2025-06,CI-0026,KA-01,90,79.9,7191
2025-06,CI-0026,KA-02,72,79.9,5752.8
2025-06,CI-0026,KA-03,63,79.9,5033.7
2025-06,CI-0026,KA-04,36,79.9,2876.4
2025-06,CI-0026,KA-05,27,79.9,2157.3
2025-07,CI-0026,E-commerce,231,79.9,18456.9
2025-07,CI-0026,Marketplace,182,79.9,14541.8
2025-07,CI-0026,Loja própria,149,79.9,11905.1
2025-07,CI-0026,KA-01,82,79.9,6551.8
2025-07,CI-0026,KA-02,66,79.9,5273.4
2025-07,CI-0026,KA-03,57,79.9,4554.3
2025-07,CI-0026,KA-04,33,79.9,2636.7
2025-07,CI-0026,KA-05,24,79.9,1917.6
2025-08,CI-0026,E-commerce,229,79.9,18297.1
2025-08,CI-0026,Marketplace,180,79.9,14382
2025-08,CI-0026,Loja própria,147,79.9,11745.3
2025-08,CI-0026,KA-01,81,79.9,6471.9
2025-08,CI-0026,KA-02,65,79.9,5193.5
2025-08,CI-0026,KA-03,57,79.9,4554.3
2025-08,CI-0026,KA-04,32,79.9,2556.8
2025-08,CI-0026,KA-05,24,79.9,1917.6
2025-09,CI-0026,E-commerce,248,79.9,19815.2
2025-09,CI-0026,Marketplace,195,79.9,15580.5
2025-09,CI-0026,Loja própria,160,79.9,12784
2025-09,CI-0026,KA-01,88,79.9,7031.2
2025-09,CI-0026,KA-02,71,79.9,5672.9
2025-09,CI-0026,KA-03,62,79.9,4953.8
2025-09,CI-0026,KA-04,35,79.9,2796.5
2025-09,CI-0026,KA-05,26,79.9,2077.4
2025-10,CI-0026,E-commerce,220,79.9,17578
2025-10,CI-0026,Marketplace,173,79.9,13822.7
2025-10,CI-0026,Loja própria,142,79.9,11345.8
2025-10,CI-0026,KA-01,78,79.9,6232.2
2025-10,CI-0026,KA-02,63,79.9,5033.7
2025-10,CI-0026,KA-03,55,79.9,4394.5
2025-10,CI-0026,KA-04,31,79.9,2476.9
2025-10,CI-0026,KA-05,23,79.9,1837.7
2025-11,CI-0026,E-commerce,322,79.9,25727.8
2025-11,CI-0026,Marketplace,253,79.9,20214.7
2025-11,CI-0026,Loja própria,207,79.9,16539.3
2025-11,CI-0026,KA-01,115,79.9,9188.5
2025-11,CI-0026,KA-02,92,79.9,7350.8
2025-11,CI-0026,KA-03,80,79.9,6392
2025-11,CI-0026,KA-04,46,79.9,3675.4
2025-11,CI-0026,KA-05,34,79.9,2716.6
2025-12,CI-0026,E-commerce,266,79.9,21253.4
2025-12,CI-0026,Marketplace,209,79.9,16699.1
2025-12,CI-0026,Loja própria,171,79.9,13662.9
2025-12,CI-0026,KA-01,95,79.9,7590.5
2025-12,CI-0026,KA-02,76,79.9,6072.4
2025-12,CI-0026,KA-03,66,79.9,5273.4
2025-12,CI-0026,KA-04,38,79.9,3036.2
2025-12,CI-0026,KA-05,28,79.9,2237.2
2026-01,CI-0026,E-commerce,261,79.9,20853.9
2026-01,CI-0026,Marketplace,205,79.9,16379.5
2026-01,CI-0026,Loja própria,167,79.9,13343.3
2026-01,CI-0026,KA-01,93,79.9,7430.7
2026-01,CI-0026,KA-02,74,79.9,5912.6
2026-01,CI-0026,KA-03,65,79.9,5193.5
2026-01,CI-0026,KA-04,37,79.9,2956.3
2026-01,CI-0026,KA-05,27,79.9,2157.3
2026-02,CI-0026,E-commerce,240,79.9,19176
2026-02,CI-0026,Marketplace,189,79.9,15101.1
2026-02,CI-0026,Loja própria,154,79.9,12304.6
2026-02,CI-0026,KA-01,86,79.9,6871.4
2026-02,CI-0026,KA-02,68,79.9,5433.2
2026-02,CI-0026,KA-03,60,79.9,4794
2026-02,CI-0026,KA-04,34,79.9,2716.6
2026-02,CI-0026,KA-05,25,79.9,1997.5
2026-03,CI-0026,E-commerce,263,79.9,21013.7
2026-03,CI-0026,Marketplace,206,79.9,16459.4
2026-03,CI-0026,Loja própria,169,79.9,13503.1
2026-03,CI-0026,KA-01,94,79.9,7510.6
2026-03,CI-0026,KA-02,75,79.9,5992.5
2026-03,CI-0026,KA-03,65,79.9,5193.5
2026-03,CI-0026,KA-04,37,79.9,2956.3
2026-03,CI-0026,KA-05,28,79.9,2237.2
2026-04,CI-0026,E-commerce,301,79.9,24049.9
2026-04,CI-0026,Marketplace,236,79.9,18856.4
2026-04,CI-0026,Loja própria,193,79.9,15420.7
2026-04,CI-0026,KA-01,107,79.9,8549.3
2026-04,CI-0026,KA-02,86,79.9,6871.4
2026-04,CI-0026,KA-03,75,79.9,5992.5
2026-04,CI-0026,KA-04,43,79.9,3435.7
2026-04,CI-0026,KA-05,32,79.9,2556.8
2026-05,CI-0026,E-commerce,278,79.9,22212.2
2026-05,CI-0026,Marketplace,218,79.9,17418.2
2026-05,CI-0026,Loja própria,179,79.9,14302.1
2026-05,CI-0026,KA-01,99,79.9,7910.1
2026-05,CI-0026,KA-02,79,79.9,6312.1
2026-05,CI-0026,KA-03,69,79.9,5513.1
2026-05,CI-0026,KA-04,39,79.9,3116.1
2026-05,CI-0026,KA-05,29,79.9,2317.1
2026-06,CI-0026,E-commerce,285,79.9,22771.5
2026-06,CI-0026,Marketplace,223,79.9,17817.7
2026-06,CI-0026,Loja própria,183,79.9,14621.7
2026-06,CI-0026,KA-01,101,79.9,8069.9
2026-06,CI-0026,KA-02,81,79.9,6471.9
2026-06,CI-0026,KA-03,71,79.9,5672.9
2026-06,CI-0026,KA-04,40,79.9,3196
2026-06,CI-0026,KA-05,30,79.9,2397
2026-07,CI-0026,E-commerce,270,79.9,21573
2026-07,CI-0026,Marketplace,212,79.9,16938.8
2026-07,CI-0026,Loja própria,173,79.9,13822.7
2026-07,CI-0026,KA-01,96,79.9,7670.4
2026-07,CI-0026,KA-02,77,79.9,6152.3
2026-07,CI-0026,KA-03,67,79.9,5353.3
2026-07,CI-0026,KA-04,38,79.9,3036.2
2026-07,CI-0026,KA-05,28,79.9,2237.2
2026-08,CI-0026,E-commerce,314,79.9,25088.6
2026-08,CI-0026,Marketplace,246,79.9,19655.4
2026-08,CI-0026,Loja própria,201,79.9,16059.9
2026-08,CI-0026,KA-01,112,79.9,8948.8
2026-08,CI-0026,KA-02,89,79.9,7111.1
2026-08,CI-0026,KA-03,78,79.9,6232.2
2026-08,CI-0026,KA-04,44,79.9,3515.6
2026-08,CI-0026,KA-05,33,79.9,2636.7
2024-09,CI-0027,E-commerce,187,84.9,15876.3
2024-09,CI-0027,Marketplace,147,84.9,12480.3
2024-09,CI-0027,Loja própria,120,84.9,10188
2024-09,CI-0027,KA-01,67,84.9,5688.3
2024-09,CI-0027,KA-02,53,84.9,4499.7
2024-09,CI-0027,KA-03,46,84.9,3905.4
2024-09,CI-0027,KA-04,26,84.9,2207.4
2024-09,CI-0027,KA-05,20,84.9,1698
2024-10,CI-0027,E-commerce,187,84.9,15876.3
2024-10,CI-0027,Marketplace,146,84.9,12395.4
2024-10,CI-0027,Loja própria,120,84.9,10188
2024-10,CI-0027,KA-01,66,84.9,5603.4
2024-10,CI-0027,KA-02,53,84.9,4499.7
2024-10,CI-0027,KA-03,46,84.9,3905.4
2024-10,CI-0027,KA-04,26,84.9,2207.4
2024-10,CI-0027,KA-05,20,84.9,1698
2024-11,CI-0027,E-commerce,262,84.9,22243.8
2024-11,CI-0027,Marketplace,206,84.9,17489.4
2024-11,CI-0027,Loja própria,168,84.9,14263.2
2024-11,CI-0027,KA-01,93,84.9,7895.7
2024-11,CI-0027,KA-02,74,84.9,6282.6
2024-11,CI-0027,KA-03,65,84.9,5518.5
2024-11,CI-0027,KA-04,37,84.9,3141.3
2024-11,CI-0027,KA-05,28,84.9,2377.2
2024-12,CI-0027,E-commerce,177,84.9,15027.3
2024-12,CI-0027,Marketplace,139,84.9,11801.1
2024-12,CI-0027,Loja própria,114,84.9,9678.6
2024-12,CI-0027,KA-01,63,84.9,5348.7
2024-12,CI-0027,KA-02,50,84.9,4245
2024-12,CI-0027,KA-03,44,84.9,3735.6
2024-12,CI-0027,KA-04,25,84.9,2122.5
2024-12,CI-0027,KA-05,19,84.9,1613.1
2025-01,CI-0027,E-commerce,225,84.9,19102.5
2025-01,CI-0027,Marketplace,177,84.9,15027.3
2025-01,CI-0027,Loja própria,145,84.9,12310.5
2025-01,CI-0027,KA-01,80,84.9,6792
2025-01,CI-0027,KA-02,64,84.9,5433.6
2025-01,CI-0027,KA-03,56,84.9,4754.4
2025-01,CI-0027,KA-04,32,84.9,2716.8
2025-01,CI-0027,KA-05,24,84.9,2037.6
2025-02,CI-0027,E-commerce,191,84.9,16215.9
2025-02,CI-0027,Marketplace,150,84.9,12735
2025-02,CI-0027,Loja própria,122,84.9,10357.8
2025-02,CI-0027,KA-01,68,84.9,5773.2
2025-02,CI-0027,KA-02,54,84.9,4584.6
2025-02,CI-0027,KA-03,47,84.9,3990.3
2025-02,CI-0027,KA-04,27,84.9,2292.3
2025-02,CI-0027,KA-05,20,84.9,1698
2025-03,CI-0027,E-commerce,218,84.9,18508.2
2025-03,CI-0027,Marketplace,171,84.9,14517.9
2025-03,CI-0027,Loja própria,140,84.9,11886
2025-03,CI-0027,KA-01,78,84.9,6622.2
2025-03,CI-0027,KA-02,62,84.9,5263.8
2025-03,CI-0027,KA-03,54,84.9,4584.6
2025-03,CI-0027,KA-04,31,84.9,2631.9
2025-03,CI-0027,KA-05,23,84.9,1952.7
2025-04,CI-0027,E-commerce,211,84.9,17913.9
2025-04,CI-0027,Marketplace,166,84.9,14093.4
2025-04,CI-0027,Loja própria,136,84.9,11546.4
2025-04,CI-0027,KA-01,75,84.9,6367.5
2025-04,CI-0027,KA-02,60,84.9,5094
2025-04,CI-0027,KA-03,52,84.9,4414.8
2025-04,CI-0027,KA-04,30,84.9,2547
2025-04,CI-0027,KA-05,22,84.9,1867.8
2025-05,CI-0027,E-commerce,220,84.9,18678
2025-05,CI-0027,Marketplace,173,84.9,14687.7
2025-05,CI-0027,Loja própria,142,84.9,12055.8
2025-05,CI-0027,KA-01,78,84.9,6622.2
2025-05,CI-0027,KA-02,63,84.9,5348.7
2025-05,CI-0027,KA-03,55,84.9,4669.5
2025-05,CI-0027,KA-04,31,84.9,2631.9
2025-05,CI-0027,KA-05,23,84.9,1952.7
2025-06,CI-0027,E-commerce,188,84.9,15961.2
2025-06,CI-0027,Marketplace,147,84.9,12480.3
2025-06,CI-0027,Loja própria,120,84.9,10188
2025-06,CI-0027,KA-01,67,84.9,5688.3
2025-06,CI-0027,KA-02,53,84.9,4499.7
2025-06,CI-0027,KA-03,47,84.9,3990.3
2025-06,CI-0027,KA-04,26,84.9,2207.4
2025-06,CI-0027,KA-05,20,84.9,1698
2025-07,CI-0027,E-commerce,206,84.9,17489.4
2025-07,CI-0027,Marketplace,161,84.9,13668.9
2025-07,CI-0027,Loja própria,132,84.9,11206.8
2025-07,CI-0027,KA-01,73,84.9,6197.7
2025-07,CI-0027,KA-02,58,84.9,4924.2
2025-07,CI-0027,KA-03,51,84.9,4329.9
2025-07,CI-0027,KA-04,29,84.9,2462.1
2025-07,CI-0027,KA-05,22,84.9,1867.8
2025-08,CI-0027,E-commerce,229,84.9,19442.1
2025-08,CI-0027,Marketplace,180,84.9,15282
2025-08,CI-0027,Loja própria,147,84.9,12480.3
2025-08,CI-0027,KA-01,81,84.9,6876.9
2025-08,CI-0027,KA-02,65,84.9,5518.5
2025-08,CI-0027,KA-03,57,84.9,4839.3
2025-08,CI-0027,KA-04,32,84.9,2716.8
2025-08,CI-0027,KA-05,24,84.9,2037.6
2025-09,CI-0027,E-commerce,202,84.9,17149.8
2025-09,CI-0027,Marketplace,159,84.9,13499.1
2025-09,CI-0027,Loja própria,130,84.9,11037
2025-09,CI-0027,KA-01,72,84.9,6112.8
2025-09,CI-0027,KA-02,57,84.9,4839.3
2025-09,CI-0027,KA-03,50,84.9,4245
2025-09,CI-0027,KA-04,28,84.9,2377.2
2025-09,CI-0027,KA-05,21,84.9,1782.9
2025-10,CI-0027,E-commerce,201,84.9,17064.9
2025-10,CI-0027,Marketplace,158,84.9,13414.2
2025-10,CI-0027,Loja própria,129,84.9,10952.1
2025-10,CI-0027,KA-01,71,84.9,6027.9
2025-10,CI-0027,KA-02,57,84.9,4839.3
2025-10,CI-0027,KA-03,50,84.9,4245
2025-10,CI-0027,KA-04,28,84.9,2377.2
2025-10,CI-0027,KA-05,21,84.9,1782.9
2025-11,CI-0027,E-commerce,294,84.9,24960.6
2025-11,CI-0027,Marketplace,231,84.9,19611.9
2025-11,CI-0027,Loja própria,189,84.9,16046.1
2025-11,CI-0027,KA-01,105,84.9,8914.5
2025-11,CI-0027,KA-02,84,84.9,7131.6
2025-11,CI-0027,KA-03,73,84.9,6197.7
2025-11,CI-0027,KA-04,42,84.9,3565.8
2025-11,CI-0027,KA-05,31,84.9,2631.9
2025-12,CI-0027,E-commerce,204,84.9,17319.6
2025-12,CI-0027,Marketplace,160,84.9,13584
2025-12,CI-0027,Loja própria,131,84.9,11121.9
2025-12,CI-0027,KA-01,73,84.9,6197.7
2025-12,CI-0027,KA-02,58,84.9,4924.2
2025-12,CI-0027,KA-03,51,84.9,4329.9
2025-12,CI-0027,KA-04,29,84.9,2462.1
2025-12,CI-0027,KA-05,21,84.9,1782.9
2026-01,CI-0027,E-commerce,199,84.9,16895.1
2026-01,CI-0027,Marketplace,156,84.9,13244.4
2026-01,CI-0027,Loja própria,128,84.9,10867.2
2026-01,CI-0027,KA-01,71,84.9,6027.9
2026-01,CI-0027,KA-02,57,84.9,4839.3
2026-01,CI-0027,KA-03,49,84.9,4160.1
2026-01,CI-0027,KA-04,28,84.9,2377.2
2026-01,CI-0027,KA-05,21,84.9,1782.9
2026-02,CI-0027,E-commerce,224,84.9,19017.6
2026-02,CI-0027,Marketplace,176,84.9,14942.4
2026-02,CI-0027,Loja própria,144,84.9,12225.6
2026-02,CI-0027,KA-01,80,84.9,6792
2026-02,CI-0027,KA-02,64,84.9,5433.6
2026-02,CI-0027,KA-03,56,84.9,4754.4
2026-02,CI-0027,KA-04,32,84.9,2716.8
2026-02,CI-0027,KA-05,24,84.9,2037.6
2026-03,CI-0027,E-commerce,214,84.9,18168.6
2026-03,CI-0027,Marketplace,168,84.9,14263.2
2026-03,CI-0027,Loja própria,138,84.9,11716.2
2026-03,CI-0027,KA-01,76,84.9,6452.4
2026-03,CI-0027,KA-02,61,84.9,5178.9
2026-03,CI-0027,KA-03,53,84.9,4499.7
2026-03,CI-0027,KA-04,30,84.9,2547
2026-03,CI-0027,KA-05,23,84.9,1952.7
2026-04,CI-0027,E-commerce,233,84.9,19781.7
2026-04,CI-0027,Marketplace,183,84.9,15536.7
2026-04,CI-0027,Loja própria,150,84.9,12735
2026-04,CI-0027,KA-01,83,84.9,7046.7
2026-04,CI-0027,KA-02,66,84.9,5603.4
2026-04,CI-0027,KA-03,58,84.9,4924.2
2026-04,CI-0027,KA-04,33,84.9,2801.7
2026-04,CI-0027,KA-05,25,84.9,2122.5
2026-05,CI-0027,E-commerce,201,84.9,17064.9
2026-05,CI-0027,Marketplace,157,84.9,13329.3
2026-05,CI-0027,Loja própria,129,84.9,10952.1
2026-05,CI-0027,KA-01,71,84.9,6027.9
2026-05,CI-0027,KA-02,57,84.9,4839.3
2026-05,CI-0027,KA-03,50,84.9,4245
2026-05,CI-0027,KA-04,28,84.9,2377.2
2026-05,CI-0027,KA-05,21,84.9,1782.9
2026-06,CI-0027,E-commerce,235,84.9,19951.5
2026-06,CI-0027,Marketplace,185,84.9,15706.5
2026-06,CI-0027,Loja própria,151,84.9,12819.9
2026-06,CI-0027,KA-01,84,84.9,7131.6
2026-06,CI-0027,KA-02,67,84.9,5688.3
2026-06,CI-0027,KA-03,58,84.9,4924.2
2026-06,CI-0027,KA-04,33,84.9,2801.7
2026-06,CI-0027,KA-05,25,84.9,2122.5
2026-07,CI-0027,E-commerce,194,84.9,16470.6
2026-07,CI-0027,Marketplace,153,84.9,12989.7
2026-07,CI-0027,Loja própria,125,84.9,10612.5
2026-07,CI-0027,KA-01,69,84.9,5858.1
2026-07,CI-0027,KA-02,55,84.9,4669.5
2026-07,CI-0027,KA-03,48,84.9,4075.2
2026-07,CI-0027,KA-04,27,84.9,2292.3
2026-07,CI-0027,KA-05,20,84.9,1698
2026-08,CI-0027,E-commerce,238,84.9,20206.2
2026-08,CI-0027,Marketplace,187,84.9,15876.3
2026-08,CI-0027,Loja própria,153,84.9,12989.7
2026-08,CI-0027,KA-01,85,84.9,7216.5
2026-08,CI-0027,KA-02,68,84.9,5773.2
2026-08,CI-0027,KA-03,59,84.9,5009.1
2026-08,CI-0027,KA-04,34,84.9,2886.6
2026-08,CI-0027,KA-05,25,84.9,2122.5
2024-09,CI-0028,E-commerce,225,89.9,20227.5
2024-09,CI-0028,Marketplace,177,89.9,15912.3
2024-09,CI-0028,Loja própria,145,89.9,13035.5
2024-09,CI-0028,KA-01,80,89.9,7192
2024-09,CI-0028,KA-02,64,89.9,5753.6
2024-09,CI-0028,KA-03,56,89.9,5034.4
2024-09,CI-0028,KA-04,32,89.9,2876.8
2024-09,CI-0028,KA-05,24,89.9,2157.6
2024-10,CI-0028,E-commerce,199,89.9,17890.1
2024-10,CI-0028,Marketplace,156,89.9,14024.4
2024-10,CI-0028,Loja própria,127,89.9,11417.3
2024-10,CI-0028,KA-01,71,89.9,6382.9
2024-10,CI-0028,KA-02,56,89.9,5034.4
2024-10,CI-0028,KA-03,49,89.9,4405.1
2024-10,CI-0028,KA-04,28,89.9,2517.2
2024-10,CI-0028,KA-05,21,89.9,1887.9
2024-11,CI-0028,E-commerce,312,89.9,28048.8
2024-11,CI-0028,Marketplace,245,89.9,22025.5
2024-11,CI-0028,Loja própria,200,89.9,17980
2024-11,CI-0028,KA-01,111,89.9,9978.9
2024-11,CI-0028,KA-02,89,89.9,8001.1
2024-11,CI-0028,KA-03,78,89.9,7012.2
2024-11,CI-0028,KA-04,44,89.9,3955.6
2024-11,CI-0028,KA-05,33,89.9,2966.7
2024-12,CI-0028,E-commerce,205,89.9,18429.5
2024-12,CI-0028,Marketplace,161,89.9,14473.9
2024-12,CI-0028,Loja própria,131,89.9,11776.9
2024-12,CI-0028,KA-01,73,89.9,6562.7
2024-12,CI-0028,KA-02,58,89.9,5214.2
2024-12,CI-0028,KA-03,51,89.9,4584.9
2024-12,CI-0028,KA-04,29,89.9,2607.1
2024-12,CI-0028,KA-05,21,89.9,1887.9
2025-01,CI-0028,E-commerce,239,89.9,21486.1
2025-01,CI-0028,Marketplace,187,89.9,16811.3
2025-01,CI-0028,Loja própria,153,89.9,13754.7
2025-01,CI-0028,KA-01,85,89.9,7641.5
2025-01,CI-0028,KA-02,68,89.9,6113.2
2025-01,CI-0028,KA-03,59,89.9,5304.1
2025-01,CI-0028,KA-04,34,89.9,3056.6
2025-01,CI-0028,KA-05,25,89.9,2247.5
2025-02,CI-0028,E-commerce,220,89.9,19778
2025-02,CI-0028,Marketplace,173,89.9,15552.7
2025-02,CI-0028,Loja própria,142,89.9,12765.8
2025-02,CI-0028,KA-01,78,89.9,7012.2
2025-02,CI-0028,KA-02,63,89.9,5663.7
2025-02,CI-0028,KA-03,55,89.9,4944.5
2025-02,CI-0028,KA-04,31,89.9,2786.9
2025-02,CI-0028,KA-05,23,89.9,2067.7
2025-03,CI-0028,E-commerce,209,89.9,18789.1
2025-03,CI-0028,Marketplace,164,89.9,14743.6
2025-03,CI-0028,Loja própria,134,89.9,12046.6
2025-03,CI-0028,KA-01,74,89.9,6652.6
2025-03,CI-0028,KA-02,59,89.9,5304.1
2025-03,CI-0028,KA-03,52,89.9,4674.8
2025-03,CI-0028,KA-04,29,89.9,2607.1
2025-03,CI-0028,KA-05,22,89.9,1977.8
2025-04,CI-0028,E-commerce,196,89.9,17620.4
2025-04,CI-0028,Marketplace,154,89.9,13844.6
2025-04,CI-0028,Loja própria,126,89.9,11327.4
2025-04,CI-0028,KA-01,70,89.9,6293
2025-04,CI-0028,KA-02,56,89.9,5034.4
2025-04,CI-0028,KA-03,49,89.9,4405.1
2025-04,CI-0028,KA-04,28,89.9,2517.2
2025-04,CI-0028,KA-05,21,89.9,1887.9
2025-05,CI-0028,E-commerce,235,89.9,21126.5
2025-05,CI-0028,Marketplace,185,89.9,16631.5
2025-05,CI-0028,Loja própria,151,89.9,13574.9
2025-05,CI-0028,KA-01,84,89.9,7551.6
2025-05,CI-0028,KA-02,67,89.9,6023.3
2025-05,CI-0028,KA-03,58,89.9,5214.2
2025-05,CI-0028,KA-04,33,89.9,2966.7
2025-05,CI-0028,KA-05,25,89.9,2247.5
2025-06,CI-0028,E-commerce,242,89.9,21755.8
2025-06,CI-0028,Marketplace,190,89.9,17081
2025-06,CI-0028,Loja própria,155,89.9,13934.5
2025-06,CI-0028,KA-01,86,89.9,7731.4
2025-06,CI-0028,KA-02,69,89.9,6203.1
2025-06,CI-0028,KA-03,60,89.9,5394
2025-06,CI-0028,KA-04,34,89.9,3056.6
2025-06,CI-0028,KA-05,25,89.9,2247.5
2025-07,CI-0028,E-commerce,231,89.9,20766.9
2025-07,CI-0028,Marketplace,181,89.9,16271.9
2025-07,CI-0028,Loja própria,148,89.9,13305.2
2025-07,CI-0028,KA-01,82,89.9,7371.8
2025-07,CI-0028,KA-02,66,89.9,5933.4
2025-07,CI-0028,KA-03,57,89.9,5124.3
2025-07,CI-0028,KA-04,33,89.9,2966.7
2025-07,CI-0028,KA-05,24,89.9,2157.6
2025-08,CI-0028,E-commerce,210,89.9,18879
2025-08,CI-0028,Marketplace,165,89.9,14833.5
2025-08,CI-0028,Loja própria,135,89.9,12136.5
2025-08,CI-0028,KA-01,75,89.9,6742.5
2025-08,CI-0028,KA-02,60,89.9,5394
2025-08,CI-0028,KA-03,52,89.9,4674.8
2025-08,CI-0028,KA-04,30,89.9,2697
2025-08,CI-0028,KA-05,22,89.9,1977.8
2025-09,CI-0028,E-commerce,220,89.9,19778
2025-09,CI-0028,Marketplace,173,89.9,15552.7
2025-09,CI-0028,Loja própria,142,89.9,12765.8
2025-09,CI-0028,KA-01,78,89.9,7012.2
2025-09,CI-0028,KA-02,63,89.9,5663.7
2025-09,CI-0028,KA-03,55,89.9,4944.5
2025-09,CI-0028,KA-04,31,89.9,2786.9
2025-09,CI-0028,KA-05,23,89.9,2067.7
2025-10,CI-0028,E-commerce,239,89.9,21486.1
2025-10,CI-0028,Marketplace,188,89.9,16901.2
2025-10,CI-0028,Loja própria,154,89.9,13844.6
2025-10,CI-0028,KA-01,85,89.9,7641.5
2025-10,CI-0028,KA-02,68,89.9,6113.2
2025-10,CI-0028,KA-03,59,89.9,5304.1
2025-10,CI-0028,KA-04,34,89.9,3056.6
2025-10,CI-0028,KA-05,25,89.9,2247.5
2025-11,CI-0028,E-commerce,331,89.9,29756.9
2025-11,CI-0028,Marketplace,260,89.9,23374
2025-11,CI-0028,Loja própria,213,89.9,19148.7
2025-11,CI-0028,KA-01,118,89.9,10608.2
2025-11,CI-0028,KA-02,94,89.9,8450.6
2025-11,CI-0028,KA-03,82,89.9,7371.8
2025-11,CI-0028,KA-04,47,89.9,4225.3
2025-11,CI-0028,KA-05,35,89.9,3146.5
2025-12,CI-0028,E-commerce,239,89.9,21486.1
2025-12,CI-0028,Marketplace,188,89.9,16901.2
2025-12,CI-0028,Loja própria,154,89.9,13844.6
2025-12,CI-0028,KA-01,85,89.9,7641.5
2025-12,CI-0028,KA-02,68,89.9,6113.2
2025-12,CI-0028,KA-03,59,89.9,5304.1
2025-12,CI-0028,KA-04,34,89.9,3056.6
2025-12,CI-0028,KA-05,25,89.9,2247.5
2026-01,CI-0028,E-commerce,212,89.9,19058.8
2026-01,CI-0028,Marketplace,166,89.9,14923.4
2026-01,CI-0028,Loja própria,136,89.9,12226.4
2026-01,CI-0028,KA-01,75,89.9,6742.5
2026-01,CI-0028,KA-02,60,89.9,5394
2026-01,CI-0028,KA-03,53,89.9,4764.7
2026-01,CI-0028,KA-04,30,89.9,2697
2026-01,CI-0028,KA-05,22,89.9,1977.8
2026-02,CI-0028,E-commerce,235,89.9,21126.5
2026-02,CI-0028,Marketplace,185,89.9,16631.5
2026-02,CI-0028,Loja própria,151,89.9,13574.9
2026-02,CI-0028,KA-01,84,89.9,7551.6
2026-02,CI-0028,KA-02,67,89.9,6023.3
2026-02,CI-0028,KA-03,58,89.9,5214.2
2026-02,CI-0028,KA-04,33,89.9,2966.7
2026-02,CI-0028,KA-05,25,89.9,2247.5
2026-03,CI-0028,E-commerce,220,89.9,19778
2026-03,CI-0028,Marketplace,173,89.9,15552.7
2026-03,CI-0028,Loja própria,141,89.9,12675.9
2026-03,CI-0028,KA-01,78,89.9,7012.2
2026-03,CI-0028,KA-02,62,89.9,5573.8
2026-03,CI-0028,KA-03,55,89.9,4944.5
2026-03,CI-0028,KA-04,31,89.9,2786.9
2026-03,CI-0028,KA-05,23,89.9,2067.7
2026-04,CI-0028,E-commerce,225,89.9,20227.5
2026-04,CI-0028,Marketplace,177,89.9,15912.3
2026-04,CI-0028,Loja própria,145,89.9,13035.5
2026-04,CI-0028,KA-01,80,89.9,7192
2026-04,CI-0028,KA-02,64,89.9,5753.6
2026-04,CI-0028,KA-03,56,89.9,5034.4
2026-04,CI-0028,KA-04,32,89.9,2876.8
2026-04,CI-0028,KA-05,24,89.9,2157.6
2026-05,CI-0028,E-commerce,235,89.9,21126.5
2026-05,CI-0028,Marketplace,185,89.9,16631.5
2026-05,CI-0028,Loja própria,151,89.9,13574.9
2026-05,CI-0028,KA-01,84,89.9,7551.6
2026-05,CI-0028,KA-02,67,89.9,6023.3
2026-05,CI-0028,KA-03,58,89.9,5214.2
2026-05,CI-0028,KA-04,33,89.9,2966.7
2026-05,CI-0028,KA-05,25,89.9,2247.5
2026-06,CI-0028,E-commerce,236,89.9,21216.4
2026-06,CI-0028,Marketplace,185,89.9,16631.5
2026-06,CI-0028,Loja própria,152,89.9,13664.8
2026-06,CI-0028,KA-01,84,89.9,7551.6
2026-06,CI-0028,KA-02,67,89.9,6023.3
2026-06,CI-0028,KA-03,59,89.9,5304.1
2026-06,CI-0028,KA-04,33,89.9,2966.7
2026-06,CI-0028,KA-05,25,89.9,2247.5
2026-07,CI-0028,E-commerce,234,89.9,21036.6
2026-07,CI-0028,Marketplace,183,89.9,16451.7
2026-07,CI-0028,Loja própria,150,89.9,13485
2026-07,CI-0028,KA-01,83,89.9,7461.7
2026-07,CI-0028,KA-02,66,89.9,5933.4
2026-07,CI-0028,KA-03,58,89.9,5214.2
2026-07,CI-0028,KA-04,33,89.9,2966.7
2026-07,CI-0028,KA-05,25,89.9,2247.5
2026-08,CI-0028,E-commerce,214,89.9,19238.6
2026-08,CI-0028,Marketplace,168,89.9,15103.2
2026-08,CI-0028,Loja própria,137,89.9,12316.3
2026-08,CI-0028,KA-01,76,89.9,6832.4
2026-08,CI-0028,KA-02,61,89.9,5483.9
2026-08,CI-0028,KA-03,53,89.9,4764.7
2026-08,CI-0028,KA-04,30,89.9,2697
2026-08,CI-0028,KA-05,22,89.9,1977.8
2024-09,CI-0029,E-commerce,204,104.9,21399.6
2024-09,CI-0029,Marketplace,160,104.9,16784
2024-09,CI-0029,Loja própria,131,104.9,13741.9
2024-09,CI-0029,KA-01,73,104.9,7657.7
2024-09,CI-0029,KA-02,58,104.9,6084.2
2024-09,CI-0029,KA-03,51,104.9,5349.9
2024-09,CI-0029,KA-04,29,104.9,3042.1
2024-09,CI-0029,KA-05,21,104.9,2202.9
2024-10,CI-0029,E-commerce,221,104.9,23182.9
2024-10,CI-0029,Marketplace,173,104.9,18147.7
2024-10,CI-0029,Loja própria,142,104.9,14895.8
2024-10,CI-0029,KA-01,79,104.9,8287.1
2024-10,CI-0029,KA-02,63,104.9,6608.7
2024-10,CI-0029,KA-03,55,104.9,5769.5
2024-10,CI-0029,KA-04,31,104.9,3251.9
2024-10,CI-0029,KA-05,23,104.9,2412.7
2024-11,CI-0029,E-commerce,386,104.9,40491.4
2024-11,CI-0029,Marketplace,304,104.9,31889.6
2024-11,CI-0029,Loja própria,248,104.9,26015.2
2024-11,CI-0029,KA-01,138,104.9,14476.2
2024-11,CI-0029,KA-02,110,104.9,11539
2024-11,CI-0029,KA-03,96,104.9,10070.4
2024-11,CI-0029,KA-04,55,104.9,5769.5
2024-11,CI-0029,KA-05,41,104.9,4300.9
2024-12,CI-0029,E-commerce,367,104.9,38498.3
2024-12,CI-0029,Marketplace,288,104.9,30211.2
2024-12,CI-0029,Loja própria,236,104.9,24756.4
2024-12,CI-0029,KA-01,131,104.9,13741.9
2024-12,CI-0029,KA-02,104,104.9,10909.6
2024-12,CI-0029,KA-03,91,104.9,9545.9
2024-12,CI-0029,KA-04,52,104.9,5454.8
2024-12,CI-0029,KA-05,39,104.9,4091.1
2025-01,CI-0029,E-commerce,397,104.9,41645.3
2025-01,CI-0029,Marketplace,312,104.9,32728.8
2025-01,CI-0029,Loja própria,255,104.9,26749.5
2025-01,CI-0029,KA-01,142,104.9,14895.8
2025-01,CI-0029,KA-02,113,104.9,11853.7
2025-01,CI-0029,KA-03,99,104.9,10385.1
2025-01,CI-0029,KA-04,56,104.9,5874.4
2025-01,CI-0029,KA-05,42,104.9,4405.8
2025-02,CI-0029,E-commerce,216,104.9,22658.4
2025-02,CI-0029,Marketplace,169,104.9,17728.1
2025-02,CI-0029,Loja própria,138,104.9,14476.2
2025-02,CI-0029,KA-01,77,104.9,8077.3
2025-02,CI-0029,KA-02,61,104.9,6398.9
2025-02,CI-0029,KA-03,54,104.9,5664.6
2025-02,CI-0029,KA-04,30,104.9,3147
2025-02,CI-0029,KA-05,23,104.9,2412.7
2025-03,CI-0029,E-commerce,249,104.9,26120.1
2025-03,CI-0029,Marketplace,195,104.9,20455.5
2025-03,CI-0029,Loja própria,160,104.9,16784
2025-03,CI-0029,KA-01,89,104.9,9336.1
2025-03,CI-0029,KA-02,71,104.9,7447.9
2025-03,CI-0029,KA-03,62,104.9,6503.8
2025-03,CI-0029,KA-04,35,104.9,3671.5
2025-03,CI-0029,KA-05,26,104.9,2727.4
2025-04,CI-0029,E-commerce,208,104.9,21819.2
2025-04,CI-0029,Marketplace,163,104.9,17098.7
2025-04,CI-0029,Loja própria,134,104.9,14056.6
2025-04,CI-0029,KA-01,74,104.9,7762.6
2025-04,CI-0029,KA-02,59,104.9,6189.1
2025-04,CI-0029,KA-03,52,104.9,5454.8
2025-04,CI-0029,KA-04,29,104.9,3042.1
2025-04,CI-0029,KA-05,22,104.9,2307.8
2025-05,CI-0029,E-commerce,226,104.9,23707.4
2025-05,CI-0029,Marketplace,178,104.9,18672.2
2025-05,CI-0029,Loja própria,145,104.9,15210.5
2025-05,CI-0029,KA-01,81,104.9,8496.9
2025-05,CI-0029,KA-02,64,104.9,6713.6
2025-05,CI-0029,KA-03,56,104.9,5874.4
2025-05,CI-0029,KA-04,32,104.9,3356.8
2025-05,CI-0029,KA-05,24,104.9,2517.6
2025-06,CI-0029,E-commerce,230,104.9,24127
2025-06,CI-0029,Marketplace,180,104.9,18882
2025-06,CI-0029,Loja própria,147,104.9,15420.3
2025-06,CI-0029,KA-01,82,104.9,8601.8
2025-06,CI-0029,KA-02,65,104.9,6818.5
2025-06,CI-0029,KA-03,57,104.9,5979.3
2025-06,CI-0029,KA-04,32,104.9,3356.8
2025-06,CI-0029,KA-05,24,104.9,2517.6
2025-07,CI-0029,E-commerce,217,104.9,22763.3
2025-07,CI-0029,Marketplace,170,104.9,17833
2025-07,CI-0029,Loja própria,139,104.9,14581.1
2025-07,CI-0029,KA-01,77,104.9,8077.3
2025-07,CI-0029,KA-02,62,104.9,6503.8
2025-07,CI-0029,KA-03,54,104.9,5664.6
2025-07,CI-0029,KA-04,31,104.9,3251.9
2025-07,CI-0029,KA-05,23,104.9,2412.7
2025-08,CI-0029,E-commerce,238,104.9,24966.2
2025-08,CI-0029,Marketplace,187,104.9,19616.3
2025-08,CI-0029,Loja própria,153,104.9,16049.7
2025-08,CI-0029,KA-01,85,104.9,8916.5
2025-08,CI-0029,KA-02,68,104.9,7133.2
2025-08,CI-0029,KA-03,59,104.9,6189.1
2025-08,CI-0029,KA-04,34,104.9,3566.6
2025-08,CI-0029,KA-05,25,104.9,2622.5
2025-09,CI-0029,E-commerce,213,104.9,22343.7
2025-09,CI-0029,Marketplace,167,104.9,17518.3
2025-09,CI-0029,Loja própria,137,104.9,14371.3
2025-09,CI-0029,KA-01,76,104.9,7972.4
2025-09,CI-0029,KA-02,60,104.9,6294
2025-09,CI-0029,KA-03,53,104.9,5559.7
2025-09,CI-0029,KA-04,30,104.9,3147
2025-09,CI-0029,KA-05,22,104.9,2307.8
2025-10,CI-0029,E-commerce,247,104.9,25910.3
2025-10,CI-0029,Marketplace,194,104.9,20350.6
2025-10,CI-0029,Loja própria,159,104.9,16679.1
2025-10,CI-0029,KA-01,88,104.9,9231.2
2025-10,CI-0029,KA-02,70,104.9,7343
2025-10,CI-0029,KA-03,61,104.9,6398.9
2025-10,CI-0029,KA-04,35,104.9,3671.5
2025-10,CI-0029,KA-05,26,104.9,2727.4
2025-11,CI-0029,E-commerce,379,104.9,39757.1
2025-11,CI-0029,Marketplace,297,104.9,31155.3
2025-11,CI-0029,Loja própria,243,104.9,25490.7
2025-11,CI-0029,KA-01,135,104.9,14161.5
2025-11,CI-0029,KA-02,108,104.9,11329.2
2025-11,CI-0029,KA-03,94,104.9,9860.6
2025-11,CI-0029,KA-04,54,104.9,5664.6
2025-11,CI-0029,KA-05,40,104.9,4196
2025-12,CI-0029,E-commerce,414,104.9,43428.6
2025-12,CI-0029,Marketplace,325,104.9,34092.5
2025-12,CI-0029,Loja própria,266,104.9,27903.4
2025-12,CI-0029,KA-01,148,104.9,15525.2
2025-12,CI-0029,KA-02,118,104.9,12378.2
2025-12,CI-0029,KA-03,103,104.9,10804.7
2025-12,CI-0029,KA-04,59,104.9,6189.1
2025-12,CI-0029,KA-05,44,104.9,4615.6
2026-01,CI-0029,E-commerce,354,104.9,37134.6
2026-01,CI-0029,Marketplace,278,104.9,29162.2
2026-01,CI-0029,Loja própria,227,104.9,23812.3
2026-01,CI-0029,KA-01,126,104.9,13217.4
2026-01,CI-0029,KA-02,101,104.9,10594.9
2026-01,CI-0029,KA-03,88,104.9,9231.2
2026-01,CI-0029,KA-04,50,104.9,5245
2026-01,CI-0029,KA-05,37,104.9,3881.3
2026-02,CI-0029,E-commerce,237,104.9,24861.3
2026-02,CI-0029,Marketplace,186,104.9,19511.4
2026-02,CI-0029,Loja própria,152,104.9,15944.8
2026-02,CI-0029,KA-01,84,104.9,8811.6
2026-02,CI-0029,KA-02,67,104.9,7028.3
2026-02,CI-0029,KA-03,59,104.9,6189.1
2026-02,CI-0029,KA-04,33,104.9,3461.7
2026-02,CI-0029,KA-05,25,104.9,2622.5
2026-03,CI-0029,E-commerce,239,104.9,25071.1
2026-03,CI-0029,Marketplace,188,104.9,19721.2
2026-03,CI-0029,Loja própria,154,104.9,16154.6
2026-03,CI-0029,KA-01,85,104.9,8916.5
2026-03,CI-0029,KA-02,68,104.9,7133.2
2026-03,CI-0029,KA-03,59,104.9,6189.1
2026-03,CI-0029,KA-04,34,104.9,3566.6
2026-03,CI-0029,KA-05,25,104.9,2622.5
2026-04,CI-0029,E-commerce,227,104.9,23812.3
2026-04,CI-0029,Marketplace,178,104.9,18672.2
2026-04,CI-0029,Loja própria,145,104.9,15210.5
2026-04,CI-0029,KA-01,81,104.9,8496.9
2026-04,CI-0029,KA-02,64,104.9,6713.6
2026-04,CI-0029,KA-03,56,104.9,5874.4
2026-04,CI-0029,KA-04,32,104.9,3356.8
2026-04,CI-0029,KA-05,24,104.9,2517.6
2026-05,CI-0029,E-commerce,229,104.9,24022.1
2026-05,CI-0029,Marketplace,180,104.9,18882
2026-05,CI-0029,Loja própria,147,104.9,15420.3
2026-05,CI-0029,KA-01,82,104.9,8601.8
2026-05,CI-0029,KA-02,65,104.9,6818.5
2026-05,CI-0029,KA-03,57,104.9,5979.3
2026-05,CI-0029,KA-04,32,104.9,3356.8
2026-05,CI-0029,KA-05,24,104.9,2517.6
2026-06,CI-0029,E-commerce,250,104.9,26225
2026-06,CI-0029,Marketplace,196,104.9,20560.4
2026-06,CI-0029,Loja própria,160,104.9,16784
2026-06,CI-0029,KA-01,89,104.9,9336.1
2026-06,CI-0029,KA-02,71,104.9,7447.9
2026-06,CI-0029,KA-03,62,104.9,6503.8
2026-06,CI-0029,KA-04,35,104.9,3671.5
2026-06,CI-0029,KA-05,26,104.9,2727.4
2026-07,CI-0029,E-commerce,254,104.9,26644.6
2026-07,CI-0029,Marketplace,200,104.9,20980
2026-07,CI-0029,Loja própria,163,104.9,17098.7
2026-07,CI-0029,KA-01,91,104.9,9545.9
2026-07,CI-0029,KA-02,72,104.9,7552.8
2026-07,CI-0029,KA-03,63,104.9,6608.7
2026-07,CI-0029,KA-04,36,104.9,3776.4
2026-07,CI-0029,KA-05,27,104.9,2832.3
2026-08,CI-0029,E-commerce,243,104.9,25490.7
2026-08,CI-0029,Marketplace,190,104.9,19931
2026-08,CI-0029,Loja própria,156,104.9,16364.4
2026-08,CI-0029,KA-01,86,104.9,9021.4
2026-08,CI-0029,KA-02,69,104.9,7238.1
2026-08,CI-0029,KA-03,60,104.9,6294
2026-08,CI-0029,KA-04,34,104.9,3566.6
2026-08,CI-0029,KA-05,26,104.9,2727.4
2024-09,CI-0030,E-commerce,252,39.9,10054.8
2024-09,CI-0030,Marketplace,198,39.9,7900.2
2024-09,CI-0030,Loja própria,162,39.9,6463.8
2024-09,CI-0030,KA-01,90,39.9,3591
2024-09,CI-0030,KA-02,72,39.9,2872.8
2024-09,CI-0030,KA-03,63,39.9,2513.7
2024-09,CI-0030,KA-04,36,39.9,1436.4
2024-09,CI-0030,KA-05,27,39.9,1077.3
2024-10,CI-0030,E-commerce,243,39.9,9695.7
2024-10,CI-0030,Marketplace,190,39.9,7581
2024-10,CI-0030,Loja própria,156,39.9,6224.4
2024-10,CI-0030,KA-01,86,39.9,3431.4
2024-10,CI-0030,KA-02,69,39.9,2753.1
2024-10,CI-0030,KA-03,60,39.9,2394
2024-10,CI-0030,KA-04,34,39.9,1356.6
2024-10,CI-0030,KA-05,26,39.9,1037.4
2024-11,CI-0030,E-commerce,311,39.9,12408.9
2024-11,CI-0030,Marketplace,245,39.9,9775.5
2024-11,CI-0030,Loja própria,200,39.9,7980
2024-11,CI-0030,KA-01,111,39.9,4428.9
2024-11,CI-0030,KA-02,89,39.9,3551.1
2024-11,CI-0030,KA-03,77,39.9,3072.3
2024-11,CI-0030,KA-04,44,39.9,1755.6
2024-11,CI-0030,KA-05,33,39.9,1316.7
2024-12,CI-0030,E-commerce,244,39.9,9735.6
2024-12,CI-0030,Marketplace,192,39.9,7660.8
2024-12,CI-0030,Loja própria,157,39.9,6264.3
2024-12,CI-0030,KA-01,87,39.9,3471.3
2024-12,CI-0030,KA-02,69,39.9,2753.1
2024-12,CI-0030,KA-03,61,39.9,2433.9
2024-12,CI-0030,KA-04,34,39.9,1356.6
2024-12,CI-0030,KA-05,26,39.9,1037.4
2025-01,CI-0030,E-commerce,252,39.9,10054.8
2025-01,CI-0030,Marketplace,198,39.9,7900.2
2025-01,CI-0030,Loja própria,162,39.9,6463.8
2025-01,CI-0030,KA-01,90,39.9,3591
2025-01,CI-0030,KA-02,72,39.9,2872.8
2025-01,CI-0030,KA-03,63,39.9,2513.7
2025-01,CI-0030,KA-04,36,39.9,1436.4
2025-01,CI-0030,KA-05,27,39.9,1077.3
2025-02,CI-0030,E-commerce,274,39.9,10932.6
2025-02,CI-0030,Marketplace,215,39.9,8578.5
2025-02,CI-0030,Loja própria,176,39.9,7022.4
2025-02,CI-0030,KA-01,98,39.9,3910.2
2025-02,CI-0030,KA-02,78,39.9,3112.2
2025-02,CI-0030,KA-03,68,39.9,2713.2
2025-02,CI-0030,KA-04,39,39.9,1556.1
2025-02,CI-0030,KA-05,29,39.9,1157.1
2025-03,CI-0030,E-commerce,269,39.9,10733.1
2025-03,CI-0030,Marketplace,211,39.9,8418.9
2025-03,CI-0030,Loja própria,173,39.9,6902.7
2025-03,CI-0030,KA-01,96,39.9,3830.4
2025-03,CI-0030,KA-02,77,39.9,3072.3
2025-03,CI-0030,KA-03,67,39.9,2673.3
2025-03,CI-0030,KA-04,38,39.9,1516.2
2025-03,CI-0030,KA-05,28,39.9,1117.2
2025-04,CI-0030,E-commerce,250,39.9,9975
2025-04,CI-0030,Marketplace,196,39.9,7820.4
2025-04,CI-0030,Loja própria,160,39.9,6384
2025-04,CI-0030,KA-01,89,39.9,3551.1
2025-04,CI-0030,KA-02,71,39.9,2832.9
2025-04,CI-0030,KA-03,62,39.9,2473.8
2025-04,CI-0030,KA-04,35,39.9,1396.5
2025-04,CI-0030,KA-05,26,39.9,1037.4
2025-05,CI-0030,E-commerce,267,39.9,10653.3
2025-05,CI-0030,Marketplace,210,39.9,8379
2025-05,CI-0030,Loja própria,171,39.9,6822.9
2025-05,CI-0030,KA-01,95,39.9,3790.5
2025-05,CI-0030,KA-02,76,39.9,3032.4
2025-05,CI-0030,KA-03,66,39.9,2633.4
2025-05,CI-0030,KA-04,38,39.9,1516.2
2025-05,CI-0030,KA-05,28,39.9,1117.2
2025-06,CI-0030,E-commerce,270,39.9,10773
2025-06,CI-0030,Marketplace,212,39.9,8458.8
2025-06,CI-0030,Loja própria,173,39.9,6902.7
2025-06,CI-0030,KA-01,96,39.9,3830.4
2025-06,CI-0030,KA-02,77,39.9,3072.3
2025-06,CI-0030,KA-03,67,39.9,2673.3
2025-06,CI-0030,KA-04,38,39.9,1516.2
2025-06,CI-0030,KA-05,28,39.9,1117.2
2025-07,CI-0030,E-commerce,276,39.9,11012.4
2025-07,CI-0030,Marketplace,216,39.9,8618.4
2025-07,CI-0030,Loja própria,177,39.9,7062.3
2025-07,CI-0030,KA-01,98,39.9,3910.2
2025-07,CI-0030,KA-02,78,39.9,3112.2
2025-07,CI-0030,KA-03,69,39.9,2753.1
2025-07,CI-0030,KA-04,39,39.9,1556.1
2025-07,CI-0030,KA-05,29,39.9,1157.1
2025-08,CI-0030,E-commerce,233,39.9,9296.7
2025-08,CI-0030,Marketplace,183,39.9,7301.7
2025-08,CI-0030,Loja própria,150,39.9,5985
2025-08,CI-0030,KA-01,83,39.9,3311.7
2025-08,CI-0030,KA-02,66,39.9,2633.4
2025-08,CI-0030,KA-03,58,39.9,2314.2
2025-08,CI-0030,KA-04,33,39.9,1316.7
2025-08,CI-0030,KA-05,25,39.9,997.5
2025-09,CI-0030,E-commerce,260,39.9,10374
2025-09,CI-0030,Marketplace,205,39.9,8179.5
2025-09,CI-0030,Loja própria,167,39.9,6663.3
2025-09,CI-0030,KA-01,93,39.9,3710.7
2025-09,CI-0030,KA-02,74,39.9,2952.6
2025-09,CI-0030,KA-03,65,39.9,2593.5
2025-09,CI-0030,KA-04,37,39.9,1476.3
2025-09,CI-0030,KA-05,27,39.9,1077.3
2025-10,CI-0030,E-commerce,280,39.9,11172
2025-10,CI-0030,Marketplace,220,39.9,8778
2025-10,CI-0030,Loja própria,180,39.9,7182
2025-10,CI-0030,KA-01,100,39.9,3990
2025-10,CI-0030,KA-02,80,39.9,3192
2025-10,CI-0030,KA-03,70,39.9,2793
2025-10,CI-0030,KA-04,40,39.9,1596
2025-10,CI-0030,KA-05,30,39.9,1197
2025-11,CI-0030,E-commerce,310,39.9,12369
2025-11,CI-0030,Marketplace,243,39.9,9695.7
2025-11,CI-0030,Loja própria,199,39.9,7940.1
2025-11,CI-0030,KA-01,110,39.9,4389
2025-11,CI-0030,KA-02,88,39.9,3511.2
2025-11,CI-0030,KA-03,77,39.9,3072.3
2025-11,CI-0030,KA-04,44,39.9,1755.6
2025-11,CI-0030,KA-05,33,39.9,1316.7
2025-12,CI-0030,E-commerce,254,39.9,10134.6
2025-12,CI-0030,Marketplace,200,39.9,7980
2025-12,CI-0030,Loja própria,163,39.9,6503.7
2025-12,CI-0030,KA-01,91,39.9,3630.9
2025-12,CI-0030,KA-02,72,39.9,2872.8
2025-12,CI-0030,KA-03,63,39.9,2513.7
2025-12,CI-0030,KA-04,36,39.9,1436.4
2025-12,CI-0030,KA-05,27,39.9,1077.3
2026-01,CI-0030,E-commerce,277,39.9,11052.3
2026-01,CI-0030,Marketplace,218,39.9,8698.2
2026-01,CI-0030,Loja própria,178,39.9,7102.2
2026-01,CI-0030,KA-01,99,39.9,3950.1
2026-01,CI-0030,KA-02,79,39.9,3152.1
2026-01,CI-0030,KA-03,69,39.9,2753.1
2026-01,CI-0030,KA-04,39,39.9,1556.1
2026-01,CI-0030,KA-05,29,39.9,1157.1
2026-02,CI-0030,E-commerce,257,39.9,10254.3
2026-02,CI-0030,Marketplace,202,39.9,8059.8
2026-02,CI-0030,Loja própria,165,39.9,6583.5
2026-02,CI-0030,KA-01,92,39.9,3670.8
2026-02,CI-0030,KA-02,73,39.9,2912.7
2026-02,CI-0030,KA-03,64,39.9,2553.6
2026-02,CI-0030,KA-04,36,39.9,1436.4
2026-02,CI-0030,KA-05,27,39.9,1077.3
2026-03,CI-0030,E-commerce,237,39.9,9456.3
2026-03,CI-0030,Marketplace,186,39.9,7421.4
2026-03,CI-0030,Loja própria,152,39.9,6064.8
2026-03,CI-0030,KA-01,84,39.9,3351.6
2026-03,CI-0030,KA-02,67,39.9,2673.3
2026-03,CI-0030,KA-03,59,39.9,2354.1
2026-03,CI-0030,KA-04,33,39.9,1316.7
2026-03,CI-0030,KA-05,25,39.9,997.5
2026-04,CI-0030,E-commerce,267,39.9,10653.3
2026-04,CI-0030,Marketplace,210,39.9,8379
2026-04,CI-0030,Loja própria,171,39.9,6822.9
2026-04,CI-0030,KA-01,95,39.9,3790.5
2026-04,CI-0030,KA-02,76,39.9,3032.4
2026-04,CI-0030,KA-03,66,39.9,2633.4
2026-04,CI-0030,KA-04,38,39.9,1516.2
2026-04,CI-0030,KA-05,28,39.9,1117.2
2026-05,CI-0030,E-commerce,256,39.9,10214.4
2026-05,CI-0030,Marketplace,201,39.9,8019.9
2026-05,CI-0030,Loja própria,164,39.9,6543.6
2026-05,CI-0030,KA-01,91,39.9,3630.9
2026-05,CI-0030,KA-02,73,39.9,2912.7
2026-05,CI-0030,KA-03,64,39.9,2553.6
2026-05,CI-0030,KA-04,36,39.9,1436.4
2026-05,CI-0030,KA-05,27,39.9,1077.3
2026-06,CI-0030,E-commerce,241,39.9,9615.9
2026-06,CI-0030,Marketplace,190,39.9,7581
2026-06,CI-0030,Loja própria,155,39.9,6184.5
2026-06,CI-0030,KA-01,86,39.9,3431.4
2026-06,CI-0030,KA-02,69,39.9,2753.1
2026-06,CI-0030,KA-03,60,39.9,2394
2026-06,CI-0030,KA-04,34,39.9,1356.6
2026-06,CI-0030,KA-05,25,39.9,997.5
2026-07,CI-0030,E-commerce,285,39.9,11371.5
2026-07,CI-0030,Marketplace,224,39.9,8937.6
2026-07,CI-0030,Loja própria,183,39.9,7301.7
2026-07,CI-0030,KA-01,102,39.9,4069.8
2026-07,CI-0030,KA-02,81,39.9,3231.9
2026-07,CI-0030,KA-03,71,39.9,2832.9
2026-07,CI-0030,KA-04,40,39.9,1596
2026-07,CI-0030,KA-05,30,39.9,1197
2026-08,CI-0030,E-commerce,238,39.9,9496.2
2026-08,CI-0030,Marketplace,187,39.9,7461.3
2026-08,CI-0030,Loja própria,153,39.9,6104.7
2026-08,CI-0030,KA-01,85,39.9,3391.5
2026-08,CI-0030,KA-02,68,39.9,2713.2
2026-08,CI-0030,KA-03,59,39.9,2354.1
2026-08,CI-0030,KA-04,34,39.9,1356.6
2026-08,CI-0030,KA-05,25,39.9,997.5
2024-09,CI-0031,E-commerce,41,19.9,815.9
2024-09,CI-0031,Marketplace,32,19.9,636.8
2024-09,CI-0031,Loja própria,26,19.9,517.4
2024-09,CI-0031,KA-01,14,19.9,278.6
2024-09,CI-0031,KA-02,11,19.9,218.9
2024-09,CI-0031,KA-03,10,19.9,199
2024-09,CI-0031,KA-04,5,19.9,99.5
2024-09,CI-0031,KA-05,4,19.9,79.6
2024-10,CI-0031,E-commerce,44,19.9,875.6
2024-10,CI-0031,Marketplace,34,19.9,676.6
2024-10,CI-0031,Loja própria,28,19.9,557.2
2024-10,CI-0031,KA-01,15,19.9,298.5
2024-10,CI-0031,KA-02,12,19.9,238.8
2024-10,CI-0031,KA-03,11,19.9,218.9
2024-10,CI-0031,KA-04,6,19.9,119.4
2024-10,CI-0031,KA-05,4,19.9,79.6
2024-11,CI-0031,E-commerce,57,19.9,1134.3
2024-11,CI-0031,Marketplace,44,19.9,875.6
2024-11,CI-0031,Loja própria,36,19.9,716.4
2024-11,CI-0031,KA-01,20,19.9,398
2024-11,CI-0031,KA-02,16,19.9,318.4
2024-11,CI-0031,KA-03,14,19.9,278.6
2024-11,CI-0031,KA-04,8,19.9,159.2
2024-11,CI-0031,KA-05,6,19.9,119.4
2024-12,CI-0031,E-commerce,42,19.9,835.8
2024-12,CI-0031,Marketplace,33,19.9,656.7
2024-12,CI-0031,Loja própria,27,19.9,537.3
2024-12,CI-0031,KA-01,15,19.9,298.5
2024-12,CI-0031,KA-02,12,19.9,238.8
2024-12,CI-0031,KA-03,10,19.9,199
2024-12,CI-0031,KA-04,6,19.9,119.4
2024-12,CI-0031,KA-05,4,19.9,79.6
2025-01,CI-0031,E-commerce,41,19.9,815.9
2025-01,CI-0031,Marketplace,32,19.9,636.8
2025-01,CI-0031,Loja própria,26,19.9,517.4
2025-01,CI-0031,KA-01,14,19.9,278.6
2025-01,CI-0031,KA-02,11,19.9,218.9
2025-01,CI-0031,KA-03,10,19.9,199
2025-01,CI-0031,KA-04,5,19.9,99.5
2025-01,CI-0031,KA-05,4,19.9,79.6
2025-02,CI-0031,E-commerce,36,19.9,716.4
2025-02,CI-0031,Marketplace,28,19.9,557.2
2025-02,CI-0031,Loja própria,23,19.9,457.7
2025-02,CI-0031,KA-01,12,19.9,238.8
2025-02,CI-0031,KA-02,10,19.9,199
2025-02,CI-0031,KA-03,9,19.9,179.1
2025-02,CI-0031,KA-04,5,19.9,99.5
2025-02,CI-0031,KA-05,3,19.9,59.7
2025-03,CI-0031,E-commerce,32,19.9,636.8
2025-03,CI-0031,Marketplace,25,19.9,497.5
2025-03,CI-0031,Loja própria,20,19.9,398
2025-03,CI-0031,KA-01,11,19.9,218.9
2025-03,CI-0031,KA-02,9,19.9,179.1
2025-03,CI-0031,KA-03,8,19.9,159.2
2025-03,CI-0031,KA-04,4,19.9,79.6
2025-03,CI-0031,KA-05,3,19.9,59.7
2025-04,CI-0031,E-commerce,36,19.9,716.4
2025-04,CI-0031,Marketplace,28,19.9,557.2
2025-04,CI-0031,Loja própria,23,19.9,457.7
2025-04,CI-0031,KA-01,12,19.9,238.8
2025-04,CI-0031,KA-02,10,19.9,199
2025-04,CI-0031,KA-03,9,19.9,179.1
2025-04,CI-0031,KA-04,5,19.9,99.5
2025-04,CI-0031,KA-05,3,19.9,59.7
2025-05,CI-0031,E-commerce,31,19.9,616.9
2025-05,CI-0031,Marketplace,24,19.9,477.6
2025-05,CI-0031,Loja própria,19,19.9,378.1
2025-05,CI-0031,KA-01,11,19.9,218.9
2025-05,CI-0031,KA-02,8,19.9,159.2
2025-05,CI-0031,KA-03,7,19.9,139.3
2025-05,CI-0031,KA-04,4,19.9,79.6
2025-05,CI-0031,KA-05,3,19.9,59.7
2025-06,CI-0031,E-commerce,37,19.9,736.3
2025-06,CI-0031,Marketplace,29,19.9,577.1
2025-06,CI-0031,Loja própria,23,19.9,457.7
2025-06,CI-0031,KA-01,13,19.9,258.7
2025-06,CI-0031,KA-02,10,19.9,199
2025-06,CI-0031,KA-03,9,19.9,179.1
2025-06,CI-0031,KA-04,5,19.9,99.5
2025-06,CI-0031,KA-05,3,19.9,59.7
2025-07,CI-0031,E-commerce,33,19.9,656.7
2025-07,CI-0031,Marketplace,25,19.9,497.5
2025-07,CI-0031,Loja própria,21,19.9,417.9
2025-07,CI-0031,KA-01,11,19.9,218.9
2025-07,CI-0031,KA-02,9,19.9,179.1
2025-07,CI-0031,KA-03,8,19.9,159.2
2025-07,CI-0031,KA-04,4,19.9,79.6
2025-07,CI-0031,KA-05,3,19.9,59.7
2025-08,CI-0031,E-commerce,29,19.9,577.1
2025-08,CI-0031,Marketplace,22,19.9,437.8
2025-08,CI-0031,Loja própria,18,19.9,358.2
2025-08,CI-0031,KA-01,10,19.9,199
2025-08,CI-0031,KA-02,8,19.9,159.2
2025-08,CI-0031,KA-03,7,19.9,139.3
2025-08,CI-0031,KA-04,4,19.9,79.6
2025-08,CI-0031,KA-05,3,19.9,59.7
2025-09,CI-0031,E-commerce,33,19.9,656.7
2025-09,CI-0031,Marketplace,25,19.9,497.5
2025-09,CI-0031,Loja própria,21,19.9,417.9
2025-09,CI-0031,KA-01,11,19.9,218.9
2025-09,CI-0031,KA-02,9,19.9,179.1
2025-09,CI-0031,KA-03,8,19.9,159.2
2025-09,CI-0031,KA-04,4,19.9,79.6
2025-09,CI-0031,KA-05,3,19.9,59.7
2025-10,CI-0031,E-commerce,31,19.9,616.9
2025-10,CI-0031,Marketplace,24,19.9,477.6
2025-10,CI-0031,Loja própria,20,19.9,398
2025-10,CI-0031,KA-01,11,19.9,218.9
2025-10,CI-0031,KA-02,9,19.9,179.1
2025-10,CI-0031,KA-03,7,19.9,139.3
2025-10,CI-0031,KA-04,4,19.9,79.6
2025-10,CI-0031,KA-05,3,19.9,59.7
2025-11,CI-0031,E-commerce,35,19.9,696.5
2025-11,CI-0031,Marketplace,27,19.9,537.3
2025-11,CI-0031,Loja própria,22,19.9,437.8
2025-11,CI-0031,KA-01,12,19.9,238.8
2025-11,CI-0031,KA-02,10,19.9,199
2025-11,CI-0031,KA-03,8,19.9,159.2
2025-11,CI-0031,KA-04,5,19.9,99.5
2025-11,CI-0031,KA-05,3,19.9,59.7
2025-12,CI-0031,E-commerce,25,19.9,497.5
2025-12,CI-0031,Marketplace,20,19.9,398
2025-12,CI-0031,Loja própria,16,19.9,318.4
2025-12,CI-0031,KA-01,9,19.9,179.1
2025-12,CI-0031,KA-02,7,19.9,139.3
2025-12,CI-0031,KA-03,6,19.9,119.4
2025-12,CI-0031,KA-04,3,19.9,59.7
2025-12,CI-0031,KA-05,2,19.9,39.8
2026-01,CI-0031,E-commerce,29,19.9,577.1
2026-01,CI-0031,Marketplace,23,19.9,457.7
2026-01,CI-0031,Loja própria,18,19.9,358.2
2026-01,CI-0031,KA-01,10,19.9,199
2026-01,CI-0031,KA-02,8,19.9,159.2
2026-01,CI-0031,KA-03,7,19.9,139.3
2026-01,CI-0031,KA-04,4,19.9,79.6
2026-01,CI-0031,KA-05,3,19.9,59.7
2026-02,CI-0031,E-commerce,26,19.9,517.4
2026-02,CI-0031,Marketplace,21,19.9,417.9
2026-02,CI-0031,Loja própria,17,19.9,338.3
2026-02,CI-0031,KA-01,9,19.9,179.1
2026-02,CI-0031,KA-02,7,19.9,139.3
2026-02,CI-0031,KA-03,6,19.9,119.4
2026-02,CI-0031,KA-04,3,19.9,59.7
2026-02,CI-0031,KA-05,2,19.9,39.8
2026-03,CI-0031,E-commerce,25,19.9,497.5
2026-03,CI-0031,Marketplace,20,19.9,398
2026-03,CI-0031,Loja própria,16,19.9,318.4
2026-03,CI-0031,KA-01,9,19.9,179.1
2026-03,CI-0031,KA-02,7,19.9,139.3
2026-03,CI-0031,KA-03,6,19.9,119.4
2026-03,CI-0031,KA-04,3,19.9,59.7
2026-03,CI-0031,KA-05,2,19.9,39.8
2026-04,CI-0031,E-commerce,23,19.9,457.7
2026-04,CI-0031,Marketplace,18,19.9,358.2
2026-04,CI-0031,Loja própria,15,19.9,298.5
2026-04,CI-0031,KA-01,8,19.9,159.2
2026-04,CI-0031,KA-02,6,19.9,119.4
2026-04,CI-0031,KA-03,5,19.9,99.5
2026-04,CI-0031,KA-04,3,19.9,59.7
2026-04,CI-0031,KA-05,2,19.9,39.8
2026-05,CI-0031,E-commerce,21,19.9,417.9
2026-05,CI-0031,Marketplace,16,19.9,318.4
2026-05,CI-0031,Loja própria,13,19.9,258.7
2026-05,CI-0031,KA-01,7,19.9,139.3
2026-05,CI-0031,KA-02,6,19.9,119.4
2026-05,CI-0031,KA-03,5,19.9,99.5
2026-05,CI-0031,KA-04,3,19.9,59.7
2026-05,CI-0031,KA-05,2,19.9,39.8
2026-06,CI-0031,E-commerce,20,19.9,398
2026-06,CI-0031,Marketplace,15,19.9,298.5
2026-06,CI-0031,Loja própria,12,19.9,238.8
2026-06,CI-0031,KA-01,7,19.9,139.3
2026-06,CI-0031,KA-02,5,19.9,99.5
2026-06,CI-0031,KA-03,5,19.9,99.5
2026-06,CI-0031,KA-04,2,19.9,39.8
2026-06,CI-0031,KA-05,2,19.9,39.8
2026-07,CI-0031,E-commerce,19,19.9,378.1
2026-07,CI-0031,Marketplace,15,19.9,298.5
2026-07,CI-0031,Loja própria,12,19.9,238.8
2026-07,CI-0031,KA-01,6,19.9,119.4
2026-07,CI-0031,KA-02,5,19.9,99.5
2026-07,CI-0031,KA-03,4,19.9,79.6
2026-07,CI-0031,KA-04,2,19.9,39.8
2026-07,CI-0031,KA-05,2,19.9,39.8
2026-08,CI-0031,E-commerce,18,19.9,358.2
2026-08,CI-0031,Marketplace,14,19.9,278.6
2026-08,CI-0031,Loja própria,12,19.9,238.8
2026-08,CI-0031,KA-01,6,19.9,119.4
2026-08,CI-0031,KA-02,5,19.9,99.5
2026-08,CI-0031,KA-03,4,19.9,79.6
2026-08,CI-0031,KA-04,2,19.9,39.8
2026-08,CI-0031,KA-05,2,19.9,39.8
2024-09,CI-0032,E-commerce,56,19.9,1114.4
2024-09,CI-0032,Marketplace,44,19.9,875.6
2024-09,CI-0032,Loja própria,36,19.9,716.4
2024-09,CI-0032,KA-01,20,19.9,398
2024-09,CI-0032,KA-02,16,19.9,318.4
2024-09,CI-0032,KA-03,14,19.9,278.6
2024-09,CI-0032,KA-04,8,19.9,159.2
2024-09,CI-0032,KA-05,6,19.9,119.4
2024-10,CI-0032,E-commerce,61,19.9,1213.9
2024-10,CI-0032,Marketplace,47,19.9,935.3
2024-10,CI-0032,Loja própria,39,19.9,776.1
2024-10,CI-0032,KA-01,21,19.9,417.9
2024-10,CI-0032,KA-02,17,19.9,338.3
2024-10,CI-0032,KA-03,15,19.9,298.5
2024-10,CI-0032,KA-04,8,19.9,159.2
2024-10,CI-0032,KA-05,6,19.9,119.4
2024-11,CI-0032,E-commerce,85,19.9,1691.5
2024-11,CI-0032,Marketplace,66,19.9,1313.4
2024-11,CI-0032,Loja própria,54,19.9,1074.6
2024-11,CI-0032,KA-01,30,19.9,597
2024-11,CI-0032,KA-02,24,19.9,477.6
2024-11,CI-0032,KA-03,21,19.9,417.9
2024-11,CI-0032,KA-04,12,19.9,238.8
2024-11,CI-0032,KA-05,9,19.9,179.1
2024-12,CI-0032,E-commerce,62,19.9,1233.8
2024-12,CI-0032,Marketplace,49,19.9,975.1
2024-12,CI-0032,Loja própria,40,19.9,796
2024-12,CI-0032,KA-01,22,19.9,437.8
2024-12,CI-0032,KA-02,17,19.9,338.3
2024-12,CI-0032,KA-03,15,19.9,298.5
2024-12,CI-0032,KA-04,8,19.9,159.2
2024-12,CI-0032,KA-05,6,19.9,119.4
2025-01,CI-0032,E-commerce,53,19.9,1054.7
2025-01,CI-0032,Marketplace,41,19.9,815.9
2025-01,CI-0032,Loja própria,34,19.9,676.6
2025-01,CI-0032,KA-01,19,19.9,378.1
2025-01,CI-0032,KA-02,15,19.9,298.5
2025-01,CI-0032,KA-03,13,19.9,258.7
2025-01,CI-0032,KA-04,7,19.9,139.3
2025-01,CI-0032,KA-05,5,19.9,99.5
2025-02,CI-0032,E-commerce,55,19.9,1094.5
2025-02,CI-0032,Marketplace,43,19.9,855.7
2025-02,CI-0032,Loja própria,35,19.9,696.5
2025-02,CI-0032,KA-01,19,19.9,378.1
2025-02,CI-0032,KA-02,15,19.9,298.5
2025-02,CI-0032,KA-03,13,19.9,258.7
2025-02,CI-0032,KA-04,7,19.9,139.3
2025-02,CI-0032,KA-05,5,19.9,99.5
2025-03,CI-0032,E-commerce,63,19.9,1253.7
2025-03,CI-0032,Marketplace,49,19.9,975.1
2025-03,CI-0032,Loja própria,40,19.9,796
2025-03,CI-0032,KA-01,22,19.9,437.8
2025-03,CI-0032,KA-02,18,19.9,358.2
2025-03,CI-0032,KA-03,15,19.9,298.5
2025-03,CI-0032,KA-04,9,19.9,179.1
2025-03,CI-0032,KA-05,6,19.9,119.4
2025-04,CI-0032,E-commerce,53,19.9,1054.7
2025-04,CI-0032,Marketplace,41,19.9,815.9
2025-04,CI-0032,Loja própria,34,19.9,676.6
2025-04,CI-0032,KA-01,19,19.9,378.1
2025-04,CI-0032,KA-02,15,19.9,298.5
2025-04,CI-0032,KA-03,13,19.9,258.7
2025-04,CI-0032,KA-04,7,19.9,139.3
2025-04,CI-0032,KA-05,5,19.9,99.5
2025-05,CI-0032,E-commerce,50,19.9,995
2025-05,CI-0032,Marketplace,40,19.9,796
2025-05,CI-0032,Loja própria,32,19.9,636.8
2025-05,CI-0032,KA-01,18,19.9,358.2
2025-05,CI-0032,KA-02,14,19.9,278.6
2025-05,CI-0032,KA-03,12,19.9,238.8
2025-05,CI-0032,KA-04,7,19.9,139.3
2025-05,CI-0032,KA-05,5,19.9,99.5
2025-06,CI-0032,E-commerce,63,19.9,1253.7
2025-06,CI-0032,Marketplace,49,19.9,975.1
2025-06,CI-0032,Loja própria,40,19.9,796
2025-06,CI-0032,KA-01,22,19.9,437.8
2025-06,CI-0032,KA-02,18,19.9,358.2
2025-06,CI-0032,KA-03,15,19.9,298.5
2025-06,CI-0032,KA-04,9,19.9,179.1
2025-06,CI-0032,KA-05,6,19.9,119.4
2025-07,CI-0032,E-commerce,54,19.9,1074.6
2025-07,CI-0032,Marketplace,42,19.9,835.8
2025-07,CI-0032,Loja própria,34,19.9,676.6
2025-07,CI-0032,KA-01,19,19.9,378.1
2025-07,CI-0032,KA-02,15,19.9,298.5
2025-07,CI-0032,KA-03,13,19.9,258.7
2025-07,CI-0032,KA-04,7,19.9,139.3
2025-07,CI-0032,KA-05,5,19.9,99.5
2025-08,CI-0032,E-commerce,62,19.9,1233.8
2025-08,CI-0032,Marketplace,49,19.9,975.1
2025-08,CI-0032,Loja própria,40,19.9,796
2025-08,CI-0032,KA-01,22,19.9,437.8
2025-08,CI-0032,KA-02,17,19.9,338.3
2025-08,CI-0032,KA-03,15,19.9,298.5
2025-08,CI-0032,KA-04,8,19.9,159.2
2025-08,CI-0032,KA-05,6,19.9,119.4
2025-09,CI-0032,E-commerce,57,19.9,1134.3
2025-09,CI-0032,Marketplace,45,19.9,895.5
2025-09,CI-0032,Loja própria,37,19.9,736.3
2025-09,CI-0032,KA-01,20,19.9,398
2025-09,CI-0032,KA-02,16,19.9,318.4
2025-09,CI-0032,KA-03,14,19.9,278.6
2025-09,CI-0032,KA-04,8,19.9,159.2
2025-09,CI-0032,KA-05,6,19.9,119.4
2025-10,CI-0032,E-commerce,57,19.9,1134.3
2025-10,CI-0032,Marketplace,45,19.9,895.5
2025-10,CI-0032,Loja própria,37,19.9,736.3
2025-10,CI-0032,KA-01,20,19.9,398
2025-10,CI-0032,KA-02,16,19.9,318.4
2025-10,CI-0032,KA-03,14,19.9,278.6
2025-10,CI-0032,KA-04,8,19.9,159.2
2025-10,CI-0032,KA-05,6,19.9,119.4
2025-11,CI-0032,E-commerce,77,19.9,1532.3
2025-11,CI-0032,Marketplace,60,19.9,1194
2025-11,CI-0032,Loja própria,49,19.9,975.1
2025-11,CI-0032,KA-01,27,19.9,537.3
2025-11,CI-0032,KA-02,22,19.9,437.8
2025-11,CI-0032,KA-03,19,19.9,378.1
2025-11,CI-0032,KA-04,11,19.9,218.9
2025-11,CI-0032,KA-05,8,19.9,159.2
2025-12,CI-0032,E-commerce,64,19.9,1273.6
2025-12,CI-0032,Marketplace,50,19.9,995
2025-12,CI-0032,Loja própria,41,19.9,815.9
2025-12,CI-0032,KA-01,23,19.9,457.7
2025-12,CI-0032,KA-02,18,19.9,358.2
2025-12,CI-0032,KA-03,16,19.9,318.4
2025-12,CI-0032,KA-04,9,19.9,179.1
2025-12,CI-0032,KA-05,6,19.9,119.4
2026-01,CI-0032,E-commerce,55,19.9,1094.5
2026-01,CI-0032,Marketplace,43,19.9,855.7
2026-01,CI-0032,Loja própria,35,19.9,696.5
2026-01,CI-0032,KA-01,19,19.9,378.1
2026-01,CI-0032,KA-02,15,19.9,298.5
2026-01,CI-0032,KA-03,13,19.9,258.7
2026-01,CI-0032,KA-04,7,19.9,139.3
2026-01,CI-0032,KA-05,5,19.9,99.5
2026-02,CI-0032,E-commerce,53,19.9,1054.7
2026-02,CI-0032,Marketplace,42,19.9,835.8
2026-02,CI-0032,Loja própria,34,19.9,676.6
2026-02,CI-0032,KA-01,19,19.9,378.1
2026-02,CI-0032,KA-02,15,19.9,298.5
2026-02,CI-0032,KA-03,13,19.9,258.7
2026-02,CI-0032,KA-04,7,19.9,139.3
2026-02,CI-0032,KA-05,5,19.9,99.5
2026-03,CI-0032,E-commerce,61,19.9,1213.9
2026-03,CI-0032,Marketplace,48,19.9,955.2
2026-03,CI-0032,Loja própria,39,19.9,776.1
2026-03,CI-0032,KA-01,22,19.9,437.8
2026-03,CI-0032,KA-02,17,19.9,338.3
2026-03,CI-0032,KA-03,15,19.9,298.5
2026-03,CI-0032,KA-04,8,19.9,159.2
2026-03,CI-0032,KA-05,6,19.9,119.4
2026-04,CI-0032,E-commerce,62,19.9,1233.8
2026-04,CI-0032,Marketplace,49,19.9,975.1
2026-04,CI-0032,Loja própria,40,19.9,796
2026-04,CI-0032,KA-01,22,19.9,437.8
2026-04,CI-0032,KA-02,17,19.9,338.3
2026-04,CI-0032,KA-03,15,19.9,298.5
2026-04,CI-0032,KA-04,8,19.9,159.2
2026-04,CI-0032,KA-05,6,19.9,119.4
2026-05,CI-0032,E-commerce,61,19.9,1213.9
2026-05,CI-0032,Marketplace,47,19.9,935.3
2026-05,CI-0032,Loja própria,39,19.9,776.1
2026-05,CI-0032,KA-01,21,19.9,417.9
2026-05,CI-0032,KA-02,17,19.9,338.3
2026-05,CI-0032,KA-03,15,19.9,298.5
2026-05,CI-0032,KA-04,8,19.9,159.2
2026-05,CI-0032,KA-05,6,19.9,119.4
2026-06,CI-0032,E-commerce,66,19.9,1313.4
2026-06,CI-0032,Marketplace,52,19.9,1034.8
2026-06,CI-0032,Loja própria,43,19.9,855.7
2026-06,CI-0032,KA-01,23,19.9,457.7
2026-06,CI-0032,KA-02,19,19.9,378.1
2026-06,CI-0032,KA-03,16,19.9,318.4
2026-06,CI-0032,KA-04,9,19.9,179.1
2026-06,CI-0032,KA-05,7,19.9,139.3
2026-07,CI-0032,E-commerce,64,19.9,1273.6
2026-07,CI-0032,Marketplace,51,19.9,1014.9
2026-07,CI-0032,Loja própria,41,19.9,815.9
2026-07,CI-0032,KA-01,23,19.9,457.7
2026-07,CI-0032,KA-02,18,19.9,358.2
2026-07,CI-0032,KA-03,16,19.9,318.4
2026-07,CI-0032,KA-04,9,19.9,179.1
2026-07,CI-0032,KA-05,6,19.9,119.4
2026-08,CI-0032,E-commerce,67,19.9,1333.3
2026-08,CI-0032,Marketplace,53,19.9,1054.7
2026-08,CI-0032,Loja própria,43,19.9,855.7
2026-08,CI-0032,KA-01,24,19.9,477.6
2026-08,CI-0032,KA-02,19,19.9,378.1
2026-08,CI-0032,KA-03,16,19.9,318.4
2026-08,CI-0032,KA-04,9,19.9,179.1
2026-08,CI-0032,KA-05,7,19.9,139.3
2024-09,CI-0033,E-commerce,68,24.9,1693.2
2024-09,CI-0033,Marketplace,54,24.9,1344.6
2024-09,CI-0033,Loja própria,44,24.9,1095.6
2024-09,CI-0033,KA-01,24,24.9,597.6
2024-09,CI-0033,KA-02,19,24.9,473.1
2024-09,CI-0033,KA-03,17,24.9,423.3
2024-09,CI-0033,KA-04,9,24.9,224.1
2024-09,CI-0033,KA-05,7,24.9,174.3
2024-10,CI-0033,E-commerce,63,24.9,1568.7
2024-10,CI-0033,Marketplace,50,24.9,1245
2024-10,CI-0033,Loja própria,41,24.9,1020.9
2024-10,CI-0033,KA-01,22,24.9,547.8
2024-10,CI-0033,KA-02,18,24.9,448.2
2024-10,CI-0033,KA-03,15,24.9,373.5
2024-10,CI-0033,KA-04,9,24.9,224.1
2024-10,CI-0033,KA-05,6,24.9,149.4
2024-11,CI-0033,E-commerce,97,24.9,2415.3
2024-11,CI-0033,Marketplace,76,24.9,1892.4
2024-11,CI-0033,Loja própria,62,24.9,1543.8
2024-11,CI-0033,KA-01,34,24.9,846.6
2024-11,CI-0033,KA-02,27,24.9,672.3
2024-11,CI-0033,KA-03,24,24.9,597.6
2024-11,CI-0033,KA-04,13,24.9,323.7
2024-11,CI-0033,KA-05,10,24.9,249
2024-12,CI-0033,E-commerce,70,24.9,1743
2024-12,CI-0033,Marketplace,55,24.9,1369.5
2024-12,CI-0033,Loja própria,45,24.9,1120.5
2024-12,CI-0033,KA-01,25,24.9,622.5
2024-12,CI-0033,KA-02,20,24.9,498
2024-12,CI-0033,KA-03,17,24.9,423.3
2024-12,CI-0033,KA-04,10,24.9,249
2024-12,CI-0033,KA-05,7,24.9,174.3
2025-01,CI-0033,E-commerce,77,24.9,1917.3
2025-01,CI-0033,Marketplace,60,24.9,1494
2025-01,CI-0033,Loja própria,49,24.9,1220.1
2025-01,CI-0033,KA-01,27,24.9,672.3
2025-01,CI-0033,KA-02,22,24.9,547.8
2025-01,CI-0033,KA-03,19,24.9,473.1
2025-01,CI-0033,KA-04,11,24.9,273.9
2025-01,CI-0033,KA-05,8,24.9,199.2
2025-02,CI-0033,E-commerce,73,24.9,1817.7
2025-02,CI-0033,Marketplace,57,24.9,1419.3
2025-02,CI-0033,Loja própria,47,24.9,1170.3
2025-02,CI-0033,KA-01,26,24.9,647.4
2025-02,CI-0033,KA-02,20,24.9,498
2025-02,CI-0033,KA-03,18,24.9,448.2
2025-02,CI-0033,KA-04,10,24.9,249
2025-02,CI-0033,KA-05,7,24.9,174.3
2025-03,CI-0033,E-commerce,67,24.9,1668.3
2025-03,CI-0033,Marketplace,52,24.9,1294.8
2025-03,CI-0033,Loja própria,43,24.9,1070.7
2025-03,CI-0033,KA-01,24,24.9,597.6
2025-03,CI-0033,KA-02,19,24.9,473.1
2025-03,CI-0033,KA-03,16,24.9,398.4
2025-03,CI-0033,KA-04,9,24.9,224.1
2025-03,CI-0033,KA-05,7,24.9,174.3
2025-04,CI-0033,E-commerce,67,24.9,1668.3
2025-04,CI-0033,Marketplace,52,24.9,1294.8
2025-04,CI-0033,Loja própria,43,24.9,1070.7
2025-04,CI-0033,KA-01,24,24.9,597.6
2025-04,CI-0033,KA-02,19,24.9,473.1
2025-04,CI-0033,KA-03,16,24.9,398.4
2025-04,CI-0033,KA-04,9,24.9,224.1
2025-04,CI-0033,KA-05,7,24.9,174.3
2025-05,CI-0033,E-commerce,80,24.9,1992
2025-05,CI-0033,Marketplace,63,24.9,1568.7
2025-05,CI-0033,Loja própria,51,24.9,1269.9
2025-05,CI-0033,KA-01,28,24.9,697.2
2025-05,CI-0033,KA-02,23,24.9,572.7
2025-05,CI-0033,KA-03,20,24.9,498
2025-05,CI-0033,KA-04,11,24.9,273.9
2025-05,CI-0033,KA-05,8,24.9,199.2
2025-06,CI-0033,E-commerce,79,24.9,1967.1
2025-06,CI-0033,Marketplace,62,24.9,1543.8
2025-06,CI-0033,Loja própria,51,24.9,1269.9
2025-06,CI-0033,KA-01,28,24.9,697.2
2025-06,CI-0033,KA-02,22,24.9,547.8
2025-06,CI-0033,KA-03,19,24.9,473.1
2025-06,CI-0033,KA-04,11,24.9,273.9
2025-06,CI-0033,KA-05,8,24.9,199.2
2025-07,CI-0033,E-commerce,75,24.9,1867.5
2025-07,CI-0033,Marketplace,59,24.9,1469.1
2025-07,CI-0033,Loja própria,48,24.9,1195.2
2025-07,CI-0033,KA-01,27,24.9,672.3
2025-07,CI-0033,KA-02,21,24.9,522.9
2025-07,CI-0033,KA-03,18,24.9,448.2
2025-07,CI-0033,KA-04,10,24.9,249
2025-07,CI-0033,KA-05,8,24.9,199.2
2025-08,CI-0033,E-commerce,65,24.9,1618.5
2025-08,CI-0033,Marketplace,51,24.9,1269.9
2025-08,CI-0033,Loja própria,41,24.9,1020.9
2025-08,CI-0033,KA-01,23,24.9,572.7
2025-08,CI-0033,KA-02,18,24.9,448.2
2025-08,CI-0033,KA-03,16,24.9,398.4
2025-08,CI-0033,KA-04,9,24.9,224.1
2025-08,CI-0033,KA-05,6,24.9,149.4
2025-09,CI-0033,E-commerce,78,24.9,1942.2
2025-09,CI-0033,Marketplace,61,24.9,1518.9
2025-09,CI-0033,Loja própria,50,24.9,1245
2025-09,CI-0033,KA-01,28,24.9,697.2
2025-09,CI-0033,KA-02,22,24.9,547.8
2025-09,CI-0033,KA-03,19,24.9,473.1
2025-09,CI-0033,KA-04,11,24.9,273.9
2025-09,CI-0033,KA-05,8,24.9,199.2
2025-10,CI-0033,E-commerce,74,24.9,1842.6
2025-10,CI-0033,Marketplace,58,24.9,1444.2
2025-10,CI-0033,Loja própria,47,24.9,1170.3
2025-10,CI-0033,KA-01,26,24.9,647.4
2025-10,CI-0033,KA-02,21,24.9,522.9
2025-10,CI-0033,KA-03,18,24.9,448.2
2025-10,CI-0033,KA-04,10,24.9,249
2025-10,CI-0033,KA-05,7,24.9,174.3
2025-11,CI-0033,E-commerce,112,24.9,2788.8
2025-11,CI-0033,Marketplace,88,24.9,2191.2
2025-11,CI-0033,Loja própria,72,24.9,1792.8
2025-11,CI-0033,KA-01,40,24.9,996
2025-11,CI-0033,KA-02,32,24.9,796.8
2025-11,CI-0033,KA-03,28,24.9,697.2
2025-11,CI-0033,KA-04,16,24.9,398.4
2025-11,CI-0033,KA-05,12,24.9,298.8
2025-12,CI-0033,E-commerce,70,24.9,1743
2025-12,CI-0033,Marketplace,55,24.9,1369.5
2025-12,CI-0033,Loja própria,45,24.9,1120.5
2025-12,CI-0033,KA-01,25,24.9,622.5
2025-12,CI-0033,KA-02,20,24.9,498
2025-12,CI-0033,KA-03,17,24.9,423.3
2025-12,CI-0033,KA-04,10,24.9,249
2025-12,CI-0033,KA-05,7,24.9,174.3
2026-01,CI-0033,E-commerce,78,24.9,1942.2
2026-01,CI-0033,Marketplace,62,24.9,1543.8
2026-01,CI-0033,Loja própria,50,24.9,1245
2026-01,CI-0033,KA-01,28,24.9,697.2
2026-01,CI-0033,KA-02,22,24.9,547.8
2026-01,CI-0033,KA-03,19,24.9,473.1
2026-01,CI-0033,KA-04,11,24.9,273.9
2026-01,CI-0033,KA-05,8,24.9,199.2
2026-02,CI-0033,E-commerce,78,24.9,1942.2
2026-02,CI-0033,Marketplace,61,24.9,1518.9
2026-02,CI-0033,Loja própria,50,24.9,1245
2026-02,CI-0033,KA-01,28,24.9,697.2
2026-02,CI-0033,KA-02,22,24.9,547.8
2026-02,CI-0033,KA-03,19,24.9,473.1
2026-02,CI-0033,KA-04,11,24.9,273.9
2026-02,CI-0033,KA-05,8,24.9,199.2
2026-03,CI-0033,E-commerce,72,24.9,1792.8
2026-03,CI-0033,Marketplace,56,24.9,1394.4
2026-03,CI-0033,Loja própria,46,24.9,1145.4
2026-03,CI-0033,KA-01,25,24.9,622.5
2026-03,CI-0033,KA-02,20,24.9,498
2026-03,CI-0033,KA-03,18,24.9,448.2
2026-03,CI-0033,KA-04,10,24.9,249
2026-03,CI-0033,KA-05,7,24.9,174.3
2026-04,CI-0033,E-commerce,84,24.9,2091.6
2026-04,CI-0033,Marketplace,66,24.9,1643.4
2026-04,CI-0033,Loja própria,54,24.9,1344.6
2026-04,CI-0033,KA-01,30,24.9,747
2026-04,CI-0033,KA-02,24,24.9,597.6
2026-04,CI-0033,KA-03,21,24.9,522.9
2026-04,CI-0033,KA-04,12,24.9,298.8
2026-04,CI-0033,KA-05,9,24.9,224.1
2026-05,CI-0033,E-commerce,71,24.9,1767.9
2026-05,CI-0033,Marketplace,55,24.9,1369.5
2026-05,CI-0033,Loja própria,45,24.9,1120.5
2026-05,CI-0033,KA-01,25,24.9,622.5
2026-05,CI-0033,KA-02,20,24.9,498
2026-05,CI-0033,KA-03,17,24.9,423.3
2026-05,CI-0033,KA-04,10,24.9,249
2026-05,CI-0033,KA-05,7,24.9,174.3
2026-06,CI-0033,E-commerce,81,24.9,2016.9
2026-06,CI-0033,Marketplace,64,24.9,1593.6
2026-06,CI-0033,Loja própria,52,24.9,1294.8
2026-06,CI-0033,KA-01,29,24.9,722.1
2026-06,CI-0033,KA-02,23,24.9,572.7
2026-06,CI-0033,KA-03,20,24.9,498
2026-06,CI-0033,KA-04,11,24.9,273.9
2026-06,CI-0033,KA-05,8,24.9,199.2
2026-07,CI-0033,E-commerce,75,24.9,1867.5
2026-07,CI-0033,Marketplace,59,24.9,1469.1
2026-07,CI-0033,Loja própria,48,24.9,1195.2
2026-07,CI-0033,KA-01,26,24.9,647.4
2026-07,CI-0033,KA-02,21,24.9,522.9
2026-07,CI-0033,KA-03,18,24.9,448.2
2026-07,CI-0033,KA-04,10,24.9,249
2026-07,CI-0033,KA-05,8,24.9,199.2
2026-08,CI-0033,E-commerce,72,24.9,1792.8
2026-08,CI-0033,Marketplace,57,24.9,1419.3
2026-08,CI-0033,Loja própria,46,24.9,1145.4
2026-08,CI-0033,KA-01,26,24.9,647.4
2026-08,CI-0033,KA-02,20,24.9,498
2026-08,CI-0033,KA-03,18,24.9,448.2
2026-08,CI-0033,KA-04,10,24.9,249
2026-08,CI-0033,KA-05,7,24.9,174.3
2024-09,CI-0034,E-commerce,82,29.9,2451.8
2024-09,CI-0034,Marketplace,65,29.9,1943.5
2024-09,CI-0034,Loja própria,53,29.9,1584.7
2024-09,CI-0034,KA-01,29,29.9,867.1
2024-09,CI-0034,KA-02,23,29.9,687.7
2024-09,CI-0034,KA-03,20,29.9,598
2024-09,CI-0034,KA-04,11,29.9,328.9
2024-09,CI-0034,KA-05,8,29.9,239.2
2024-10,CI-0034,E-commerce,78,29.9,2332.2
2024-10,CI-0034,Marketplace,61,29.9,1823.9
2024-10,CI-0034,Loja própria,50,29.9,1495
2024-10,CI-0034,KA-01,27,29.9,807.3
2024-10,CI-0034,KA-02,22,29.9,657.8
2024-10,CI-0034,KA-03,19,29.9,568.1
2024-10,CI-0034,KA-04,11,29.9,328.9
2024-10,CI-0034,KA-05,8,29.9,239.2
2024-11,CI-0034,E-commerce,108,29.9,3229.2
2024-11,CI-0034,Marketplace,84,29.9,2511.6
2024-11,CI-0034,Loja própria,69,29.9,2063.1
2024-11,CI-0034,KA-01,38,29.9,1136.2
2024-11,CI-0034,KA-02,30,29.9,897
2024-11,CI-0034,KA-03,27,29.9,807.3
2024-11,CI-0034,KA-04,15,29.9,448.5
2024-11,CI-0034,KA-05,11,29.9,328.9
2024-12,CI-0034,E-commerce,90,29.9,2691
2024-12,CI-0034,Marketplace,71,29.9,2122.9
2024-12,CI-0034,Loja própria,58,29.9,1734.2
2024-12,CI-0034,KA-01,32,29.9,956.8
2024-12,CI-0034,KA-02,25,29.9,747.5
2024-12,CI-0034,KA-03,22,29.9,657.8
2024-12,CI-0034,KA-04,12,29.9,358.8
2024-12,CI-0034,KA-05,9,29.9,269.1
2025-01,CI-0034,E-commerce,91,29.9,2720.9
2025-01,CI-0034,Marketplace,71,29.9,2122.9
2025-01,CI-0034,Loja própria,58,29.9,1734.2
2025-01,CI-0034,KA-01,32,29.9,956.8
2025-01,CI-0034,KA-02,26,29.9,777.4
2025-01,CI-0034,KA-03,22,29.9,657.8
2025-01,CI-0034,KA-04,13,29.9,388.7
2025-01,CI-0034,KA-05,9,29.9,269.1
2025-02,CI-0034,E-commerce,79,29.9,2362.1
2025-02,CI-0034,Marketplace,62,29.9,1853.8
2025-02,CI-0034,Loja própria,51,29.9,1524.9
2025-02,CI-0034,KA-01,28,29.9,837.2
2025-02,CI-0034,KA-02,22,29.9,657.8
2025-02,CI-0034,KA-03,19,29.9,568.1
2025-02,CI-0034,KA-04,11,29.9,328.9
2025-02,CI-0034,KA-05,8,29.9,239.2
2025-03,CI-0034,E-commerce,93,29.9,2780.7
2025-03,CI-0034,Marketplace,73,29.9,2182.7
2025-03,CI-0034,Loja própria,59,29.9,1764.1
2025-03,CI-0034,KA-01,33,29.9,986.7
2025-03,CI-0034,KA-02,26,29.9,777.4
2025-03,CI-0034,KA-03,23,29.9,687.7
2025-03,CI-0034,KA-04,13,29.9,388.7
2025-03,CI-0034,KA-05,9,29.9,269.1
2025-04,CI-0034,E-commerce,91,29.9,2720.9
2025-04,CI-0034,Marketplace,72,29.9,2152.8
2025-04,CI-0034,Loja própria,59,29.9,1764.1
2025-04,CI-0034,KA-01,32,29.9,956.8
2025-04,CI-0034,KA-02,26,29.9,777.4
2025-04,CI-0034,KA-03,22,29.9,657.8
2025-04,CI-0034,KA-04,13,29.9,388.7
2025-04,CI-0034,KA-05,9,29.9,269.1
2025-05,CI-0034,E-commerce,94,29.9,2810.6
2025-05,CI-0034,Marketplace,74,29.9,2212.6
2025-05,CI-0034,Loja própria,61,29.9,1823.9
2025-05,CI-0034,KA-01,33,29.9,986.7
2025-05,CI-0034,KA-02,27,29.9,807.3
2025-05,CI-0034,KA-03,23,29.9,687.7
2025-05,CI-0034,KA-04,13,29.9,388.7
2025-05,CI-0034,KA-05,10,29.9,299
2025-06,CI-0034,E-commerce,78,29.9,2332.2
2025-06,CI-0034,Marketplace,62,29.9,1853.8
2025-06,CI-0034,Loja própria,50,29.9,1495
2025-06,CI-0034,KA-01,28,29.9,837.2
2025-06,CI-0034,KA-02,22,29.9,657.8
2025-06,CI-0034,KA-03,19,29.9,568.1
2025-06,CI-0034,KA-04,11,29.9,328.9
2025-06,CI-0034,KA-05,8,29.9,239.2
2025-07,CI-0034,E-commerce,86,29.9,2571.4
2025-07,CI-0034,Marketplace,67,29.9,2003.3
2025-07,CI-0034,Loja própria,55,29.9,1644.5
2025-07,CI-0034,KA-01,30,29.9,897
2025-07,CI-0034,KA-02,24,29.9,717.6
2025-07,CI-0034,KA-03,21,29.9,627.9
2025-07,CI-0034,KA-04,12,29.9,358.8
2025-07,CI-0034,KA-05,9,29.9,269.1
2025-08,CI-0034,E-commerce,93,29.9,2780.7
2025-08,CI-0034,Marketplace,73,29.9,2182.7
2025-08,CI-0034,Loja própria,60,29.9,1794
2025-08,CI-0034,KA-01,33,29.9,986.7
2025-08,CI-0034,KA-02,26,29.9,777.4
2025-08,CI-0034,KA-03,23,29.9,687.7
2025-08,CI-0034,KA-04,13,29.9,388.7
2025-08,CI-0034,KA-05,10,29.9,299
2025-09,CI-0034,E-commerce,92,29.9,2750.8
2025-09,CI-0034,Marketplace,72,29.9,2152.8
2025-09,CI-0034,Loja própria,59,29.9,1764.1
2025-09,CI-0034,KA-01,32,29.9,956.8
2025-09,CI-0034,KA-02,26,29.9,777.4
2025-09,CI-0034,KA-03,23,29.9,687.7
2025-09,CI-0034,KA-04,13,29.9,388.7
2025-09,CI-0034,KA-05,9,29.9,269.1
2025-10,CI-0034,E-commerce,94,29.9,2810.6
2025-10,CI-0034,Marketplace,74,29.9,2212.6
2025-10,CI-0034,Loja própria,61,29.9,1823.9
2025-10,CI-0034,KA-01,33,29.9,986.7
2025-10,CI-0034,KA-02,27,29.9,807.3
2025-10,CI-0034,KA-03,23,29.9,687.7
2025-10,CI-0034,KA-04,13,29.9,388.7
2025-10,CI-0034,KA-05,10,29.9,299
2025-11,CI-0034,E-commerce,124,29.9,3707.6
2025-11,CI-0034,Marketplace,97,29.9,2900.3
2025-11,CI-0034,Loja própria,79,29.9,2362.1
2025-11,CI-0034,KA-01,44,29.9,1315.6
2025-11,CI-0034,KA-02,35,29.9,1046.5
2025-11,CI-0034,KA-03,31,29.9,926.9
2025-11,CI-0034,KA-04,17,29.9,508.3
2025-11,CI-0034,KA-05,13,29.9,388.7
2025-12,CI-0034,E-commerce,99,29.9,2960.1
2025-12,CI-0034,Marketplace,77,29.9,2302.3
2025-12,CI-0034,Loja própria,63,29.9,1883.7
2025-12,CI-0034,KA-01,35,29.9,1046.5
2025-12,CI-0034,KA-02,28,29.9,837.2
2025-12,CI-0034,KA-03,24,29.9,717.6
2025-12,CI-0034,KA-04,14,29.9,418.6
2025-12,CI-0034,KA-05,10,29.9,299
2026-01,CI-0034,E-commerce,92,29.9,2750.8
2026-01,CI-0034,Marketplace,72,29.9,2152.8
2026-01,CI-0034,Loja própria,59,29.9,1764.1
2026-01,CI-0034,KA-01,32,29.9,956.8
2026-01,CI-0034,KA-02,26,29.9,777.4
2026-01,CI-0034,KA-03,23,29.9,687.7
2026-01,CI-0034,KA-04,13,29.9,388.7
2026-01,CI-0034,KA-05,9,29.9,269.1
2026-02,CI-0034,E-commerce,80,29.9,2392
2026-02,CI-0034,Marketplace,63,29.9,1883.7
2026-02,CI-0034,Loja própria,52,29.9,1554.8
2026-02,CI-0034,KA-01,28,29.9,837.2
2026-02,CI-0034,KA-02,23,29.9,687.7
2026-02,CI-0034,KA-03,20,29.9,598
2026-02,CI-0034,KA-04,11,29.9,328.9
2026-02,CI-0034,KA-05,8,29.9,239.2
2026-03,CI-0034,E-commerce,101,29.9,3019.9
2026-03,CI-0034,Marketplace,79,29.9,2362.1
2026-03,CI-0034,Loja própria,65,29.9,1943.5
2026-03,CI-0034,KA-01,36,29.9,1076.4
2026-03,CI-0034,KA-02,28,29.9,837.2
2026-03,CI-0034,KA-03,25,29.9,747.5
2026-03,CI-0034,KA-04,14,29.9,418.6
2026-03,CI-0034,KA-05,10,29.9,299
2026-04,CI-0034,E-commerce,91,29.9,2720.9
2026-04,CI-0034,Marketplace,71,29.9,2122.9
2026-04,CI-0034,Loja própria,58,29.9,1734.2
2026-04,CI-0034,KA-01,32,29.9,956.8
2026-04,CI-0034,KA-02,26,29.9,777.4
2026-04,CI-0034,KA-03,22,29.9,657.8
2026-04,CI-0034,KA-04,13,29.9,388.7
2026-04,CI-0034,KA-05,9,29.9,269.1
2026-05,CI-0034,E-commerce,93,29.9,2780.7
2026-05,CI-0034,Marketplace,73,29.9,2182.7
2026-05,CI-0034,Loja própria,60,29.9,1794
2026-05,CI-0034,KA-01,33,29.9,986.7
2026-05,CI-0034,KA-02,26,29.9,777.4
2026-05,CI-0034,KA-03,23,29.9,687.7
2026-05,CI-0034,KA-04,13,29.9,388.7
2026-05,CI-0034,KA-05,10,29.9,299
2026-06,CI-0034,E-commerce,80,29.9,2392
2026-06,CI-0034,Marketplace,63,29.9,1883.7
2026-06,CI-0034,Loja própria,52,29.9,1554.8
2026-06,CI-0034,KA-01,28,29.9,837.2
2026-06,CI-0034,KA-02,23,29.9,687.7
2026-06,CI-0034,KA-03,20,29.9,598
2026-06,CI-0034,KA-04,11,29.9,328.9
2026-06,CI-0034,KA-05,8,29.9,239.2
2026-07,CI-0034,E-commerce,98,29.9,2930.2
2026-07,CI-0034,Marketplace,77,29.9,2302.3
2026-07,CI-0034,Loja própria,63,29.9,1883.7
2026-07,CI-0034,KA-01,35,29.9,1046.5
2026-07,CI-0034,KA-02,28,29.9,837.2
2026-07,CI-0034,KA-03,24,29.9,717.6
2026-07,CI-0034,KA-04,14,29.9,418.6
2026-07,CI-0034,KA-05,10,29.9,299
2026-08,CI-0034,E-commerce,98,29.9,2930.2
2026-08,CI-0034,Marketplace,77,29.9,2302.3
2026-08,CI-0034,Loja própria,63,29.9,1883.7
2026-08,CI-0034,KA-01,35,29.9,1046.5
2026-08,CI-0034,KA-02,28,29.9,837.2
2026-08,CI-0034,KA-03,24,29.9,717.6
2026-08,CI-0034,KA-04,14,29.9,418.6
2026-08,CI-0034,KA-05,10,29.9,299
2024-09,CI-0035,E-commerce,96,34.9,3350.4
2024-09,CI-0035,Marketplace,75,34.9,2617.5
2024-09,CI-0035,Loja própria,61,34.9,2128.9
2024-09,CI-0035,KA-01,34,34.9,1186.6
2024-09,CI-0035,KA-02,27,34.9,942.3
2024-09,CI-0035,KA-03,24,34.9,837.6
2024-09,CI-0035,KA-04,13,34.9,453.7
2024-09,CI-0035,KA-05,10,34.9,349
2024-10,CI-0035,E-commerce,105,34.9,3664.5
2024-10,CI-0035,Marketplace,83,34.9,2896.7
2024-10,CI-0035,Loja própria,68,34.9,2373.2
2024-10,CI-0035,KA-01,37,34.9,1291.3
2024-10,CI-0035,KA-02,30,34.9,1047
2024-10,CI-0035,KA-03,26,34.9,907.4
2024-10,CI-0035,KA-04,15,34.9,523.5
2024-10,CI-0035,KA-05,11,34.9,383.9
2024-11,CI-0035,E-commerce,123,34.9,4292.7
2024-11,CI-0035,Marketplace,97,34.9,3385.3
2024-11,CI-0035,Loja própria,79,34.9,2757.1
2024-11,CI-0035,KA-01,44,34.9,1535.6
2024-11,CI-0035,KA-02,35,34.9,1221.5
2024-11,CI-0035,KA-03,30,34.9,1047
2024-11,CI-0035,KA-04,17,34.9,593.3
2024-11,CI-0035,KA-05,13,34.9,453.7
2024-12,CI-0035,E-commerce,105,34.9,3664.5
2024-12,CI-0035,Marketplace,82,34.9,2861.8
2024-12,CI-0035,Loja própria,67,34.9,2338.3
2024-12,CI-0035,KA-01,37,34.9,1291.3
2024-12,CI-0035,KA-02,30,34.9,1047
2024-12,CI-0035,KA-03,26,34.9,907.4
2024-12,CI-0035,KA-04,15,34.9,523.5
2024-12,CI-0035,KA-05,11,34.9,383.9
2025-01,CI-0035,E-commerce,110,34.9,3839
2025-01,CI-0035,Marketplace,86,34.9,3001.4
2025-01,CI-0035,Loja própria,70,34.9,2443
2025-01,CI-0035,KA-01,39,34.9,1361.1
2025-01,CI-0035,KA-02,31,34.9,1081.9
2025-01,CI-0035,KA-03,27,34.9,942.3
2025-01,CI-0035,KA-04,15,34.9,523.5
2025-01,CI-0035,KA-05,11,34.9,383.9
2025-02,CI-0035,E-commerce,102,34.9,3559.8
2025-02,CI-0035,Marketplace,80,34.9,2792
2025-02,CI-0035,Loja própria,66,34.9,2303.4
2025-02,CI-0035,KA-01,36,34.9,1256.4
2025-02,CI-0035,KA-02,29,34.9,1012.1
2025-02,CI-0035,KA-03,25,34.9,872.5
2025-02,CI-0035,KA-04,14,34.9,488.6
2025-02,CI-0035,KA-05,11,34.9,383.9
2025-03,CI-0035,E-commerce,97,34.9,3385.3
2025-03,CI-0035,Marketplace,76,34.9,2652.4
2025-03,CI-0035,Loja própria,62,34.9,2163.8
2025-03,CI-0035,KA-01,34,34.9,1186.6
2025-03,CI-0035,KA-02,27,34.9,942.3
2025-03,CI-0035,KA-03,24,34.9,837.6
2025-03,CI-0035,KA-04,13,34.9,453.7
2025-03,CI-0035,KA-05,10,34.9,349
2025-04,CI-0035,E-commerce,101,34.9,3524.9
2025-04,CI-0035,Marketplace,79,34.9,2757.1
2025-04,CI-0035,Loja própria,64,34.9,2233.6
2025-04,CI-0035,KA-01,36,34.9,1256.4
2025-04,CI-0035,KA-02,28,34.9,977.2
2025-04,CI-0035,KA-03,25,34.9,872.5
2025-04,CI-0035,KA-04,14,34.9,488.6
2025-04,CI-0035,KA-05,10,34.9,349
2025-05,CI-0035,E-commerce,106,34.9,3699.4
2025-05,CI-0035,Marketplace,83,34.9,2896.7
2025-05,CI-0035,Loja própria,68,34.9,2373.2
2025-05,CI-0035,KA-01,37,34.9,1291.3
2025-05,CI-0035,KA-02,30,34.9,1047
2025-05,CI-0035,KA-03,26,34.9,907.4
2025-05,CI-0035,KA-04,15,34.9,523.5
2025-05,CI-0035,KA-05,11,34.9,383.9
2025-06,CI-0035,E-commerce,99,34.9,3455.1
2025-06,CI-0035,Marketplace,78,34.9,2722.2
2025-06,CI-0035,Loja própria,64,34.9,2233.6
2025-06,CI-0035,KA-01,35,34.9,1221.5
2025-06,CI-0035,KA-02,28,34.9,977.2
2025-06,CI-0035,KA-03,24,34.9,837.6
2025-06,CI-0035,KA-04,14,34.9,488.6
2025-06,CI-0035,KA-05,10,34.9,349
2025-07,CI-0035,E-commerce,94,34.9,3280.6
2025-07,CI-0035,Marketplace,74,34.9,2582.6
2025-07,CI-0035,Loja própria,60,34.9,2094
2025-07,CI-0035,KA-01,33,34.9,1151.7
2025-07,CI-0035,KA-02,26,34.9,907.4
2025-07,CI-0035,KA-03,23,34.9,802.7
2025-07,CI-0035,KA-04,13,34.9,453.7
2025-07,CI-0035,KA-05,10,34.9,349
2025-08,CI-0035,E-commerce,106,34.9,3699.4
2025-08,CI-0035,Marketplace,83,34.9,2896.7
2025-08,CI-0035,Loja própria,68,34.9,2373.2
2025-08,CI-0035,KA-01,38,34.9,1326.2
2025-08,CI-0035,KA-02,30,34.9,1047
2025-08,CI-0035,KA-03,26,34.9,907.4
2025-08,CI-0035,KA-04,15,34.9,523.5
2025-08,CI-0035,KA-05,11,34.9,383.9
2025-09,CI-0035,E-commerce,105,34.9,3664.5
2025-09,CI-0035,Marketplace,82,34.9,2861.8
2025-09,CI-0035,Loja própria,67,34.9,2338.3
2025-09,CI-0035,KA-01,37,34.9,1291.3
2025-09,CI-0035,KA-02,30,34.9,1047
2025-09,CI-0035,KA-03,26,34.9,907.4
2025-09,CI-0035,KA-04,15,34.9,523.5
2025-09,CI-0035,KA-05,11,34.9,383.9
2025-10,CI-0035,E-commerce,116,34.9,4048.4
2025-10,CI-0035,Marketplace,91,34.9,3175.9
2025-10,CI-0035,Loja própria,74,34.9,2582.6
2025-10,CI-0035,KA-01,41,34.9,1430.9
2025-10,CI-0035,KA-02,33,34.9,1151.7
2025-10,CI-0035,KA-03,29,34.9,1012.1
2025-10,CI-0035,KA-04,16,34.9,558.4
2025-10,CI-0035,KA-05,12,34.9,418.8
2025-11,CI-0035,E-commerce,134,34.9,4676.6
2025-11,CI-0035,Marketplace,105,34.9,3664.5
2025-11,CI-0035,Loja própria,86,34.9,3001.4
2025-11,CI-0035,KA-01,48,34.9,1675.2
2025-11,CI-0035,KA-02,38,34.9,1326.2
2025-11,CI-0035,KA-03,33,34.9,1151.7
2025-11,CI-0035,KA-04,19,34.9,663.1
2025-11,CI-0035,KA-05,14,34.9,488.6
2025-12,CI-0035,E-commerce,117,34.9,4083.3
2025-12,CI-0035,Marketplace,92,34.9,3210.8
2025-12,CI-0035,Loja própria,75,34.9,2617.5
2025-12,CI-0035,KA-01,41,34.9,1430.9
2025-12,CI-0035,KA-02,33,34.9,1151.7
2025-12,CI-0035,KA-03,29,34.9,1012.1
2025-12,CI-0035,KA-04,16,34.9,558.4
2025-12,CI-0035,KA-05,12,34.9,418.8
2026-01,CI-0035,E-commerce,107,34.9,3734.3
2026-01,CI-0035,Marketplace,84,34.9,2931.6
2026-01,CI-0035,Loja própria,69,34.9,2408.1
2026-01,CI-0035,KA-01,38,34.9,1326.2
2026-01,CI-0035,KA-02,30,34.9,1047
2026-01,CI-0035,KA-03,26,34.9,907.4
2026-01,CI-0035,KA-04,15,34.9,523.5
2026-01,CI-0035,KA-05,11,34.9,383.9
2026-02,CI-0035,E-commerce,105,34.9,3664.5
2026-02,CI-0035,Marketplace,82,34.9,2861.8
2026-02,CI-0035,Loja própria,67,34.9,2338.3
2026-02,CI-0035,KA-01,37,34.9,1291.3
2026-02,CI-0035,KA-02,30,34.9,1047
2026-02,CI-0035,KA-03,26,34.9,907.4
2026-02,CI-0035,KA-04,15,34.9,523.5
2026-02,CI-0035,KA-05,11,34.9,383.9
2026-03,CI-0035,E-commerce,105,34.9,3664.5
2026-03,CI-0035,Marketplace,82,34.9,2861.8
2026-03,CI-0035,Loja própria,67,34.9,2338.3
2026-03,CI-0035,KA-01,37,34.9,1291.3
2026-03,CI-0035,KA-02,30,34.9,1047
2026-03,CI-0035,KA-03,26,34.9,907.4
2026-03,CI-0035,KA-04,15,34.9,523.5
2026-03,CI-0035,KA-05,11,34.9,383.9
2026-04,CI-0035,E-commerce,97,34.9,3385.3
2026-04,CI-0035,Marketplace,76,34.9,2652.4
2026-04,CI-0035,Loja própria,62,34.9,2163.8
2026-04,CI-0035,KA-01,34,34.9,1186.6
2026-04,CI-0035,KA-02,27,34.9,942.3
2026-04,CI-0035,KA-03,24,34.9,837.6
2026-04,CI-0035,KA-04,13,34.9,453.7
2026-04,CI-0035,KA-05,10,34.9,349
2026-05,CI-0035,E-commerce,104,34.9,3629.6
2026-05,CI-0035,Marketplace,81,34.9,2826.9
2026-05,CI-0035,Loja própria,66,34.9,2303.4
2026-05,CI-0035,KA-01,37,34.9,1291.3
2026-05,CI-0035,KA-02,29,34.9,1012.1
2026-05,CI-0035,KA-03,26,34.9,907.4
2026-05,CI-0035,KA-04,14,34.9,488.6
2026-05,CI-0035,KA-05,11,34.9,383.9
2026-06,CI-0035,E-commerce,105,34.9,3664.5
2026-06,CI-0035,Marketplace,83,34.9,2896.7
2026-06,CI-0035,Loja própria,68,34.9,2373.2
2026-06,CI-0035,KA-01,37,34.9,1291.3
2026-06,CI-0035,KA-02,30,34.9,1047
2026-06,CI-0035,KA-03,26,34.9,907.4
2026-06,CI-0035,KA-04,15,34.9,523.5
2026-06,CI-0035,KA-05,11,34.9,383.9
2026-07,CI-0035,E-commerce,118,34.9,4118.2
2026-07,CI-0035,Marketplace,92,34.9,3210.8
2026-07,CI-0035,Loja própria,75,34.9,2617.5
2026-07,CI-0035,KA-01,42,34.9,1465.8
2026-07,CI-0035,KA-02,33,34.9,1151.7
2026-07,CI-0035,KA-03,29,34.9,1012.1
2026-07,CI-0035,KA-04,16,34.9,558.4
2026-07,CI-0035,KA-05,12,34.9,418.8
2026-08,CI-0035,E-commerce,95,34.9,3315.5
2026-08,CI-0035,Marketplace,75,34.9,2617.5
2026-08,CI-0035,Loja própria,61,34.9,2128.9
2026-08,CI-0035,KA-01,34,34.9,1186.6
2026-08,CI-0035,KA-02,27,34.9,942.3
2026-08,CI-0035,KA-03,23,34.9,802.7
2026-08,CI-0035,KA-04,13,34.9,453.7
2026-08,CI-0035,KA-05,10,34.9,349
2024-09,CI-0036,E-commerce,107,79.9,8549.3
2024-09,CI-0036,Marketplace,84,79.9,6711.6
2024-09,CI-0036,Loja própria,69,79.9,5513.1
2024-09,CI-0036,KA-01,38,79.9,3036.2
2024-09,CI-0036,KA-02,30,79.9,2397
2024-09,CI-0036,KA-03,26,79.9,2077.4
2024-09,CI-0036,KA-04,15,79.9,1198.5
2024-09,CI-0036,KA-05,11,79.9,878.9
2024-10,CI-0036,E-commerce,108,79.9,8629.2
2024-10,CI-0036,Marketplace,85,79.9,6791.5
2024-10,CI-0036,Loja própria,70,79.9,5593
2024-10,CI-0036,KA-01,38,79.9,3036.2
2024-10,CI-0036,KA-02,31,79.9,2476.9
2024-10,CI-0036,KA-03,27,79.9,2157.3
2024-10,CI-0036,KA-04,15,79.9,1198.5
2024-10,CI-0036,KA-05,11,79.9,878.9
2024-11,CI-0036,E-commerce,170,79.9,13583
2024-11,CI-0036,Marketplace,133,79.9,10626.7
2024-11,CI-0036,Loja própria,109,79.9,8709.1
2024-11,CI-0036,KA-01,60,79.9,4794
2024-11,CI-0036,KA-02,48,79.9,3835.2
2024-11,CI-0036,KA-03,42,79.9,3355.8
2024-11,CI-0036,KA-04,24,79.9,1917.6
2024-11,CI-0036,KA-05,18,79.9,1438.2
2024-12,CI-0036,E-commerce,127,79.9,10147.3
2024-12,CI-0036,Marketplace,100,79.9,7990
2024-12,CI-0036,Loja própria,82,79.9,6551.8
2024-12,CI-0036,KA-01,45,79.9,3595.5
2024-12,CI-0036,KA-02,36,79.9,2876.4
2024-12,CI-0036,KA-03,31,79.9,2476.9
2024-12,CI-0036,KA-04,18,79.9,1438.2
2024-12,CI-0036,KA-05,13,79.9,1038.7
2025-01,CI-0036,E-commerce,119,79.9,9508.1
2025-01,CI-0036,Marketplace,93,79.9,7430.7
2025-01,CI-0036,Loja própria,76,79.9,6072.4
2025-01,CI-0036,KA-01,42,79.9,3355.8
2025-01,CI-0036,KA-02,34,79.9,2716.6
2025-01,CI-0036,KA-03,29,79.9,2317.1
2025-01,CI-0036,KA-04,17,79.9,1358.3
2025-01,CI-0036,KA-05,12,79.9,958.8
2025-02,CI-0036,E-commerce,108,79.9,8629.2
2025-02,CI-0036,Marketplace,85,79.9,6791.5
2025-02,CI-0036,Loja própria,69,79.9,5513.1
2025-02,CI-0036,KA-01,38,79.9,3036.2
2025-02,CI-0036,KA-02,30,79.9,2397
2025-02,CI-0036,KA-03,27,79.9,2157.3
2025-02,CI-0036,KA-04,15,79.9,1198.5
2025-02,CI-0036,KA-05,11,79.9,878.9
2025-03,CI-0036,E-commerce,102,79.9,8149.8
2025-03,CI-0036,Marketplace,80,79.9,6392
2025-03,CI-0036,Loja própria,65,79.9,5193.5
2025-03,CI-0036,KA-01,36,79.9,2876.4
2025-03,CI-0036,KA-02,29,79.9,2317.1
2025-03,CI-0036,KA-03,25,79.9,1997.5
2025-03,CI-0036,KA-04,14,79.9,1118.6
2025-03,CI-0036,KA-05,10,79.9,799
2025-04,CI-0036,E-commerce,117,79.9,9348.3
2025-04,CI-0036,Marketplace,92,79.9,7350.8
2025-04,CI-0036,Loja própria,75,79.9,5992.5
2025-04,CI-0036,KA-01,41,79.9,3275.9
2025-04,CI-0036,KA-02,33,79.9,2636.7
2025-04,CI-0036,KA-03,29,79.9,2317.1
2025-04,CI-0036,KA-04,16,79.9,1278.4
2025-04,CI-0036,KA-05,12,79.9,958.8
2025-05,CI-0036,E-commerce,122,79.9,9747.8
2025-05,CI-0036,Marketplace,96,79.9,7670.4
2025-05,CI-0036,Loja própria,79,79.9,6312.1
2025-05,CI-0036,KA-01,43,79.9,3435.7
2025-05,CI-0036,KA-02,35,79.9,2796.5
2025-05,CI-0036,KA-03,30,79.9,2397
2025-05,CI-0036,KA-04,17,79.9,1358.3
2025-05,CI-0036,KA-05,13,79.9,1038.7
2025-06,CI-0036,E-commerce,106,79.9,8469.4
2025-06,CI-0036,Marketplace,83,79.9,6631.7
2025-06,CI-0036,Loja própria,68,79.9,5433.2
2025-06,CI-0036,KA-01,38,79.9,3036.2
2025-06,CI-0036,KA-02,30,79.9,2397
2025-06,CI-0036,KA-03,26,79.9,2077.4
2025-06,CI-0036,KA-04,15,79.9,1198.5
2025-06,CI-0036,KA-05,11,79.9,878.9
2025-07,CI-0036,E-commerce,105,79.9,8389.5
2025-07,CI-0036,Marketplace,82,79.9,6551.8
2025-07,CI-0036,Loja própria,67,79.9,5353.3
2025-07,CI-0036,KA-01,37,79.9,2956.3
2025-07,CI-0036,KA-02,30,79.9,2397
2025-07,CI-0036,KA-03,26,79.9,2077.4
2025-07,CI-0036,KA-04,15,79.9,1198.5
2025-07,CI-0036,KA-05,11,79.9,878.9
2025-08,CI-0036,E-commerce,118,79.9,9428.2
2025-08,CI-0036,Marketplace,92,79.9,7350.8
2025-08,CI-0036,Loja própria,75,79.9,5992.5
2025-08,CI-0036,KA-01,42,79.9,3355.8
2025-08,CI-0036,KA-02,33,79.9,2636.7
2025-08,CI-0036,KA-03,29,79.9,2317.1
2025-08,CI-0036,KA-04,16,79.9,1278.4
2025-08,CI-0036,KA-05,12,79.9,958.8
2025-09,CI-0036,E-commerce,116,79.9,9268.4
2025-09,CI-0036,Marketplace,91,79.9,7270.9
2025-09,CI-0036,Loja própria,74,79.9,5912.6
2025-09,CI-0036,KA-01,41,79.9,3275.9
2025-09,CI-0036,KA-02,33,79.9,2636.7
2025-09,CI-0036,KA-03,29,79.9,2317.1
2025-09,CI-0036,KA-04,16,79.9,1278.4
2025-09,CI-0036,KA-05,12,79.9,958.8
2025-10,CI-0036,E-commerce,114,79.9,9108.6
2025-10,CI-0036,Marketplace,89,79.9,7111.1
2025-10,CI-0036,Loja própria,73,79.9,5832.7
2025-10,CI-0036,KA-01,40,79.9,3196
2025-10,CI-0036,KA-02,32,79.9,2556.8
2025-10,CI-0036,KA-03,28,79.9,2237.2
2025-10,CI-0036,KA-04,16,79.9,1278.4
2025-10,CI-0036,KA-05,12,79.9,958.8
2025-11,CI-0036,E-commerce,148,79.9,11825.2
2025-11,CI-0036,Marketplace,116,79.9,9268.4
2025-11,CI-0036,Loja própria,95,79.9,7590.5
2025-11,CI-0036,KA-01,52,79.9,4154.8
2025-11,CI-0036,KA-02,42,79.9,3355.8
2025-11,CI-0036,KA-03,37,79.9,2956.3
2025-11,CI-0036,KA-04,21,79.9,1677.9
2025-11,CI-0036,KA-05,15,79.9,1198.5
2025-12,CI-0036,E-commerce,117,79.9,9348.3
2025-12,CI-0036,Marketplace,92,79.9,7350.8
2025-12,CI-0036,Loja própria,75,79.9,5992.5
2025-12,CI-0036,KA-01,42,79.9,3355.8
2025-12,CI-0036,KA-02,33,79.9,2636.7
2025-12,CI-0036,KA-03,29,79.9,2317.1
2025-12,CI-0036,KA-04,16,79.9,1278.4
2025-12,CI-0036,KA-05,12,79.9,958.8
2026-01,CI-0036,E-commerce,122,79.9,9747.8
2026-01,CI-0036,Marketplace,96,79.9,7670.4
2026-01,CI-0036,Loja própria,78,79.9,6232.2
2026-01,CI-0036,KA-01,43,79.9,3435.7
2026-01,CI-0036,KA-02,34,79.9,2716.6
2026-01,CI-0036,KA-03,30,79.9,2397
2026-01,CI-0036,KA-04,17,79.9,1358.3
2026-01,CI-0036,KA-05,13,79.9,1038.7
2026-02,CI-0036,E-commerce,109,79.9,8709.1
2026-02,CI-0036,Marketplace,86,79.9,6871.4
2026-02,CI-0036,Loja própria,70,79.9,5593
2026-02,CI-0036,KA-01,39,79.9,3116.1
2026-02,CI-0036,KA-02,31,79.9,2476.9
2026-02,CI-0036,KA-03,27,79.9,2157.3
2026-02,CI-0036,KA-04,15,79.9,1198.5
2026-02,CI-0036,KA-05,11,79.9,878.9
2026-03,CI-0036,E-commerce,134,79.9,10706.6
2026-03,CI-0036,Marketplace,106,79.9,8469.4
2026-03,CI-0036,Loja própria,86,79.9,6871.4
2026-03,CI-0036,KA-01,48,79.9,3835.2
2026-03,CI-0036,KA-02,38,79.9,3036.2
2026-03,CI-0036,KA-03,33,79.9,2636.7
2026-03,CI-0036,KA-04,19,79.9,1518.1
2026-03,CI-0036,KA-05,14,79.9,1118.6
2026-04,CI-0036,E-commerce,129,79.9,10307.1
2026-04,CI-0036,Marketplace,101,79.9,8069.9
2026-04,CI-0036,Loja própria,82,79.9,6551.8
2026-04,CI-0036,KA-01,46,79.9,3675.4
2026-04,CI-0036,KA-02,36,79.9,2876.4
2026-04,CI-0036,KA-03,32,79.9,2556.8
2026-04,CI-0036,KA-04,18,79.9,1438.2
2026-04,CI-0036,KA-05,13,79.9,1038.7
2026-05,CI-0036,E-commerce,114,79.9,9108.6
2026-05,CI-0036,Marketplace,90,79.9,7191
2026-05,CI-0036,Loja própria,73,79.9,5832.7
2026-05,CI-0036,KA-01,41,79.9,3275.9
2026-05,CI-0036,KA-02,32,79.9,2556.8
2026-05,CI-0036,KA-03,28,79.9,2237.2
2026-05,CI-0036,KA-04,16,79.9,1278.4
2026-05,CI-0036,KA-05,12,79.9,958.8
2026-06,CI-0036,E-commerce,114,79.9,9108.6
2026-06,CI-0036,Marketplace,89,79.9,7111.1
2026-06,CI-0036,Loja própria,73,79.9,5832.7
2026-06,CI-0036,KA-01,40,79.9,3196
2026-06,CI-0036,KA-02,32,79.9,2556.8
2026-06,CI-0036,KA-03,28,79.9,2237.2
2026-06,CI-0036,KA-04,16,79.9,1278.4
2026-06,CI-0036,KA-05,12,79.9,958.8
2026-07,CI-0036,E-commerce,136,79.9,10866.4
2026-07,CI-0036,Marketplace,107,79.9,8549.3
2026-07,CI-0036,Loja própria,87,79.9,6951.3
2026-07,CI-0036,KA-01,48,79.9,3835.2
2026-07,CI-0036,KA-02,39,79.9,3116.1
2026-07,CI-0036,KA-03,34,79.9,2716.6
2026-07,CI-0036,KA-04,19,79.9,1518.1
2026-07,CI-0036,KA-05,14,79.9,1118.6
2026-08,CI-0036,E-commerce,114,79.9,9108.6
2026-08,CI-0036,Marketplace,89,79.9,7111.1
2026-08,CI-0036,Loja própria,73,79.9,5832.7
2026-08,CI-0036,KA-01,40,79.9,3196
2026-08,CI-0036,KA-02,32,79.9,2556.8
2026-08,CI-0036,KA-03,28,79.9,2237.2
2026-08,CI-0036,KA-04,16,79.9,1278.4
2026-08,CI-0036,KA-05,12,79.9,958.8
2024-09,CI-0037,E-commerce,124,84.9,10527.6
2024-09,CI-0037,Marketplace,97,84.9,8235.3
2024-09,CI-0037,Loja própria,79,84.9,6707.1
2024-09,CI-0037,KA-01,44,84.9,3735.6
2024-09,CI-0037,KA-02,35,84.9,2971.5
2024-09,CI-0037,KA-03,31,84.9,2631.9
2024-09,CI-0037,KA-04,17,84.9,1443.3
2024-09,CI-0037,KA-05,13,84.9,1103.7
2024-10,CI-0037,E-commerce,115,84.9,9763.5
2024-10,CI-0037,Marketplace,90,84.9,7641
2024-10,CI-0037,Loja própria,74,84.9,6282.6
2024-10,CI-0037,KA-01,41,84.9,3480.9
2024-10,CI-0037,KA-02,32,84.9,2716.8
2024-10,CI-0037,KA-03,28,84.9,2377.2
2024-10,CI-0037,KA-04,16,84.9,1358.4
2024-10,CI-0037,KA-05,12,84.9,1018.8
2024-11,CI-0037,E-commerce,169,84.9,14348.1
2024-11,CI-0037,Marketplace,133,84.9,11291.7
2024-11,CI-0037,Loja própria,108,84.9,9169.2
2024-11,CI-0037,KA-01,60,84.9,5094
2024-11,CI-0037,KA-02,48,84.9,4075.2
2024-11,CI-0037,KA-03,42,84.9,3565.8
2024-11,CI-0037,KA-04,24,84.9,2037.6
2024-11,CI-0037,KA-05,18,84.9,1528.2
2024-12,CI-0037,E-commerce,138,84.9,11716.2
2024-12,CI-0037,Marketplace,109,84.9,9254.1
2024-12,CI-0037,Loja própria,89,84.9,7556.1
2024-12,CI-0037,KA-01,49,84.9,4160.1
2024-12,CI-0037,KA-02,39,84.9,3311.1
2024-12,CI-0037,KA-03,34,84.9,2886.6
2024-12,CI-0037,KA-04,19,84.9,1613.1
2024-12,CI-0037,KA-05,14,84.9,1188.6
2025-01,CI-0037,E-commerce,114,84.9,9678.6
2025-01,CI-0037,Marketplace,89,84.9,7556.1
2025-01,CI-0037,Loja própria,73,84.9,6197.7
2025-01,CI-0037,KA-01,40,84.9,3396
2025-01,CI-0037,KA-02,32,84.9,2716.8
2025-01,CI-0037,KA-03,28,84.9,2377.2
2025-01,CI-0037,KA-04,16,84.9,1358.4
2025-01,CI-0037,KA-05,12,84.9,1018.8
2025-02,CI-0037,E-commerce,133,84.9,11291.7
2025-02,CI-0037,Marketplace,104,84.9,8829.6
2025-02,CI-0037,Loja própria,85,84.9,7216.5
2025-02,CI-0037,KA-01,47,84.9,3990.3
2025-02,CI-0037,KA-02,38,84.9,3226.2
2025-02,CI-0037,KA-03,33,84.9,2801.7
2025-02,CI-0037,KA-04,19,84.9,1613.1
2025-02,CI-0037,KA-05,14,84.9,1188.6
2025-03,CI-0037,E-commerce,116,84.9,9848.4
2025-03,CI-0037,Marketplace,91,84.9,7725.9
2025-03,CI-0037,Loja própria,74,84.9,6282.6
2025-03,CI-0037,KA-01,41,84.9,3480.9
2025-03,CI-0037,KA-02,33,84.9,2801.7
2025-03,CI-0037,KA-03,29,84.9,2462.1
2025-03,CI-0037,KA-04,16,84.9,1358.4
2025-03,CI-0037,KA-05,12,84.9,1018.8
2025-04,CI-0037,E-commerce,140,84.9,11886
2025-04,CI-0037,Marketplace,110,84.9,9339
2025-04,CI-0037,Loja própria,90,84.9,7641
2025-04,CI-0037,KA-01,50,84.9,4245
2025-04,CI-0037,KA-02,40,84.9,3396
2025-04,CI-0037,KA-03,35,84.9,2971.5
2025-04,CI-0037,KA-04,20,84.9,1698
2025-04,CI-0037,KA-05,15,84.9,1273.5
2025-05,CI-0037,E-commerce,144,84.9,12225.6
2025-05,CI-0037,Marketplace,113,84.9,9593.7
2025-05,CI-0037,Loja própria,93,84.9,7895.7
2025-05,CI-0037,KA-01,51,84.9,4329.9
2025-05,CI-0037,KA-02,41,84.9,3480.9
2025-05,CI-0037,KA-03,36,84.9,3056.4
2025-05,CI-0037,KA-04,20,84.9,1698
2025-05,CI-0037,KA-05,15,84.9,1273.5
2025-06,CI-0037,E-commerce,141,84.9,11970.9
2025-06,CI-0037,Marketplace,111,84.9,9423.9
2025-06,CI-0037,Loja própria,91,84.9,7725.9
2025-06,CI-0037,KA-01,50,84.9,4245
2025-06,CI-0037,KA-02,40,84.9,3396
2025-06,CI-0037,KA-03,35,84.9,2971.5
2025-06,CI-0037,KA-04,20,84.9,1698
2025-06,CI-0037,KA-05,15,84.9,1273.5
2025-07,CI-0037,E-commerce,140,84.9,11886
2025-07,CI-0037,Marketplace,110,84.9,9339
2025-07,CI-0037,Loja própria,90,84.9,7641
2025-07,CI-0037,KA-01,50,84.9,4245
2025-07,CI-0037,KA-02,40,84.9,3396
2025-07,CI-0037,KA-03,35,84.9,2971.5
2025-07,CI-0037,KA-04,20,84.9,1698
2025-07,CI-0037,KA-05,15,84.9,1273.5
2025-08,CI-0037,E-commerce,138,84.9,11716.2
2025-08,CI-0037,Marketplace,108,84.9,9169.2
2025-08,CI-0037,Loja própria,89,84.9,7556.1
2025-08,CI-0037,KA-01,49,84.9,4160.1
2025-08,CI-0037,KA-02,39,84.9,3311.1
2025-08,CI-0037,KA-03,34,84.9,2886.6
2025-08,CI-0037,KA-04,19,84.9,1613.1
2025-08,CI-0037,KA-05,14,84.9,1188.6
2025-09,CI-0037,E-commerce,140,84.9,11886
2025-09,CI-0037,Marketplace,110,84.9,9339
2025-09,CI-0037,Loja própria,90,84.9,7641
2025-09,CI-0037,KA-01,50,84.9,4245
2025-09,CI-0037,KA-02,40,84.9,3396
2025-09,CI-0037,KA-03,35,84.9,2971.5
2025-09,CI-0037,KA-04,20,84.9,1698
2025-09,CI-0037,KA-05,15,84.9,1273.5
2025-10,CI-0037,E-commerce,138,84.9,11716.2
2025-10,CI-0037,Marketplace,109,84.9,9254.1
2025-10,CI-0037,Loja própria,89,84.9,7556.1
2025-10,CI-0037,KA-01,49,84.9,4160.1
2025-10,CI-0037,KA-02,39,84.9,3311.1
2025-10,CI-0037,KA-03,34,84.9,2886.6
2025-10,CI-0037,KA-04,19,84.9,1613.1
2025-10,CI-0037,KA-05,14,84.9,1188.6
2025-11,CI-0037,E-commerce,167,84.9,14178.3
2025-11,CI-0037,Marketplace,131,84.9,11121.9
2025-11,CI-0037,Loja própria,107,84.9,9084.3
2025-11,CI-0037,KA-01,59,84.9,5009.1
2025-11,CI-0037,KA-02,47,84.9,3990.3
2025-11,CI-0037,KA-03,41,84.9,3480.9
2025-11,CI-0037,KA-04,23,84.9,1952.7
2025-11,CI-0037,KA-05,17,84.9,1443.3
2025-12,CI-0037,E-commerce,145,84.9,12310.5
2025-12,CI-0037,Marketplace,114,84.9,9678.6
2025-12,CI-0037,Loja própria,93,84.9,7895.7
2025-12,CI-0037,KA-01,52,84.9,4414.8
2025-12,CI-0037,KA-02,41,84.9,3480.9
2025-12,CI-0037,KA-03,36,84.9,3056.4
2025-12,CI-0037,KA-04,20,84.9,1698
2025-12,CI-0037,KA-05,15,84.9,1273.5
2026-01,CI-0037,E-commerce,137,84.9,11631.3
2026-01,CI-0037,Marketplace,108,84.9,9169.2
2026-01,CI-0037,Loja própria,88,84.9,7471.2
2026-01,CI-0037,KA-01,49,84.9,4160.1
2026-01,CI-0037,KA-02,39,84.9,3311.1
2026-01,CI-0037,KA-03,34,84.9,2886.6
2026-01,CI-0037,KA-04,19,84.9,1613.1
2026-01,CI-0037,KA-05,14,84.9,1188.6
2026-02,CI-0037,E-commerce,144,84.9,12225.6
2026-02,CI-0037,Marketplace,113,84.9,9593.7
2026-02,CI-0037,Loja própria,92,84.9,7810.8
2026-02,CI-0037,KA-01,51,84.9,4329.9
2026-02,CI-0037,KA-02,41,84.9,3480.9
2026-02,CI-0037,KA-03,36,84.9,3056.4
2026-02,CI-0037,KA-04,20,84.9,1698
2026-02,CI-0037,KA-05,15,84.9,1273.5
2026-03,CI-0037,E-commerce,147,84.9,12480.3
2026-03,CI-0037,Marketplace,115,84.9,9763.5
2026-03,CI-0037,Loja própria,94,84.9,7980.6
2026-03,CI-0037,KA-01,52,84.9,4414.8
2026-03,CI-0037,KA-02,42,84.9,3565.8
2026-03,CI-0037,KA-03,36,84.9,3056.4
2026-03,CI-0037,KA-04,21,84.9,1782.9
2026-03,CI-0037,KA-05,15,84.9,1273.5
2026-04,CI-0037,E-commerce,150,84.9,12735
2026-04,CI-0037,Marketplace,118,84.9,10018.2
2026-04,CI-0037,Loja própria,96,84.9,8150.4
2026-04,CI-0037,KA-01,53,84.9,4499.7
2026-04,CI-0037,KA-02,43,84.9,3650.7
2026-04,CI-0037,KA-03,37,84.9,3141.3
2026-04,CI-0037,KA-04,21,84.9,1782.9
2026-04,CI-0037,KA-05,16,84.9,1358.4
2026-05,CI-0037,E-commerce,148,84.9,12565.2
2026-05,CI-0037,Marketplace,116,84.9,9848.4
2026-05,CI-0037,Loja própria,95,84.9,8065.5
2026-05,CI-0037,KA-01,53,84.9,4499.7
2026-05,CI-0037,KA-02,42,84.9,3565.8
2026-05,CI-0037,KA-03,37,84.9,3141.3
2026-05,CI-0037,KA-04,21,84.9,1782.9
2026-05,CI-0037,KA-05,15,84.9,1273.5
2026-06,CI-0037,E-commerce,131,84.9,11121.9
2026-06,CI-0037,Marketplace,102,84.9,8659.8
2026-06,CI-0037,Loja própria,84,84.9,7131.6
2026-06,CI-0037,KA-01,46,84.9,3905.4
2026-06,CI-0037,KA-02,37,84.9,3141.3
2026-06,CI-0037,KA-03,32,84.9,2716.8
2026-06,CI-0037,KA-04,18,84.9,1528.2
2026-06,CI-0037,KA-05,14,84.9,1188.6
2026-07,CI-0037,E-commerce,154,84.9,13074.6
2026-07,CI-0037,Marketplace,121,84.9,10272.9
2026-07,CI-0037,Loja própria,99,84.9,8405.1
2026-07,CI-0037,KA-01,55,84.9,4669.5
2026-07,CI-0037,KA-02,44,84.9,3735.6
2026-07,CI-0037,KA-03,38,84.9,3226.2
2026-07,CI-0037,KA-04,22,84.9,1867.8
2026-07,CI-0037,KA-05,16,84.9,1358.4
2026-08,CI-0037,E-commerce,151,84.9,12819.9
2026-08,CI-0037,Marketplace,118,84.9,10018.2
2026-08,CI-0037,Loja própria,97,84.9,8235.3
2026-08,CI-0037,KA-01,54,84.9,4584.6
2026-08,CI-0037,KA-02,43,84.9,3650.7
2026-08,CI-0037,KA-03,37,84.9,3141.3
2026-08,CI-0037,KA-04,21,84.9,1782.9
2026-08,CI-0037,KA-05,16,84.9,1358.4
2024-09,CI-0038,E-commerce,149,29.9,4455.1
2024-09,CI-0038,Marketplace,117,29.9,3498.3
2024-09,CI-0038,Loja própria,96,29.9,2870.4
2024-09,CI-0038,KA-01,53,29.9,1584.7
2024-09,CI-0038,KA-02,42,29.9,1255.8
2024-09,CI-0038,KA-03,37,29.9,1106.3
2024-09,CI-0038,KA-04,21,29.9,627.9
2024-09,CI-0038,KA-05,16,29.9,478.4
2024-10,CI-0038,E-commerce,159,29.9,4754.1
2024-10,CI-0038,Marketplace,125,29.9,3737.5
2024-10,CI-0038,Loja própria,102,29.9,3049.8
2024-10,CI-0038,KA-01,56,29.9,1674.4
2024-10,CI-0038,KA-02,45,29.9,1345.5
2024-10,CI-0038,KA-03,39,29.9,1166.1
2024-10,CI-0038,KA-04,22,29.9,657.8
2024-10,CI-0038,KA-05,17,29.9,508.3
2024-11,CI-0038,E-commerce,193,29.9,5770.7
2024-11,CI-0038,Marketplace,152,29.9,4544.8
2024-11,CI-0038,Loja própria,124,29.9,3707.6
2024-11,CI-0038,KA-01,69,29.9,2063.1
2024-11,CI-0038,KA-02,55,29.9,1644.5
2024-11,CI-0038,KA-03,48,29.9,1435.2
2024-11,CI-0038,KA-04,27,29.9,807.3
2024-11,CI-0038,KA-05,20,29.9,598
2024-12,CI-0038,E-commerce,146,29.9,4365.4
2024-12,CI-0038,Marketplace,114,29.9,3408.6
2024-12,CI-0038,Loja própria,93,29.9,2780.7
2024-12,CI-0038,KA-01,52,29.9,1554.8
2024-12,CI-0038,KA-02,41,29.9,1225.9
2024-12,CI-0038,KA-03,36,29.9,1076.4
2024-12,CI-0038,KA-04,20,29.9,598
2024-12,CI-0038,KA-05,15,29.9,448.5
2025-01,CI-0038,E-commerce,138,29.9,4126.2
2025-01,CI-0038,Marketplace,109,29.9,3259.1
2025-01,CI-0038,Loja própria,89,29.9,2661.1
2025-01,CI-0038,KA-01,49,29.9,1465.1
2025-01,CI-0038,KA-02,39,29.9,1166.1
2025-01,CI-0038,KA-03,34,29.9,1016.6
2025-01,CI-0038,KA-04,19,29.9,568.1
2025-01,CI-0038,KA-05,14,29.9,418.6
2025-02,CI-0038,E-commerce,136,29.9,4066.4
2025-02,CI-0038,Marketplace,107,29.9,3199.3
2025-02,CI-0038,Loja própria,87,29.9,2601.3
2025-02,CI-0038,KA-01,48,29.9,1435.2
2025-02,CI-0038,KA-02,39,29.9,1166.1
2025-02,CI-0038,KA-03,34,29.9,1016.6
2025-02,CI-0038,KA-04,19,29.9,568.1
2025-02,CI-0038,KA-05,14,29.9,418.6
2025-03,CI-0038,E-commerce,158,29.9,4724.2
2025-03,CI-0038,Marketplace,124,29.9,3707.6
2025-03,CI-0038,Loja própria,101,29.9,3019.9
2025-03,CI-0038,KA-01,56,29.9,1674.4
2025-03,CI-0038,KA-02,45,29.9,1345.5
2025-03,CI-0038,KA-03,39,29.9,1166.1
2025-03,CI-0038,KA-04,22,29.9,657.8
2025-03,CI-0038,KA-05,16,29.9,478.4
2025-04,CI-0038,E-commerce,138,29.9,4126.2
2025-04,CI-0038,Marketplace,108,29.9,3229.2
2025-04,CI-0038,Loja própria,88,29.9,2631.2
2025-04,CI-0038,KA-01,49,29.9,1465.1
2025-04,CI-0038,KA-02,39,29.9,1166.1
2025-04,CI-0038,KA-03,34,29.9,1016.6
2025-04,CI-0038,KA-04,19,29.9,568.1
2025-04,CI-0038,KA-05,14,29.9,418.6
2025-05,CI-0038,E-commerce,158,29.9,4724.2
2025-05,CI-0038,Marketplace,124,29.9,3707.6
2025-05,CI-0038,Loja própria,101,29.9,3019.9
2025-05,CI-0038,KA-01,56,29.9,1674.4
2025-05,CI-0038,KA-02,45,29.9,1345.5
2025-05,CI-0038,KA-03,39,29.9,1166.1
2025-05,CI-0038,KA-04,22,29.9,657.8
2025-05,CI-0038,KA-05,16,29.9,478.4
2025-06,CI-0038,E-commerce,157,29.9,4694.3
2025-06,CI-0038,Marketplace,123,29.9,3677.7
2025-06,CI-0038,Loja própria,101,29.9,3019.9
2025-06,CI-0038,KA-01,56,29.9,1674.4
2025-06,CI-0038,KA-02,44,29.9,1315.6
2025-06,CI-0038,KA-03,39,29.9,1166.1
2025-06,CI-0038,KA-04,22,29.9,657.8
2025-06,CI-0038,KA-05,16,29.9,478.4
2025-07,CI-0038,E-commerce,147,29.9,4395.3
2025-07,CI-0038,Marketplace,115,29.9,3438.5
2025-07,CI-0038,Loja própria,94,29.9,2810.6
2025-07,CI-0038,KA-01,52,29.9,1554.8
2025-07,CI-0038,KA-02,42,29.9,1255.8
2025-07,CI-0038,KA-03,36,29.9,1076.4
2025-07,CI-0038,KA-04,21,29.9,627.9
2025-07,CI-0038,KA-05,15,29.9,448.5
2025-08,CI-0038,E-commerce,164,29.9,4903.6
2025-08,CI-0038,Marketplace,129,29.9,3857.1
2025-08,CI-0038,Loja própria,105,29.9,3139.5
2025-08,CI-0038,KA-01,58,29.9,1734.2
2025-08,CI-0038,KA-02,47,29.9,1405.3
2025-08,CI-0038,KA-03,41,29.9,1225.9
2025-08,CI-0038,KA-04,23,29.9,687.7
2025-08,CI-0038,KA-05,17,29.9,508.3
2025-09,CI-0038,E-commerce,158,29.9,4724.2
2025-09,CI-0038,Marketplace,124,29.9,3707.6
2025-09,CI-0038,Loja própria,101,29.9,3019.9
2025-09,CI-0038,KA-01,56,29.9,1674.4
2025-09,CI-0038,KA-02,45,29.9,1345.5
2025-09,CI-0038,KA-03,39,29.9,1166.1
2025-09,CI-0038,KA-04,22,29.9,657.8
2025-09,CI-0038,KA-05,16,29.9,478.4
2025-10,CI-0038,E-commerce,133,29.9,3976.7
2025-10,CI-0038,Marketplace,104,29.9,3109.6
2025-10,CI-0038,Loja própria,85,29.9,2541.5
2025-10,CI-0038,KA-01,47,29.9,1405.3
2025-10,CI-0038,KA-02,38,29.9,1136.2
2025-10,CI-0038,KA-03,33,29.9,986.7
2025-10,CI-0038,KA-04,19,29.9,568.1
2025-10,CI-0038,KA-05,14,29.9,418.6
2025-11,CI-0038,E-commerce,184,29.9,5501.6
2025-11,CI-0038,Marketplace,145,29.9,4335.5
2025-11,CI-0038,Loja própria,118,29.9,3528.2
2025-11,CI-0038,KA-01,66,29.9,1973.4
2025-11,CI-0038,KA-02,52,29.9,1554.8
2025-11,CI-0038,KA-03,46,29.9,1375.4
2025-11,CI-0038,KA-04,26,29.9,777.4
2025-11,CI-0038,KA-05,19,29.9,568.1
2025-12,CI-0038,E-commerce,135,29.9,4036.5
2025-12,CI-0038,Marketplace,106,29.9,3169.4
2025-12,CI-0038,Loja própria,87,29.9,2601.3
2025-12,CI-0038,KA-01,48,29.9,1435.2
2025-12,CI-0038,KA-02,38,29.9,1136.2
2025-12,CI-0038,KA-03,33,29.9,986.7
2025-12,CI-0038,KA-04,19,29.9,568.1
2025-12,CI-0038,KA-05,14,29.9,418.6
2026-01,CI-0038,E-commerce,149,29.9,4455.1
2026-01,CI-0038,Marketplace,117,29.9,3498.3
2026-01,CI-0038,Loja própria,96,29.9,2870.4
2026-01,CI-0038,KA-01,53,29.9,1584.7
2026-01,CI-0038,KA-02,42,29.9,1255.8
2026-01,CI-0038,KA-03,37,29.9,1106.3
2026-01,CI-0038,KA-04,21,29.9,627.9
2026-01,CI-0038,KA-05,16,29.9,478.4
2026-02,CI-0038,E-commerce,141,29.9,4215.9
2026-02,CI-0038,Marketplace,111,29.9,3318.9
2026-02,CI-0038,Loja própria,90,29.9,2691
2026-02,CI-0038,KA-01,50,29.9,1495
2026-02,CI-0038,KA-02,40,29.9,1196
2026-02,CI-0038,KA-03,35,29.9,1046.5
2026-02,CI-0038,KA-04,20,29.9,598
2026-02,CI-0038,KA-05,15,29.9,448.5
2026-03,CI-0038,E-commerce,148,29.9,4425.2
2026-03,CI-0038,Marketplace,116,29.9,3468.4
2026-03,CI-0038,Loja própria,95,29.9,2840.5
2026-03,CI-0038,KA-01,52,29.9,1554.8
2026-03,CI-0038,KA-02,42,29.9,1255.8
2026-03,CI-0038,KA-03,37,29.9,1106.3
2026-03,CI-0038,KA-04,21,29.9,627.9
2026-03,CI-0038,KA-05,15,29.9,448.5
2026-04,CI-0038,E-commerce,168,29.9,5023.2
2026-04,CI-0038,Marketplace,132,29.9,3946.8
2026-04,CI-0038,Loja própria,108,29.9,3229.2
2026-04,CI-0038,KA-01,60,29.9,1794
2026-04,CI-0038,KA-02,48,29.9,1435.2
2026-04,CI-0038,KA-03,42,29.9,1255.8
2026-04,CI-0038,KA-04,24,29.9,717.6
2026-04,CI-0038,KA-05,18,29.9,538.2
2026-05,CI-0038,E-commerce,134,29.9,4006.6
2026-05,CI-0038,Marketplace,106,29.9,3169.4
2026-05,CI-0038,Loja própria,86,29.9,2571.4
2026-05,CI-0038,KA-01,48,29.9,1435.2
2026-05,CI-0038,KA-02,38,29.9,1136.2
2026-05,CI-0038,KA-03,33,29.9,986.7
2026-05,CI-0038,KA-04,19,29.9,568.1
2026-05,CI-0038,KA-05,14,29.9,418.6
2026-06,CI-0038,E-commerce,165,29.9,4933.5
2026-06,CI-0038,Marketplace,130,29.9,3887
2026-06,CI-0038,Loja própria,106,29.9,3169.4
2026-06,CI-0038,KA-01,59,29.9,1764.1
2026-06,CI-0038,KA-02,47,29.9,1405.3
2026-06,CI-0038,KA-03,41,29.9,1225.9
2026-06,CI-0038,KA-04,23,29.9,687.7
2026-06,CI-0038,KA-05,17,29.9,508.3
2026-07,CI-0038,E-commerce,146,29.9,4365.4
2026-07,CI-0038,Marketplace,115,29.9,3438.5
2026-07,CI-0038,Loja própria,94,29.9,2810.6
2026-07,CI-0038,KA-01,52,29.9,1554.8
2026-07,CI-0038,KA-02,41,29.9,1225.9
2026-07,CI-0038,KA-03,36,29.9,1076.4
2026-07,CI-0038,KA-04,20,29.9,598
2026-07,CI-0038,KA-05,15,29.9,448.5
2026-08,CI-0038,E-commerce,154,29.9,4604.6
2026-08,CI-0038,Marketplace,121,29.9,3617.9
2026-08,CI-0038,Loja própria,99,29.9,2960.1
2026-08,CI-0038,KA-01,55,29.9,1644.5
2026-08,CI-0038,KA-02,44,29.9,1315.6
2026-08,CI-0038,KA-03,38,29.9,1136.2
2026-08,CI-0038,KA-04,22,29.9,657.8
2026-08,CI-0038,KA-05,16,29.9,478.4
2024-09,CI-0039,E-commerce,159,84.9,13499.1
2024-09,CI-0039,Marketplace,125,84.9,10612.5
2024-09,CI-0039,Loja própria,102,84.9,8659.8
2024-09,CI-0039,KA-01,56,84.9,4754.4
2024-09,CI-0039,KA-02,45,84.9,3820.5
2024-09,CI-0039,KA-03,39,84.9,3311.1
2024-09,CI-0039,KA-04,22,84.9,1867.8
2024-09,CI-0039,KA-05,17,84.9,1443.3
2024-10,CI-0039,E-commerce,156,84.9,13244.4
2024-10,CI-0039,Marketplace,122,84.9,10357.8
2024-10,CI-0039,Loja própria,100,84.9,8490
2024-10,CI-0039,KA-01,55,84.9,4669.5
2024-10,CI-0039,KA-02,44,84.9,3735.6
2024-10,CI-0039,KA-03,39,84.9,3311.1
2024-10,CI-0039,KA-04,22,84.9,1867.8
2024-10,CI-0039,KA-05,16,84.9,1358.4
2024-11,CI-0039,E-commerce,201,84.9,17064.9
2024-11,CI-0039,Marketplace,158,84.9,13414.2
2024-11,CI-0039,Loja própria,129,84.9,10952.1
2024-11,CI-0039,KA-01,72,84.9,6112.8
2024-11,CI-0039,KA-02,57,84.9,4839.3
2024-11,CI-0039,KA-03,50,84.9,4245
2024-11,CI-0039,KA-04,28,84.9,2377.2
2024-11,CI-0039,KA-05,21,84.9,1782.9
2024-12,CI-0039,E-commerce,175,84.9,14857.5
2024-12,CI-0039,Marketplace,137,84.9,11631.3
2024-12,CI-0039,Loja própria,112,84.9,9508.8
2024-12,CI-0039,KA-01,62,84.9,5263.8
2024-12,CI-0039,KA-02,50,84.9,4245
2024-12,CI-0039,KA-03,43,84.9,3650.7
2024-12,CI-0039,KA-04,25,84.9,2122.5
2024-12,CI-0039,KA-05,18,84.9,1528.2
2025-01,CI-0039,E-commerce,366,84.9,31073.4
2025-01,CI-0039,Marketplace,288,84.9,24451.2
2025-01,CI-0039,Loja própria,235,84.9,19951.5
2025-01,CI-0039,KA-01,131,84.9,11121.9
2025-01,CI-0039,KA-02,104,84.9,8829.6
2025-01,CI-0039,KA-03,91,84.9,7725.9
2025-01,CI-0039,KA-04,52,84.9,4414.8
2025-01,CI-0039,KA-05,39,84.9,3311.1
2025-02,CI-0039,E-commerce,376,84.9,31922.4
2025-02,CI-0039,Marketplace,296,84.9,25130.4
2025-02,CI-0039,Loja própria,242,84.9,20545.8
2025-02,CI-0039,KA-01,134,84.9,11376.6
2025-02,CI-0039,KA-02,107,84.9,9084.3
2025-02,CI-0039,KA-03,94,84.9,7980.6
2025-02,CI-0039,KA-04,53,84.9,4499.7
2025-02,CI-0039,KA-05,40,84.9,3396
2025-03,CI-0039,E-commerce,156,84.9,13244.4
2025-03,CI-0039,Marketplace,122,84.9,10357.8
2025-03,CI-0039,Loja própria,100,84.9,8490
2025-03,CI-0039,KA-01,55,84.9,4669.5
2025-03,CI-0039,KA-02,44,84.9,3735.6
2025-03,CI-0039,KA-03,39,84.9,3311.1
2025-03,CI-0039,KA-04,22,84.9,1867.8
2025-03,CI-0039,KA-05,16,84.9,1358.4
2025-04,CI-0039,E-commerce,165,84.9,14008.5
2025-04,CI-0039,Marketplace,130,84.9,11037
2025-04,CI-0039,Loja própria,106,84.9,8999.4
2025-04,CI-0039,KA-01,59,84.9,5009.1
2025-04,CI-0039,KA-02,47,84.9,3990.3
2025-04,CI-0039,KA-03,41,84.9,3480.9
2025-04,CI-0039,KA-04,23,84.9,1952.7
2025-04,CI-0039,KA-05,17,84.9,1443.3
2025-05,CI-0039,E-commerce,176,84.9,14942.4
2025-05,CI-0039,Marketplace,138,84.9,11716.2
2025-05,CI-0039,Loja própria,113,84.9,9593.7
2025-05,CI-0039,KA-01,63,84.9,5348.7
2025-05,CI-0039,KA-02,50,84.9,4245
2025-05,CI-0039,KA-03,44,84.9,3735.6
2025-05,CI-0039,KA-04,25,84.9,2122.5
2025-05,CI-0039,KA-05,18,84.9,1528.2
2025-06,CI-0039,E-commerce,144,84.9,12225.6
2025-06,CI-0039,Marketplace,113,84.9,9593.7
2025-06,CI-0039,Loja própria,93,84.9,7895.7
2025-06,CI-0039,KA-01,51,84.9,4329.9
2025-06,CI-0039,KA-02,41,84.9,3480.9
2025-06,CI-0039,KA-03,36,84.9,3056.4
2025-06,CI-0039,KA-04,20,84.9,1698
2025-06,CI-0039,KA-05,15,84.9,1273.5
2025-07,CI-0039,E-commerce,161,84.9,13668.9
2025-07,CI-0039,Marketplace,126,84.9,10697.4
2025-07,CI-0039,Loja própria,103,84.9,8744.7
2025-07,CI-0039,KA-01,57,84.9,4839.3
2025-07,CI-0039,KA-02,46,84.9,3905.4
2025-07,CI-0039,KA-03,40,84.9,3396
2025-07,CI-0039,KA-04,23,84.9,1952.7
2025-07,CI-0039,KA-05,17,84.9,1443.3
2025-08,CI-0039,E-commerce,166,84.9,14093.4
2025-08,CI-0039,Marketplace,130,84.9,11037
2025-08,CI-0039,Loja própria,107,84.9,9084.3
2025-08,CI-0039,KA-01,59,84.9,5009.1
2025-08,CI-0039,KA-02,47,84.9,3990.3
2025-08,CI-0039,KA-03,41,84.9,3480.9
2025-08,CI-0039,KA-04,23,84.9,1952.7
2025-08,CI-0039,KA-05,17,84.9,1443.3
2025-09,CI-0039,E-commerce,163,84.9,13838.7
2025-09,CI-0039,Marketplace,128,84.9,10867.2
2025-09,CI-0039,Loja própria,105,84.9,8914.5
2025-09,CI-0039,KA-01,58,84.9,4924.2
2025-09,CI-0039,KA-02,46,84.9,3905.4
2025-09,CI-0039,KA-03,40,84.9,3396
2025-09,CI-0039,KA-04,23,84.9,1952.7
2025-09,CI-0039,KA-05,17,84.9,1443.3
2025-10,CI-0039,E-commerce,160,84.9,13584
2025-10,CI-0039,Marketplace,126,84.9,10697.4
2025-10,CI-0039,Loja própria,103,84.9,8744.7
2025-10,CI-0039,KA-01,57,84.9,4839.3
2025-10,CI-0039,KA-02,45,84.9,3820.5
2025-10,CI-0039,KA-03,40,84.9,3396
2025-10,CI-0039,KA-04,22,84.9,1867.8
2025-10,CI-0039,KA-05,17,84.9,1443.3
2025-11,CI-0039,E-commerce,233,84.9,19781.7
2025-11,CI-0039,Marketplace,183,84.9,15536.7
2025-11,CI-0039,Loja própria,150,84.9,12735
2025-11,CI-0039,KA-01,83,84.9,7046.7
2025-11,CI-0039,KA-02,66,84.9,5603.4
2025-11,CI-0039,KA-03,58,84.9,4924.2
2025-11,CI-0039,KA-04,33,84.9,2801.7
2025-11,CI-0039,KA-05,25,84.9,2122.5
2025-12,CI-0039,E-commerce,178,84.9,15112.2
2025-12,CI-0039,Marketplace,140,84.9,11886
2025-12,CI-0039,Loja própria,114,84.9,9678.6
2025-12,CI-0039,KA-01,63,84.9,5348.7
2025-12,CI-0039,KA-02,51,84.9,4329.9
2025-12,CI-0039,KA-03,44,84.9,3735.6
2025-12,CI-0039,KA-04,25,84.9,2122.5
2025-12,CI-0039,KA-05,19,84.9,1613.1
2026-01,CI-0039,E-commerce,357,84.9,30309.3
2026-01,CI-0039,Marketplace,281,84.9,23856.9
2026-01,CI-0039,Loja própria,230,84.9,19527
2026-01,CI-0039,KA-01,127,84.9,10782.3
2026-01,CI-0039,KA-02,102,84.9,8659.8
2026-01,CI-0039,KA-03,89,84.9,7556.1
2026-01,CI-0039,KA-04,51,84.9,4329.9
2026-01,CI-0039,KA-05,38,84.9,3226.2
2026-02,CI-0039,E-commerce,357,84.9,30309.3
2026-02,CI-0039,Marketplace,280,84.9,23772
2026-02,CI-0039,Loja própria,229,84.9,19442.1
2026-02,CI-0039,KA-01,127,84.9,10782.3
2026-02,CI-0039,KA-02,102,84.9,8659.8
2026-02,CI-0039,KA-03,89,84.9,7556.1
2026-02,CI-0039,KA-04,51,84.9,4329.9
2026-02,CI-0039,KA-05,38,84.9,3226.2
2026-03,CI-0039,E-commerce,168,84.9,14263.2
2026-03,CI-0039,Marketplace,132,84.9,11206.8
2026-03,CI-0039,Loja própria,108,84.9,9169.2
2026-03,CI-0039,KA-01,60,84.9,5094
2026-03,CI-0039,KA-02,48,84.9,4075.2
2026-03,CI-0039,KA-03,42,84.9,3565.8
2026-03,CI-0039,KA-04,24,84.9,2037.6
2026-03,CI-0039,KA-05,18,84.9,1528.2
2026-04,CI-0039,E-commerce,181,84.9,15366.9
2026-04,CI-0039,Marketplace,142,84.9,12055.8
2026-04,CI-0039,Loja própria,116,84.9,9848.4
2026-04,CI-0039,KA-01,64,84.9,5433.6
2026-04,CI-0039,KA-02,51,84.9,4329.9
2026-04,CI-0039,KA-03,45,84.9,3820.5
2026-04,CI-0039,KA-04,25,84.9,2122.5
2026-04,CI-0039,KA-05,19,84.9,1613.1
2026-05,CI-0039,E-commerce,172,84.9,14602.8
2026-05,CI-0039,Marketplace,135,84.9,11461.5
2026-05,CI-0039,Loja própria,110,84.9,9339
2026-05,CI-0039,KA-01,61,84.9,5178.9
2026-05,CI-0039,KA-02,49,84.9,4160.1
2026-05,CI-0039,KA-03,43,84.9,3650.7
2026-05,CI-0039,KA-04,24,84.9,2037.6
2026-05,CI-0039,KA-05,18,84.9,1528.2
2026-06,CI-0039,E-commerce,180,84.9,15282
2026-06,CI-0039,Marketplace,141,84.9,11970.9
2026-06,CI-0039,Loja própria,115,84.9,9763.5
2026-06,CI-0039,KA-01,64,84.9,5433.6
2026-06,CI-0039,KA-02,51,84.9,4329.9
2026-06,CI-0039,KA-03,45,84.9,3820.5
2026-06,CI-0039,KA-04,25,84.9,2122.5
2026-06,CI-0039,KA-05,19,84.9,1613.1
2026-07,CI-0039,E-commerce,187,84.9,15876.3
2026-07,CI-0039,Marketplace,147,84.9,12480.3
2026-07,CI-0039,Loja própria,120,84.9,10188
2026-07,CI-0039,KA-01,66,84.9,5603.4
2026-07,CI-0039,KA-02,53,84.9,4499.7
2026-07,CI-0039,KA-03,46,84.9,3905.4
2026-07,CI-0039,KA-04,26,84.9,2207.4
2026-07,CI-0039,KA-05,20,84.9,1698
2026-08,CI-0039,E-commerce,168,84.9,14263.2
2026-08,CI-0039,Marketplace,132,84.9,11206.8
2026-08,CI-0039,Loja própria,108,84.9,9169.2
2026-08,CI-0039,KA-01,60,84.9,5094
2026-08,CI-0039,KA-02,48,84.9,4075.2
2026-08,CI-0039,KA-03,42,84.9,3565.8
2026-08,CI-0039,KA-04,24,84.9,2037.6
2026-08,CI-0039,KA-05,18,84.9,1528.2
2024-09,CI-0040,E-commerce,184,129.9,23901.6
2024-09,CI-0040,Marketplace,144,129.9,18705.6
2024-09,CI-0040,Loja própria,118,129.9,15328.2
2024-09,CI-0040,KA-01,65,129.9,8443.5
2024-09,CI-0040,KA-02,52,129.9,6754.8
2024-09,CI-0040,KA-03,46,129.9,5975.4
2024-09,CI-0040,KA-04,26,129.9,3377.4
2024-09,CI-0040,KA-05,19,129.9,2468.1
2024-10,CI-0040,E-commerce,150,129.9,19485
2024-10,CI-0040,Marketplace,118,129.9,15328.2
2024-10,CI-0040,Loja própria,96,129.9,12470.4
2024-10,CI-0040,KA-01,53,129.9,6884.7
2024-10,CI-0040,KA-02,43,129.9,5585.7
2024-10,CI-0040,KA-03,37,129.9,4806.3
2024-10,CI-0040,KA-04,21,129.9,2727.9
2024-10,CI-0040,KA-05,16,129.9,2078.4
2024-11,CI-0040,E-commerce,215,129.9,27928.5
2024-11,CI-0040,Marketplace,169,129.9,21953.1
2024-11,CI-0040,Loja própria,138,129.9,17926.2
2024-11,CI-0040,KA-01,77,129.9,10002.3
2024-11,CI-0040,KA-02,61,129.9,7923.9
2024-11,CI-0040,KA-03,53,129.9,6884.7
2024-11,CI-0040,KA-04,30,129.9,3897
2024-11,CI-0040,KA-05,23,129.9,2987.7
2024-12,CI-0040,E-commerce,160,129.9,20784
2024-12,CI-0040,Marketplace,126,129.9,16367.4
2024-12,CI-0040,Loja própria,103,129.9,13379.7
2024-12,CI-0040,KA-01,57,129.9,7404.3
2024-12,CI-0040,KA-02,45,129.9,5845.5
2024-12,CI-0040,KA-03,40,129.9,5196
2024-12,CI-0040,KA-04,22,129.9,2857.8
2024-12,CI-0040,KA-05,17,129.9,2208.3
2025-01,CI-0040,E-commerce,155,129.9,20134.5
2025-01,CI-0040,Marketplace,122,129.9,15847.8
2025-01,CI-0040,Loja própria,100,129.9,12990
2025-01,CI-0040,KA-01,55,129.9,7144.5
2025-01,CI-0040,KA-02,44,129.9,5715.6
2025-01,CI-0040,KA-03,38,129.9,4936.2
2025-01,CI-0040,KA-04,22,129.9,2857.8
2025-01,CI-0040,KA-05,16,129.9,2078.4
2025-02,CI-0040,E-commerce,157,129.9,20394.3
2025-02,CI-0040,Marketplace,123,129.9,15977.7
2025-02,CI-0040,Loja própria,101,129.9,13119.9
2025-02,CI-0040,KA-01,56,129.9,7274.4
2025-02,CI-0040,KA-02,45,129.9,5845.5
2025-02,CI-0040,KA-03,39,129.9,5066.1
2025-02,CI-0040,KA-04,22,129.9,2857.8
2025-02,CI-0040,KA-05,16,129.9,2078.4
2025-03,CI-0040,E-commerce,148,129.9,19225.2
2025-03,CI-0040,Marketplace,116,129.9,15068.4
2025-03,CI-0040,Loja própria,95,129.9,12340.5
2025-03,CI-0040,KA-01,53,129.9,6884.7
2025-03,CI-0040,KA-02,42,129.9,5455.8
2025-03,CI-0040,KA-03,37,129.9,4806.3
2025-03,CI-0040,KA-04,21,129.9,2727.9
2025-03,CI-0040,KA-05,15,129.9,1948.5
2025-04,CI-0040,E-commerce,151,129.9,19614.9
2025-04,CI-0040,Marketplace,119,129.9,15458.1
2025-04,CI-0040,Loja própria,97,129.9,12600.3
2025-04,CI-0040,KA-01,54,129.9,7014.6
2025-04,CI-0040,KA-02,43,129.9,5585.7
2025-04,CI-0040,KA-03,37,129.9,4806.3
2025-04,CI-0040,KA-04,21,129.9,2727.9
2025-04,CI-0040,KA-05,16,129.9,2078.4
2025-05,CI-0040,E-commerce,146,129.9,18965.4
2025-05,CI-0040,Marketplace,115,129.9,14938.5
2025-05,CI-0040,Loja própria,94,129.9,12210.6
2025-05,CI-0040,KA-01,52,129.9,6754.8
2025-05,CI-0040,KA-02,41,129.9,5325.9
2025-05,CI-0040,KA-03,36,129.9,4676.4
2025-05,CI-0040,KA-04,20,129.9,2598
2025-05,CI-0040,KA-05,15,129.9,1948.5
2025-06,CI-0040,E-commerce,140,129.9,18186
2025-06,CI-0040,Marketplace,110,129.9,14289
2025-06,CI-0040,Loja própria,90,129.9,11691
2025-06,CI-0040,KA-01,50,129.9,6495
2025-06,CI-0040,KA-02,40,129.9,5196
2025-06,CI-0040,KA-03,35,129.9,4546.5
2025-06,CI-0040,KA-04,20,129.9,2598
2025-06,CI-0040,KA-05,15,129.9,1948.5
2025-07,CI-0040,E-commerce,135,129.9,17536.5
2025-07,CI-0040,Marketplace,106,129.9,13769.4
2025-07,CI-0040,Loja própria,86,129.9,11171.4
2025-07,CI-0040,KA-01,48,129.9,6235.2
2025-07,CI-0040,KA-02,38,129.9,4936.2
2025-07,CI-0040,KA-03,33,129.9,4286.7
2025-07,CI-0040,KA-04,19,129.9,2468.1
2025-07,CI-0040,KA-05,14,129.9,1818.6
2025-08,CI-0040,E-commerce,119,129.9,15458.1
2025-08,CI-0040,Marketplace,93,129.9,12080.7
2025-08,CI-0040,Loja própria,76,129.9,9872.4
2025-08,CI-0040,KA-01,42,129.9,5455.8
2025-08,CI-0040,KA-02,34,129.9,4416.6
2025-08,CI-0040,KA-03,29,129.9,3767.1
2025-08,CI-0040,KA-04,17,129.9,2208.3
2025-08,CI-0040,KA-05,12,129.9,1558.8
2025-09,CI-0040,E-commerce,128,129.9,16627.2
2025-09,CI-0040,Marketplace,100,129.9,12990
2025-09,CI-0040,Loja própria,82,129.9,10651.8
2025-09,CI-0040,KA-01,45,129.9,5845.5
2025-09,CI-0040,KA-02,36,129.9,4676.4
2025-09,CI-0040,KA-03,32,129.9,4156.8
2025-09,CI-0040,KA-04,18,129.9,2338.2
2025-09,CI-0040,KA-05,13,129.9,1688.7
2025-10,CI-0040,E-commerce,122,129.9,15847.8
2025-10,CI-0040,Marketplace,96,129.9,12470.4
2025-10,CI-0040,Loja própria,79,129.9,10262.1
2025-10,CI-0040,KA-01,43,129.9,5585.7
2025-10,CI-0040,KA-02,35,129.9,4546.5
2025-10,CI-0040,KA-03,30,129.9,3897
2025-10,CI-0040,KA-04,17,129.9,2208.3
2025-10,CI-0040,KA-05,13,129.9,1688.7
2025-11,CI-0040,E-commerce,172,129.9,22342.8
2025-11,CI-0040,Marketplace,135,129.9,17536.5
2025-11,CI-0040,Loja própria,110,129.9,14289
2025-11,CI-0040,KA-01,61,129.9,7923.9
2025-11,CI-0040,KA-02,49,129.9,6365.1
2025-11,CI-0040,KA-03,43,129.9,5585.7
2025-11,CI-0040,KA-04,24,129.9,3117.6
2025-11,CI-0040,KA-05,18,129.9,2338.2
2025-12,CI-0040,E-commerce,118,129.9,15328.2
2025-12,CI-0040,Marketplace,93,129.9,12080.7
2025-12,CI-0040,Loja própria,76,129.9,9872.4
2025-12,CI-0040,KA-01,42,129.9,5455.8
2025-12,CI-0040,KA-02,33,129.9,4286.7
2025-12,CI-0040,KA-03,29,129.9,3767.1
2025-12,CI-0040,KA-04,16,129.9,2078.4
2025-12,CI-0040,KA-05,12,129.9,1558.8
2026-01,CI-0040,E-commerce,122,129.9,15847.8
2026-01,CI-0040,Marketplace,96,129.9,12470.4
2026-01,CI-0040,Loja própria,78,129.9,10132.2
2026-01,CI-0040,KA-01,43,129.9,5585.7
2026-01,CI-0040,KA-02,34,129.9,4416.6
2026-01,CI-0040,KA-03,30,129.9,3897
2026-01,CI-0040,KA-04,17,129.9,2208.3
2026-01,CI-0040,KA-05,13,129.9,1688.7
2026-02,CI-0040,E-commerce,103,129.9,13379.7
2026-02,CI-0040,Marketplace,81,129.9,10521.9
2026-02,CI-0040,Loja própria,66,129.9,8573.4
2026-02,CI-0040,KA-01,36,129.9,4676.4
2026-02,CI-0040,KA-02,29,129.9,3767.1
2026-02,CI-0040,KA-03,25,129.9,3247.5
2026-02,CI-0040,KA-04,14,129.9,1818.6
2026-02,CI-0040,KA-05,11,129.9,1428.9
2026-03,CI-0040,E-commerce,99,129.9,12860.1
2026-03,CI-0040,Marketplace,77,129.9,10002.3
2026-03,CI-0040,Loja própria,63,129.9,8183.7
2026-03,CI-0040,KA-01,35,129.9,4546.5
2026-03,CI-0040,KA-02,28,129.9,3637.2
2026-03,CI-0040,KA-03,24,129.9,3117.6
2026-03,CI-0040,KA-04,14,129.9,1818.6
2026-03,CI-0040,KA-05,10,129.9,1299
2026-04,CI-0040,E-commerce,104,129.9,13509.6
2026-04,CI-0040,Marketplace,82,129.9,10651.8
2026-04,CI-0040,Loja própria,67,129.9,8703.3
2026-04,CI-0040,KA-01,37,129.9,4806.3
2026-04,CI-0040,KA-02,29,129.9,3767.1
2026-04,CI-0040,KA-03,26,129.9,3377.4
2026-04,CI-0040,KA-04,14,129.9,1818.6
2026-04,CI-0040,KA-05,11,129.9,1428.9
2026-05,CI-0040,E-commerce,99,129.9,12860.1
2026-05,CI-0040,Marketplace,78,129.9,10132.2
2026-05,CI-0040,Loja própria,64,129.9,8313.6
2026-05,CI-0040,KA-01,35,129.9,4546.5
2026-05,CI-0040,KA-02,28,129.9,3637.2
2026-05,CI-0040,KA-03,24,129.9,3117.6
2026-05,CI-0040,KA-04,14,129.9,1818.6
2026-05,CI-0040,KA-05,10,129.9,1299
2026-06,CI-0040,E-commerce,100,129.9,12990
2026-06,CI-0040,Marketplace,78,129.9,10132.2
2026-06,CI-0040,Loja própria,64,129.9,8313.6
2026-06,CI-0040,KA-01,35,129.9,4546.5
2026-06,CI-0040,KA-02,28,129.9,3637.2
2026-06,CI-0040,KA-03,25,129.9,3247.5
2026-06,CI-0040,KA-04,14,129.9,1818.6
2026-06,CI-0040,KA-05,10,129.9,1299
2026-07,CI-0040,E-commerce,87,129.9,11301.3
2026-07,CI-0040,Marketplace,68,129.9,8833.2
2026-07,CI-0040,Loja própria,56,129.9,7274.4
2026-07,CI-0040,KA-01,31,129.9,4026.9
2026-07,CI-0040,KA-02,25,129.9,3247.5
2026-07,CI-0040,KA-03,21,129.9,2727.9
2026-07,CI-0040,KA-04,12,129.9,1558.8
2026-07,CI-0040,KA-05,9,129.9,1169.1
2026-08,CI-0040,E-commerce,80,129.9,10392
2026-08,CI-0040,Marketplace,63,129.9,8183.7
2026-08,CI-0040,Loja própria,52,129.9,6754.8
2026-08,CI-0040,KA-01,28,129.9,3637.2
2026-08,CI-0040,KA-02,23,129.9,2987.7
2026-08,CI-0040,KA-03,20,129.9,2598
2026-08,CI-0040,KA-04,11,129.9,1428.9
2026-08,CI-0040,KA-05,8,129.9,1039.2
2024-09,CI-0041,E-commerce,169,69.9,11813.1
2024-09,CI-0041,Marketplace,133,69.9,9296.7
2024-09,CI-0041,Loja própria,109,69.9,7619.1
2024-09,CI-0041,KA-01,60,69.9,4194
2024-09,CI-0041,KA-02,48,69.9,3355.2
2024-09,CI-0041,KA-03,42,69.9,2935.8
2024-09,CI-0041,KA-04,24,69.9,1677.6
2024-09,CI-0041,KA-05,18,69.9,1258.2
2024-10,CI-0041,E-commerce,183,69.9,12791.7
2024-10,CI-0041,Marketplace,144,69.9,10065.6
2024-10,CI-0041,Loja própria,117,69.9,8178.3
2024-10,CI-0041,KA-01,65,69.9,4543.5
2024-10,CI-0041,KA-02,52,69.9,3634.8
2024-10,CI-0041,KA-03,45,69.9,3145.5
2024-10,CI-0041,KA-04,26,69.9,1817.4
2024-10,CI-0041,KA-05,19,69.9,1328.1
2024-11,CI-0041,E-commerce,256,69.9,17894.4
2024-11,CI-0041,Marketplace,201,69.9,14049.9
2024-11,CI-0041,Loja própria,164,69.9,11463.6
2024-11,CI-0041,KA-01,91,69.9,6360.9
2024-11,CI-0041,KA-02,73,69.9,5102.7
2024-11,CI-0041,KA-03,64,69.9,4473.6
2024-11,CI-0041,KA-04,36,69.9,2516.4
2024-11,CI-0041,KA-05,27,69.9,1887.3
2024-12,CI-0041,E-commerce,184,69.9,12861.6
2024-12,CI-0041,Marketplace,144,69.9,10065.6
2024-12,CI-0041,Loja própria,118,69.9,8248.2
2024-12,CI-0041,KA-01,65,69.9,4543.5
2024-12,CI-0041,KA-02,52,69.9,3634.8
2024-12,CI-0041,KA-03,46,69.9,3215.4
2024-12,CI-0041,KA-04,26,69.9,1817.4
2024-12,CI-0041,KA-05,19,69.9,1328.1
2025-01,CI-0041,E-commerce,468,69.9,32713.2
2025-01,CI-0041,Marketplace,368,69.9,25723.2
2025-01,CI-0041,Loja própria,301,69.9,21039.9
2025-01,CI-0041,KA-01,167,69.9,11673.3
2025-01,CI-0041,KA-02,133,69.9,9296.7
2025-01,CI-0041,KA-03,117,69.9,8178.3
2025-01,CI-0041,KA-04,66,69.9,4613.4
2025-01,CI-0041,KA-05,50,69.9,3495
2025-02,CI-0041,E-commerce,465,69.9,32503.5
2025-02,CI-0041,Marketplace,365,69.9,25513.5
2025-02,CI-0041,Loja própria,299,69.9,20900.1
2025-02,CI-0041,KA-01,166,69.9,11603.4
2025-02,CI-0041,KA-02,132,69.9,9226.8
2025-02,CI-0041,KA-03,116,69.9,8108.4
2025-02,CI-0041,KA-04,66,69.9,4613.4
2025-02,CI-0041,KA-05,49,69.9,3425.1
2025-03,CI-0041,E-commerce,207,69.9,14469.3
2025-03,CI-0041,Marketplace,163,69.9,11393.7
2025-03,CI-0041,Loja própria,133,69.9,9296.7
2025-03,CI-0041,KA-01,74,69.9,5172.6
2025-03,CI-0041,KA-02,59,69.9,4124.1
2025-03,CI-0041,KA-03,51,69.9,3564.9
2025-03,CI-0041,KA-04,29,69.9,2027.1
2025-03,CI-0041,KA-05,22,69.9,1537.8
2025-04,CI-0041,E-commerce,168,69.9,11743.2
2025-04,CI-0041,Marketplace,132,69.9,9226.8
2025-04,CI-0041,Loja própria,108,69.9,7549.2
2025-04,CI-0041,KA-01,60,69.9,4194
2025-04,CI-0041,KA-02,48,69.9,3355.2
2025-04,CI-0041,KA-03,42,69.9,2935.8
2025-04,CI-0041,KA-04,24,69.9,1677.6
2025-04,CI-0041,KA-05,18,69.9,1258.2
2025-05,CI-0041,E-commerce,193,69.9,13490.7
2025-05,CI-0041,Marketplace,152,69.9,10624.8
2025-05,CI-0041,Loja própria,124,69.9,8667.6
2025-05,CI-0041,KA-01,69,69.9,4823.1
2025-05,CI-0041,KA-02,55,69.9,3844.5
2025-05,CI-0041,KA-03,48,69.9,3355.2
2025-05,CI-0041,KA-04,27,69.9,1887.3
2025-05,CI-0041,KA-05,20,69.9,1398
2025-06,CI-0041,E-commerce,168,69.9,11743.2
2025-06,CI-0041,Marketplace,132,69.9,9226.8
2025-06,CI-0041,Loja própria,108,69.9,7549.2
2025-06,CI-0041,KA-01,60,69.9,4194
2025-06,CI-0041,KA-02,48,69.9,3355.2
2025-06,CI-0041,KA-03,42,69.9,2935.8
2025-06,CI-0041,KA-04,24,69.9,1677.6
2025-06,CI-0041,KA-05,18,69.9,1258.2
2025-07,CI-0041,E-commerce,190,69.9,13281
2025-07,CI-0041,Marketplace,149,69.9,10415.1
2025-07,CI-0041,Loja própria,122,69.9,8527.8
2025-07,CI-0041,KA-01,68,69.9,4753.2
2025-07,CI-0041,KA-02,54,69.9,3774.6
2025-07,CI-0041,KA-03,47,69.9,3285.3
2025-07,CI-0041,KA-04,27,69.9,1887.3
2025-07,CI-0041,KA-05,20,69.9,1398
2025-08,CI-0041,E-commerce,214,69.9,14958.6
2025-08,CI-0041,Marketplace,168,69.9,11743.2
2025-08,CI-0041,Loja própria,137,69.9,9576.3
2025-08,CI-0041,KA-01,76,69.9,5312.4
2025-08,CI-0041,KA-02,61,69.9,4263.9
2025-08,CI-0041,KA-03,53,69.9,3704.7
2025-08,CI-0041,KA-04,30,69.9,2097
2025-08,CI-0041,KA-05,22,69.9,1537.8
2025-09,CI-0041,E-commerce,195,69.9,13630.5
2025-09,CI-0041,Marketplace,153,69.9,10694.7
2025-09,CI-0041,Loja própria,125,69.9,8737.5
2025-09,CI-0041,KA-01,69,69.9,4823.1
2025-09,CI-0041,KA-02,55,69.9,3844.5
2025-09,CI-0041,KA-03,48,69.9,3355.2
2025-09,CI-0041,KA-04,27,69.9,1887.3
2025-09,CI-0041,KA-05,20,69.9,1398
2025-10,CI-0041,E-commerce,177,69.9,12372.3
2025-10,CI-0041,Marketplace,139,69.9,9716.1
2025-10,CI-0041,Loja própria,114,69.9,7968.6
2025-10,CI-0041,KA-01,63,69.9,4403.7
2025-10,CI-0041,KA-02,50,69.9,3495
2025-10,CI-0041,KA-03,44,69.9,3075.6
2025-10,CI-0041,KA-04,25,69.9,1747.5
2025-10,CI-0041,KA-05,19,69.9,1328.1
2025-11,CI-0041,E-commerce,292,69.9,20410.8
2025-11,CI-0041,Marketplace,229,69.9,16007.1
2025-11,CI-0041,Loja própria,188,69.9,13141.2
2025-11,CI-0041,KA-01,104,69.9,7269.6
2025-11,CI-0041,KA-02,83,69.9,5801.7
2025-11,CI-0041,KA-03,73,69.9,5102.7
2025-11,CI-0041,KA-04,41,69.9,2865.9
2025-11,CI-0041,KA-05,31,69.9,2166.9
2025-12,CI-0041,E-commerce,196,69.9,13700.4
2025-12,CI-0041,Marketplace,154,69.9,10764.6
2025-12,CI-0041,Loja própria,126,69.9,8807.4
2025-12,CI-0041,KA-01,70,69.9,4893
2025-12,CI-0041,KA-02,56,69.9,3914.4
2025-12,CI-0041,KA-03,49,69.9,3425.1
2025-12,CI-0041,KA-04,28,69.9,1957.2
2025-12,CI-0041,KA-05,21,69.9,1467.9
2026-01,CI-0041,E-commerce,526,69.9,36767.4
2026-01,CI-0041,Marketplace,413,69.9,28868.7
2026-01,CI-0041,Loja própria,338,69.9,23626.2
2026-01,CI-0041,KA-01,188,69.9,13141.2
2026-01,CI-0041,KA-02,150,69.9,10485
2026-01,CI-0041,KA-03,131,69.9,9156.9
2026-01,CI-0041,KA-04,75,69.9,5242.5
2026-01,CI-0041,KA-05,56,69.9,3914.4
2026-02,CI-0041,E-commerce,529,69.9,36977.1
2026-02,CI-0041,Marketplace,415,69.9,29008.5
2026-02,CI-0041,Loja própria,340,69.9,23766
2026-02,CI-0041,KA-01,189,69.9,13211.1
2026-02,CI-0041,KA-02,151,69.9,10554.9
2026-02,CI-0041,KA-03,132,69.9,9226.8
2026-02,CI-0041,KA-04,75,69.9,5242.5
2026-02,CI-0041,KA-05,56,69.9,3914.4
2026-03,CI-0041,E-commerce,203,69.9,14189.7
2026-03,CI-0041,Marketplace,159,69.9,11114.1
2026-03,CI-0041,Loja própria,130,69.9,9087
2026-03,CI-0041,KA-01,72,69.9,5032.8
2026-03,CI-0041,KA-02,58,69.9,4054.2
2026-03,CI-0041,KA-03,50,69.9,3495
2026-03,CI-0041,KA-04,29,69.9,2027.1
2026-03,CI-0041,KA-05,21,69.9,1467.9
2026-04,CI-0041,E-commerce,197,69.9,13770.3
2026-04,CI-0041,Marketplace,154,69.9,10764.6
2026-04,CI-0041,Loja própria,126,69.9,8807.4
2026-04,CI-0041,KA-01,70,69.9,4893
2026-04,CI-0041,KA-02,56,69.9,3914.4
2026-04,CI-0041,KA-03,49,69.9,3425.1
2026-04,CI-0041,KA-04,28,69.9,1957.2
2026-04,CI-0041,KA-05,21,69.9,1467.9
2026-05,CI-0041,E-commerce,201,69.9,14049.9
2026-05,CI-0041,Marketplace,158,69.9,11044.2
2026-05,CI-0041,Loja própria,129,69.9,9017.1
2026-05,CI-0041,KA-01,71,69.9,4962.9
2026-05,CI-0041,KA-02,57,69.9,3984.3
2026-05,CI-0041,KA-03,50,69.9,3495
2026-05,CI-0041,KA-04,28,69.9,1957.2
2026-05,CI-0041,KA-05,21,69.9,1467.9
2026-06,CI-0041,E-commerce,224,69.9,15657.6
2026-06,CI-0041,Marketplace,176,69.9,12302.4
2026-06,CI-0041,Loja própria,144,69.9,10065.6
2026-06,CI-0041,KA-01,80,69.9,5592
2026-06,CI-0041,KA-02,64,69.9,4473.6
2026-06,CI-0041,KA-03,56,69.9,3914.4
2026-06,CI-0041,KA-04,32,69.9,2236.8
2026-06,CI-0041,KA-05,24,69.9,1677.6
2026-07,CI-0041,E-commerce,198,69.9,13840.2
2026-07,CI-0041,Marketplace,156,69.9,10904.4
2026-07,CI-0041,Loja própria,127,69.9,8877.3
2026-07,CI-0041,KA-01,71,69.9,4962.9
2026-07,CI-0041,KA-02,56,69.9,3914.4
2026-07,CI-0041,KA-03,49,69.9,3425.1
2026-07,CI-0041,KA-04,28,69.9,1957.2
2026-07,CI-0041,KA-05,21,69.9,1467.9
2026-08,CI-0041,E-commerce,213,69.9,14888.7
2026-08,CI-0041,Marketplace,167,69.9,11673.3
2026-08,CI-0041,Loja própria,137,69.9,9576.3
2026-08,CI-0041,KA-01,76,69.9,5312.4
2026-08,CI-0041,KA-02,60,69.9,4194
2026-08,CI-0041,KA-03,53,69.9,3704.7
2026-08,CI-0041,KA-04,30,69.9,2097
2026-08,CI-0041,KA-05,22,69.9,1537.8
2024-09,CI-0042,E-commerce,199,94.9,18885.1
2024-09,CI-0042,Marketplace,156,94.9,14804.4
2024-09,CI-0042,Loja própria,127,94.9,12052.3
2024-09,CI-0042,KA-01,71,94.9,6737.9
2024-09,CI-0042,KA-02,56,94.9,5314.4
2024-09,CI-0042,KA-03,49,94.9,4650.1
2024-09,CI-0042,KA-04,28,94.9,2657.2
2024-09,CI-0042,KA-05,21,94.9,1992.9
2024-10,CI-0042,E-commerce,192,94.9,18220.8
2024-10,CI-0042,Marketplace,150,94.9,14235
2024-10,CI-0042,Loja própria,123,94.9,11672.7
2024-10,CI-0042,KA-01,68,94.9,6453.2
2024-10,CI-0042,KA-02,54,94.9,5124.6
2024-10,CI-0042,KA-03,48,94.9,4555.2
2024-10,CI-0042,KA-04,27,94.9,2562.3
2024-10,CI-0042,KA-05,20,94.9,1898
2024-11,CI-0042,E-commerce,363,94.9,34448.7
2024-11,CI-0042,Marketplace,285,94.9,27046.5
2024-11,CI-0042,Loja própria,233,94.9,22111.7
2024-11,CI-0042,KA-01,129,94.9,12242.1
2024-11,CI-0042,KA-02,103,94.9,9774.7
2024-11,CI-0042,KA-03,90,94.9,8541
2024-11,CI-0042,KA-04,51,94.9,4839.9
2024-11,CI-0042,KA-05,38,94.9,3606.2
2024-12,CI-0042,E-commerce,360,94.9,34164
2024-12,CI-0042,Marketplace,283,94.9,26856.7
2024-12,CI-0042,Loja própria,231,94.9,21921.9
2024-12,CI-0042,KA-01,128,94.9,12147.2
2024-12,CI-0042,KA-02,103,94.9,9774.7
2024-12,CI-0042,KA-03,90,94.9,8541
2024-12,CI-0042,KA-04,51,94.9,4839.9
2024-12,CI-0042,KA-05,38,94.9,3606.2
2025-01,CI-0042,E-commerce,297,94.9,28185.3
2025-01,CI-0042,Marketplace,233,94.9,22111.7
2025-01,CI-0042,Loja própria,191,94.9,18125.9
2025-01,CI-0042,KA-01,106,94.9,10059.4
2025-01,CI-0042,KA-02,84,94.9,7971.6
2025-01,CI-0042,KA-03,74,94.9,7022.6
2025-01,CI-0042,KA-04,42,94.9,3985.8
2025-01,CI-0042,KA-05,31,94.9,2941.9
2025-02,CI-0042,E-commerce,185,94.9,17556.5
2025-02,CI-0042,Marketplace,145,94.9,13760.5
2025-02,CI-0042,Loja própria,119,94.9,11293.1
2025-02,CI-0042,KA-01,66,94.9,6263.4
2025-02,CI-0042,KA-02,53,94.9,5029.7
2025-02,CI-0042,KA-03,46,94.9,4365.4
2025-02,CI-0042,KA-04,26,94.9,2467.4
2025-02,CI-0042,KA-05,19,94.9,1803.1
2025-03,CI-0042,E-commerce,199,94.9,18885.1
2025-03,CI-0042,Marketplace,157,94.9,14899.3
2025-03,CI-0042,Loja própria,128,94.9,12147.2
2025-03,CI-0042,KA-01,71,94.9,6737.9
2025-03,CI-0042,KA-02,57,94.9,5409.3
2025-03,CI-0042,KA-03,49,94.9,4650.1
2025-03,CI-0042,KA-04,28,94.9,2657.2
2025-03,CI-0042,KA-05,21,94.9,1992.9
2025-04,CI-0042,E-commerce,202,94.9,19169.8
2025-04,CI-0042,Marketplace,159,94.9,15089.1
2025-04,CI-0042,Loja própria,130,94.9,12337
2025-04,CI-0042,KA-01,72,94.9,6832.8
2025-04,CI-0042,KA-02,57,94.9,5409.3
2025-04,CI-0042,KA-03,50,94.9,4745
2025-04,CI-0042,KA-04,28,94.9,2657.2
2025-04,CI-0042,KA-05,21,94.9,1992.9
2025-05,CI-0042,E-commerce,205,94.9,19454.5
2025-05,CI-0042,Marketplace,161,94.9,15278.9
2025-05,CI-0042,Loja própria,131,94.9,12431.9
2025-05,CI-0042,KA-01,73,94.9,6927.7
2025-05,CI-0042,KA-02,58,94.9,5504.2
2025-05,CI-0042,KA-03,51,94.9,4839.9
2025-05,CI-0042,KA-04,29,94.9,2752.1
2025-05,CI-0042,KA-05,21,94.9,1992.9
2025-06,CI-0042,E-commerce,181,94.9,17176.9
2025-06,CI-0042,Marketplace,142,94.9,13475.8
2025-06,CI-0042,Loja própria,116,94.9,11008.4
2025-06,CI-0042,KA-01,64,94.9,6073.6
2025-06,CI-0042,KA-02,51,94.9,4839.9
2025-06,CI-0042,KA-03,45,94.9,4270.5
2025-06,CI-0042,KA-04,25,94.9,2372.5
2025-06,CI-0042,KA-05,19,94.9,1803.1
2025-07,CI-0042,E-commerce,219,94.9,20783.1
2025-07,CI-0042,Marketplace,172,94.9,16322.8
2025-07,CI-0042,Loja própria,141,94.9,13380.9
2025-07,CI-0042,KA-01,78,94.9,7402.2
2025-07,CI-0042,KA-02,62,94.9,5883.8
2025-07,CI-0042,KA-03,54,94.9,5124.6
2025-07,CI-0042,KA-04,31,94.9,2941.9
2025-07,CI-0042,KA-05,23,94.9,2182.7
2025-08,CI-0042,E-commerce,211,94.9,20023.9
2025-08,CI-0042,Marketplace,166,94.9,15753.4
2025-08,CI-0042,Loja própria,136,94.9,12906.4
2025-08,CI-0042,KA-01,75,94.9,7117.5
2025-08,CI-0042,KA-02,60,94.9,5694
2025-08,CI-0042,KA-03,52,94.9,4934.8
2025-08,CI-0042,KA-04,30,94.9,2847
2025-08,CI-0042,KA-05,22,94.9,2087.8
2025-09,CI-0042,E-commerce,225,94.9,21352.5
2025-09,CI-0042,Marketplace,177,94.9,16797.3
2025-09,CI-0042,Loja própria,145,94.9,13760.5
2025-09,CI-0042,KA-01,80,94.9,7592
2025-09,CI-0042,KA-02,64,94.9,6073.6
2025-09,CI-0042,KA-03,56,94.9,5314.4
2025-09,CI-0042,KA-04,32,94.9,3036.8
2025-09,CI-0042,KA-05,24,94.9,2277.6
2025-10,CI-0042,E-commerce,233,94.9,22111.7
2025-10,CI-0042,Marketplace,183,94.9,17366.7
2025-10,CI-0042,Loja própria,150,94.9,14235
2025-10,CI-0042,KA-01,83,94.9,7876.7
2025-10,CI-0042,KA-02,66,94.9,6263.4
2025-10,CI-0042,KA-03,58,94.9,5504.2
2025-10,CI-0042,KA-04,33,94.9,3131.7
2025-10,CI-0042,KA-05,25,94.9,2372.5
2025-11,CI-0042,E-commerce,361,94.9,34258.9
2025-11,CI-0042,Marketplace,283,94.9,26856.7
2025-11,CI-0042,Loja própria,232,94.9,22016.8
2025-11,CI-0042,KA-01,129,94.9,12242.1
2025-11,CI-0042,KA-02,103,94.9,9774.7
2025-11,CI-0042,KA-03,90,94.9,8541
2025-11,CI-0042,KA-04,51,94.9,4839.9
2025-11,CI-0042,KA-05,38,94.9,3606.2
2025-12,CI-0042,E-commerce,381,94.9,36156.9
2025-12,CI-0042,Marketplace,299,94.9,28375.1
2025-12,CI-0042,Loja própria,245,94.9,23250.5
2025-12,CI-0042,KA-01,136,94.9,12906.4
2025-12,CI-0042,KA-02,108,94.9,10249.2
2025-12,CI-0042,KA-03,95,94.9,9015.5
2025-12,CI-0042,KA-04,54,94.9,5124.6
2025-12,CI-0042,KA-05,40,94.9,3796
2026-01,CI-0042,E-commerce,315,94.9,29893.5
2026-01,CI-0042,Marketplace,247,94.9,23440.3
2026-01,CI-0042,Loja própria,202,94.9,19169.8
2026-01,CI-0042,KA-01,112,94.9,10628.8
2026-01,CI-0042,KA-02,90,94.9,8541
2026-01,CI-0042,KA-03,78,94.9,7402.2
2026-01,CI-0042,KA-04,45,94.9,4270.5
2026-01,CI-0042,KA-05,33,94.9,3131.7
2026-02,CI-0042,E-commerce,210,94.9,19929
2026-02,CI-0042,Marketplace,165,94.9,15658.5
2026-02,CI-0042,Loja própria,135,94.9,12811.5
2026-02,CI-0042,KA-01,75,94.9,7117.5
2026-02,CI-0042,KA-02,60,94.9,5694
2026-02,CI-0042,KA-03,52,94.9,4934.8
2026-02,CI-0042,KA-04,30,94.9,2847
2026-02,CI-0042,KA-05,22,94.9,2087.8
2026-03,CI-0042,E-commerce,220,94.9,20878
2026-03,CI-0042,Marketplace,173,94.9,16417.7
2026-03,CI-0042,Loja própria,142,94.9,13475.8
2026-03,CI-0042,KA-01,78,94.9,7402.2
2026-03,CI-0042,KA-02,63,94.9,5978.7
2026-03,CI-0042,KA-03,55,94.9,5219.5
2026-03,CI-0042,KA-04,31,94.9,2941.9
2026-03,CI-0042,KA-05,23,94.9,2182.7
2026-04,CI-0042,E-commerce,218,94.9,20688.2
2026-04,CI-0042,Marketplace,171,94.9,16227.9
2026-04,CI-0042,Loja própria,140,94.9,13286
2026-04,CI-0042,KA-01,78,94.9,7402.2
2026-04,CI-0042,KA-02,62,94.9,5883.8
2026-04,CI-0042,KA-03,54,94.9,5124.6
2026-04,CI-0042,KA-04,31,94.9,2941.9
2026-04,CI-0042,KA-05,23,94.9,2182.7
2026-05,CI-0042,E-commerce,221,94.9,20972.9
2026-05,CI-0042,Marketplace,173,94.9,16417.7
2026-05,CI-0042,Loja própria,142,94.9,13475.8
2026-05,CI-0042,KA-01,79,94.9,7497.1
2026-05,CI-0042,KA-02,63,94.9,5978.7
2026-05,CI-0042,KA-03,55,94.9,5219.5
2026-05,CI-0042,KA-04,31,94.9,2941.9
2026-05,CI-0042,KA-05,23,94.9,2182.7
2026-06,CI-0042,E-commerce,209,94.9,19834.1
2026-06,CI-0042,Marketplace,164,94.9,15563.6
2026-06,CI-0042,Loja própria,134,94.9,12716.6
2026-06,CI-0042,KA-01,74,94.9,7022.6
2026-06,CI-0042,KA-02,59,94.9,5599.1
2026-06,CI-0042,KA-03,52,94.9,4934.8
2026-06,CI-0042,KA-04,29,94.9,2752.1
2026-06,CI-0042,KA-05,22,94.9,2087.8
2026-07,CI-0042,E-commerce,238,94.9,22586.2
2026-07,CI-0042,Marketplace,187,94.9,17746.3
2026-07,CI-0042,Loja própria,153,94.9,14519.7
2026-07,CI-0042,KA-01,85,94.9,8066.5
2026-07,CI-0042,KA-02,68,94.9,6453.2
2026-07,CI-0042,KA-03,59,94.9,5599.1
2026-07,CI-0042,KA-04,34,94.9,3226.6
2026-07,CI-0042,KA-05,25,94.9,2372.5
2026-08,CI-0042,E-commerce,237,94.9,22491.3
2026-08,CI-0042,Marketplace,186,94.9,17651.4
2026-08,CI-0042,Loja própria,152,94.9,14424.8
2026-08,CI-0042,KA-01,84,94.9,7971.6
2026-08,CI-0042,KA-02,67,94.9,6358.3
2026-08,CI-0042,KA-03,59,94.9,5599.1
2026-08,CI-0042,KA-04,33,94.9,3131.7
2026-08,CI-0042,KA-05,25,94.9,2372.5
2024-09,CI-0043,E-commerce,224,29.9,6697.6
2024-09,CI-0043,Marketplace,176,29.9,5262.4
2024-09,CI-0043,Loja própria,144,29.9,4305.6
2024-09,CI-0043,KA-01,80,29.9,2392
2024-09,CI-0043,KA-02,64,29.9,1913.6
2024-09,CI-0043,KA-03,56,29.9,1674.4
2024-09,CI-0043,KA-04,32,29.9,956.8
2024-09,CI-0043,KA-05,24,29.9,717.6
2024-10,CI-0043,E-commerce,216,29.9,6458.4
2024-10,CI-0043,Marketplace,170,29.9,5083
2024-10,CI-0043,Loja própria,139,29.9,4156.1
2024-10,CI-0043,KA-01,77,29.9,2302.3
2024-10,CI-0043,KA-02,61,29.9,1823.9
2024-10,CI-0043,KA-03,54,29.9,1614.6
2024-10,CI-0043,KA-04,30,29.9,897
2024-10,CI-0043,KA-05,23,29.9,687.7
2024-11,CI-0043,E-commerce,297,29.9,8880.3
2024-11,CI-0043,Marketplace,233,29.9,6966.7
2024-11,CI-0043,Loja própria,190,29.9,5681
2024-11,CI-0043,KA-01,106,29.9,3169.4
2024-11,CI-0043,KA-02,84,29.9,2511.6
2024-11,CI-0043,KA-03,74,29.9,2212.6
2024-11,CI-0043,KA-04,42,29.9,1255.8
2024-11,CI-0043,KA-05,31,29.9,926.9
2024-12,CI-0043,E-commerce,218,29.9,6518.2
2024-12,CI-0043,Marketplace,172,29.9,5142.8
2024-12,CI-0043,Loja própria,140,29.9,4186
2024-12,CI-0043,KA-01,78,29.9,2332.2
2024-12,CI-0043,KA-02,62,29.9,1853.8
2024-12,CI-0043,KA-03,54,29.9,1614.6
2024-12,CI-0043,KA-04,31,29.9,926.9
2024-12,CI-0043,KA-05,23,29.9,687.7
2025-01,CI-0043,E-commerce,225,29.9,6727.5
2025-01,CI-0043,Marketplace,177,29.9,5292.3
2025-01,CI-0043,Loja própria,145,29.9,4335.5
2025-01,CI-0043,KA-01,80,29.9,2392
2025-01,CI-0043,KA-02,64,29.9,1913.6
2025-01,CI-0043,KA-03,56,29.9,1674.4
2025-01,CI-0043,KA-04,32,29.9,956.8
2025-01,CI-0043,KA-05,24,29.9,717.6
2025-02,CI-0043,E-commerce,219,29.9,6548.1
2025-02,CI-0043,Marketplace,172,29.9,5142.8
2025-02,CI-0043,Loja própria,141,29.9,4215.9
2025-02,CI-0043,KA-01,78,29.9,2332.2
2025-02,CI-0043,KA-02,62,29.9,1853.8
2025-02,CI-0043,KA-03,54,29.9,1614.6
2025-02,CI-0043,KA-04,31,29.9,926.9
2025-02,CI-0043,KA-05,23,29.9,687.7
2025-03,CI-0043,E-commerce,223,29.9,6667.7
2025-03,CI-0043,Marketplace,175,29.9,5232.5
2025-03,CI-0043,Loja própria,143,29.9,4275.7
2025-03,CI-0043,KA-01,79,29.9,2362.1
2025-03,CI-0043,KA-02,63,29.9,1883.7
2025-03,CI-0043,KA-03,55,29.9,1644.5
2025-03,CI-0043,KA-04,31,29.9,926.9
2025-03,CI-0043,KA-05,23,29.9,687.7
2025-04,CI-0043,E-commerce,238,29.9,7116.2
2025-04,CI-0043,Marketplace,187,29.9,5591.3
2025-04,CI-0043,Loja própria,153,29.9,4574.7
2025-04,CI-0043,KA-01,85,29.9,2541.5
2025-04,CI-0043,KA-02,68,29.9,2033.2
2025-04,CI-0043,KA-03,59,29.9,1764.1
2025-04,CI-0043,KA-04,34,29.9,1016.6
2025-04,CI-0043,KA-05,25,29.9,747.5
2025-05,CI-0043,E-commerce,217,29.9,6488.3
2025-05,CI-0043,Marketplace,171,29.9,5112.9
2025-05,CI-0043,Loja própria,140,29.9,4186
2025-05,CI-0043,KA-01,77,29.9,2302.3
2025-05,CI-0043,KA-02,62,29.9,1853.8
2025-05,CI-0043,KA-03,54,29.9,1614.6
2025-05,CI-0043,KA-04,31,29.9,926.9
2025-05,CI-0043,KA-05,23,29.9,687.7
2025-06,CI-0043,E-commerce,215,29.9,6428.5
2025-06,CI-0043,Marketplace,169,29.9,5053.1
2025-06,CI-0043,Loja própria,138,29.9,4126.2
2025-06,CI-0043,KA-01,77,29.9,2302.3
2025-06,CI-0043,KA-02,61,29.9,1823.9
2025-06,CI-0043,KA-03,53,29.9,1584.7
2025-06,CI-0043,KA-04,30,29.9,897
2025-06,CI-0043,KA-05,23,29.9,687.7
2025-07,CI-0043,E-commerce,207,29.9,6189.3
2025-07,CI-0043,Marketplace,163,29.9,4873.7
2025-07,CI-0043,Loja própria,133,29.9,3976.7
2025-07,CI-0043,KA-01,74,29.9,2212.6
2025-07,CI-0043,KA-02,59,29.9,1764.1
2025-07,CI-0043,KA-03,51,29.9,1524.9
2025-07,CI-0043,KA-04,29,29.9,867.1
2025-07,CI-0043,KA-05,22,29.9,657.8
2025-08,CI-0043,E-commerce,244,29.9,7295.6
2025-08,CI-0043,Marketplace,191,29.9,5710.9
2025-08,CI-0043,Loja própria,156,29.9,4664.4
2025-08,CI-0043,KA-01,87,29.9,2601.3
2025-08,CI-0043,KA-02,69,29.9,2063.1
2025-08,CI-0043,KA-03,61,29.9,1823.9
2025-08,CI-0043,KA-04,34,29.9,1016.6
2025-08,CI-0043,KA-05,26,29.9,777.4
2025-09,CI-0043,E-commerce,248,29.9,7415.2
2025-09,CI-0043,Marketplace,194,29.9,5800.6
2025-09,CI-0043,Loja própria,159,29.9,4754.1
2025-09,CI-0043,KA-01,88,29.9,2631.2
2025-09,CI-0043,KA-02,70,29.9,2093
2025-09,CI-0043,KA-03,62,29.9,1853.8
2025-09,CI-0043,KA-04,35,29.9,1046.5
2025-09,CI-0043,KA-05,26,29.9,777.4
2025-10,CI-0043,E-commerce,197,29.9,5890.3
2025-10,CI-0043,Marketplace,155,29.9,4634.5
2025-10,CI-0043,Loja própria,126,29.9,3767.4
2025-10,CI-0043,KA-01,70,29.9,2093
2025-10,CI-0043,KA-02,56,29.9,1674.4
2025-10,CI-0043,KA-03,49,29.9,1465.1
2025-10,CI-0043,KA-04,28,29.9,837.2
2025-10,CI-0043,KA-05,21,29.9,627.9
2025-11,CI-0043,E-commerce,308,29.9,9209.2
2025-11,CI-0043,Marketplace,242,29.9,7235.8
2025-11,CI-0043,Loja própria,198,29.9,5920.2
2025-11,CI-0043,KA-01,110,29.9,3289
2025-11,CI-0043,KA-02,88,29.9,2631.2
2025-11,CI-0043,KA-03,77,29.9,2302.3
2025-11,CI-0043,KA-04,44,29.9,1315.6
2025-11,CI-0043,KA-05,33,29.9,986.7
2025-12,CI-0043,E-commerce,225,29.9,6727.5
2025-12,CI-0043,Marketplace,177,29.9,5292.3
2025-12,CI-0043,Loja própria,145,29.9,4335.5
2025-12,CI-0043,KA-01,80,29.9,2392
2025-12,CI-0043,KA-02,64,29.9,1913.6
2025-12,CI-0043,KA-03,56,29.9,1674.4
2025-12,CI-0043,KA-04,32,29.9,956.8
2025-12,CI-0043,KA-05,24,29.9,717.6
2026-01,CI-0043,E-commerce,228,29.9,6817.2
2026-01,CI-0043,Marketplace,179,29.9,5352.1
2026-01,CI-0043,Loja própria,146,29.9,4365.4
2026-01,CI-0043,KA-01,81,29.9,2421.9
2026-01,CI-0043,KA-02,65,29.9,1943.5
2026-01,CI-0043,KA-03,57,29.9,1704.3
2026-01,CI-0043,KA-04,32,29.9,956.8
2026-01,CI-0043,KA-05,24,29.9,717.6
2026-02,CI-0043,E-commerce,249,29.9,7445.1
2026-02,CI-0043,Marketplace,195,29.9,5830.5
2026-02,CI-0043,Loja própria,160,29.9,4784
2026-02,CI-0043,KA-01,89,29.9,2661.1
2026-02,CI-0043,KA-02,71,29.9,2122.9
2026-02,CI-0043,KA-03,62,29.9,1853.8
2026-02,CI-0043,KA-04,35,29.9,1046.5
2026-02,CI-0043,KA-05,26,29.9,777.4
2026-03,CI-0043,E-commerce,217,29.9,6488.3
2026-03,CI-0043,Marketplace,170,29.9,5083
2026-03,CI-0043,Loja própria,139,29.9,4156.1
2026-03,CI-0043,KA-01,77,29.9,2302.3
2026-03,CI-0043,KA-02,62,29.9,1853.8
2026-03,CI-0043,KA-03,54,29.9,1614.6
2026-03,CI-0043,KA-04,31,29.9,926.9
2026-03,CI-0043,KA-05,23,29.9,687.7
2026-04,CI-0043,E-commerce,230,29.9,6877
2026-04,CI-0043,Marketplace,180,29.9,5382
2026-04,CI-0043,Loja própria,147,29.9,4395.3
2026-04,CI-0043,KA-01,82,29.9,2451.8
2026-04,CI-0043,KA-02,65,29.9,1943.5
2026-04,CI-0043,KA-03,57,29.9,1704.3
2026-04,CI-0043,KA-04,32,29.9,956.8
2026-04,CI-0043,KA-05,24,29.9,717.6
2026-05,CI-0043,E-commerce,213,29.9,6368.7
2026-05,CI-0043,Marketplace,167,29.9,4993.3
2026-05,CI-0043,Loja própria,137,29.9,4096.3
2026-05,CI-0043,KA-01,76,29.9,2272.4
2026-05,CI-0043,KA-02,60,29.9,1794
2026-05,CI-0043,KA-03,53,29.9,1584.7
2026-05,CI-0043,KA-04,30,29.9,897
2026-05,CI-0043,KA-05,22,29.9,657.8
2026-06,CI-0043,E-commerce,231,29.9,6906.9
2026-06,CI-0043,Marketplace,181,29.9,5411.9
2026-06,CI-0043,Loja própria,148,29.9,4425.2
2026-06,CI-0043,KA-01,82,29.9,2451.8
2026-06,CI-0043,KA-02,66,29.9,1973.4
2026-06,CI-0043,KA-03,57,29.9,1704.3
2026-06,CI-0043,KA-04,33,29.9,986.7
2026-06,CI-0043,KA-05,24,29.9,717.6
2026-07,CI-0043,E-commerce,218,29.9,6518.2
2026-07,CI-0043,Marketplace,171,29.9,5112.9
2026-07,CI-0043,Loja própria,140,29.9,4186
2026-07,CI-0043,KA-01,78,29.9,2332.2
2026-07,CI-0043,KA-02,62,29.9,1853.8
2026-07,CI-0043,KA-03,54,29.9,1614.6
2026-07,CI-0043,KA-04,31,29.9,926.9
2026-07,CI-0043,KA-05,23,29.9,687.7
2026-08,CI-0043,E-commerce,209,29.9,6249.1
2026-08,CI-0043,Marketplace,164,29.9,4903.6
2026-08,CI-0043,Loja própria,134,29.9,4006.6
2026-08,CI-0043,KA-01,74,29.9,2212.6
2026-08,CI-0043,KA-02,59,29.9,1764.1
2026-08,CI-0043,KA-03,52,29.9,1554.8
2026-08,CI-0043,KA-04,29,29.9,867.1
2026-08,CI-0043,KA-05,22,29.9,657.8
2024-09,CI-0044,E-commerce,203,29.9,6069.7
2024-09,CI-0044,Marketplace,160,29.9,4784
2024-09,CI-0044,Loja própria,131,29.9,3916.9
2024-09,CI-0044,KA-01,72,29.9,2152.8
2024-09,CI-0044,KA-02,58,29.9,1734.2
2024-09,CI-0044,KA-03,50,29.9,1495
2024-09,CI-0044,KA-04,29,29.9,867.1
2024-09,CI-0044,KA-05,21,29.9,627.9
2024-10,CI-0044,E-commerce,201,29.9,6009.9
2024-10,CI-0044,Marketplace,158,29.9,4724.2
2024-10,CI-0044,Loja própria,129,29.9,3857.1
2024-10,CI-0044,KA-01,71,29.9,2122.9
2024-10,CI-0044,KA-02,57,29.9,1704.3
2024-10,CI-0044,KA-03,50,29.9,1495
2024-10,CI-0044,KA-04,28,29.9,837.2
2024-10,CI-0044,KA-05,21,29.9,627.9
2024-11,CI-0044,E-commerce,320,29.9,9568
2024-11,CI-0044,Marketplace,251,29.9,7504.9
2024-11,CI-0044,Loja própria,206,29.9,6159.4
2024-11,CI-0044,KA-01,114,29.9,3408.6
2024-11,CI-0044,KA-02,91,29.9,2720.9
2024-11,CI-0044,KA-03,80,29.9,2392
2024-11,CI-0044,KA-04,45,29.9,1345.5
2024-11,CI-0044,KA-05,34,29.9,1016.6
2024-12,CI-0044,E-commerce,218,29.9,6518.2
2024-12,CI-0044,Marketplace,171,29.9,5112.9
2024-12,CI-0044,Loja própria,140,29.9,4186
2024-12,CI-0044,KA-01,77,29.9,2302.3
2024-12,CI-0044,KA-02,62,29.9,1853.8
2024-12,CI-0044,KA-03,54,29.9,1614.6
2024-12,CI-0044,KA-04,31,29.9,926.9
2024-12,CI-0044,KA-05,23,29.9,687.7
2025-01,CI-0044,E-commerce,220,29.9,6578
2025-01,CI-0044,Marketplace,173,29.9,5172.7
2025-01,CI-0044,Loja própria,141,29.9,4215.9
2025-01,CI-0044,KA-01,78,29.9,2332.2
2025-01,CI-0044,KA-02,63,29.9,1883.7
2025-01,CI-0044,KA-03,55,29.9,1644.5
2025-01,CI-0044,KA-04,31,29.9,926.9
2025-01,CI-0044,KA-05,23,29.9,687.7
2025-02,CI-0044,E-commerce,228,29.9,6817.2
2025-02,CI-0044,Marketplace,179,29.9,5352.1
2025-02,CI-0044,Loja própria,146,29.9,4365.4
2025-02,CI-0044,KA-01,81,29.9,2421.9
2025-02,CI-0044,KA-02,65,29.9,1943.5
2025-02,CI-0044,KA-03,57,29.9,1704.3
2025-02,CI-0044,KA-04,32,29.9,956.8
2025-02,CI-0044,KA-05,24,29.9,717.6
2025-03,CI-0044,E-commerce,220,29.9,6578
2025-03,CI-0044,Marketplace,173,29.9,5172.7
2025-03,CI-0044,Loja própria,141,29.9,4215.9
2025-03,CI-0044,KA-01,78,29.9,2332.2
2025-03,CI-0044,KA-02,62,29.9,1853.8
2025-03,CI-0044,KA-03,55,29.9,1644.5
2025-03,CI-0044,KA-04,31,29.9,926.9
2025-03,CI-0044,KA-05,23,29.9,687.7
2025-04,CI-0044,E-commerce,241,29.9,7205.9
2025-04,CI-0044,Marketplace,189,29.9,5651.1
2025-04,CI-0044,Loja própria,154,29.9,4604.6
2025-04,CI-0044,KA-01,86,29.9,2571.4
2025-04,CI-0044,KA-02,68,29.9,2033.2
2025-04,CI-0044,KA-03,60,29.9,1794
2025-04,CI-0044,KA-04,34,29.9,1016.6
2025-04,CI-0044,KA-05,25,29.9,747.5
2025-05,CI-0044,E-commerce,217,29.9,6488.3
2025-05,CI-0044,Marketplace,170,29.9,5083
2025-05,CI-0044,Loja própria,139,29.9,4156.1
2025-05,CI-0044,KA-01,77,29.9,2302.3
2025-05,CI-0044,KA-02,62,29.9,1853.8
2025-05,CI-0044,KA-03,54,29.9,1614.6
2025-05,CI-0044,KA-04,31,29.9,926.9
2025-05,CI-0044,KA-05,23,29.9,687.7
2025-06,CI-0044,E-commerce,222,29.9,6637.8
2025-06,CI-0044,Marketplace,174,29.9,5202.6
2025-06,CI-0044,Loja própria,143,29.9,4275.7
2025-06,CI-0044,KA-01,79,29.9,2362.1
2025-06,CI-0044,KA-02,63,29.9,1883.7
2025-06,CI-0044,KA-03,55,29.9,1644.5
2025-06,CI-0044,KA-04,31,29.9,926.9
2025-06,CI-0044,KA-05,23,29.9,687.7
2025-07,CI-0044,E-commerce,223,29.9,6667.7
2025-07,CI-0044,Marketplace,175,29.9,5232.5
2025-07,CI-0044,Loja própria,143,29.9,4275.7
2025-07,CI-0044,KA-01,79,29.9,2362.1
2025-07,CI-0044,KA-02,63,29.9,1883.7
2025-07,CI-0044,KA-03,55,29.9,1644.5
2025-07,CI-0044,KA-04,31,29.9,926.9
2025-07,CI-0044,KA-05,23,29.9,687.7
2025-08,CI-0044,E-commerce,225,29.9,6727.5
2025-08,CI-0044,Marketplace,177,29.9,5292.3
2025-08,CI-0044,Loja própria,145,29.9,4335.5
2025-08,CI-0044,KA-01,80,29.9,2392
2025-08,CI-0044,KA-02,64,29.9,1913.6
2025-08,CI-0044,KA-03,56,29.9,1674.4
2025-08,CI-0044,KA-04,32,29.9,956.8
2025-08,CI-0044,KA-05,24,29.9,717.6
2025-09,CI-0044,E-commerce,263,29.9,7863.7
2025-09,CI-0044,Marketplace,207,29.9,6189.3
2025-09,CI-0044,Loja própria,169,29.9,5053.1
2025-09,CI-0044,KA-01,94,29.9,2810.6
2025-09,CI-0044,KA-02,75,29.9,2242.5
2025-09,CI-0044,KA-03,65,29.9,1943.5
2025-09,CI-0044,KA-04,37,29.9,1106.3
2025-09,CI-0044,KA-05,28,29.9,837.2
2025-10,CI-0044,E-commerce,230,29.9,6877
2025-10,CI-0044,Marketplace,181,29.9,5411.9
2025-10,CI-0044,Loja própria,148,29.9,4425.2
2025-10,CI-0044,KA-01,82,29.9,2451.8
2025-10,CI-0044,KA-02,65,29.9,1943.5
2025-10,CI-0044,KA-03,57,29.9,1704.3
2025-10,CI-0044,KA-04,32,29.9,956.8
2025-10,CI-0044,KA-05,24,29.9,717.6
2025-11,CI-0044,E-commerce,287,29.9,8581.3
2025-11,CI-0044,Marketplace,225,29.9,6727.5
2025-11,CI-0044,Loja própria,184,29.9,5501.6
2025-11,CI-0044,KA-01,102,29.9,3049.8
2025-11,CI-0044,KA-02,82,29.9,2451.8
2025-11,CI-0044,KA-03,71,29.9,2122.9
2025-11,CI-0044,KA-04,41,29.9,1225.9
2025-11,CI-0044,KA-05,30,29.9,897
2025-12,CI-0044,E-commerce,227,29.9,6787.3
2025-12,CI-0044,Marketplace,178,29.9,5322.2
2025-12,CI-0044,Loja própria,145,29.9,4335.5
2025-12,CI-0044,KA-01,81,29.9,2421.9
2025-12,CI-0044,KA-02,64,29.9,1913.6
2025-12,CI-0044,KA-03,56,29.9,1674.4
2025-12,CI-0044,KA-04,32,29.9,956.8
2025-12,CI-0044,KA-05,24,29.9,717.6
2026-01,CI-0044,E-commerce,216,29.9,6458.4
2026-01,CI-0044,Marketplace,169,29.9,5053.1
2026-01,CI-0044,Loja própria,138,29.9,4126.2
2026-01,CI-0044,KA-01,77,29.9,2302.3
2026-01,CI-0044,KA-02,61,29.9,1823.9
2026-01,CI-0044,KA-03,54,29.9,1614.6
2026-01,CI-0044,KA-04,30,29.9,897
2026-01,CI-0044,KA-05,23,29.9,687.7
2026-02,CI-0044,E-commerce,253,29.9,7564.7
2026-02,CI-0044,Marketplace,199,29.9,5950.1
2026-02,CI-0044,Loja própria,163,29.9,4873.7
2026-02,CI-0044,KA-01,90,29.9,2691
2026-02,CI-0044,KA-02,72,29.9,2152.8
2026-02,CI-0044,KA-03,63,29.9,1883.7
2026-02,CI-0044,KA-04,36,29.9,1076.4
2026-02,CI-0044,KA-05,27,29.9,807.3
2026-03,CI-0044,E-commerce,270,29.9,8073
2026-03,CI-0044,Marketplace,212,29.9,6338.8
2026-03,CI-0044,Loja própria,173,29.9,5172.7
2026-03,CI-0044,KA-01,96,29.9,2870.4
2026-03,CI-0044,KA-02,77,29.9,2302.3
2026-03,CI-0044,KA-03,67,29.9,2003.3
2026-03,CI-0044,KA-04,38,29.9,1136.2
2026-03,CI-0044,KA-05,28,29.9,837.2
2026-04,CI-0044,E-commerce,241,29.9,7205.9
2026-04,CI-0044,Marketplace,189,29.9,5651.1
2026-04,CI-0044,Loja própria,155,29.9,4634.5
2026-04,CI-0044,KA-01,86,29.9,2571.4
2026-04,CI-0044,KA-02,68,29.9,2033.2
2026-04,CI-0044,KA-03,60,29.9,1794
2026-04,CI-0044,KA-04,34,29.9,1016.6
2026-04,CI-0044,KA-05,25,29.9,747.5
2026-05,CI-0044,E-commerce,226,29.9,6757.4
2026-05,CI-0044,Marketplace,178,29.9,5322.2
2026-05,CI-0044,Loja própria,145,29.9,4335.5
2026-05,CI-0044,KA-01,81,29.9,2421.9
2026-05,CI-0044,KA-02,64,29.9,1913.6
2026-05,CI-0044,KA-03,56,29.9,1674.4
2026-05,CI-0044,KA-04,32,29.9,956.8
2026-05,CI-0044,KA-05,24,29.9,717.6
2026-06,CI-0044,E-commerce,221,29.9,6607.9
2026-06,CI-0044,Marketplace,174,29.9,5202.6
2026-06,CI-0044,Loja própria,142,29.9,4245.8
2026-06,CI-0044,KA-01,79,29.9,2362.1
2026-06,CI-0044,KA-02,63,29.9,1883.7
2026-06,CI-0044,KA-03,55,29.9,1644.5
2026-06,CI-0044,KA-04,31,29.9,926.9
2026-06,CI-0044,KA-05,23,29.9,687.7
2026-07,CI-0044,E-commerce,275,29.9,8222.5
2026-07,CI-0044,Marketplace,216,29.9,6458.4
2026-07,CI-0044,Loja própria,176,29.9,5262.4
2026-07,CI-0044,KA-01,98,29.9,2930.2
2026-07,CI-0044,KA-02,78,29.9,2332.2
2026-07,CI-0044,KA-03,68,29.9,2033.2
2026-07,CI-0044,KA-04,39,29.9,1166.1
2026-07,CI-0044,KA-05,29,29.9,867.1
2026-08,CI-0044,E-commerce,276,29.9,8252.4
2026-08,CI-0044,Marketplace,217,29.9,6488.3
2026-08,CI-0044,Loja própria,177,29.9,5292.3
2026-08,CI-0044,KA-01,98,29.9,2930.2
2026-08,CI-0044,KA-02,79,29.9,2362.1
2026-08,CI-0044,KA-03,69,29.9,2063.1
2026-08,CI-0044,KA-04,39,29.9,1166.1
2026-08,CI-0044,KA-05,29,29.9,867.1
2024-09,CI-0045,E-commerce,267,34.9,9318.3
2024-09,CI-0045,Marketplace,210,34.9,7329
2024-09,CI-0045,Loja própria,172,34.9,6002.8
2024-09,CI-0045,KA-01,95,34.9,3315.5
2024-09,CI-0045,KA-02,76,34.9,2652.4
2024-09,CI-0045,KA-03,66,34.9,2303.4
2024-09,CI-0045,KA-04,38,34.9,1326.2
2024-09,CI-0045,KA-05,28,34.9,977.2
2024-10,CI-0045,E-commerce,260,34.9,9074
2024-10,CI-0045,Marketplace,204,34.9,7119.6
2024-10,CI-0045,Loja própria,167,34.9,5828.3
2024-10,CI-0045,KA-01,92,34.9,3210.8
2024-10,CI-0045,KA-02,74,34.9,2582.6
2024-10,CI-0045,KA-03,65,34.9,2268.5
2024-10,CI-0045,KA-04,37,34.9,1291.3
2024-10,CI-0045,KA-05,27,34.9,942.3
2024-11,CI-0045,E-commerce,350,34.9,12215
2024-11,CI-0045,Marketplace,275,34.9,9597.5
2024-11,CI-0045,Loja própria,225,34.9,7852.5
2024-11,CI-0045,KA-01,125,34.9,4362.5
2024-11,CI-0045,KA-02,100,34.9,3490
2024-11,CI-0045,KA-03,87,34.9,3036.3
2024-11,CI-0045,KA-04,50,34.9,1745
2024-11,CI-0045,KA-05,37,34.9,1291.3
2024-12,CI-0045,E-commerce,231,34.9,8061.9
2024-12,CI-0045,Marketplace,181,34.9,6316.9
2024-12,CI-0045,Loja própria,148,34.9,5165.2
2024-12,CI-0045,KA-01,82,34.9,2861.8
2024-12,CI-0045,KA-02,66,34.9,2303.4
2024-12,CI-0045,KA-03,57,34.9,1989.3
2024-12,CI-0045,KA-04,33,34.9,1151.7
2024-12,CI-0045,KA-05,24,34.9,837.6
2025-01,CI-0045,E-commerce,271,34.9,9457.9
2025-01,CI-0045,Marketplace,213,34.9,7433.7
2025-01,CI-0045,Loja própria,174,34.9,6072.6
2025-01,CI-0045,KA-01,96,34.9,3350.4
2025-01,CI-0045,KA-02,77,34.9,2687.3
2025-01,CI-0045,KA-03,67,34.9,2338.3
2025-01,CI-0045,KA-04,38,34.9,1326.2
2025-01,CI-0045,KA-05,29,34.9,1012.1
2025-02,CI-0045,E-commerce,254,34.9,8864.6
2025-02,CI-0045,Marketplace,199,34.9,6945.1
2025-02,CI-0045,Loja própria,163,34.9,5688.7
2025-02,CI-0045,KA-01,90,34.9,3141
2025-02,CI-0045,KA-02,72,34.9,2512.8
2025-02,CI-0045,KA-03,63,34.9,2198.7
2025-02,CI-0045,KA-04,36,34.9,1256.4
2025-02,CI-0045,KA-05,27,34.9,942.3
2025-03,CI-0045,E-commerce,221,34.9,7712.9
2025-03,CI-0045,Marketplace,173,34.9,6037.7
2025-03,CI-0045,Loja própria,142,34.9,4955.8
2025-03,CI-0045,KA-01,79,34.9,2757.1
2025-03,CI-0045,KA-02,63,34.9,2198.7
2025-03,CI-0045,KA-03,55,34.9,1919.5
2025-03,CI-0045,KA-04,31,34.9,1081.9
2025-03,CI-0045,KA-05,23,34.9,802.7
2025-04,CI-0045,E-commerce,275,34.9,9597.5
2025-04,CI-0045,Marketplace,216,34.9,7538.4
2025-04,CI-0045,Loja própria,176,34.9,6142.4
2025-04,CI-0045,KA-01,98,34.9,3420.2
2025-04,CI-0045,KA-02,78,34.9,2722.2
2025-04,CI-0045,KA-03,68,34.9,2373.2
2025-04,CI-0045,KA-04,39,34.9,1361.1
2025-04,CI-0045,KA-05,29,34.9,1012.1
2025-05,CI-0045,E-commerce,262,34.9,9143.8
2025-05,CI-0045,Marketplace,206,34.9,7189.4
2025-05,CI-0045,Loja própria,168,34.9,5863.2
2025-05,CI-0045,KA-01,93,34.9,3245.7
2025-05,CI-0045,KA-02,74,34.9,2582.6
2025-05,CI-0045,KA-03,65,34.9,2268.5
2025-05,CI-0045,KA-04,37,34.9,1291.3
2025-05,CI-0045,KA-05,28,34.9,977.2
2025-06,CI-0045,E-commerce,245,34.9,8550.5
2025-06,CI-0045,Marketplace,192,34.9,6700.8
2025-06,CI-0045,Loja própria,157,34.9,5479.3
2025-06,CI-0045,KA-01,87,34.9,3036.3
2025-06,CI-0045,KA-02,70,34.9,2443
2025-06,CI-0045,KA-03,61,34.9,2128.9
2025-06,CI-0045,KA-04,35,34.9,1221.5
2025-06,CI-0045,KA-05,26,34.9,907.4
2025-07,CI-0045,E-commerce,281,34.9,9806.9
2025-07,CI-0045,Marketplace,221,34.9,7712.9
2025-07,CI-0045,Loja própria,180,34.9,6282
2025-07,CI-0045,KA-01,100,34.9,3490
2025-07,CI-0045,KA-02,80,34.9,2792
2025-07,CI-0045,KA-03,70,34.9,2443
2025-07,CI-0045,KA-04,40,34.9,1396
2025-07,CI-0045,KA-05,30,34.9,1047
2025-08,CI-0045,E-commerce,274,34.9,9562.6
2025-08,CI-0045,Marketplace,215,34.9,7503.5
2025-08,CI-0045,Loja própria,176,34.9,6142.4
2025-08,CI-0045,KA-01,97,34.9,3385.3
2025-08,CI-0045,KA-02,78,34.9,2722.2
2025-08,CI-0045,KA-03,68,34.9,2373.2
2025-08,CI-0045,KA-04,39,34.9,1361.1
2025-08,CI-0045,KA-05,29,34.9,1012.1
2025-09,CI-0045,E-commerce,267,34.9,9318.3
2025-09,CI-0045,Marketplace,210,34.9,7329
2025-09,CI-0045,Loja própria,171,34.9,5967.9
2025-09,CI-0045,KA-01,95,34.9,3315.5
2025-09,CI-0045,KA-02,76,34.9,2652.4
2025-09,CI-0045,KA-03,66,34.9,2303.4
2025-09,CI-0045,KA-04,38,34.9,1326.2
2025-09,CI-0045,KA-05,28,34.9,977.2
2025-10,CI-0045,E-commerce,240,34.9,8376
2025-10,CI-0045,Marketplace,188,34.9,6561.2
2025-10,CI-0045,Loja própria,154,34.9,5374.6
2025-10,CI-0045,KA-01,85,34.9,2966.5
2025-10,CI-0045,KA-02,68,34.9,2373.2
2025-10,CI-0045,KA-03,60,34.9,2094
2025-10,CI-0045,KA-04,34,34.9,1186.6
2025-10,CI-0045,KA-05,25,34.9,872.5
2025-11,CI-0045,E-commerce,384,34.9,13401.6
2025-11,CI-0045,Marketplace,302,34.9,10539.8
2025-11,CI-0045,Loja própria,247,34.9,8620.3
2025-11,CI-0045,KA-01,137,34.9,4781.3
2025-11,CI-0045,KA-02,109,34.9,3804.1
2025-11,CI-0045,KA-03,96,34.9,3350.4
2025-11,CI-0045,KA-04,54,34.9,1884.6
2025-11,CI-0045,KA-05,41,34.9,1430.9
2025-12,CI-0045,E-commerce,240,34.9,8376
2025-12,CI-0045,Marketplace,188,34.9,6561.2
2025-12,CI-0045,Loja própria,154,34.9,5374.6
2025-12,CI-0045,KA-01,85,34.9,2966.5
2025-12,CI-0045,KA-02,68,34.9,2373.2
2025-12,CI-0045,KA-03,60,34.9,2094
2025-12,CI-0045,KA-04,34,34.9,1186.6
2025-12,CI-0045,KA-05,25,34.9,872.5
2026-01,CI-0045,E-commerce,279,34.9,9737.1
2026-01,CI-0045,Marketplace,219,34.9,7643.1
2026-01,CI-0045,Loja própria,179,34.9,6247.1
2026-01,CI-0045,KA-01,99,34.9,3455.1
2026-01,CI-0045,KA-02,79,34.9,2757.1
2026-01,CI-0045,KA-03,69,34.9,2408.1
2026-01,CI-0045,KA-04,39,34.9,1361.1
2026-01,CI-0045,KA-05,29,34.9,1012.1
2026-02,CI-0045,E-commerce,246,34.9,8585.4
2026-02,CI-0045,Marketplace,193,34.9,6735.7
2026-02,CI-0045,Loja própria,158,34.9,5514.2
2026-02,CI-0045,KA-01,87,34.9,3036.3
2026-02,CI-0045,KA-02,70,34.9,2443
2026-02,CI-0045,KA-03,61,34.9,2128.9
2026-02,CI-0045,KA-04,35,34.9,1221.5
2026-02,CI-0045,KA-05,26,34.9,907.4
2026-03,CI-0045,E-commerce,235,34.9,8201.5
2026-03,CI-0045,Marketplace,185,34.9,6456.5
2026-03,CI-0045,Loja própria,151,34.9,5269.9
2026-03,CI-0045,KA-01,84,34.9,2931.6
2026-03,CI-0045,KA-02,67,34.9,2338.3
2026-03,CI-0045,KA-03,58,34.9,2024.2
2026-03,CI-0045,KA-04,33,34.9,1151.7
2026-03,CI-0045,KA-05,25,34.9,872.5
2026-04,CI-0045,E-commerce,264,34.9,9213.6
2026-04,CI-0045,Marketplace,207,34.9,7224.3
2026-04,CI-0045,Loja própria,169,34.9,5898.1
2026-04,CI-0045,KA-01,94,34.9,3280.6
2026-04,CI-0045,KA-02,75,34.9,2617.5
2026-04,CI-0045,KA-03,66,34.9,2303.4
2026-04,CI-0045,KA-04,37,34.9,1291.3
2026-04,CI-0045,KA-05,28,34.9,977.2
2026-05,CI-0045,E-commerce,251,34.9,8759.9
2026-05,CI-0045,Marketplace,197,34.9,6875.3
2026-05,CI-0045,Loja própria,161,34.9,5618.9
2026-05,CI-0045,KA-01,89,34.9,3106.1
2026-05,CI-0045,KA-02,71,34.9,2477.9
2026-05,CI-0045,KA-03,62,34.9,2163.8
2026-05,CI-0045,KA-04,35,34.9,1221.5
2026-05,CI-0045,KA-05,26,34.9,907.4
2026-06,CI-0045,E-commerce,281,34.9,9806.9
2026-06,CI-0045,Marketplace,221,34.9,7712.9
2026-06,CI-0045,Loja própria,181,34.9,6316.9
2026-06,CI-0045,KA-01,100,34.9,3490
2026-06,CI-0045,KA-02,80,34.9,2792
2026-06,CI-0045,KA-03,70,34.9,2443
2026-06,CI-0045,KA-04,40,34.9,1396
2026-06,CI-0045,KA-05,30,34.9,1047
2026-07,CI-0045,E-commerce,294,34.9,10260.6
2026-07,CI-0045,Marketplace,231,34.9,8061.9
2026-07,CI-0045,Loja própria,189,34.9,6596.1
2026-07,CI-0045,KA-01,105,34.9,3664.5
2026-07,CI-0045,KA-02,84,34.9,2931.6
2026-07,CI-0045,KA-03,73,34.9,2547.7
2026-07,CI-0045,KA-04,42,34.9,1465.8
2026-07,CI-0045,KA-05,31,34.9,1081.9
2026-08,CI-0045,E-commerce,290,34.9,10121
2026-08,CI-0045,Marketplace,227,34.9,7922.3
2026-08,CI-0045,Loja própria,186,34.9,6491.4
2026-08,CI-0045,KA-01,103,34.9,3594.7
2026-08,CI-0045,KA-02,82,34.9,2861.8
2026-08,CI-0045,KA-03,72,34.9,2512.8
2026-08,CI-0045,KA-04,41,34.9,1430.9
2026-08,CI-0045,KA-05,31,34.9,1081.9
2024-09,CI-0046,E-commerce,38,79.9,3036.2
2024-09,CI-0046,Marketplace,29,79.9,2317.1
2024-09,CI-0046,Loja própria,24,79.9,1917.6
2024-09,CI-0046,KA-01,13,79.9,1038.7
2024-09,CI-0046,KA-02,10,79.9,799
2024-09,CI-0046,KA-03,9,79.9,719.1
2024-09,CI-0046,KA-04,5,79.9,399.5
2024-09,CI-0046,KA-05,4,79.9,319.6
2024-10,CI-0046,E-commerce,37,79.9,2956.3
2024-10,CI-0046,Marketplace,29,79.9,2317.1
2024-10,CI-0046,Loja própria,24,79.9,1917.6
2024-10,CI-0046,KA-01,13,79.9,1038.7
2024-10,CI-0046,KA-02,10,79.9,799
2024-10,CI-0046,KA-03,9,79.9,719.1
2024-10,CI-0046,KA-04,5,79.9,399.5
2024-10,CI-0046,KA-05,4,79.9,319.6
2024-11,CI-0046,E-commerce,63,79.9,5033.7
2024-11,CI-0046,Marketplace,49,79.9,3915.1
2024-11,CI-0046,Loja própria,40,79.9,3196
2024-11,CI-0046,KA-01,22,79.9,1757.8
2024-11,CI-0046,KA-02,18,79.9,1438.2
2024-11,CI-0046,KA-03,15,79.9,1198.5
2024-11,CI-0046,KA-04,9,79.9,719.1
2024-11,CI-0046,KA-05,6,79.9,479.4
2024-12,CI-0046,E-commerce,43,79.9,3435.7
2024-12,CI-0046,Marketplace,33,79.9,2636.7
2024-12,CI-0046,Loja própria,27,79.9,2157.3
2024-12,CI-0046,KA-01,15,79.9,1198.5
2024-12,CI-0046,KA-02,12,79.9,958.8
2024-12,CI-0046,KA-03,10,79.9,799
2024-12,CI-0046,KA-04,6,79.9,479.4
2024-12,CI-0046,KA-05,4,79.9,319.6
2025-01,CI-0046,E-commerce,40,79.9,3196
2025-01,CI-0046,Marketplace,31,79.9,2476.9
2025-01,CI-0046,Loja própria,26,79.9,2077.4
2025-01,CI-0046,KA-01,14,79.9,1118.6
2025-01,CI-0046,KA-02,11,79.9,878.9
2025-01,CI-0046,KA-03,10,79.9,799
2025-01,CI-0046,KA-04,5,79.9,399.5
2025-01,CI-0046,KA-05,4,79.9,319.6
2025-02,CI-0046,E-commerce,42,79.9,3355.8
2025-02,CI-0046,Marketplace,33,79.9,2636.7
2025-02,CI-0046,Loja própria,27,79.9,2157.3
2025-02,CI-0046,KA-01,15,79.9,1198.5
2025-02,CI-0046,KA-02,12,79.9,958.8
2025-02,CI-0046,KA-03,10,79.9,799
2025-02,CI-0046,KA-04,6,79.9,479.4
2025-02,CI-0046,KA-05,4,79.9,319.6
2025-03,CI-0046,E-commerce,41,79.9,3275.9
2025-03,CI-0046,Marketplace,32,79.9,2556.8
2025-03,CI-0046,Loja própria,26,79.9,2077.4
2025-03,CI-0046,KA-01,14,79.9,1118.6
2025-03,CI-0046,KA-02,11,79.9,878.9
2025-03,CI-0046,KA-03,10,79.9,799
2025-03,CI-0046,KA-04,5,79.9,399.5
2025-03,CI-0046,KA-05,4,79.9,319.6
2025-04,CI-0046,E-commerce,39,79.9,3116.1
2025-04,CI-0046,Marketplace,30,79.9,2397
2025-04,CI-0046,Loja própria,25,79.9,1997.5
2025-04,CI-0046,KA-01,14,79.9,1118.6
2025-04,CI-0046,KA-02,11,79.9,878.9
2025-04,CI-0046,KA-03,9,79.9,719.1
2025-04,CI-0046,KA-04,5,79.9,399.5
2025-04,CI-0046,KA-05,4,79.9,319.6
2025-05,CI-0046,E-commerce,42,79.9,3355.8
2025-05,CI-0046,Marketplace,33,79.9,2636.7
2025-05,CI-0046,Loja própria,27,79.9,2157.3
2025-05,CI-0046,KA-01,15,79.9,1198.5
2025-05,CI-0046,KA-02,12,79.9,958.8
2025-05,CI-0046,KA-03,10,79.9,799
2025-05,CI-0046,KA-04,6,79.9,479.4
2025-05,CI-0046,KA-05,4,79.9,319.6
2025-06,CI-0046,E-commerce,40,79.9,3196
2025-06,CI-0046,Marketplace,32,79.9,2556.8
2025-06,CI-0046,Loja própria,26,79.9,2077.4
2025-06,CI-0046,KA-01,14,79.9,1118.6
2025-06,CI-0046,KA-02,11,79.9,878.9
2025-06,CI-0046,KA-03,10,79.9,799
2025-06,CI-0046,KA-04,5,79.9,399.5
2025-06,CI-0046,KA-05,4,79.9,319.6
2025-07,CI-0046,E-commerce,40,79.9,3196
2025-07,CI-0046,Marketplace,31,79.9,2476.9
2025-07,CI-0046,Loja própria,26,79.9,2077.4
2025-07,CI-0046,KA-01,14,79.9,1118.6
2025-07,CI-0046,KA-02,11,79.9,878.9
2025-07,CI-0046,KA-03,10,79.9,799
2025-07,CI-0046,KA-04,5,79.9,399.5
2025-07,CI-0046,KA-05,4,79.9,319.6
2025-08,CI-0046,E-commerce,44,79.9,3515.6
2025-08,CI-0046,Marketplace,35,79.9,2796.5
2025-08,CI-0046,Loja própria,28,79.9,2237.2
2025-08,CI-0046,KA-01,16,79.9,1278.4
2025-08,CI-0046,KA-02,12,79.9,958.8
2025-08,CI-0046,KA-03,11,79.9,878.9
2025-08,CI-0046,KA-04,6,79.9,479.4
2025-08,CI-0046,KA-05,4,79.9,319.6
2025-09,CI-0046,E-commerce,43,79.9,3435.7
2025-09,CI-0046,Marketplace,34,79.9,2716.6
2025-09,CI-0046,Loja própria,28,79.9,2237.2
2025-09,CI-0046,KA-01,15,79.9,1198.5
2025-09,CI-0046,KA-02,12,79.9,958.8
2025-09,CI-0046,KA-03,10,79.9,799
2025-09,CI-0046,KA-04,6,79.9,479.4
2025-09,CI-0046,KA-05,4,79.9,319.6
2025-10,CI-0046,E-commerce,45,79.9,3595.5
2025-10,CI-0046,Marketplace,35,79.9,2796.5
2025-10,CI-0046,Loja própria,29,79.9,2317.1
2025-10,CI-0046,KA-01,16,79.9,1278.4
2025-10,CI-0046,KA-02,13,79.9,1038.7
2025-10,CI-0046,KA-03,11,79.9,878.9
2025-10,CI-0046,KA-04,6,79.9,479.4
2025-10,CI-0046,KA-05,4,79.9,319.6
2025-11,CI-0046,E-commerce,53,79.9,4234.7
2025-11,CI-0046,Marketplace,42,79.9,3355.8
2025-11,CI-0046,Loja própria,34,79.9,2716.6
2025-11,CI-0046,KA-01,19,79.9,1518.1
2025-11,CI-0046,KA-02,15,79.9,1198.5
2025-11,CI-0046,KA-03,13,79.9,1038.7
2025-11,CI-0046,KA-04,7,79.9,559.3
2025-11,CI-0046,KA-05,5,79.9,399.5
2025-12,CI-0046,E-commerce,41,79.9,3275.9
2025-12,CI-0046,Marketplace,32,79.9,2556.8
2025-12,CI-0046,Loja própria,26,79.9,2077.4
2025-12,CI-0046,KA-01,14,79.9,1118.6
2025-12,CI-0046,KA-02,11,79.9,878.9
2025-12,CI-0046,KA-03,10,79.9,799
2025-12,CI-0046,KA-04,5,79.9,399.5
2025-12,CI-0046,KA-05,4,79.9,319.6
2026-01,CI-0046,E-commerce,44,79.9,3515.6
2026-01,CI-0046,Marketplace,34,79.9,2716.6
2026-01,CI-0046,Loja própria,28,79.9,2237.2
2026-01,CI-0046,KA-01,15,79.9,1198.5
2026-01,CI-0046,KA-02,12,79.9,958.8
2026-01,CI-0046,KA-03,11,79.9,878.9
2026-01,CI-0046,KA-04,6,79.9,479.4
2026-01,CI-0046,KA-05,4,79.9,319.6
2026-02,CI-0046,E-commerce,43,79.9,3435.7
2026-02,CI-0046,Marketplace,33,79.9,2636.7
2026-02,CI-0046,Loja própria,27,79.9,2157.3
2026-02,CI-0046,KA-01,15,79.9,1198.5
2026-02,CI-0046,KA-02,12,79.9,958.8
2026-02,CI-0046,KA-03,10,79.9,799
2026-02,CI-0046,KA-04,6,79.9,479.4
2026-02,CI-0046,KA-05,4,79.9,319.6
2026-03,CI-0046,E-commerce,43,79.9,3435.7
2026-03,CI-0046,Marketplace,34,79.9,2716.6
2026-03,CI-0046,Loja própria,28,79.9,2237.2
2026-03,CI-0046,KA-01,15,79.9,1198.5
2026-03,CI-0046,KA-02,12,79.9,958.8
2026-03,CI-0046,KA-03,10,79.9,799
2026-03,CI-0046,KA-04,6,79.9,479.4
2026-03,CI-0046,KA-05,4,79.9,319.6
2026-04,CI-0046,E-commerce,43,79.9,3435.7
2026-04,CI-0046,Marketplace,34,79.9,2716.6
2026-04,CI-0046,Loja própria,28,79.9,2237.2
2026-04,CI-0046,KA-01,15,79.9,1198.5
2026-04,CI-0046,KA-02,12,79.9,958.8
2026-04,CI-0046,KA-03,10,79.9,799
2026-04,CI-0046,KA-04,6,79.9,479.4
2026-04,CI-0046,KA-05,4,79.9,319.6
2026-05,CI-0046,E-commerce,47,79.9,3755.3
2026-05,CI-0046,Marketplace,37,79.9,2956.3
2026-05,CI-0046,Loja própria,30,79.9,2397
2026-05,CI-0046,KA-01,16,79.9,1278.4
2026-05,CI-0046,KA-02,13,79.9,1038.7
2026-05,CI-0046,KA-03,11,79.9,878.9
2026-05,CI-0046,KA-04,6,79.9,479.4
2026-05,CI-0046,KA-05,5,79.9,399.5
2026-06,CI-0046,E-commerce,46,79.9,3675.4
2026-06,CI-0046,Marketplace,36,79.9,2876.4
2026-06,CI-0046,Loja própria,30,79.9,2397
2026-06,CI-0046,KA-01,16,79.9,1278.4
2026-06,CI-0046,KA-02,13,79.9,1038.7
2026-06,CI-0046,KA-03,11,79.9,878.9
2026-06,CI-0046,KA-04,6,79.9,479.4
2026-06,CI-0046,KA-05,5,79.9,399.5
2026-07,CI-0046,E-commerce,45,79.9,3595.5
2026-07,CI-0046,Marketplace,35,79.9,2796.5
2026-07,CI-0046,Loja própria,29,79.9,2317.1
2026-07,CI-0046,KA-01,16,79.9,1278.4
2026-07,CI-0046,KA-02,13,79.9,1038.7
2026-07,CI-0046,KA-03,11,79.9,878.9
2026-07,CI-0046,KA-04,6,79.9,479.4
2026-07,CI-0046,KA-05,4,79.9,319.6
2026-08,CI-0046,E-commerce,41,79.9,3275.9
2026-08,CI-0046,Marketplace,32,79.9,2556.8
2026-08,CI-0046,Loja própria,26,79.9,2077.4
2026-08,CI-0046,KA-01,14,79.9,1118.6
2026-08,CI-0046,KA-02,11,79.9,878.9
2026-08,CI-0046,KA-03,10,79.9,799
2026-08,CI-0046,KA-04,5,79.9,399.5
2026-08,CI-0046,KA-05,4,79.9,319.6
2024-09,CI-0047,E-commerce,55,114.9,6319.5
2024-09,CI-0047,Marketplace,43,114.9,4940.7
2024-09,CI-0047,Loja própria,35,114.9,4021.5
2024-09,CI-0047,KA-01,19,114.9,2183.1
2024-09,CI-0047,KA-02,15,114.9,1723.5
2024-09,CI-0047,KA-03,13,114.9,1493.7
2024-09,CI-0047,KA-04,7,114.9,804.3
2024-09,CI-0047,KA-05,5,114.9,574.5
2024-10,CI-0047,E-commerce,52,114.9,5974.8
2024-10,CI-0047,Marketplace,41,114.9,4710.9
2024-10,CI-0047,Loja própria,34,114.9,3906.6
2024-10,CI-0047,KA-01,18,114.9,2068.2
2024-10,CI-0047,KA-02,15,114.9,1723.5
2024-10,CI-0047,KA-03,13,114.9,1493.7
2024-10,CI-0047,KA-04,7,114.9,804.3
2024-10,CI-0047,KA-05,5,114.9,574.5
2024-11,CI-0047,E-commerce,80,114.9,9192
2024-11,CI-0047,Marketplace,63,114.9,7238.7
2024-11,CI-0047,Loja própria,51,114.9,5859.9
2024-11,CI-0047,KA-01,28,114.9,3217.2
2024-11,CI-0047,KA-02,22,114.9,2527.8
2024-11,CI-0047,KA-03,20,114.9,2298
2024-11,CI-0047,KA-04,11,114.9,1263.9
2024-11,CI-0047,KA-05,8,114.9,919.2
2024-12,CI-0047,E-commerce,61,114.9,7008.9
2024-12,CI-0047,Marketplace,48,114.9,5515.2
2024-12,CI-0047,Loja própria,39,114.9,4481.1
2024-12,CI-0047,KA-01,21,114.9,2412.9
2024-12,CI-0047,KA-02,17,114.9,1953.3
2024-12,CI-0047,KA-03,15,114.9,1723.5
2024-12,CI-0047,KA-04,8,114.9,919.2
2024-12,CI-0047,KA-05,6,114.9,689.4
2025-01,CI-0047,E-commerce,52,114.9,5974.8
2025-01,CI-0047,Marketplace,41,114.9,4710.9
2025-01,CI-0047,Loja própria,34,114.9,3906.6
2025-01,CI-0047,KA-01,18,114.9,2068.2
2025-01,CI-0047,KA-02,15,114.9,1723.5
2025-01,CI-0047,KA-03,13,114.9,1493.7
2025-01,CI-0047,KA-04,7,114.9,804.3
2025-01,CI-0047,KA-05,5,114.9,574.5
2025-02,CI-0047,E-commerce,53,114.9,6089.7
2025-02,CI-0047,Marketplace,42,114.9,4825.8
2025-02,CI-0047,Loja própria,34,114.9,3906.6
2025-02,CI-0047,KA-01,19,114.9,2183.1
2025-02,CI-0047,KA-02,15,114.9,1723.5
2025-02,CI-0047,KA-03,13,114.9,1493.7
2025-02,CI-0047,KA-04,7,114.9,804.3
2025-02,CI-0047,KA-05,5,114.9,574.5
2025-03,CI-0047,E-commerce,62,114.9,7123.8
2025-03,CI-0047,Marketplace,49,114.9,5630.1
2025-03,CI-0047,Loja própria,40,114.9,4596
2025-03,CI-0047,KA-01,22,114.9,2527.8
2025-03,CI-0047,KA-02,17,114.9,1953.3
2025-03,CI-0047,KA-03,15,114.9,1723.5
2025-03,CI-0047,KA-04,8,114.9,919.2
2025-03,CI-0047,KA-05,6,114.9,689.4
2025-04,CI-0047,E-commerce,55,114.9,6319.5
2025-04,CI-0047,Marketplace,43,114.9,4940.7
2025-04,CI-0047,Loja própria,35,114.9,4021.5
2025-04,CI-0047,KA-01,19,114.9,2183.1
2025-04,CI-0047,KA-02,15,114.9,1723.5
2025-04,CI-0047,KA-03,13,114.9,1493.7
2025-04,CI-0047,KA-04,7,114.9,804.3
2025-04,CI-0047,KA-05,5,114.9,574.5
2025-05,CI-0047,E-commerce,59,114.9,6779.1
2025-05,CI-0047,Marketplace,46,114.9,5285.4
2025-05,CI-0047,Loja própria,38,114.9,4366.2
2025-05,CI-0047,KA-01,21,114.9,2412.9
2025-05,CI-0047,KA-02,16,114.9,1838.4
2025-05,CI-0047,KA-03,14,114.9,1608.6
2025-05,CI-0047,KA-04,8,114.9,919.2
2025-05,CI-0047,KA-05,6,114.9,689.4
2025-06,CI-0047,E-commerce,53,114.9,6089.7
2025-06,CI-0047,Marketplace,42,114.9,4825.8
2025-06,CI-0047,Loja própria,34,114.9,3906.6
2025-06,CI-0047,KA-01,19,114.9,2183.1
2025-06,CI-0047,KA-02,15,114.9,1723.5
2025-06,CI-0047,KA-03,13,114.9,1493.7
2025-06,CI-0047,KA-04,7,114.9,804.3
2025-06,CI-0047,KA-05,5,114.9,574.5
2025-07,CI-0047,E-commerce,63,114.9,7238.7
2025-07,CI-0047,Marketplace,50,114.9,5745
2025-07,CI-0047,Loja própria,41,114.9,4710.9
2025-07,CI-0047,KA-01,22,114.9,2527.8
2025-07,CI-0047,KA-02,18,114.9,2068.2
2025-07,CI-0047,KA-03,15,114.9,1723.5
2025-07,CI-0047,KA-04,9,114.9,1034.1
2025-07,CI-0047,KA-05,6,114.9,689.4
2025-08,CI-0047,E-commerce,51,114.9,5859.9
2025-08,CI-0047,Marketplace,40,114.9,4596
2025-08,CI-0047,Loja própria,33,114.9,3791.7
2025-08,CI-0047,KA-01,18,114.9,2068.2
2025-08,CI-0047,KA-02,14,114.9,1608.6
2025-08,CI-0047,KA-03,12,114.9,1378.8
2025-08,CI-0047,KA-04,7,114.9,804.3
2025-08,CI-0047,KA-05,5,114.9,574.5
2025-09,CI-0047,E-commerce,64,114.9,7353.6
2025-09,CI-0047,Marketplace,51,114.9,5859.9
2025-09,CI-0047,Loja própria,41,114.9,4710.9
2025-09,CI-0047,KA-01,23,114.9,2642.7
2025-09,CI-0047,KA-02,18,114.9,2068.2
2025-09,CI-0047,KA-03,16,114.9,1838.4
2025-09,CI-0047,KA-04,9,114.9,1034.1
2025-09,CI-0047,KA-05,6,114.9,689.4
2025-10,CI-0047,E-commerce,55,114.9,6319.5
2025-10,CI-0047,Marketplace,43,114.9,4940.7
2025-10,CI-0047,Loja própria,35,114.9,4021.5
2025-10,CI-0047,KA-01,19,114.9,2183.1
2025-10,CI-0047,KA-02,15,114.9,1723.5
2025-10,CI-0047,KA-03,13,114.9,1493.7
2025-10,CI-0047,KA-04,7,114.9,804.3
2025-10,CI-0047,KA-05,5,114.9,574.5
2025-11,CI-0047,E-commerce,78,114.9,8962.2
2025-11,CI-0047,Marketplace,62,114.9,7123.8
2025-11,CI-0047,Loja própria,50,114.9,5745
2025-11,CI-0047,KA-01,28,114.9,3217.2
2025-11,CI-0047,KA-02,22,114.9,2527.8
2025-11,CI-0047,KA-03,19,114.9,2183.1
2025-11,CI-0047,KA-04,11,114.9,1263.9
2025-11,CI-0047,KA-05,8,114.9,919.2
2025-12,CI-0047,E-commerce,64,114.9,7353.6
2025-12,CI-0047,Marketplace,51,114.9,5859.9
2025-12,CI-0047,Loja própria,41,114.9,4710.9
2025-12,CI-0047,KA-01,23,114.9,2642.7
2025-12,CI-0047,KA-02,18,114.9,2068.2
2025-12,CI-0047,KA-03,16,114.9,1838.4
2025-12,CI-0047,KA-04,9,114.9,1034.1
2025-12,CI-0047,KA-05,6,114.9,689.4
2026-01,CI-0047,E-commerce,60,114.9,6894
2026-01,CI-0047,Marketplace,47,114.9,5400.3
2026-01,CI-0047,Loja própria,38,114.9,4366.2
2026-01,CI-0047,KA-01,21,114.9,2412.9
2026-01,CI-0047,KA-02,17,114.9,1953.3
2026-01,CI-0047,KA-03,15,114.9,1723.5
2026-01,CI-0047,KA-04,8,114.9,919.2
2026-01,CI-0047,KA-05,6,114.9,689.4
2026-02,CI-0047,E-commerce,58,114.9,6664.2
2026-02,CI-0047,Marketplace,46,114.9,5285.4
2026-02,CI-0047,Loja própria,37,114.9,4251.3
2026-02,CI-0047,KA-01,21,114.9,2412.9
2026-02,CI-0047,KA-02,16,114.9,1838.4
2026-02,CI-0047,KA-03,14,114.9,1608.6
2026-02,CI-0047,KA-04,8,114.9,919.2
2026-02,CI-0047,KA-05,6,114.9,689.4
2026-03,CI-0047,E-commerce,60,114.9,6894
2026-03,CI-0047,Marketplace,47,114.9,5400.3
2026-03,CI-0047,Loja própria,38,114.9,4366.2
2026-03,CI-0047,KA-01,21,114.9,2412.9
2026-03,CI-0047,KA-02,17,114.9,1953.3
2026-03,CI-0047,KA-03,15,114.9,1723.5
2026-03,CI-0047,KA-04,8,114.9,919.2
2026-03,CI-0047,KA-05,6,114.9,689.4
2026-04,CI-0047,E-commerce,59,114.9,6779.1
2026-04,CI-0047,Marketplace,46,114.9,5285.4
2026-04,CI-0047,Loja própria,38,114.9,4366.2
2026-04,CI-0047,KA-01,21,114.9,2412.9
2026-04,CI-0047,KA-02,16,114.9,1838.4
2026-04,CI-0047,KA-03,14,114.9,1608.6
2026-04,CI-0047,KA-04,8,114.9,919.2
2026-04,CI-0047,KA-05,6,114.9,689.4
2026-05,CI-0047,E-commerce,57,114.9,6549.3
2026-05,CI-0047,Marketplace,45,114.9,5170.5
2026-05,CI-0047,Loja própria,37,114.9,4251.3
2026-05,CI-0047,KA-01,20,114.9,2298
2026-05,CI-0047,KA-02,16,114.9,1838.4
2026-05,CI-0047,KA-03,14,114.9,1608.6
2026-05,CI-0047,KA-04,8,114.9,919.2
2026-05,CI-0047,KA-05,6,114.9,689.4
2026-06,CI-0047,E-commerce,58,114.9,6664.2
2026-06,CI-0047,Marketplace,46,114.9,5285.4
2026-06,CI-0047,Loja própria,37,114.9,4251.3
2026-06,CI-0047,KA-01,21,114.9,2412.9
2026-06,CI-0047,KA-02,16,114.9,1838.4
2026-06,CI-0047,KA-03,14,114.9,1608.6
2026-06,CI-0047,KA-04,8,114.9,919.2
2026-06,CI-0047,KA-05,6,114.9,689.4
2026-07,CI-0047,E-commerce,56,114.9,6434.4
2026-07,CI-0047,Marketplace,44,114.9,5055.6
2026-07,CI-0047,Loja própria,36,114.9,4136.4
2026-07,CI-0047,KA-01,20,114.9,2298
2026-07,CI-0047,KA-02,16,114.9,1838.4
2026-07,CI-0047,KA-03,14,114.9,1608.6
2026-07,CI-0047,KA-04,8,114.9,919.2
2026-07,CI-0047,KA-05,6,114.9,689.4
2026-08,CI-0047,E-commerce,55,114.9,6319.5
2026-08,CI-0047,Marketplace,43,114.9,4940.7
2026-08,CI-0047,Loja própria,35,114.9,4021.5
2026-08,CI-0047,KA-01,19,114.9,2183.1
2026-08,CI-0047,KA-02,15,114.9,1723.5
2026-08,CI-0047,KA-03,13,114.9,1493.7
2026-08,CI-0047,KA-04,7,114.9,804.3
2026-08,CI-0047,KA-05,5,114.9,574.5
2024-09,CI-0048,E-commerce,67,29.9,2003.3
2024-09,CI-0048,Marketplace,52,29.9,1554.8
2024-09,CI-0048,Loja própria,43,29.9,1285.7
2024-09,CI-0048,KA-01,24,29.9,717.6
2024-09,CI-0048,KA-02,19,29.9,568.1
2024-09,CI-0048,KA-03,16,29.9,478.4
2024-09,CI-0048,KA-04,9,29.9,269.1
2024-09,CI-0048,KA-05,7,29.9,209.3
2024-10,CI-0048,E-commerce,63,29.9,1883.7
2024-10,CI-0048,Marketplace,49,29.9,1465.1
2024-10,CI-0048,Loja própria,40,29.9,1196
2024-10,CI-0048,KA-01,22,29.9,657.8
2024-10,CI-0048,KA-02,18,29.9,538.2
2024-10,CI-0048,KA-03,15,29.9,448.5
2024-10,CI-0048,KA-04,9,29.9,269.1
2024-10,CI-0048,KA-05,6,29.9,179.4
2024-11,CI-0048,E-commerce,97,29.9,2900.3
2024-11,CI-0048,Marketplace,76,29.9,2272.4
2024-11,CI-0048,Loja própria,62,29.9,1853.8
2024-11,CI-0048,KA-01,34,29.9,1016.6
2024-11,CI-0048,KA-02,27,29.9,807.3
2024-11,CI-0048,KA-03,24,29.9,717.6
2024-11,CI-0048,KA-04,13,29.9,388.7
2024-11,CI-0048,KA-05,10,29.9,299
2024-12,CI-0048,E-commerce,73,29.9,2182.7
2024-12,CI-0048,Marketplace,57,29.9,1704.3
2024-12,CI-0048,Loja própria,46,29.9,1375.4
2024-12,CI-0048,KA-01,26,29.9,777.4
2024-12,CI-0048,KA-02,20,29.9,598
2024-12,CI-0048,KA-03,18,29.9,538.2
2024-12,CI-0048,KA-04,10,29.9,299
2024-12,CI-0048,KA-05,7,29.9,209.3
2025-01,CI-0048,E-commerce,77,29.9,2302.3
2025-01,CI-0048,Marketplace,60,29.9,1794
2025-01,CI-0048,Loja própria,49,29.9,1465.1
2025-01,CI-0048,KA-01,27,29.9,807.3
2025-01,CI-0048,KA-02,22,29.9,657.8
2025-01,CI-0048,KA-03,19,29.9,568.1
2025-01,CI-0048,KA-04,11,29.9,328.9
2025-01,CI-0048,KA-05,8,29.9,239.2
2025-02,CI-0048,E-commerce,64,29.9,1913.6
2025-02,CI-0048,Marketplace,51,29.9,1524.9
2025-02,CI-0048,Loja própria,41,29.9,1225.9
2025-02,CI-0048,KA-01,23,29.9,687.7
2025-02,CI-0048,KA-02,18,29.9,538.2
2025-02,CI-0048,KA-03,16,29.9,478.4
2025-02,CI-0048,KA-04,9,29.9,269.1
2025-02,CI-0048,KA-05,6,29.9,179.4
2025-03,CI-0048,E-commerce,63,29.9,1883.7
2025-03,CI-0048,Marketplace,50,29.9,1495
2025-03,CI-0048,Loja própria,41,29.9,1225.9
2025-03,CI-0048,KA-01,22,29.9,657.8
2025-03,CI-0048,KA-02,18,29.9,538.2
2025-03,CI-0048,KA-03,15,29.9,448.5
2025-03,CI-0048,KA-04,9,29.9,269.1
2025-03,CI-0048,KA-05,6,29.9,179.4
2025-04,CI-0048,E-commerce,74,29.9,2212.6
2025-04,CI-0048,Marketplace,58,29.9,1734.2
2025-04,CI-0048,Loja própria,48,29.9,1435.2
2025-04,CI-0048,KA-01,26,29.9,777.4
2025-04,CI-0048,KA-02,21,29.9,627.9
2025-04,CI-0048,KA-03,18,29.9,538.2
2025-04,CI-0048,KA-04,10,29.9,299
2025-04,CI-0048,KA-05,8,29.9,239.2
2025-05,CI-0048,E-commerce,66,29.9,1973.4
2025-05,CI-0048,Marketplace,51,29.9,1524.9
2025-05,CI-0048,Loja própria,42,29.9,1255.8
2025-05,CI-0048,KA-01,23,29.9,687.7
2025-05,CI-0048,KA-02,18,29.9,538.2
2025-05,CI-0048,KA-03,16,29.9,478.4
2025-05,CI-0048,KA-04,9,29.9,269.1
2025-05,CI-0048,KA-05,7,29.9,209.3
2025-06,CI-0048,E-commerce,65,29.9,1943.5
2025-06,CI-0048,Marketplace,51,29.9,1524.9
2025-06,CI-0048,Loja própria,42,29.9,1255.8
2025-06,CI-0048,KA-01,23,29.9,687.7
2025-06,CI-0048,KA-02,18,29.9,538.2
2025-06,CI-0048,KA-03,16,29.9,478.4
2025-06,CI-0048,KA-04,9,29.9,269.1
2025-06,CI-0048,KA-05,7,29.9,209.3
2025-07,CI-0048,E-commerce,68,29.9,2033.2
2025-07,CI-0048,Marketplace,53,29.9,1584.7
2025-07,CI-0048,Loja própria,43,29.9,1285.7
2025-07,CI-0048,KA-01,24,29.9,717.6
2025-07,CI-0048,KA-02,19,29.9,568.1
2025-07,CI-0048,KA-03,17,29.9,508.3
2025-07,CI-0048,KA-04,9,29.9,269.1
2025-07,CI-0048,KA-05,7,29.9,209.3
2025-08,CI-0048,E-commerce,69,29.9,2063.1
2025-08,CI-0048,Marketplace,54,29.9,1614.6
2025-08,CI-0048,Loja própria,44,29.9,1315.6
2025-08,CI-0048,KA-01,24,29.9,717.6
2025-08,CI-0048,KA-02,19,29.9,568.1
2025-08,CI-0048,KA-03,17,29.9,508.3
2025-08,CI-0048,KA-04,9,29.9,269.1
2025-08,CI-0048,KA-05,7,29.9,209.3
2025-09,CI-0048,E-commerce,81,29.9,2421.9
2025-09,CI-0048,Marketplace,64,29.9,1913.6
2025-09,CI-0048,Loja própria,52,29.9,1554.8
2025-09,CI-0048,KA-01,29,29.9,867.1
2025-09,CI-0048,KA-02,23,29.9,687.7
2025-09,CI-0048,KA-03,20,29.9,598
2025-09,CI-0048,KA-04,11,29.9,328.9
2025-09,CI-0048,KA-05,8,29.9,239.2
2025-10,CI-0048,E-commerce,71,29.9,2122.9
2025-10,CI-0048,Marketplace,56,29.9,1674.4
2025-10,CI-0048,Loja própria,46,29.9,1375.4
2025-10,CI-0048,KA-01,25,29.9,747.5
2025-10,CI-0048,KA-02,20,29.9,598
2025-10,CI-0048,KA-03,17,29.9,508.3
2025-10,CI-0048,KA-04,10,29.9,299
2025-10,CI-0048,KA-05,7,29.9,209.3
2025-11,CI-0048,E-commerce,89,29.9,2661.1
2025-11,CI-0048,Marketplace,69,29.9,2063.1
2025-11,CI-0048,Loja própria,57,29.9,1704.3
2025-11,CI-0048,KA-01,31,29.9,926.9
2025-11,CI-0048,KA-02,25,29.9,747.5
2025-11,CI-0048,KA-03,22,29.9,657.8
2025-11,CI-0048,KA-04,12,29.9,358.8
2025-11,CI-0048,KA-05,9,29.9,269.1
2025-12,CI-0048,E-commerce,66,29.9,1973.4
2025-12,CI-0048,Marketplace,52,29.9,1554.8
2025-12,CI-0048,Loja própria,42,29.9,1255.8
2025-12,CI-0048,KA-01,23,29.9,687.7
2025-12,CI-0048,KA-02,18,29.9,538.2
2025-12,CI-0048,KA-03,16,29.9,478.4
2025-12,CI-0048,KA-04,9,29.9,269.1
2025-12,CI-0048,KA-05,7,29.9,209.3
2026-01,CI-0048,E-commerce,68,29.9,2033.2
2026-01,CI-0048,Marketplace,53,29.9,1584.7
2026-01,CI-0048,Loja própria,43,29.9,1285.7
2026-01,CI-0048,KA-01,24,29.9,717.6
2026-01,CI-0048,KA-02,19,29.9,568.1
2026-01,CI-0048,KA-03,17,29.9,508.3
2026-01,CI-0048,KA-04,9,29.9,269.1
2026-01,CI-0048,KA-05,7,29.9,209.3
2026-02,CI-0048,E-commerce,77,29.9,2302.3
2026-02,CI-0048,Marketplace,60,29.9,1794
2026-02,CI-0048,Loja própria,49,29.9,1465.1
2026-02,CI-0048,KA-01,27,29.9,807.3
2026-02,CI-0048,KA-02,22,29.9,657.8
2026-02,CI-0048,KA-03,19,29.9,568.1
2026-02,CI-0048,KA-04,11,29.9,328.9
2026-02,CI-0048,KA-05,8,29.9,239.2
2026-03,CI-0048,E-commerce,76,29.9,2272.4
2026-03,CI-0048,Marketplace,60,29.9,1794
2026-03,CI-0048,Loja própria,49,29.9,1465.1
2026-03,CI-0048,KA-01,27,29.9,807.3
2026-03,CI-0048,KA-02,21,29.9,627.9
2026-03,CI-0048,KA-03,19,29.9,568.1
2026-03,CI-0048,KA-04,10,29.9,299
2026-03,CI-0048,KA-05,8,29.9,239.2
2026-04,CI-0048,E-commerce,75,29.9,2242.5
2026-04,CI-0048,Marketplace,58,29.9,1734.2
2026-04,CI-0048,Loja própria,48,29.9,1435.2
2026-04,CI-0048,KA-01,26,29.9,777.4
2026-04,CI-0048,KA-02,21,29.9,627.9
2026-04,CI-0048,KA-03,18,29.9,538.2
2026-04,CI-0048,KA-04,10,29.9,299
2026-04,CI-0048,KA-05,8,29.9,239.2
2026-05,CI-0048,E-commerce,82,29.9,2451.8
2026-05,CI-0048,Marketplace,64,29.9,1913.6
2026-05,CI-0048,Loja própria,52,29.9,1554.8
2026-05,CI-0048,KA-01,29,29.9,867.1
2026-05,CI-0048,KA-02,23,29.9,687.7
2026-05,CI-0048,KA-03,20,29.9,598
2026-05,CI-0048,KA-04,11,29.9,328.9
2026-05,CI-0048,KA-05,8,29.9,239.2
2026-06,CI-0048,E-commerce,85,29.9,2541.5
2026-06,CI-0048,Marketplace,66,29.9,1973.4
2026-06,CI-0048,Loja própria,54,29.9,1614.6
2026-06,CI-0048,KA-01,30,29.9,897
2026-06,CI-0048,KA-02,24,29.9,717.6
2026-06,CI-0048,KA-03,21,29.9,627.9
2026-06,CI-0048,KA-04,12,29.9,358.8
2026-06,CI-0048,KA-05,9,29.9,269.1
2026-07,CI-0048,E-commerce,75,29.9,2242.5
2026-07,CI-0048,Marketplace,59,29.9,1764.1
2026-07,CI-0048,Loja própria,48,29.9,1435.2
2026-07,CI-0048,KA-01,27,29.9,807.3
2026-07,CI-0048,KA-02,21,29.9,627.9
2026-07,CI-0048,KA-03,18,29.9,538.2
2026-07,CI-0048,KA-04,10,29.9,299
2026-07,CI-0048,KA-05,8,29.9,239.2
2026-08,CI-0048,E-commerce,72,29.9,2152.8
2026-08,CI-0048,Marketplace,57,29.9,1704.3
2026-08,CI-0048,Loja própria,46,29.9,1375.4
2026-08,CI-0048,KA-01,26,29.9,777.4
2026-08,CI-0048,KA-02,20,29.9,598
2026-08,CI-0048,KA-03,18,29.9,538.2
2026-08,CI-0048,KA-04,10,29.9,299
2026-08,CI-0048,KA-05,7,29.9,209.3
2024-09,CI-0049,E-commerce,91,29.9,2720.9
2024-09,CI-0049,Marketplace,71,29.9,2122.9
2024-09,CI-0049,Loja própria,58,29.9,1734.2
2024-09,CI-0049,KA-01,32,29.9,956.8
2024-09,CI-0049,KA-02,26,29.9,777.4
2024-09,CI-0049,KA-03,22,29.9,657.8
2024-09,CI-0049,KA-04,13,29.9,388.7
2024-09,CI-0049,KA-05,9,29.9,269.1
2024-10,CI-0049,E-commerce,94,29.9,2810.6
2024-10,CI-0049,Marketplace,74,29.9,2212.6
2024-10,CI-0049,Loja própria,60,29.9,1794
2024-10,CI-0049,KA-01,33,29.9,986.7
2024-10,CI-0049,KA-02,27,29.9,807.3
2024-10,CI-0049,KA-03,23,29.9,687.7
2024-10,CI-0049,KA-04,13,29.9,388.7
2024-10,CI-0049,KA-05,10,29.9,299
2024-11,CI-0049,E-commerce,113,29.9,3378.7
2024-11,CI-0049,Marketplace,89,29.9,2661.1
2024-11,CI-0049,Loja própria,72,29.9,2152.8
2024-11,CI-0049,KA-01,40,29.9,1196
2024-11,CI-0049,KA-02,32,29.9,956.8
2024-11,CI-0049,KA-03,28,29.9,837.2
2024-11,CI-0049,KA-04,16,29.9,478.4
2024-11,CI-0049,KA-05,12,29.9,358.8
2024-12,CI-0049,E-commerce,87,29.9,2601.3
2024-12,CI-0049,Marketplace,68,29.9,2033.2
2024-12,CI-0049,Loja própria,55,29.9,1644.5
2024-12,CI-0049,KA-01,31,29.9,926.9
2024-12,CI-0049,KA-02,24,29.9,717.6
2024-12,CI-0049,KA-03,21,29.9,627.9
2024-12,CI-0049,KA-04,12,29.9,358.8
2024-12,CI-0049,KA-05,9,29.9,269.1
2025-01,CI-0049,E-commerce,89,29.9,2661.1
2025-01,CI-0049,Marketplace,70,29.9,2093
2025-01,CI-0049,Loja própria,57,29.9,1704.3
2025-01,CI-0049,KA-01,32,29.9,956.8
2025-01,CI-0049,KA-02,25,29.9,747.5
2025-01,CI-0049,KA-03,22,29.9,657.8
2025-01,CI-0049,KA-04,12,29.9,358.8
2025-01,CI-0049,KA-05,9,29.9,269.1
2025-02,CI-0049,E-commerce,86,29.9,2571.4
2025-02,CI-0049,Marketplace,67,29.9,2003.3
2025-02,CI-0049,Loja própria,55,29.9,1644.5
2025-02,CI-0049,KA-01,30,29.9,897
2025-02,CI-0049,KA-02,24,29.9,717.6
2025-02,CI-0049,KA-03,21,29.9,627.9
2025-02,CI-0049,KA-04,12,29.9,358.8
2025-02,CI-0049,KA-05,9,29.9,269.1
2025-03,CI-0049,E-commerce,82,29.9,2451.8
2025-03,CI-0049,Marketplace,64,29.9,1913.6
2025-03,CI-0049,Loja própria,52,29.9,1554.8
2025-03,CI-0049,KA-01,29,29.9,867.1
2025-03,CI-0049,KA-02,23,29.9,687.7
2025-03,CI-0049,KA-03,20,29.9,598
2025-03,CI-0049,KA-04,11,29.9,328.9
2025-03,CI-0049,KA-05,8,29.9,239.2
2025-04,CI-0049,E-commerce,85,29.9,2541.5
2025-04,CI-0049,Marketplace,66,29.9,1973.4
2025-04,CI-0049,Loja própria,54,29.9,1614.6
2025-04,CI-0049,KA-01,30,29.9,897
2025-04,CI-0049,KA-02,24,29.9,717.6
2025-04,CI-0049,KA-03,21,29.9,627.9
2025-04,CI-0049,KA-04,12,29.9,358.8
2025-04,CI-0049,KA-05,9,29.9,269.1
2025-05,CI-0049,E-commerce,89,29.9,2661.1
2025-05,CI-0049,Marketplace,70,29.9,2093
2025-05,CI-0049,Loja própria,57,29.9,1704.3
2025-05,CI-0049,KA-01,32,29.9,956.8
2025-05,CI-0049,KA-02,25,29.9,747.5
2025-05,CI-0049,KA-03,22,29.9,657.8
2025-05,CI-0049,KA-04,12,29.9,358.8
2025-05,CI-0049,KA-05,9,29.9,269.1
2025-06,CI-0049,E-commerce,90,29.9,2691
2025-06,CI-0049,Marketplace,71,29.9,2122.9
2025-06,CI-0049,Loja própria,58,29.9,1734.2
2025-06,CI-0049,KA-01,32,29.9,956.8
2025-06,CI-0049,KA-02,25,29.9,747.5
2025-06,CI-0049,KA-03,22,29.9,657.8
2025-06,CI-0049,KA-04,12,29.9,358.8
2025-06,CI-0049,KA-05,9,29.9,269.1
2025-07,CI-0049,E-commerce,98,29.9,2930.2
2025-07,CI-0049,Marketplace,77,29.9,2302.3
2025-07,CI-0049,Loja própria,63,29.9,1883.7
2025-07,CI-0049,KA-01,35,29.9,1046.5
2025-07,CI-0049,KA-02,28,29.9,837.2
2025-07,CI-0049,KA-03,24,29.9,717.6
2025-07,CI-0049,KA-04,14,29.9,418.6
2025-07,CI-0049,KA-05,10,29.9,299
2025-08,CI-0049,E-commerce,94,29.9,2810.6
2025-08,CI-0049,Marketplace,74,29.9,2212.6
2025-08,CI-0049,Loja própria,60,29.9,1794
2025-08,CI-0049,KA-01,33,29.9,986.7
2025-08,CI-0049,KA-02,27,29.9,807.3
2025-08,CI-0049,KA-03,23,29.9,687.7
2025-08,CI-0049,KA-04,13,29.9,388.7
2025-08,CI-0049,KA-05,10,29.9,299
2025-09,CI-0049,E-commerce,87,29.9,2601.3
2025-09,CI-0049,Marketplace,68,29.9,2033.2
2025-09,CI-0049,Loja própria,56,29.9,1674.4
2025-09,CI-0049,KA-01,31,29.9,926.9
2025-09,CI-0049,KA-02,24,29.9,717.6
2025-09,CI-0049,KA-03,21,29.9,627.9
2025-09,CI-0049,KA-04,12,29.9,358.8
2025-09,CI-0049,KA-05,9,29.9,269.1
2025-10,CI-0049,E-commerce,99,29.9,2960.1
2025-10,CI-0049,Marketplace,77,29.9,2302.3
2025-10,CI-0049,Loja própria,63,29.9,1883.7
2025-10,CI-0049,KA-01,35,29.9,1046.5
2025-10,CI-0049,KA-02,28,29.9,837.2
2025-10,CI-0049,KA-03,24,29.9,717.6
2025-10,CI-0049,KA-04,14,29.9,418.6
2025-10,CI-0049,KA-05,10,29.9,299
2025-11,CI-0049,E-commerce,127,29.9,3797.3
2025-11,CI-0049,Marketplace,100,29.9,2990
2025-11,CI-0049,Loja própria,82,29.9,2451.8
2025-11,CI-0049,KA-01,45,29.9,1345.5
2025-11,CI-0049,KA-02,36,29.9,1076.4
2025-11,CI-0049,KA-03,31,29.9,926.9
2025-11,CI-0049,KA-04,18,29.9,538.2
2025-11,CI-0049,KA-05,13,29.9,388.7
2025-12,CI-0049,E-commerce,80,29.9,2392
2025-12,CI-0049,Marketplace,63,29.9,1883.7
2025-12,CI-0049,Loja própria,51,29.9,1524.9
2025-12,CI-0049,KA-01,28,29.9,837.2
2025-12,CI-0049,KA-02,23,29.9,687.7
2025-12,CI-0049,KA-03,20,29.9,598
2025-12,CI-0049,KA-04,11,29.9,328.9
2025-12,CI-0049,KA-05,8,29.9,239.2
2026-01,CI-0049,E-commerce,87,29.9,2601.3
2026-01,CI-0049,Marketplace,68,29.9,2033.2
2026-01,CI-0049,Loja própria,56,29.9,1674.4
2026-01,CI-0049,KA-01,31,29.9,926.9
2026-01,CI-0049,KA-02,25,29.9,747.5
2026-01,CI-0049,KA-03,21,29.9,627.9
2026-01,CI-0049,KA-04,12,29.9,358.8
2026-01,CI-0049,KA-05,9,29.9,269.1
2026-02,CI-0049,E-commerce,80,29.9,2392
2026-02,CI-0049,Marketplace,63,29.9,1883.7
2026-02,CI-0049,Loja própria,51,29.9,1524.9
2026-02,CI-0049,KA-01,28,29.9,837.2
2026-02,CI-0049,KA-02,23,29.9,687.7
2026-02,CI-0049,KA-03,20,29.9,598
2026-02,CI-0049,KA-04,11,29.9,328.9
2026-02,CI-0049,KA-05,8,29.9,239.2
2026-03,CI-0049,E-commerce,99,29.9,2960.1
2026-03,CI-0049,Marketplace,78,29.9,2332.2
2026-03,CI-0049,Loja própria,64,29.9,1913.6
2026-03,CI-0049,KA-01,35,29.9,1046.5
2026-03,CI-0049,KA-02,28,29.9,837.2
2026-03,CI-0049,KA-03,24,29.9,717.6
2026-03,CI-0049,KA-04,14,29.9,418.6
2026-03,CI-0049,KA-05,10,29.9,299
2026-04,CI-0049,E-commerce,89,29.9,2661.1
2026-04,CI-0049,Marketplace,70,29.9,2093
2026-04,CI-0049,Loja própria,57,29.9,1704.3
2026-04,CI-0049,KA-01,32,29.9,956.8
2026-04,CI-0049,KA-02,25,29.9,747.5
2026-04,CI-0049,KA-03,22,29.9,657.8
2026-04,CI-0049,KA-04,12,29.9,358.8
2026-04,CI-0049,KA-05,9,29.9,269.1
2026-05,CI-0049,E-commerce,97,29.9,2900.3
2026-05,CI-0049,Marketplace,76,29.9,2272.4
2026-05,CI-0049,Loja própria,62,29.9,1853.8
2026-05,CI-0049,KA-01,34,29.9,1016.6
2026-05,CI-0049,KA-02,27,29.9,807.3
2026-05,CI-0049,KA-03,24,29.9,717.6
2026-05,CI-0049,KA-04,13,29.9,388.7
2026-05,CI-0049,KA-05,10,29.9,299
2026-06,CI-0049,E-commerce,86,29.9,2571.4
2026-06,CI-0049,Marketplace,67,29.9,2003.3
2026-06,CI-0049,Loja própria,55,29.9,1644.5
2026-06,CI-0049,KA-01,30,29.9,897
2026-06,CI-0049,KA-02,24,29.9,717.6
2026-06,CI-0049,KA-03,21,29.9,627.9
2026-06,CI-0049,KA-04,12,29.9,358.8
2026-06,CI-0049,KA-05,9,29.9,269.1
2026-07,CI-0049,E-commerce,92,29.9,2750.8
2026-07,CI-0049,Marketplace,72,29.9,2152.8
2026-07,CI-0049,Loja própria,59,29.9,1764.1
2026-07,CI-0049,KA-01,32,29.9,956.8
2026-07,CI-0049,KA-02,26,29.9,777.4
2026-07,CI-0049,KA-03,23,29.9,687.7
2026-07,CI-0049,KA-04,13,29.9,388.7
2026-07,CI-0049,KA-05,9,29.9,269.1
2026-08,CI-0049,E-commerce,87,29.9,2601.3
2026-08,CI-0049,Marketplace,68,29.9,2033.2
2026-08,CI-0049,Loja própria,55,29.9,1644.5
2026-08,CI-0049,KA-01,31,29.9,926.9
2026-08,CI-0049,KA-02,24,29.9,717.6
2026-08,CI-0049,KA-03,21,29.9,627.9
2026-08,CI-0049,KA-04,12,29.9,358.8
2026-08,CI-0049,KA-05,9,29.9,269.1
2024-09,CI-0050,E-commerce,106,89.9,9529.4
2024-09,CI-0050,Marketplace,83,89.9,7461.7
2024-09,CI-0050,Loja própria,68,89.9,6113.2
2024-09,CI-0050,KA-01,37,89.9,3326.3
2024-09,CI-0050,KA-02,30,89.9,2697
2024-09,CI-0050,KA-03,26,89.9,2337.4
2024-09,CI-0050,KA-04,15,89.9,1348.5
2024-09,CI-0050,KA-05,11,89.9,988.9
2024-10,CI-0050,E-commerce,99,89.9,8900.1
2024-10,CI-0050,Marketplace,77,89.9,6922.3
2024-10,CI-0050,Loja própria,63,89.9,5663.7
2024-10,CI-0050,KA-01,35,89.9,3146.5
2024-10,CI-0050,KA-02,28,89.9,2517.2
2024-10,CI-0050,KA-03,24,89.9,2157.6
2024-10,CI-0050,KA-04,14,89.9,1258.6
2024-10,CI-0050,KA-05,10,89.9,899
2024-11,CI-0050,E-commerce,134,89.9,12046.6
2024-11,CI-0050,Marketplace,106,89.9,9529.4
2024-11,CI-0050,Loja própria,86,89.9,7731.4
2024-11,CI-0050,KA-01,48,89.9,4315.2
2024-11,CI-0050,KA-02,38,89.9,3416.2
2024-11,CI-0050,KA-03,33,89.9,2966.7
2024-11,CI-0050,KA-04,19,89.9,1708.1
2024-11,CI-0050,KA-05,14,89.9,1258.6
2024-12,CI-0050,E-commerce,110,89.9,9889
2024-12,CI-0050,Marketplace,86,89.9,7731.4
2024-12,CI-0050,Loja própria,70,89.9,6293
2024-12,CI-0050,KA-01,39,89.9,3506.1
2024-12,CI-0050,KA-02,31,89.9,2786.9
2024-12,CI-0050,KA-03,27,89.9,2427.3
2024-12,CI-0050,KA-04,15,89.9,1348.5
2024-12,CI-0050,KA-05,11,89.9,988.9
2025-01,CI-0050,E-commerce,253,89.9,22744.7
2025-01,CI-0050,Marketplace,198,89.9,17800.2
2025-01,CI-0050,Loja própria,162,89.9,14563.8
2025-01,CI-0050,KA-01,90,89.9,8091
2025-01,CI-0050,KA-02,72,89.9,6472.8
2025-01,CI-0050,KA-03,63,89.9,5663.7
2025-01,CI-0050,KA-04,36,89.9,3236.4
2025-01,CI-0050,KA-05,27,89.9,2427.3
2025-02,CI-0050,E-commerce,257,89.9,23104.3
2025-02,CI-0050,Marketplace,201,89.9,18069.9
2025-02,CI-0050,Loja própria,165,89.9,14833.5
2025-02,CI-0050,KA-01,91,89.9,8180.9
2025-02,CI-0050,KA-02,73,89.9,6562.7
2025-02,CI-0050,KA-03,64,89.9,5753.6
2025-02,CI-0050,KA-04,36,89.9,3236.4
2025-02,CI-0050,KA-05,27,89.9,2427.3
2025-03,CI-0050,E-commerce,99,89.9,8900.1
2025-03,CI-0050,Marketplace,77,89.9,6922.3
2025-03,CI-0050,Loja própria,63,89.9,5663.7
2025-03,CI-0050,KA-01,35,89.9,3146.5
2025-03,CI-0050,KA-02,28,89.9,2517.2
2025-03,CI-0050,KA-03,24,89.9,2157.6
2025-03,CI-0050,KA-04,14,89.9,1258.6
2025-03,CI-0050,KA-05,10,89.9,899
2025-04,CI-0050,E-commerce,110,89.9,9889
2025-04,CI-0050,Marketplace,86,89.9,7731.4
2025-04,CI-0050,Loja própria,70,89.9,6293
2025-04,CI-0050,KA-01,39,89.9,3506.1
2025-04,CI-0050,KA-02,31,89.9,2786.9
2025-04,CI-0050,KA-03,27,89.9,2427.3
2025-04,CI-0050,KA-04,15,89.9,1348.5
2025-04,CI-0050,KA-05,11,89.9,988.9
2025-05,CI-0050,E-commerce,104,89.9,9349.6
2025-05,CI-0050,Marketplace,82,89.9,7371.8
2025-05,CI-0050,Loja própria,67,89.9,6023.3
2025-05,CI-0050,KA-01,37,89.9,3326.3
2025-05,CI-0050,KA-02,29,89.9,2607.1
2025-05,CI-0050,KA-03,26,89.9,2337.4
2025-05,CI-0050,KA-04,14,89.9,1258.6
2025-05,CI-0050,KA-05,11,89.9,988.9
2025-06,CI-0050,E-commerce,97,89.9,8720.3
2025-06,CI-0050,Marketplace,76,89.9,6832.4
2025-06,CI-0050,Loja própria,62,89.9,5573.8
2025-06,CI-0050,KA-01,34,89.9,3056.6
2025-06,CI-0050,KA-02,27,89.9,2427.3
2025-06,CI-0050,KA-03,24,89.9,2157.6
2025-06,CI-0050,KA-04,13,89.9,1168.7
2025-06,CI-0050,KA-05,10,89.9,899
2025-07,CI-0050,E-commerce,115,89.9,10338.5
2025-07,CI-0050,Marketplace,90,89.9,8091
2025-07,CI-0050,Loja própria,73,89.9,6562.7
2025-07,CI-0050,KA-01,41,89.9,3685.9
2025-07,CI-0050,KA-02,32,89.9,2876.8
2025-07,CI-0050,KA-03,28,89.9,2517.2
2025-07,CI-0050,KA-04,16,89.9,1438.4
2025-07,CI-0050,KA-05,12,89.9,1078.8
2025-08,CI-0050,E-commerce,97,89.9,8720.3
2025-08,CI-0050,Marketplace,76,89.9,6832.4
2025-08,CI-0050,Loja própria,62,89.9,5573.8
2025-08,CI-0050,KA-01,34,89.9,3056.6
2025-08,CI-0050,KA-02,27,89.9,2427.3
2025-08,CI-0050,KA-03,24,89.9,2157.6
2025-08,CI-0050,KA-04,13,89.9,1168.7
2025-08,CI-0050,KA-05,10,89.9,899
2025-09,CI-0050,E-commerce,96,89.9,8630.4
2025-09,CI-0050,Marketplace,76,89.9,6832.4
2025-09,CI-0050,Loja própria,62,89.9,5573.8
2025-09,CI-0050,KA-01,34,89.9,3056.6
2025-09,CI-0050,KA-02,27,89.9,2427.3
2025-09,CI-0050,KA-03,24,89.9,2157.6
2025-09,CI-0050,KA-04,13,89.9,1168.7
2025-09,CI-0050,KA-05,10,89.9,899
2025-10,CI-0050,E-commerce,92,89.9,8270.8
2025-10,CI-0050,Marketplace,72,89.9,6472.8
2025-10,CI-0050,Loja própria,59,89.9,5304.1
2025-10,CI-0050,KA-01,32,89.9,2876.8
2025-10,CI-0050,KA-02,26,89.9,2337.4
2025-10,CI-0050,KA-03,23,89.9,2067.7
2025-10,CI-0050,KA-04,13,89.9,1168.7
2025-10,CI-0050,KA-05,9,89.9,809.1
2025-11,CI-0050,E-commerce,141,89.9,12675.9
2025-11,CI-0050,Marketplace,111,89.9,9978.9
2025-11,CI-0050,Loja própria,91,89.9,8180.9
2025-11,CI-0050,KA-01,50,89.9,4495
2025-11,CI-0050,KA-02,40,89.9,3596
2025-11,CI-0050,KA-03,35,89.9,3146.5
2025-11,CI-0050,KA-04,20,89.9,1798
2025-11,CI-0050,KA-05,15,89.9,1348.5
2025-12,CI-0050,E-commerce,105,89.9,9439.5
2025-12,CI-0050,Marketplace,82,89.9,7371.8
2025-12,CI-0050,Loja própria,67,89.9,6023.3
2025-12,CI-0050,KA-01,37,89.9,3326.3
2025-12,CI-0050,KA-02,30,89.9,2697
2025-12,CI-0050,KA-03,26,89.9,2337.4
2025-12,CI-0050,KA-04,15,89.9,1348.5
2025-12,CI-0050,KA-05,11,89.9,988.9
2026-01,CI-0050,E-commerce,272,89.9,24452.8
2026-01,CI-0050,Marketplace,214,89.9,19238.6
2026-01,CI-0050,Loja própria,175,89.9,15732.5
2026-01,CI-0050,KA-01,97,89.9,8720.3
2026-01,CI-0050,KA-02,77,89.9,6922.3
2026-01,CI-0050,KA-03,68,89.9,6113.2
2026-01,CI-0050,KA-04,38,89.9,3416.2
2026-01,CI-0050,KA-05,29,89.9,2607.1
2026-02,CI-0050,E-commerce,239,89.9,21486.1
2026-02,CI-0050,Marketplace,187,89.9,16811.3
2026-02,CI-0050,Loja própria,153,89.9,13754.7
2026-02,CI-0050,KA-01,85,89.9,7641.5
2026-02,CI-0050,KA-02,68,89.9,6113.2
2026-02,CI-0050,KA-03,59,89.9,5304.1
2026-02,CI-0050,KA-04,34,89.9,3056.6
2026-02,CI-0050,KA-05,25,89.9,2247.5
2026-03,CI-0050,E-commerce,95,89.9,8540.5
2026-03,CI-0050,Marketplace,75,89.9,6742.5
2026-03,CI-0050,Loja própria,61,89.9,5483.9
2026-03,CI-0050,KA-01,34,89.9,3056.6
2026-03,CI-0050,KA-02,27,89.9,2427.3
2026-03,CI-0050,KA-03,23,89.9,2067.7
2026-03,CI-0050,KA-04,13,89.9,1168.7
2026-03,CI-0050,KA-05,10,89.9,899
2026-04,CI-0050,E-commerce,117,89.9,10518.3
2026-04,CI-0050,Marketplace,91,89.9,8180.9
2026-04,CI-0050,Loja própria,75,89.9,6742.5
2026-04,CI-0050,KA-01,41,89.9,3685.9
2026-04,CI-0050,KA-02,33,89.9,2966.7
2026-04,CI-0050,KA-03,29,89.9,2607.1
2026-04,CI-0050,KA-04,16,89.9,1438.4
2026-04,CI-0050,KA-05,12,89.9,1078.8
2026-05,CI-0050,E-commerce,97,89.9,8720.3
2026-05,CI-0050,Marketplace,76,89.9,6832.4
2026-05,CI-0050,Loja própria,62,89.9,5573.8
2026-05,CI-0050,KA-01,34,89.9,3056.6
2026-05,CI-0050,KA-02,27,89.9,2427.3
2026-05,CI-0050,KA-03,24,89.9,2157.6
2026-05,CI-0050,KA-04,13,89.9,1168.7
2026-05,CI-0050,KA-05,10,89.9,899
2026-06,CI-0050,E-commerce,104,89.9,9349.6
2026-06,CI-0050,Marketplace,82,89.9,7371.8
2026-06,CI-0050,Loja própria,67,89.9,6023.3
2026-06,CI-0050,KA-01,37,89.9,3326.3
2026-06,CI-0050,KA-02,29,89.9,2607.1
2026-06,CI-0050,KA-03,26,89.9,2337.4
2026-06,CI-0050,KA-04,14,89.9,1258.6
2026-06,CI-0050,KA-05,11,89.9,988.9
2026-07,CI-0050,E-commerce,97,89.9,8720.3
2026-07,CI-0050,Marketplace,76,89.9,6832.4
2026-07,CI-0050,Loja própria,62,89.9,5573.8
2026-07,CI-0050,KA-01,34,89.9,3056.6
2026-07,CI-0050,KA-02,27,89.9,2427.3
2026-07,CI-0050,KA-03,24,89.9,2157.6
2026-07,CI-0050,KA-04,13,89.9,1168.7
2026-07,CI-0050,KA-05,10,89.9,899
2026-08,CI-0050,E-commerce,114,89.9,10248.6
2026-08,CI-0050,Marketplace,89,89.9,8001.1
2026-08,CI-0050,Loja própria,73,89.9,6562.7
2026-08,CI-0050,KA-01,40,89.9,3596
2026-08,CI-0050,KA-02,32,89.9,2876.8
2026-08,CI-0050,KA-03,28,89.9,2517.2
2026-08,CI-0050,KA-04,16,89.9,1438.4
2026-08,CI-0050,KA-05,12,89.9,1078.8
